staffel_id,verband,gebiet,ligastufe,spielklasse,staffel,mannschaften,spiele_gesamt,tore_gesamt,punkte_gesamt,tabellenfuehrer,tabellenfuehrer_punkte,quelle
bl1/2026,,,1,Bundesliga,Bundesliga,18,10,40,28,FC Bayern München,3,OpenLigaDB
bl2/2026,,,2,2. Bundesliga,2. Bundesliga,18,29,105,80,1. FC Nürnberg,9,OpenLigaDB
bl3/2026,,,3,3. Liga,3. Liga,20,31,111,88,MSV Duisburg,9,OpenLigaDB
rln/2026,,,4,Regionalliga Nord,Regionalliga Nord,18,56,208,155,VfB Oldenburg,16,OpenLigaDB
rlno/2026,,,4,Regionalliga Nordost,Regionalliga Nordost,18,63,193,172,Rot-Weiß Erfurt,17,OpenLigaDB
031D0NRQ3O000004VS5489BUVUR5FS5A-G,,Deutschland,4,Regionalliga,Regionalliga Südwest,18,38,122,100,Kickers Offenbach,12,fussball.de
031253DN8G000005VS5489BTVT51B5B5-G,,Deutschland,4,Regionalliga,Regionalliga West,18,54,178,144,FC Gütersloh,16,fussball.de
0307PKMJ7S000009VS5489BUVT69HBT7-G,Bayern,Bayern,4,Regionalliga Bayern,Regionalliga Bayern,19,59,184,161,TSV Buchbach,14,fussball.de
031DMS4JCO000009VS5489BUVUR5FS5A-G,,Deutschland,5,Oberliga,Herren Oberliga Rheinland-Pfalz/Saar,18,46,178,133,FV Engers 07,13,fussball.de
0316DLRBJC00000AVS5489BUVSBBVPEU-G,,Deutschland,5,Oberliga,NOFV-Oberliga Nord,16,24,63,65,Berliner AK 07,7,fussball.de
0316DLRBR8000009VS5489BUVSBBVPEU-G,,Deutschland,5,Oberliga,NOFV-Oberliga Süd,16,24,86,69,VfB Germania Halberstadt,9,fussball.de
0307PKTD20000000VS5489BUVT69HBT7-G,Bayern,Bayern,5,Bayernliga,Bayernliga Nord,18,74,238,205,DJK Gebenbach,22,fussball.de
0307PKTEL0000054VS5489BUVT69HBT7-G,Bayern,Bayern,5,Bayernliga,Bayernliga Süd,18,76,254,205,FC Pipinsried,19,fussball.de
031DQ5CNJG00000QVS5489BTVUS470OH-G,Bremen,Bremen,5,Verbandsliga,Bremen-Liga,16,35,158,100,Blumenthaler SV,12,fussball.de
0318JRPNOS000007VS5489BTVSK8S3O6-G,Hamburg,Hamburg,5,Verbandsliga,Gamesright Oberliga Hamburg,18,47,182,133,Dassendorf 1.Hr.,13,fussball.de
0318HOM0R000000BVS5489BUVV628VP4-G,Hessen,Hessen,5,Hessenliga,Lotto Hessenliga,18,56,196,148,Hünfelder SV,16,fussball.de
031CNVCRES00000FVS5489BUVUR5FS5A-G,Mittelrhein,Mittelrhein,5,Verbandsliga,Mittelrheinliga,16,8,30,21,VfL 08 Vichttal,3,fussball.de
0311F9LVPS00000FVS5489BUVVARDA0V-G,Niederrhein,Niederrhein,5,Oberliga Niederrhein,Oberliga Niederrhein,18,28,102,74,SpVg Schonnebeck,7,fussball.de
0318JH0SCK000006VS5489BUVV628VP4-G,Niedersachsen,Niedersachsen,5,Oberliga Niedersachsen,Oberliga Niedersachsen,16,31,107,86,Heeslinger SC,10,fussball.de
031AVH9TIC000004VS5489BTVSK8S3O6-G,Schleswig-Holstein,Schleswig-Holstein,5,Oberliga Schleswig-Holstein,Flens-Oberliga · Schleswig-Holstein,16,49,200,137,VfR Neumünster,16,fussball.de
0313Q1DCFS000012VS5489BTVU7GTVLE-G,Westfalen,Westfalen,5,Oberliga Westfalen,Oberliga Westfalen,18,39,137,108,1. FC Gievenbeck,10,fussball.de
030J1UFK04000006VS5489BTVTDO5LMG-G,Württemberg,Württemberg,5,Oberliga,Oberliga Baden-Württemberg,18,37,129,104,TSG Backnang,12,fussball.de
03188V27L800000JVS5489BTVU7GTVLE-G,Baden,Baden,6,Verbandsliga,bfv-Verbandsliga · Baden,15,21,80,59,1.FC Bruchsal 1899,9,fussball.de
0307PL23RO000007VS5489BUVT69HBT7-G,Bayern,Bayern,6,Landesliga,Landesliga Mitte · Bayern,18,82,291,234,ASV Burglengenfeld,21,fussball.de
0307PL24GS00001SVS5489BUVT69HBT7-G,Bayern,Bayern,6,Landesliga,Landesliga Nordost · Bayern,18,80,275,218,SpVgg Mögeldorf,22,fussball.de
0307PL25JS000057VS5489BUVT69HBT7-G,Bayern,Bayern,6,Landesliga,Landesliga Nordwest · Bayern,18,81,297,229,TSV Abtswind,27,fussball.de
0307PL235S00003OVS5489BUVT69HBT7-G,Bayern,Bayern,6,Landesliga,Landesliga Südost · Bayern,18,82,363,232,TSV Murnau 1865,23,fussball.de
0307PL268O000006VS5489BUVT69HBT7-G,Bayern,Bayern,6,Landesliga,Landesliga Südwest · Bayern,18,81,297,235,VfB Durach e.V.,27,fussball.de
0317AFL384000001VS5489BUVSBBVPEU-G,Berlin,Berlin,6,Verbandsliga,7er Herren Berlin-Liga,10,4,27,6,Anadoluspor Berlin 1970 7er,3,fussball.de
0317AFL2VO000008VS5489BUVSBBVPEU-G,Berlin,Berlin,6,Verbandsliga,Herren Berlin-Liga,19,19,70,50,SC Charlottenburg,6,fussball.de
0314O7IITS000005VS5489BUVSBBVPEU-G,Brandenburg,Brandenburg,6,Verbandsliga,Brandenburgliga,16,8,30,23,SV 1908 Grün-Weiss Ahrensfelde,3,fussball.de
031DQALTOO00000UVS5489BTVUS470OH-G,Bremen,Bremen,6,Landesliga,Landesliga · Bremen,16,18,77,53,Bremen United,9,fussball.de
0318JS8A0C00000FVS5489BTVSK8S3O6-G,Hamburg,Hamburg,6,Landesliga,LL 01 · Hamburg,16,30,133,87,Voran Ohe 1.Hr.,12,fussball.de
0318JS8A88000004VS5489BTVSK8S3O6-G,Hamburg,Hamburg,6,Landesliga,LL 02 · Hamburg,16,26,90,72,Rugenbergen 1.Hr.,10,fussball.de
0318I3K77C00000BVS5489BUVV628VP4-G,Hessen,Hessen,6,Verbandsliga,VL Gr.Mitte · Hessen,17,45,214,127,TuS Hornau,15,fussball.de
0318HV9REO00000AVS5489BUVV628VP4-G,Hessen,Hessen,6,Verbandsliga,VL Gr.Nord · Hessen,17,49,185,136,FSV Wolfhagen,12,fussball.de
0318I2SMPG00000CVS5489BUVV628VP4-G,Hessen,Hessen,6,Verbandsliga,VL Gr.Süd · Hessen,17,50,200,142,SV Pars Neu-Isenburg,19,fussball.de
03162F6VV0000001VS5489BTVU7GTVLE-G,Mecklenburg-Vorpommern,Mecklenburg-Vorpommern,6,Verbandsliga,Verbandsliga Herren · Mecklenburg-Vorpommern,16,10,40,29,1. FC Neubrandenburg 04,6,fussball.de
031CO3JQMO00000HVS5489BUVUR5FS5A-G,Mittelrhein,Mittelrhein,6,Landesliga,"Landesliga, Staffel 1 · Mittelrhein",16,9,38,27,SC Blau-Weiß Köln,3,fussball.de
031CO3JR0C00000FVS5489BUVUR5FS5A-G,Mittelrhein,Mittelrhein,6,Landesliga,"Landesliga, Staffel 2 · Mittelrhein",16,8,35,22,Türkischer SV Düren,3,fussball.de
0311F9JM0S00000CVS5489BUVVARDA0V-G,Niederrhein,Niederrhein,6,Landesliga,Landesliga Gruppe 1 · Niederrhein,18,29,101,81,Rheinland Hamborn,9,fussball.de
0311F9JMFO00000IVS5489BUVVARDA0V-G,Niederrhein,Niederrhein,6,Landesliga,Landesliga Gruppe 2 · Niederrhein,18,27,98,75,DJK Adler Union Frintrop,9,fussball.de
0318NLIBU0000008VS5489BUVV628VP4-G,Niedersachsen,Bezirk Braunschweig,6,Landesliga,Landesliga Braunschweig,16,33,147,95,1. SC Göttingen 05,13,fussball.de
0316M6KR58000004VS5489BUVSBBVPEU-G,Niedersachsen,Bezirk Hannover,6,Landesliga,Landesliga Hannover,15,28,117,81,SV Arminia Hannover,12,fussball.de
0312IJRKOK000005VS5489BUVSBBVPEU-G,Niedersachsen,Bezirk Lüneburg,6,Landesliga,Landesliga Lüneburg,16,34,154,96,SV Ahlerstedt/Ottendorf,13,fussball.de
03142CTJRC00000CVS5489BUVSBBVPEU-G,Niedersachsen,Bezirk Weser-Ems,6,Landesliga,Landesliga Weser-Ems,16,44,149,126,SV Eintracht Nordhorn,18,fussball.de
031AU2ESDK00000IVS5489BUVV628VP4-G,Rheinland,Rheinland,6,Rheinlandliga,Rheinlandliga Herren,18,39,166,109,SG 2000 Mülheim-Kärlich,13,fussball.de
03108N8AOK000011VS5489BTVT51B5B5-G,Saarland,Saarland,6,Saarland-Liga,Schröder-Liga Saar · Saarland,18,66,248,181,SF Köllerbach,16,fussball.de
031B6510Q4000003VS5489BUVV628VP4-G,Sachsen,Sachsen,6,Landesliga,Sachsenliga,16,25,111,71,SG Taucha 99,9,fussball.de
0318MJ8884000004VS5489BTVSK8S3O6-G,Sachsen-Anhalt,Sachsen-Anhalt,6,Verbandsliga,Verbandsliga · Sachsen-Anhalt,16,24,82,67,SV Dessau 05,9,fussball.de
031AHTIHHC000008VS5489BUVV628VP4-G,Schleswig-Holstein,Schleswig-Holstein,6,Landesliga,Senioren Landesliga Holstein · Schleswig-Holstein,16,49,226,138,Eichholzer SV,21,fussball.de
031AHTGOGS000008VS5489BUVV628VP4-G,Schleswig-Holstein,Schleswig-Holstein,6,Landesliga,Senioren Landesliga Schleswig · Schleswig-Holstein,16,48,190,134,TSV Kronshagen,16,fussball.de
031BOPI4N0000004VS5489BUVUR5FS5A-G,Südbaden,Südbaden,6,Verbandsliga,Verbandsliga Südbaden,16,25,91,67,VfR Hausen,8,fussball.de
0314L2G148000006VS5489BUVSBBVPEU-G,Südwest,Südwest,6,Verbandsliga,Herren Verbandsliga Südwest,17,41,145,112,FC Bienwald Kandel,11,fussball.de
03155QQ1O0000009VS5489BUVSBBVPEU-G,Thüringen,Thüringen,6,Verbandsliga,11Teamsports Thüringenliga,16,31,112,87,SV SCHOTT Jena,10,fussball.de
0313Q1I0V800001GVS5489BTVU7GTVLE-G,Westfalen,Westfalen,6,Verbandsliga,Westfalenliga Herren Staffel 1,16,33,134,94,Rot Weiss Ahlen,10,fussball.de
0313Q1I1E800001OVS5489BTVU7GTVLE-G,Westfalen,Westfalen,6,Verbandsliga,Westfalenliga Herren Staffel 2,16,32,139,90,FC Roj,12,fussball.de
03160STGBC000005VS5489BUVSBBVPEU-G,Württemberg,Württemberg,6,Verbandsliga,Verbandsliga · Württemberg,16,26,95,74,1. Göppinger SV,10,fussball.de
03188VGCUS00000GVS5489BTVU7GTVLE-G,Baden,Baden,7,Landesliga,bfv-Landesliga Mittelbaden,17,33,136,94,ASV Durlach,12,fussball.de
03188VGCFS000000VS5489BTVU7GTVLE-G,Baden,Baden,7,Landesliga,bfv-Landesliga Odenwald · Baden,16,24,87,69,FC Grünsfeld,9,fussball.de
03188VGCOG00000HVS5489BTVU7GTVLE-G,Baden,Baden,7,Landesliga,bfv-Landesliga Rhein-Neckar · Baden,15,22,76,60,TSV Amicitia Viernheim,9,fussball.de
0319QP91EO000005VS5489BUVV628VP4-G,Bayern,Bezirk Mittelfranken,7,Bezirksliga,BZL Mittelfranken Nord,16,64,226,184,ASV Vach,21,fussball.de
031B3M2RRC000006VS5489BTVSK8S3O6-G,Bayern,Bezirk Mittelfranken,7,Bezirksliga,BZL Mittelfranken Süd,16,62,250,170,SV Alesheim,16,fussball.de
03152BU2G8000005VS5489BTVU7GTVLE-G,Bayern,Bezirk Niederbayern,7,Bezirksliga,BzL Ndb. Ost · Bezirk Niederbayern,16,67,211,183,TSV Karpfham,27,fussball.de
03152BU248000005VS5489BTVU7GTVLE-G,Bayern,Bezirk Niederbayern,7,Bezirksliga,BzL Ndb. West · Bezirk Niederbayern,16,64,246,180,FSV Landau/Isar,22,fussball.de
0318M7EJ2O000006VS5489BUVV628VP4-G,Bayern,Bezirk Oberbayern,7,Bezirksliga,001 BZL Oberbayern Nord,16,59,206,167,FC Türk Sport Garching,18,fussball.de
0318M7HIL4000009VS5489BUVV628VP4-G,Bayern,Bezirk Oberbayern,7,Bezirksliga,002 BZL Oberbayern Ost,15,50,166,140,FC Töging,16,fussball.de
0318M7IG8C000035VS5489BUVV628VP4-G,Bayern,Bezirk Oberbayern,7,Bezirksliga,003 BZL Oberbayern Süd,16,56,220,160,1.FC Penzberg,21,fussball.de
03124F6F3S000003VS5489BUVVARDA0V-G,Bayern,Bezirk Oberfranken,7,Bezirksliga,Bezirksliga Oberfranken Ost,16,64,229,179,SV Mitterteich,24,fussball.de
03124EQN4C000004VS5489BUVVARDA0V-G,Bayern,Bezirk Oberfranken,7,Bezirksliga,Bezirksliga Oberfranken West,16,64,233,182,1. FC Lichtenfels,24,fussball.de
03106RABB4000004VS5489BTVT51B5B5-G,Bayern,Bezirk Oberpfalz,7,Bezirksliga,Bezirksliga Oberpfalz Nord,16,65,259,184,SF Ursulapoppenricht I,17,fussball.de
03106R6CFG000004VS5489BTVT51B5B5-G,Bayern,Bezirk Oberpfalz,7,Bezirksliga,Bezirksliga Oberpfalz Süd,15,61,183,158,TV Parsberg,20,fussball.de
03151UJ1KC000005VS5489BUVSBBVPEU-G,Bayern,Bezirk Schwaben,7,Bezirksliga,BZL Schwaben Nord,16,57,186,159,SpVgg Joshofen Bergheim,18,fussball.de
03151UJ1C4000006VS5489BUVSBBVPEU-G,Bayern,Bezirk Schwaben,7,Bezirksliga,BZL Schwaben Süd,16,52,212,145,SV Mering,15,fussball.de
030V9PBJRG00002TVS5489BTVT51B5B5-G,Bayern,Bezirk Unterfranken,7,Bezirksliga,BZL Ufr-Ost · Bezirk Unterfranken,17,56,208,156,FC Strahlungen,19,fussball.de
030V9PBLI800001VVS5489BTVT51B5B5-G,Bayern,Bezirk Unterfranken,7,Bezirksliga,BZL Ufr-West · Bezirk Unterfranken,17,55,190,155,FC Würzburger Kickers 2,17,fussball.de
0317AFVRKS000007VS5489BUVSBBVPEU-G,Berlin,Berlin,7,Landesliga,7er Herren Landesliga · Berlin,11,5,34,14,Berlin Hilalspor 7er,3,fussball.de
0317AFVR84000006VS5489BUVSBBVPEU-G,Berlin,Berlin,7,Landesliga,Herren Landesliga St.1 · Berlin,16,16,71,43,VSG Altglienicke II,6,fussball.de
0317AFVREC000003VS5489BUVSBBVPEU-G,Berlin,Berlin,7,Landesliga,Herren Landesliga St.2 · Berlin,16,16,77,48,SC Union 06,6,fussball.de
0318RO2U5O000009VS5489BTVSK8S3O6-G,Brandenburg,Brandenburg,7,Landesliga,Landesliga Nord · Brandenburg,15,7,27,21,BSC Fortuna Glienicke,3,fussball.de
0318RO2UDG000002VS5489BTVSK8S3O6-G,Brandenburg,Brandenburg,7,Landesliga,Landesliga Süd · Brandenburg,16,9,40,27,FSV „Glückauf“ Brieske/Senftenberg,3,fussball.de
031DQB5JTK00000CVS5489BTVUS470OH-G,Bremen,Bezirk Bremen,7,Bezirksliga,Bezirksliga · Bezirk Bremen,15,15,83,43,TV Eiche Horn II,6,fussball.de
0318JSU6DO000006VS5489BTVSK8S3O6-G,Hamburg,Bezirksebene Hamburg,7,Bezirksliga,BZL 01 · Bezirksebene Hamburg,16,28,138,78,SVNA 1.Hr.,12,fussball.de
0318JSU6K4000006VS5489BTVSK8S3O6-G,Hamburg,Bezirksebene Hamburg,7,Bezirksliga,BZL 02 · Bezirksebene Hamburg,16,26,104,70,VfL 93 1.Hr.,9,fussball.de
0318JSU6OS000006VS5489BTVSK8S3O6-G,Hamburg,Bezirksebene Hamburg,7,Bezirksliga,BZL 03 · Bezirksebene Hamburg,16,26,118,73,Union Tornesch 2.Hr.,9,fussball.de
0318JSU6U8000006VS5489BTVSK8S3O6-G,Hamburg,Bezirksebene Hamburg,7,Bezirksliga,BZL 04 · Bezirksebene Hamburg,16,27,99,74,Harburger TB 1.Hr.,10,fussball.de
03196IO82S00000IVS5489BUVV628VP4-G,Hessen,Region Darmstadt,7,Gruppenliga,GL Darmstadt · Region Darmstadt,16,45,190,125,TSV Auerbach,15,fussball.de
0318IGJNQ000000IVS5489BUVV628VP4-G,Hessen,Region Frankfurt,7,Gruppenliga,GL Frankfurt Gr.Ost · Region Frankfurt,18,55,213,158,Germania 08 Dörnigheim,16,fussball.de
0318IGJO4S00000EVS5489BUVV628VP4-G,Hessen,Region Frankfurt,7,Gruppenliga,GL Frankfurt Gr.West · Region Frankfurt,17,48,217,139,SKV Beienheim,15,fussball.de
0318IH34PO000007VS5489BTVSK8S3O6-G,Hessen,Region Fulda,7,Gruppenliga,GL Fulda · Region Fulda,16,56,209,161,SG Sickels,18,fussball.de
0318IL73VG00000BVS5489BUVV628VP4-G,Hessen,Region Gießen / Marburg,7,Gruppenliga,GL Gießen/Marburg · Region Gießen / Marburg,16,40,155,112,FSG Grünberg/Lehnheim/Stangenrod,16,fussball.de
0318I9358400000HVS5489BUVV628VP4-G,Hessen,Region Kassel,7,Gruppenliga,GL Kassel Gr.1 · Region Kassel,16,46,210,130,FSG Gudensberg,15,fussball.de
0318I935H400000EVS5489BUVV628VP4-G,Hessen,Region Kassel,7,Gruppenliga,GL Kassel Gr.2 · Region Kassel,16,48,222,138,TSG Sandershausen,18,fussball.de
0318K728B4000006VS5489BUVV628VP4-G,Hessen,Region Wiesbaden,7,Gruppenliga,GL Wiesbaden · Region Wiesbaden,18,55,242,154,FC TÜRK Kelsterbach,18,fussball.de
03162FD6S8000007VS5489BTVU7GTVLE-G,Mecklenburg-Vorpommern,Mecklenburg-Vorpommern,7,Landesliga,Landesliga Ost Herren · Mecklenburg-Vorpommern,14,7,29,19,SpVgg Torgelow-Ueckermünde,3,fussball.de
03162FD72G000007VS5489BTVU7GTVLE-G,Mecklenburg-Vorpommern,Mecklenburg-Vorpommern,7,Landesliga,Landesliga West Herren · Mecklenburg-Vorpommern,14,7,48,21,Güstrower SC 09,3,fussball.de
031CO3N6CG00000IVS5489BUVUR5FS5A-G,Mittelrhein,Bezirk Mittelrhein,7,Bezirksliga,"Bezirksliga, Staffel 1 · Bezirk Mittelrhein",16,8,35,23,TV Hoffnungsthal,3,fussball.de
031CO3N6LC00000IVS5489BUVUR5FS5A-G,Mittelrhein,Bezirk Mittelrhein,7,Bezirksliga,"Bezirksliga, Staffel 2 · Bezirk Mittelrhein",16,8,37,23,SV Leuscheid,3,fussball.de
031CO3N6SS00000HVS5489BUVUR5FS5A-G,Mittelrhein,Bezirk Mittelrhein,7,Bezirksliga,"Bezirksliga, Staffel 3 · Bezirk Mittelrhein",16,8,31,23,Horremer SV,3,fussball.de
031CO3N73G00000HVS5489BUVUR5FS5A-G,Mittelrhein,Bezirk Mittelrhein,7,Bezirksliga,"Bezirksliga, Staffel 4 · Bezirk Mittelrhein",16,7,32,21,Germania Hilfarth,3,fussball.de
0311F9OIVK000000VS5489BUVVARDA0V-G,Niederrhein,Bezirk Niederrhein,7,Bezirksliga,Bezirksliga Gruppe 1 · Bezirk Niederrhein,18,28,129,77,SV Hösel,8,fussball.de
0311F9OJB000000DVS5489BUVVARDA0V-G,Niederrhein,Bezirk Niederrhein,7,Bezirksliga,Bezirksliga Gruppe 2 · Bezirk Niederrhein,18,27,123,77,FSV Vohwinkel,9,fussball.de
0311F9OJLC000000VS5489BUVVARDA0V-G,Niederrhein,Bezirk Niederrhein,7,Bezirksliga,Bezirksliga Gruppe 3 · Bezirk Niederrhein,18,30,138,83,Osterather SV Meerbusch,10,fussball.de
0311F9OJU4000000VS5489BUVVARDA0V-G,Niederrhein,Bezirk Niederrhein,7,Bezirksliga,Bezirksliga Gruppe 4 · Bezirk Niederrhein,18,31,135,88,SV 08/29 Friedrichsfeld,9,fussball.de
0311F9OK7C00000NVS5489BUVVARDA0V-G,Niederrhein,Bezirk Niederrhein,7,Bezirksliga,Bezirksliga Gruppe 5 · Bezirk Niederrhein,18,28,190,79,SV Fortuna Bottrop,9,fussball.de
0311F9OKHG00000GVS5489BUVVARDA0V-G,Niederrhein,Bezirk Niederrhein,7,Bezirksliga,Bezirksliga Gruppe 6 · Bezirk Niederrhein,18,28,124,80,SV Burgaltendorf,12,fussball.de
0318NLOQIS00000DVS5489BUVV628VP4-G,Niedersachsen,Bezirk Braunschweig,7,Bezirksliga,Bezirksliga Braunschweig 1,16,30,165,87,HSV Hankensbüttel,12,fussball.de
0318NLOQUS00000GVS5489BUVV628VP4-G,Niedersachsen,Bezirk Braunschweig,7,Bezirksliga,Bezirksliga Braunschweig 2,16,33,161,97,TSC Vahdet Braunschweig,10,fussball.de
0318NLOR9000000EVS5489BUVV628VP4-G,Niedersachsen,Bezirk Braunschweig,7,Bezirksliga,Bezirksliga Braunschweig 3,16,33,134,93,Goslarer SC,10,fussball.de
0318NLORJ400000BVS5489BUVV628VP4-G,Niedersachsen,Bezirk Braunschweig,7,Bezirksliga,Bezirksliga Braunschweig 4,16,37,147,104,SV Rotenberg,12,fussball.de
0316M7I65K000006VS5489BUVSBBVPEU-G,Niedersachsen,Bezirk Hannover,7,Bezirksliga,Bezirksliga Hannover Staffel 1,16,33,125,97,STK Eilvese,12,fussball.de
0316M7KQOG000004VS5489BUVSBBVPEU-G,Niedersachsen,Bezirk Hannover,7,Bezirksliga,Bezirksliga Hannover Staffel 2,16,31,132,91,SV Germania Grasdorf,12,fussball.de
0316M82URK000004VS5489BUVSBBVPEU-G,Niedersachsen,Bezirk Hannover,7,Bezirksliga,Bezirksliga Hannover Staffel 3,17,40,213,117,TSV Barsinghausen,15,fussball.de
0316M8F5E8000000VS5489BUVSBBVPEU-G,Niedersachsen,Bezirk Hannover,7,Bezirksliga,Bezirksliga Hannover Staffel 4,17,42,155,119,TSV Giesen,12,fussball.de
0312IJGSBK00000AVS5489BUVSBBVPEU-G,Niedersachsen,Bezirk Lüneburg,7,Bezirksliga,Bezirksliga Lüneburg 1,16,32,138,94,TuS Reppenstedt,12,fussball.de
0312IJGSJ400000AVS5489BUVSBBVPEU-G,Niedersachsen,Bezirk Lüneburg,7,Bezirksliga,Bezirksliga Lüneburg 2,16,32,149,91,VfL Westercelle,10,fussball.de
0312IJGSOS000000VS5489BUVSBBVPEU-G,Niedersachsen,Bezirk Lüneburg,7,Bezirksliga,Bezirksliga Lüneburg 3,16,39,154,114,FC Verden 04 II U23,15,fussball.de
0312IJGSV4000009VS5489BUVSBBVPEU-G,Niedersachsen,Bezirk Lüneburg,7,Bezirksliga,Bezirksliga Lüneburg 4,17,33,160,95,SV Ahlerstedt/Ottendorf II,15,fussball.de
03142DDU6O000007VS5489BUVSBBVPEU-G,Niedersachsen,Bezirk Weser-Ems,7,Bezirksliga,Bezirksliga Weser-Ems 1,17,48,206,136,TuS Esens,12,fussball.de
03142DDTOG000007VS5489BUVSBBVPEU-G,Niedersachsen,Bezirk Weser-Ems,7,Bezirksliga,Bezirksliga Weser-Ems 2,16,44,221,128,Wilhelmshavener SC Frisia,18,fussball.de
03142DDU0S000005VS5489BUVSBBVPEU-G,Niedersachsen,Bezirk Weser-Ems,7,Bezirksliga,Bezirksliga Weser-Ems 3,16,39,156,110,SV Vorwärts Nordhorn II,13,fussball.de
03142DDUC8000008VS5489BUVSBBVPEU-G,Niedersachsen,Bezirk Weser-Ems,7,Bezirksliga,Bezirksliga Weser-Ems 4,16,41,163,116,SV Hansa Friesoythe,15,fussball.de
03142DDUHO000007VS5489BUVSBBVPEU-G,Niedersachsen,Bezirk Weser-Ems,7,Bezirksliga,Bezirksliga Weser-Ems 5,16,40,143,111,TUS Berge,14,fussball.de
031C3OBN2400000EVS5489BTVUS470OH-G,Rheinland,Bezirk Rheinland,7,Bezirksliga,Bezirksliga Mitte Herren · Bezirk Rheinland,16,30,135,82,SG Augst Eitelborn,10,fussball.de
03142NF3H400000FVS5489BTVU7GTVLE-G,Rheinland,Bezirk Rheinland,7,Bezirksliga,Bezirksliga Ost Herren · Bezirk Rheinland,16,34,161,96,VfB Wissen,15,fussball.de
031B4VH834000009VS5489BTVSK8S3O6-G,Rheinland,Bezirk Rheinland,7,Bezirksliga,Bezirksliga West Herren · Bezirk Rheinland,16,33,133,87,FSV Salmrohr,10,fussball.de
030UT2JVB800000AVS5489BUVVARDA0V-G,Saarland,Saarland,7,Verbandsliga,Verbandsliga Nord / Ost · Saarland,16,41,185,114,SV Bliesmengen-B.,15,fussball.de
03108NFRFC000005VS5489BTVT51B5B5-G,Saarland,Saarland,7,Verbandsliga,Verbandsliga Süd / West · Saarland,16,40,215,115,SV Saar 05 Saarbrücken J.,15,fussball.de
031B608474000000VS5489BUVV628VP4-G,Sachsen,Sachsen,7,Landesklasse,Sachsenklasse Nord,16,23,113,63,"ATSV ""Frisch Auf"" Wurzen",9,fussball.de
031B6082V0000008VS5489BUVV628VP4-G,Sachsen,Sachsen,7,Landesklasse,Sachsenklasse Ost,16,21,85,59,Radebeuler BC,9,fussball.de
031B6083R0000006VS5489BUVV628VP4-G,Sachsen,Sachsen,7,Landesklasse,Sachsenklasse West,16,24,113,70,FC Stollberg,9,fussball.de
0318RGG1JC000004VS5489BTVSK8S3O6-G,Sachsen-Anhalt,Sachsen-Anhalt,7,Landesliga,LOTTO-Landesliga Nord · Sachsen-Anhalt,16,21,92,61,Burger BC 08 I,9,fussball.de
0318RGG1SO000005VS5489BTVSK8S3O6-G,Sachsen-Anhalt,Sachsen-Anhalt,7,Landesliga,LOTTO-Landesliga Süd · Sachsen-Anhalt,16,24,70,65,FSV Bennstedt,9,fussball.de
031BUN18UK000004VS5489BTVUS470OH-G,Schleswig-Holstein,Schleswig-Holstein,7,Verbandsliga,Verbandsliga Nord · Schleswig-Holstein,16,48,215,138,TSB Flensburg II,18,fussball.de
031AGKT7D0000006VS5489BTVSK8S3O6-G,Schleswig-Holstein,Schleswig-Holstein,7,Verbandsliga,Verbandsliga Ost · Schleswig-Holstein,16,49,223,138,Probsteier SG 2012,18,fussball.de
031BUP6OCO000005VS5489BTVUS470OH-G,Schleswig-Holstein,Schleswig-Holstein,7,Verbandsliga,Verbandsliga Süd · Schleswig-Holstein,16,49,235,143,SV Eichede II,16,fussball.de
031AGL8ER0000006VS5489BTVSK8S3O6-G,Schleswig-Holstein,Schleswig-Holstein,7,Verbandsliga,Verbandsliga West · Schleswig-Holstein,16,39,141,109,FC Fetih-Kisdorf,13,fussball.de
031BP5PVC000000BVS5489BTVUS470OH-G,Südbaden,Südbaden,7,Landesliga,Landesliga 1 · Südbaden,16,25,113,71,Offenburger FV,9,fussball.de
031BP987KC000004VS5489BTVUS470OH-G,Südbaden,Südbaden,7,Landesliga,Landesliga 2 · Südbaden,16,24,125,69,SV Weil 1910,9,fussball.de
031C3L4KVK000004VS5489BUVUR5FS5A-G,Südbaden,Südbaden,7,Landesliga,Landesliga 3 · Südbaden,16,25,111,71,Hegauer FV,10,fussball.de
03141ST64K00000AVS5489BUVSBBVPEU-G,Südwest,Südwest,7,Landesliga,Herren Landesliga Ost · Südwest,16,42,173,122,FC Speyer,15,fussball.de
03141ST5SO000007VS5489BUVSBBVPEU-G,Südwest,Südwest,7,Landesliga,Herren Landesliga West · Südwest,16,42,194,120,SV Hermersberg,13,fussball.de
03155QUIEG000000VS5489BUVSBBVPEU-G,Thüringen,Thüringen,7,Landesklasse,Landesklasse Staffel 1 · Thüringen,16,32,115,86,SV Schmölln 1913,9,fussball.de
03155QUIL4000008VS5489BUVSBBVPEU-G,Thüringen,Thüringen,7,Landesklasse,Landesklasse Staffel 2 · Thüringen,16,31,131,86,FC Union Mühlhausen,12,fussball.de
03155QUIRC000008VS5489BUVSBBVPEU-G,Thüringen,Thüringen,7,Landesklasse,Landesklasse Staffel 3 · Thüringen,16,32,131,91,VfL Meiningen,12,fussball.de
0313Q1LFPS000013VS5489BTVU7GTVLE-G,Westfalen,Westfalen,7,Landesliga,IGA 2027 Landesliga Staffel 1 · Westfalen,17,32,117,89,Delbrücker SC,12,fussball.de
0313Q1LG6400001IVS5489BTVU7GTVLE-G,Westfalen,Westfalen,7,Landesliga,IGA 2027 Landesliga Staffel 2 · Westfalen,15,28,95,78,SC Neheim,10,fussball.de
0313Q1LGIO00001JVS5489BTVU7GTVLE-G,Westfalen,Westfalen,7,Landesliga,IGA 2027 Landesliga Staffel 3 · Westfalen,17,32,117,94,TuS Eichlinghofen,12,fussball.de
0313Q1LGTS000017VS5489BTVU7GTVLE-G,Westfalen,Westfalen,7,Landesliga,IGA 2027 Landesliga Staffel 4 · Westfalen,17,34,144,95,SV Dorsten-Hardt,12,fussball.de
03160T9UQ000000GVS5489BUVSBBVPEU-G,Württemberg,Württemberg,7,Landesliga,Landesliga 1 · Württemberg,17,33,104,90,SG Schorndorf,9,fussball.de
03160T9V3O00000EVS5489BUVSBBVPEU-G,Württemberg,Württemberg,7,Landesliga,Landesliga 2 · Württemberg,17,32,119,89,FC Esslingen,10,fussball.de
03160T9VE0000001VS5489BUVSBBVPEU-G,Württemberg,Württemberg,7,Landesliga,Landesliga 3 · Württemberg,16,26,100,72,VfL Nagold,9,fussball.de
03152JT9NG00000GVS5489BUVSBBVPEU-G,Württemberg,Württemberg,7,Landesliga,Landesliga 4 · Württemberg,16,25,82,73,SSV Ehingen-Süd,9,fussball.de
031CPIQCT000000GVS5489BTVUS470OH-G,Baden,Kreis Bruchsal,8,Kreisliga,bfv-Kreisliga Bruchsal,14,7,29,20,FVgg Neudorf,3,fussball.de
0312UDBTM000000JVS5489BUVSBBVPEU-G,Baden,Kreis Buchen,8,Kreisliga,bfv-Kreisliga Buchen,17,41,174,117,TSV Oberwittstadt,15,fussball.de
031CI6CF5S00000BVS5489BTVUS470OH-G,Baden,Kreis Heidelberg,8,Kreisliga,bfv-Kreisliga Heidelberg,15,22,93,60,1.FC Mühlhausen 2,9,fussball.de
030S9PFS3G00000BVS5489BUVSEBP30S-G,Baden,Kreis Karlsruhe,8,Kreisliga,bfv-Kreisliga Karlsruhe,15,20,81,56,FV Fortuna Kirchfeld,9,fussball.de
031EKNM2HG00000LVS5489BUVUR5FS5A-G,Baden,Kreis Mannheim,8,Kreisliga,Kreisliga Mannheim,16,8,33,24,SC 1910 Käfertal,3,fussball.de
0318DFTSLC000004VS5489BTVU7GTVLE-G,Baden,Kreis Mosbach,8,Kreisliga,bfv-Kreisliga Mosbach,15,22,99,62,SV Neunkirchen,9,fussball.de
0316CL21RK000004VS5489BTVU7GTVLE-G,Baden,Kreis Pforzheim,8,Kreisliga,bfv-Kreisliga Pforzheim,16,8,25,22,FC Germ. Singen,3,fussball.de
031426MIL000000FVS5489BUVSBBVPEU-G,Baden,Kreis Sinsheim,8,Kreisliga,bfv - Kreisliga Sinsheim,16,23,99,66,Türkspor Eppingen,9,fussball.de
031AG1MT3C000002VS5489BTVSK8S3O6-G,Baden,Kreis Tauberbischofsheim,8,Kreisliga,bfv-Kreisliga Tauberbischofsheim,14,15,55,43,TuS Großrinderfeld,9,fussball.de
03143KTVF4000016VS5489BUVSBBVPEU-G,Bayern,Kreis Allgäu,8,Kreisliga,KL Allgäu Nord,16,40,171,111,TV Bad Grönenbach,15,fussball.de
03143KV4K400005IVS5489BUVSBBVPEU-G,Bayern,Kreis Allgäu,8,Kreisliga,KL Allgäu Süd,16,39,158,111,TSV Seeg-Hopferau-Eisenberg,13,fussball.de
03138D9JBK000006VS5489BUVSBBVPEU-G,Bayern,Kreis Amberg/Weiden,8,Kreisliga,Kreisliga AM/WEN Nord · Kreis Amberg/Weiden,14,44,181,124,SV TuS/DJK Grafenwöhr,18,fussball.de
03138D9J4C000003VS5489BUVSBBVPEU-G,Bayern,Kreis Amberg/Weiden,8,Kreisliga,Kreisliga AM/WEN Süd · Kreis Amberg/Weiden,14,41,137,116,FC Edelsfeld,15,fussball.de
0316LHPOJ0000002VS5489BTVU7GTVLE-G,Bayern,Kreis Aschaffenburg,8,Kreisliga,KL-AB · Kreis Aschaffenburg,16,53,198,150,Eintracht Leidersbach,19,fussball.de
0310VQLQFK000003VS5489BTVT51B5B5-G,Bayern,Kreis Augsburg,8,Kreisliga,KL Augsburg,16,40,158,115,TSV Neusäß,15,fussball.de
0310VQLRA8000038VS5489BTVT51B5B5-G,Bayern,Kreis Augsburg,8,Kreisliga,KL Ost · Kreis Augsburg,16,40,151,116,BC Aichach,15,fussball.de
0313POT35K000006VS5489BUVSBBVPEU-G,Bayern,Kreis Bamberg/Bayreuth/Kulmb.,8,Kreisliga,KL 1 BA · Kreis Bamberg/Bayreuth/Kulmb.,16,63,254,179,ASV 1926 Sassanfahrt,22,fussball.de
0311F7AILG000006VS5489BUVVARDA0V-G,Bayern,Kreis Bamberg/Bayreuth/Kulmb.,8,Kreisliga,KL 2 BT KU · Kreis Bamberg/Bayreuth/Kulmb.,16,65,238,181,Sportring Bayreuth,20,fussball.de
0314N69PLK000006VS5489BTVU7GTVLE-G,Bayern,Kreis Cham/Schwandorf,8,Kreisliga,Kreisliga CHA/SAD  Ost · Kreis Cham/Schwandorf,14,50,198,143,DJK Arnschwang,21,fussball.de
0314N69OT8000006VS5489BTVU7GTVLE-G,Bayern,Kreis Cham/Schwandorf,8,Kreisliga,Kreisliga CHA/SAD  West · Kreis Cham/Schwandorf,14,50,190,138,SC Katzdorf,17,fussball.de
03124AMMSG000004VS5489BTVT51B5B5-G,Bayern,Kreis Coburg/Kronach/Lichtenf.,8,Kreisliga,Kreisliga 1 · Kreis Coburg/Kronach/Lichtenf.,16,56,229,158,TSV 1860 Staffelstein,19,fussball.de
03124AQD74000004VS5489BTVT51B5B5-G,Bayern,Kreis Coburg/Kronach/Lichtenf.,8,Kreisliga,Kreisliga 2 · Kreis Coburg/Kronach/Lichtenf.,16,57,224,162,(SG 1) SV Wolfers/Neuengrün 1/SV Nurn 1,19,fussball.de
0314HDGKQO000005VS5489BTVU7GTVLE-G,Bayern,Kreis Donau,8,Kreisliga,KL Nord · Kreis Donau,15,35,119,97,FSV Buchdorf,10,fussball.de
0314HDGKI0000005VS5489BTVU7GTVLE-G,Bayern,Kreis Donau,8,Kreisliga,KL West · Kreis Donau,14,27,115,75,SV Neuburg/Kammel,12,fussball.de
03154QDEKS00003CVS5489BUVSBBVPEU-G,Bayern,Kreis Donau/Isar,8,Kreisliga,401 Kreisliga 1 · Kreis Donau/Isar,15,36,163,99,SV Zuchering,15,fussball.de
03154QDGIG00002EVS5489BUVSBBVPEU-G,Bayern,Kreis Donau/Isar,8,Kreisliga,402 Kreisliga 2 · Kreis Donau/Isar,14,22,84,63,FC Lengdorf,9,fussball.de
0313OUEQBS000006VS5489BTVU7GTVLE-G,Bayern,Kreis Erlangen/Pegnitzgrund,8,Kreisliga,Kreisliga 1 · Kreis Erlangen/Pegnitzgrund,14,28,120,80,SpVgg Hessdorf,12,fussball.de
0313OUEQJO000006VS5489BTVU7GTVLE-G,Bayern,Kreis Erlangen/Pegnitzgrund,8,Kreisliga,Kreisliga 2 · Kreis Erlangen/Pegnitzgrund,14,28,110,79,TSV Neunhof,12,fussball.de
0314C1RIKK000006VS5489BUVSBBVPEU-G,Bayern,Kreis Hof/Tirschenr./Wunsiedel,8,Kreisliga,KL  1 HO/TIR/WUN · Kreis Hof/Tirschenr./Wunsiedel,14,49,167,139,(SG1) Bayern Hof II / Trogen II,21,fussball.de
0314C1RIUO000006VS5489BUVSBBVPEU-G,Bayern,Kreis Hof/Tirschenr./Wunsiedel,8,Kreisliga,KL 2 HO/TIR/WUN · Kreis Hof/Tirschenr./Wunsiedel,14,48,213,128,TSV 1857 Thiersheim,18,fussball.de
030UHNFT4S000005VS5489BTVT51B5B5-G,Bayern,Kreis Inn/Salzach,8,Kreisliga,Kreisliga 1 Inn/Salzach,14,26,87,72,SV 66 Oberbergkirchen,8,fussball.de
030UHNFTD4000001VS5489BTVT51B5B5-G,Bayern,Kreis Inn/Salzach,8,Kreisliga,Kreisliga 2 Inn/Salzach,14,24,90,70,TuS Engelsberg,9,fussball.de
0316NR0H1G000004VS5489BTVU7GTVLE-G,Bayern,Kreis München,8,Kreisliga,Kreisliga München,40,42,174,117,SV Lohhof,7,fussball.de
0312SMUAJG000006VS5489BUVSBBVPEU-G,Bayern,Kreis Neumarkt/Jura,8,Kreisliga,Kreisliga Ost · Kreis Neumarkt/Jura,14,26,100,70,SC Pollanten,10,fussball.de
0312SMUAQS000006VS5489BUVSBBVPEU-G,Bayern,Kreis Neumarkt/Jura,8,Kreisliga,Kreisliga West · Kreis Neumarkt/Jura,14,28,99,79,SSV Oberhochstatt,10,fussball.de
0314139HTG000006VS5489BTVU7GTVLE-G,Bayern,Kreis Niederbayern Ost,8,Kreisliga,KL 2 Bayerwald · Kreis Niederbayern Ost,14,43,178,121,SV Schöfweg,16,fussball.de
0314139IA0000006VS5489BTVU7GTVLE-G,Bayern,Kreis Niederbayern Ost,8,Kreisliga,KL 3 Passauer Land · Kreis Niederbayern Ost,14,42,151,117,FC Sturm Hauzenberg 2,18,fussball.de
03145PFO4G000004VS5489BUVSBBVPEU-G,Bayern,Kreis Niederbayern West,8,Kreisliga,KL 1 Donau/Laaber · Kreis Niederbayern West,14,44,153,121,TV Geisenhausen,14,fussball.de
03145PM83C000004VS5489BUVSBBVPEU-G,Bayern,Kreis Niederbayern West,8,Kreisliga,KL 2 Isar/Rott · Kreis Niederbayern West,14,44,152,118,TuS 1860 Pfarrkirchen,13,fussball.de
0317T7GM6800000DVS5489BUVSBBVPEU-G,Bayern,Kreis Nürnberg/Frankenhöhe,8,Kreisliga,KL-Gr 1 N/F · Kreis Nürnberg/Frankenhöhe,14,33,120,95,SV Ornbau-Weidenbach,13,fussball.de
0317T7GNS800001CVS5489BUVSBBVPEU-G,Bayern,Kreis Nürnberg/Frankenhöhe,8,Kreisliga,KL-Gr 2 N/F · Kreis Nürnberg/Frankenhöhe,15,47,166,128,Post SV Nürnberg,16,fussball.de
030UDGMFUS00000EVS5489BUVVARDA0V-G,Bayern,Kreis Regensburg,8,Kreisliga,Kreisliga Rgbg Gruppe 1 · Kreis Regensburg,14,48,204,136,TSV Wörth/Do.,18,fussball.de
030UDGMHTK000056VS5489BUVVARDA0V-G,Bayern,Kreis Regensburg,8,Kreisliga,Kreisliga Rgbg Gruppe 2 · Kreis Regensburg,14,49,183,137,TSV Dietfurt,21,fussball.de
03135BF8S0000007VS5489BTVU7GTVLE-G,Bayern,Kreis Rhön,8,Kreisliga,Kreisliga Rhön,15,42,151,117,DJK Schondra,18,fussball.de
03135AVG8S000008VS5489BTVU7GTVLE-G,Bayern,Kreis Schweinfurt,8,Kreisliga,KL-Gr1 SW · Kreis Schweinfurt,15,46,214,126,SV 1946 Stammheim,13,fussball.de
03135AVGGC000009VS5489BTVU7GTVLE-G,Bayern,Kreis Schweinfurt,8,Kreisliga,KL-Gr2 SW · Kreis Schweinfurt,14,42,168,117,TSV Forst,15,fussball.de
0310BHF1CK00005EVS5489BTVT51B5B5-G,Bayern,Kreis Würzburg,8,Kreisliga,KL-Gr 1 WÜ · Kreis Würzburg,16,56,201,160,TSV Grombühl,19,fussball.de
0310BHF3D800002EVS5489BTVT51B5B5-G,Bayern,Kreis Würzburg,8,Kreisliga,KL-Gr 2 WÜ · Kreis Würzburg,14,41,174,115,FV 1926 Thüngersheim,15,fussball.de
030RC38J9S000037VS5489BTVVR5L0PB-G,Bayern,Kreis Zugspitze,8,Kreisliga,Kreisliga Gruppe 1 · Kreis Zugspitze,15,26,93,74,FT Starnberg 09,12,fussball.de
030RC38L3S000038VS5489BTVVR5L0PB-G,Bayern,Kreis Zugspitze,8,Kreisliga,Kreisliga Gruppe 2 · Kreis Zugspitze,16,30,112,84,TSV 1882 Landsberg II,9,fussball.de
0317AGKTM4000001VS5489BUVSBBVPEU-G,Berlin,Bezirk Berlin,8,Bezirksliga,7er Herren Bezirksliga St.1 · Bezirk Berlin,9,4,32,12,1. FC Schöneberg 7er,3,fussball.de
031CP86VAS000007VS5489BUVUR5FS5A-G,Berlin,Bezirk Berlin,8,Bezirksliga,7er Herren Bezirksliga St.2 · Bezirk Berlin,8,0,0,-3,Berliner SC Comet Sparta 7er II,0,fussball.de
0317AGKT5S000004VS5489BUVSBBVPEU-G,Berlin,Bezirk Berlin,8,Bezirksliga,Herren Bezirksliga St.1 · Bezirk Berlin,16,16,85,44,FC Liria,6,fussball.de
0317AGKTBG000006VS5489BUVSBBVPEU-G,Berlin,Bezirk Berlin,8,Bezirksliga,Herren Bezirksliga St.2 · Bezirk Berlin,16,16,74,47,JFC Berlin,6,fussball.de
0317AGKTGO000006VS5489BUVSBBVPEU-G,Berlin,Bezirk Berlin,8,Bezirksliga,Herren Bezirksliga St.3 · Bezirk Berlin,16,16,79,46,Delay Sports Berlin II,6,fussball.de
0318RR14TS000008VS5489BTVSK8S3O6-G,Brandenburg,Brandenburg,8,Landesklasse,Landesklasse Nord · Brandenburg,16,9,40,26,VfB Gramzow,6,fussball.de
0318RR15BC000007VS5489BTVSK8S3O6-G,Brandenburg,Brandenburg,8,Landesklasse,Landesklasse Ost · Brandenburg,16,8,47,24,SV Grün-Weiß Lübben,3,fussball.de
0318RR15HC000000VS5489BTVSK8S3O6-G,Brandenburg,Brandenburg,8,Landesklasse,Landesklasse Süd · Brandenburg,16,8,47,24,SG Eintracht Peitz,3,fussball.de
0318RR153S000007VS5489BTVSK8S3O6-G,Brandenburg,Brandenburg,8,Landesklasse,Landesklasse West · Brandenburg,16,8,33,23,VfL Nauen,3,fussball.de
031FM68FKC00000KVS5489BTVUS470OH-G,Bremen,Kreis Bremen-Stadt,8,1.Kreisliga (A),Kreisliga A · Kreis Bremen-Stadt,14,15,84,40,TUS Schwachhausen II,6,fussball.de
031FM6AOM000000EVS5489BTVUS470OH-G,Bremen,Kreis Bremerhaven,8,1.Kreisliga (A),Kreisliga A · Kreis Bremerhaven,12,12,82,35,Tuspo Surheide II,6,fussball.de
0318JTBDCK00000EVS5489BTVSK8S3O6-G,Hamburg,Kreisebene Hamburg,8,Kreisliga,KL 01 · Kreisebene Hamburg,15,26,147,70,FSV Geesthacht 1.Hr.,9,fussball.de
0318JTBDK800000EVS5489BTVSK8S3O6-G,Hamburg,Kreisebene Hamburg,8,Kreisliga,KL 02 · Kreisebene Hamburg,16,23,98,63,Condor 2.Hr.,9,fussball.de
0318JTBDR400000DVS5489BTVSK8S3O6-G,Hamburg,Kreisebene Hamburg,8,Kreisliga,KL 03 · Kreisebene Hamburg,16,26,128,76,Poppenbüttel 1.Hr.,10,fussball.de
0318JTBE1G00000EVS5489BTVSK8S3O6-G,Hamburg,Kreisebene Hamburg,8,Kreisliga,KL 04 · Kreisebene Hamburg,16,25,127,71,BU 4.Hr.,9,fussball.de
0318JTBE7O00000EVS5489BTVSK8S3O6-G,Hamburg,Kreisebene Hamburg,8,Kreisliga,KL 05 · Kreisebene Hamburg,16,23,110,65,Lohkamp 1.Hr.,9,fussball.de
0318JTBEDS00000EVS5489BTVSK8S3O6-G,Hamburg,Kreisebene Hamburg,8,Kreisliga,KL 06 · Kreisebene Hamburg,16,29,172,83,Hansa 11 1.Hr.,12,fussball.de
0318JTBEK000000EVS5489BTVSK8S3O6-G,Hamburg,Kreisebene Hamburg,8,Kreisliga,KL 07 · Kreisebene Hamburg,16,25,114,69,Hörnerkirchen 1.Hr.,9,fussball.de
0318JTBF0K00000EVS5489BTVSK8S3O6-G,Hamburg,Kreisebene Hamburg,8,Kreisliga,KL 08 · Kreisebene Hamburg,16,23,134,68,Mesopotamien 1.Hr.,9,fussball.de
031B3GD13S00000CVS5489BTVSK8S3O6-G,Hessen,Kreis Bergstraße,8,Kreisoberliga,KOL Bergstraße,15,34,159,95,SG Reichenbach,15,fussball.de
031B6LRDRG000006VS5489BTVSK8S3O6-G,Hessen,Kreis Biedenkopf,8,Kreisoberliga,KOL GI/MR Gr.Nord · Kreis Biedenkopf,17,49,207,136,SC Gladenbach,15,fussball.de
0318JH52QK00000CVS5489BUVV628VP4-G,Hessen,Kreis Büdingen,8,Kreisoberliga,KOL Büdingen,16,41,168,117,Viktoria Nidda,15,fussball.de
0319701G2G000009VS5489BUVV628VP4-G,Hessen,Kreis Darmstadt,8,Kreisoberliga,KOL DA/GG · Kreis Darmstadt,17,41,181,113,Darmstädter TSG 1846,15,fussball.de
031APK80FG00000BVS5489BTVSK8S3O6-G,Hessen,Kreis Dieburg,8,Kreisoberliga,KOL DI-ODW · Kreis Dieburg,15,37,151,101,SSV Brensbach,13,fussball.de
0318TSBVFO000004VS5489BUVV628VP4-G,Hessen,Kreis Frankenberg,8,Kreisoberliga,KOL WA-FKB · Kreis Frankenberg,16,38,186,108,TuSpo Mengeringhausen,11,fussball.de
031BO9VAG4000001VS5489BUVUR5FS5A-G,Hessen,Kreis Frankfurt,8,Kreisoberliga,KOL Frankfurt,17,41,209,116,SG Westend Ffm,15,fussball.de
031AFQLCRS00000AVS5489BTVSK8S3O6-G,Hessen,Kreis Friedberg,8,Kreisoberliga,KOL Friedberg,17,51,244,143,SV Steinfurth,15,fussball.de
031BPOCG2C000009VS5489BUVUR5FS5A-G,Hessen,Kreis Fulda,8,Kreisoberliga,KOL Fulda Mitte,16,56,237,155,SG Edelzell/Engelhelms,16,fussball.de
031B5OOJKG00000AVS5489BTVSK8S3O6-G,Hessen,Kreis Gelnhausen,8,Kreisoberliga,KOL Gelnhausen,17,53,211,143,SV Bieber,13,fussball.de
031CPOVMAC00000EVS5489BUVUR5FS5A-G,Hessen,Kreis Gießen,8,Kreisoberliga,KOL GI/MR Süd · Kreis Gießen,16,48,224,133,Kurdischer FC GI,13,fussball.de
031B47D48O00000BVS5489BTVSK8S3O6-G,Hessen,Kreis Hanau,8,Kreisoberliga,KOL Hanau,17,47,195,133,SV Kilianstädten,21,fussball.de
031BEP2TNC00000CVS5489BTVUS470OH-G,Hessen,Kreis Hersfeld-Rotenburg,8,Kreisoberliga,KOL Fulda Nord · Kreis Hersfeld-Rotenburg,16,51,220,148,Blau-Weiß Großentaft,18,fussball.de
031F9FKDDO00000EVS5489BTVUS470OH-G,Hessen,Kreis Hochtaunus,8,Kreisoberliga,KOL Hochtaunus,18,46,226,133,SG Oberhöchstadt,15,fussball.de
0318JTNF0O000008VS5489BUVV628VP4-G,Hessen,Kreis Hofgeismar-Wolfhagen,8,Kreisoberliga,KOL Hofgeism-Wolfh · Kreis Hofgeismar-Wolfhagen,14,36,162,103,SV Espenau,15,fussball.de
0317AGA45C000004VS5489BUVSBBVPEU-G,Hessen,Kreis Kassel,8,Kreisoberliga,KOL Kassel,16,48,190,130,TSV Ihringshausen,15,fussball.de
03196CNCIG00000CVS5489BUVV628VP4-G,Hessen,Kreis Limburg-Weilburg,8,Kreisoberliga,KOL Limb-Weilb · Kreis Limburg-Weilburg,16,43,193,121,TSG Oberbrechen,15,fussball.de
03198D13MG00000DVS5489BTVSK8S3O6-G,Hessen,Kreis Maintaunus,8,Kreisoberliga,KOL Maintaunus,15,37,189,108,SG Oberliederbach,13,fussball.de
031DCP7TH800000CVS5489BTVUS470OH-G,Hessen,Kreis Offenbach,8,Kreisoberliga,KOL Offenbach,16,40,192,116,SVG Steinheim,15,fussball.de
031BDTDM90000000VS5489BTVUS470OH-G,Hessen,Kreis Rheingau-Taunus,8,Kreisoberliga,KOL Rheingau-Taunus,15,36,171,102,SV Walsdorf,15,fussball.de
0318GN9G0K000009VS5489BTVSK8S3O6-G,Hessen,Kreis Schlüchtern,8,Kreisoberliga,KOL Fulda Süd · Kreis Schlüchtern,16,55,204,153,FSG Vogelsberg,18,fussball.de
0318K2GEK400000BVS5489BUVV628VP4-G,Hessen,Kreis Schwalm-Eder,8,Kreisoberliga,KOL Schwalm-Eder,15,45,169,124,TSV 1900 Wabern II,16,fussball.de
0319HR1EDS000006VS5489BUVV628VP4-G,Hessen,Kreis Werra/Meißner,8,Kreisoberliga,KOL Werra-Meißner · Kreis Werra/Meißner,15,46,244,132,SV Weidenhausen II,19,fussball.de
0318U6OST4000007VS5489BUVV628VP4-G,Hessen,Kreis Wetzlar,8,Kreisoberliga,KOL GI/MR West · Kreis Wetzlar,16,41,179,118,SG Eschenburg,15,fussball.de
0318MATNNK00000CVS5489BTVSK8S3O6-G,Hessen,Kreis Wiesbaden,8,Kreisoberliga,KOL Wiesbaden,15,33,177,95,FV Delkenheim 1949,15,fussball.de
03162FKMJC00000IVS5489BTVU7GTVLE-G,Mecklenburg-Vorpommern,Mecklenburg-Vorpommern,8,Landesklasse,Landesklasse I Herren · Mecklenburg-Vorpommern,14,7,24,19,SV Wittenbeck,3,fussball.de
03162FKMRS00000JVS5489BTVU7GTVLE-G,Mecklenburg-Vorpommern,Mecklenburg-Vorpommern,8,Landesklasse,Landesklasse II Herren · Mecklenburg-Vorpommern,14,7,40,19,Penkuner SV Rot-Weiß,3,fussball.de
03162FKN2O000007VS5489BTVU7GTVLE-G,Mecklenburg-Vorpommern,Mecklenburg-Vorpommern,8,Landesklasse,Landesklasse III Herren · Mecklenburg-Vorpommern,14,7,32,21,TuS Neukalen 1990,3,fussball.de
03162FKNA400000JVS5489BTVU7GTVLE-G,Mecklenburg-Vorpommern,Mecklenburg-Vorpommern,8,Landesklasse,Landesklasse IV Herren · Mecklenburg-Vorpommern,14,7,26,19,VfB Goldenstädt,3,fussball.de
031FNFC57K000001VS5489BTVVG7L386-G,Mittelrhein,Kreis Aachen,8,Kreisliga A,Kreisliga A · Kreis Aachen,15,7,36,21,SC Kellersberg,3,fussball.de
0313OUBHAG00000CVS5489BTVU7GTVLE-G,Mittelrhein,Kreis Berg,8,Kreisliga A,Kreisliga A · Kreis Berg,16,8,40,23,TuS Homburg-Bröltal,3,fussball.de
031BONFSMC000004VS5489BTVUS470OH-G,Mittelrhein,Kreis Bonn,8,Kreisliga A,Kreisliga A · Kreis Bonn,16,8,35,24,Spfr. Ippendorf,3,fussball.de
031GUU1ID8000004VS5489BUVSJ4CRAP-G,Mittelrhein,Kreis Düren,8,Kreisliga A,Kreisliga A · Kreis Düren,16,15,62,42,SC Jülich 1910/97/Hoengen e.V.,7,fussball.de
031IIMRLTG000006VS5489BUVVKNMR0J-G,Mittelrhein,Kreis Euskirchen,8,Kreisliga A,Kreisliga A · Kreis Euskirchen,13,6,23,18,SC Germania Erftstadt-Lechenich,3,fussball.de
031D5QC0T8000002VS5489BUVUR5FS5A-G,Mittelrhein,Kreis Heinsberg,8,Kreisliga A,"Kreisliga A, Staffel 1 · Kreis Heinsberg",16,16,82,47,TuS Rheinland Dremmen,6,fussball.de
030TOCD0SK000003VS5489BUVSOV43J9-G,Mittelrhein,Kreis Köln,8,Kreisliga A,Kreisliga A · Kreis Köln,16,7,41,19,Gremberg-Humboldt I,3,fussball.de
031KSBC44K000000VS5489BUVVKNMR0J-G,Mittelrhein,Kreis Rhein-Erft,8,Kreisliga A,Kreisliga A Staffel 1 · Kreis Rhein-Erft,16,9,52,24,Bedburger BV,6,fussball.de
031DDUF9M4000000VS5489BTVUS470OH-G,Mittelrhein,Kreis Sieg,8,Kreisliga A,Kreisliga A Staffel 1 · Kreis Sieg,16,7,37,19,TuS Birk,3,fussball.de
031D3EOE1400000GVS5489BUVUR5FS5A-G,Niederrhein,Kreis Duisburg-Mülheim-Dinslak,8,Kreisliga A,"Kreisliga A, Gruppe 1 · Kreis Duisburg-Mülheim-Dinslak",15,21,104,61,TuSpo Saarn,9,fussball.de
031D3EOEJ4000005VS5489BUVUR5FS5A-G,Niederrhein,Kreis Duisburg-Mülheim-Dinslak,8,Kreisliga A,"Kreisliga A, Gruppe 2 · Kreis Duisburg-Mülheim-Dinslak",14,7,38,21,MTV Union Hamborn,3,fussball.de
031CH5EUGO000004VS5489BTVUS470OH-G,Niederrhein,Kreis Düsseldorf,8,Kreisliga A,Kreisliga A Herren 2026/2027 · Kreis Düsseldorf,18,28,133,81,Sportvereinigung Hilden 05/06,9,fussball.de
031FK22CV4000004VS5489BTVUS470OH-G,Niederrhein,Kreis Essen,8,Kreisliga A,Kreisliga A Gruppe 1 · Kreis Essen,16,24,156,70,AL-ARZ Libanon Essen 08,9,fussball.de
031FK257H0000004VS5489BTVUS470OH-G,Niederrhein,Kreis Essen,8,Kreisliga A,Kreisliga A Gruppe 2 · Kreis Essen,16,24,118,66,Alemannia Essen,7,fussball.de
031FTR1GCK000004VS5489BUVSJ4CRAP-G,Niederrhein,Kreis Grevenbroich-Neuss,8,Kreisliga A,Kreisliga A · Kreis Grevenbroich-Neuss,16,30,149,84,SF Vorst,12,fussball.de
031HBIDKBG000007VS5489BTVVG7L386-G,Niederrhein,Kreis Kempen-Krefeld,8,Kreisliga A,Kreisliga A · Kreis Kempen-Krefeld,18,26,125,74,DJK VfL Willich,10,fussball.de
031B925F1400000AVS5489BUVV628VP4-G,Niederrhein,Kreis Kleve-Geldern,8,Kreisliga A,Kreisliga A · Kreis Kleve-Geldern,16,26,110,73,SV Siegfried Materborn,9,fussball.de
0311FB9E9000000IVS5489BUVVARDA0V-G,Niederrhein,Kreis Mönchengladbach-Viersen,8,Kreisliga A,Kreisliga A · Kreis Mönchengladbach-Viersen,16,26,134,71,SpVgg. Odenkirchen 2,10,fussball.de
031FVVH164000004VS5489BUVSJ4CRAP-G,Niederrhein,Kreis Oberhausen-Bottrop,8,Kreisliga A,Kreisliga A Johanning · Kreis Oberhausen-Bottrop,18,26,133,77,SC 1912 Buschhausen,9,fussball.de
031DF3E7I4000007VS5489BUVUR5FS5A-G,Niederrhein,Kreis Rees-Bocholt,8,Kreisliga A,Kreisliga A · Kreis Rees-Bocholt,18,25,135,73,VfR Mehrhoog,9,fussball.de
031IKDBDVO000004VS5489BTVSRD0UH9-G,Niederrhein,Kreis Remscheid-Solingen,8,Kreisliga A,Kreisliga A Gruppe 1 · Kreis Remscheid-Solingen,16,17,96,47,1. FC Monheim 2,9,fussball.de
031IKF9KSO000004VS5489BTVSRD0UH9-G,Niederrhein,Kreis Remscheid-Solingen,8,Kreisliga A,Kreisliga A Gruppe 2 · Kreis Remscheid-Solingen,16,17,100,48,BV Berg. Neukirchen I,7,fussball.de
031HAS8NV000000GVS5489BTVVG7L386-G,Niederrhein,Kreis Wuppertal-Niederberg,8,Kreisliga A,Kreisliga A · Kreis Wuppertal-Niederberg,19,28,161,83,TSV Beyenburg,12,fussball.de
0319B2QODS000004VS5489BUVV628VP4-G,Niedersachsen,Kreis Bentheim,8,Kreisliga,Kreisliga Grafschaft Bentheim,15,44,195,126,SV Wietmarschen,19,fussball.de
031C3OEUEC000004VS5489BTVUS470OH-G,Niedersachsen,Kreis Braunschweig,8,Kreisliga,Kreisliga Braunschweig,14,21,90,60,FT Braunschweig II,9,fussball.de
03190DIOFS000004VS5489BTVSK8S3O6-G,Niedersachsen,Kreis Celle,8,Kreisliga,Kreisliga Celle,15,29,141,83,SV Nienhagen,10,fussball.de
0316KBN1EC000004VS5489BUVSBBVPEU-G,Niedersachsen,Kreis Cloppenburg,8,Kreisliga,Kreisliga Cloppenburg,15,36,140,103,SV BW Ramsloh,15,fussball.de
03153IT38S000009VS5489BUVSBBVPEU-G,Niedersachsen,Kreis Cuxhaven,8,Kreisliga,Kreisliga Cuxhaven,16,34,145,96,TSV Geversdorf,12,fussball.de
031DN5TAJ8000007VS5489BUVUR5FS5A-G,Niedersachsen,Kreis Diepholz,8,Kreisliga,Kreisliga DH · Kreis Diepholz,16,25,112,70,TuS Sudweyhe II,10,fussball.de
03150AMG2S000006VS5489BTVU7GTVLE-G,Niedersachsen,Kreis Emsland,8,Kreisliga,Kreisliga Mitte/Nord · Kreis Emsland,14,26,122,72,SV Esterwegen,12,fussball.de
03150AMFU4000006VS5489BTVU7GTVLE-G,Niedersachsen,Kreis Emsland,8,Kreisliga,Kreisliga Süd/Mitte · Kreis Emsland,14,24,93,66,ASV Altenlingen II,12,fussball.de
03150AMFHK000006VS5489BTVU7GTVLE-G,Niedersachsen,Kreis Emsland,8,Kreisliga,Opti Wohnwelt Emslandliga,15,28,114,79,SV Bawinkel,9,fussball.de
031AP1887O000004VS5489BTVSK8S3O6-G,Niedersachsen,Kreis Gifhorn,8,Kreisliga,Kreisliga · Kreis Gifhorn,15,14,67,41,SV GW Calberlah,6,fussball.de
0316JHRELC00000AVS5489BUVSBBVPEU-G,Niedersachsen,Kreis Göttingen-Osterode,8,Kreisliga,Kreisliga Göttingen-Osterode,14,35,155,99,VfR Dostluk Osterode,15,fussball.de
0312RJURCC000004VS5489BUVSBBVPEU-G,Niedersachsen,Kreis Hameln-Pyrmont,8,Kreisliga,Kreisliga Hameln-Pyrmont,14,41,139,115,SSV Königsförde,14,fussball.de
0319ALG3PK000004VS5489BUVV628VP4-G,Niedersachsen,Kreis Harburg,8,Kreisliga,Kreisliga Harburg,15,30,133,90,TuS Fleestedt,12,fussball.de
0318GKCBO4000008VS5489BUVV628VP4-G,Niedersachsen,Kreis Heide-Wendland,8,Kreisliga,Kreisliga · Kreis Heide-Wendland,16,38,189,108,TuS Barskamp,15,fussball.de
03196PR3GK000004VS5489BTVSK8S3O6-G,Niedersachsen,Kreis Heidekreis,8,Kreisliga,Kreisliga · Kreis Heidekreis,13,23,117,65,SVV Rethem,10,fussball.de
031AI79OHG000004VS5489BUVV628VP4-G,Niedersachsen,Kreis Helmstedt,8,Kreisliga,Kreisliga Helmstedt,14,23,135,66,FC Vatan Spor Königslutter,12,fussball.de
031B9MN614000004VS5489BTVSK8S3O6-G,Niedersachsen,Kreis Hildesheim-Holzminden,8,Kreisliga,Kreisliga Staffel A · Kreis Hildesheim-Holzminden,16,50,220,146,Spvgg. Hüdd.-Machtsum,18,fussball.de
0319KEVQD4000004VS5489BTVSK8S3O6-G,Niedersachsen,Kreis Hildesheim-Holzminden,8,Kreisliga,Kreisliga Staffel B · Kreis Hildesheim-Holzminden,16,48,232,136,SV 06 Holzminden,16,fussball.de
031DEJVS7C000005VS5489BTVUS470OH-G,Niedersachsen,Kreis Jade-Weser-Hunte,8,Kreisliga,Kreisliga JWH · Kreis Jade-Weser-Hunte,15,32,155,91,VfL Edewecht,11,fussball.de
031AF8TQJC000005VS5489BTVSK8S3O6-G,Niedersachsen,Kreis Nienburg,8,Kreisliga,Kreisliga Nienburg,15,41,162,113,TuS Drakenburg I,13,fussball.de
031463J7VK000006VS5489BTVU7GTVLE-G,Niedersachsen,Kreis Nordharz,8,Kreisliga,Nordharzliga,16,37,175,104,FC Othfresen,12,fussball.de
0315FD81EC000006VS5489BUVSBBVPEU-G,Niedersachsen,Kreis Northeim-Einbeck,8,Kreisliga,Kreisliga · Kreis Northeim-Einbeck,14,35,148,99,SV 07 Moringen,13,fussball.de
0315AM5LMK000004VS5489BTVU7GTVLE-G,Niedersachsen,Kreis Oldenburg-L./Delmenhorst,8,Kreisliga,Kreisliga IV OLL/DEL · Kreis Oldenburg-L./Delmenhorst,16,50,232,140,RW Hürriyet Delmenhorst,16,fussball.de
0316E9VU50000004VS5489BUVSBBVPEU-G,Niedersachsen,Kreis Osnabrück,8,Kreisliga,Kreisliga Osnabrück Staffel A,16,37,155,102,SV Alfhausen,13,fussball.de
0316E9VUCS00000BVS5489BUVSBBVPEU-G,Niedersachsen,Kreis Osnabrück,8,Kreisliga,Kreisliga Osnabrück Staffel B,17,42,195,116,Hagener SV,13,fussball.de
0317ILJR40000004VS5489BUVSBBVPEU-G,Niedersachsen,Kreis Osterholz,8,Kreisliga,Kreisliga Osterholz,16,34,144,94,SV Blau-Weiß Bornreihe II,13,fussball.de
031FPGK9V8000004VS5489BUVSJ4CRAP-G,Niedersachsen,Kreis Ostfriesland,8,Kreisliga,Ostfrieslandliga,17,50,182,141,VfB Uplengen,19,fussball.de
03126VS1JO000004VS5489BTVT51B5B5-G,Niedersachsen,Kreis Peine,8,Kreisliga,Kreisliga Peine,15,40,177,114,VfB Peine,13,fussball.de
031E1K0F9C00000BVS5489BUVUR5FS5A-G,Niedersachsen,Kreis Region Hannover,8,Kreisliga,Kreisliga Region Hannover Staffel 1,14,24,120,68,Heesseler SV,9,fussball.de
031E1K0FIG000007VS5489BUVUR5FS5A-G,Niedersachsen,Kreis Region Hannover,8,Kreisliga,Kreisliga Region Hannover Staffel 2,16,31,149,89,TSV Poggenhagen,10,fussball.de
031E1K0FP8000008VS5489BUVUR5FS5A-G,Niedersachsen,Kreis Region Hannover,8,Kreisliga,Kreisliga Region Hannover Staffel 3,16,32,162,87,TuS Wettbergen,10,fussball.de
031E1K0G0S000004VS5489BUVUR5FS5A-G,Niedersachsen,Kreis Region Hannover,8,Kreisliga,Kreisliga Region Hannover Staffel 4,16,32,132,91,TSV Kirchrode,12,fussball.de
03182HC84K000004VS5489BTVU7GTVLE-G,Niedersachsen,Kreis Rotenburg,8,Kreisliga,Kreisliga · Kreis Rotenburg,15,30,120,83,TuS Zeven,10,fussball.de
0315EK6SGS000005VS5489BTVU7GTVLE-G,Niedersachsen,Kreis Schaumburg,8,Kreisliga,Kreisliga Schaumburg,16,40,217,115,TSV Hagenburg,13,fussball.de
031COCRVAO000005VS5489BTVUS470OH-G,Niedersachsen,Kreis Stade,8,Kreisliga,Kreisliga Stade,14,28,120,79,FC Oste/Oldendorf,12,fussball.de
0314GPPKHG000003VS5489BUVSBBVPEU-G,Niedersachsen,Kreis Vechta,8,Kreisliga,Kreisliga Vechta,17,42,182,122,VfL Oythe II,18,fussball.de
031DVFQUNG000006VS5489BTVUS470OH-G,Niedersachsen,Kreis Verden,8,Kreisliga,Kreisliga Verden,14,21,96,61,1. FC Rot-Weiß Achim,9,fussball.de
031A70M9QG000008VS5489BTVSK8S3O6-G,Niedersachsen,Kreis Wolfsburg,8,Kreisliga,Kreisliga Wolfsburg,14,13,64,34,Vatanspor Wolfsburg,6,fussball.de
0316JM748000000IVS5489BTVU7GTVLE-G,Rheinland,Kreis Eifel,8,Kreisliga A,Kreisliga A8 · Kreis Eifel,14,28,101,78,SG Preist,10,fussball.de
0316269OMO000004VS5489BTVU7GTVLE-G,Rheinland,Kreis Hunsrück/Mosel,8,Kreisliga A,Kreisliga A 6 · Kreis Hunsrück/Mosel,14,28,94,77,TuS Kirchberg II,10,fussball.de
031DD1J540000006VS5489BUVUR5FS5A-G,Rheinland,Kreis Koblenz,8,Kreisliga A,Kreisliga A4 · Kreis Koblenz,14,25,108,68,TuS Niederberg,10,fussball.de
031C5MBEAC000003VS5489BTVUS470OH-G,Rheinland,Kreis Mosel,8,Kreisliga A,Kreisliga A 9 · Kreis Mosel,14,27,121,77,SG Laufeld/Buchholz,9,fussball.de
031CDPE7T0000008VS5489BUVUR5FS5A-G,Rheinland,Kreis Rhein/Ahr,8,Kreisliga A,Kreisliga A5 · Kreis Rhein/Ahr,14,27,114,74,SG Ahrtal Insul,11,fussball.de
031C4TU738000004VS5489BUVUR5FS5A-G,Rheinland,Kreis Rhein/Lahn,8,Kreisliga A,Kreisliga A3 · Kreis Rhein/Lahn,14,30,130,82,TuS Niederahr,13,fussball.de
031C68BVT8000009VS5489BTVUS470OH-G,Rheinland,Kreis Trier/Saarburg,8,Kreisliga A,Kreisliga A7 · Kreis Trier/Saarburg,14,28,110,82,SW Pluwig/Gusterath,12,fussball.de
031CHEGQVC000004VS5489BTVUS470OH-G,Rheinland,Kreis Westerwald/Sieg,8,Kreisliga A,Kreisliga A1 · Kreis Westerwald/Sieg,14,28,125,73,SG Herschbach-Schenkelberg,10,fussball.de
031CIKJJOK000008VS5489BTVUS470OH-G,Rheinland,Kreis Westerwald/Wied,8,Kreisliga A,Kreisliga A2 · Kreis Westerwald/Wied,14,29,154,84,SV Roßbach/Verscheid,12,fussball.de
030UT2EVIG00000GVS5489BUVVARDA0V-G,Saarland,Saarland,8,Landesliga,Landesliga Nord · Saarland,16,40,206,118,SG Saubach,15,fussball.de
030VIH8LF8000005VS5489BUVVARDA0V-G,Saarland,Saarland,8,Landesliga,Landesliga Ost · Saarland,16,35,184,101,SC Ludwigsthal,15,fussball.de
03108NJN0C00000KVS5489BTVT51B5B5-G,Saarland,Saarland,8,Landesliga,Landesliga Süd · Saarland,16,40,186,115,DJK Püttlingen,12,fussball.de
030S2R3ISO00000IVS5489BUVSEBP30S-G,Saarland,Saarland,8,Landesliga,Landesliga West · Saarland,16,41,178,113,SV Düren-Bedersdorf,13,fussball.de
031AV35AOC000004VS5489BTVSK8S3O6-G,Sachsen,Kreis Chemnitz,8,Kreisoberliga,MARX Städter Kreisoberliga · Kreis Chemnitz,14,19,83,55,VfL Chemnitz e.V.,9,fussball.de
03180H57TO00000BVS5489BTVU7GTVLE-G,Sachsen,Kreis Dresden,8,Kreisoberliga,Sparkassenoberliga · Kreis Dresden,16,23,121,68,TSV Rotation Dresden,9,fussball.de
0319B525EO000007VS5489BUVV628VP4-G,Sachsen,Kreis Erzgebirge,8,Kreisoberliga,Erzgebirgssparkassen-Liga · Kreis Erzgebirge,14,21,87,59,FC Concordia Schneeberg,9,fussball.de
03168LR9PS000007VS5489BUVSBBVPEU-G,Sachsen,Kreis Leipzig,8,Kreisoberliga,Herren Stadtliga · Kreis Leipzig,16,25,123,72,SV Schleußig 1990 I,9,fussball.de
03181OEN3C000004VS5489BUVSBBVPEU-G,Sachsen,Kreis Meißen,8,Kreisoberliga,TEAMBRO-Kreisoberliga · Kreis Meißen,14,14,72,40,TuS Weinböhla,6,fussball.de
031F0G4P7C00000BVS5489BUVUR5FS5A-G,Sachsen,Kreis Mittelsachsen,8,Kreisoberliga,Mittelsachsenliga,14,21,84,59,SV Germania Mittweida,9,fussball.de
031B649O20000006VS5489BTVSK8S3O6-G,Sachsen,Kreis Muldental/Leipziger Land,8,Kreisoberliga,Kreisoberliga · Kreis Muldental/Leipziger Land,14,14,59,40,SV 50 Traktor Mochau,6,fussball.de
031DLGGBBO000009VS5489BUVUR5FS5A-G,Sachsen,Kreis Nordsachsen,8,Kreisoberliga,Ur-Krostitzer Nordsachsenliga,14,11,48,30,FSV Glesien,4,fussball.de
031DGC245O000004VS5489BUVUR5FS5A-G,Sachsen,Kreis Oberlausitz,8,Kreisoberliga,Landskron Oberlausitzliga,14,8,39,22,FV Eintracht Niesky 2.,6,fussball.de
031IA868F0000007VS5489BUVVKNMR0J-G,Sachsen,Kreis Sächs.Schweiz/Osterzgeb.,8,Kreisoberliga,TEAMBRO-Kreisoberliga · Kreis Sächs.Schweiz/Osterzgeb.,14,6,23,17,SG Kesselsdorf,3,fussball.de
031DOUTJ9C000007VS5489BTVUS470OH-G,Sachsen,Kreis Vogtland,8,Kreisoberliga,Sparkassenvogtlandliga,14,14,69,37,BSV 53 Irfersgrün,6,fussball.de
03125AIIKO000004VS5489BUVVARDA0V-G,Sachsen,Kreis Westlausitz,8,Kreisoberliga,Sparkassen-Kreisoberliga · Kreis Westlausitz,16,24,105,70,SG Großnaundorf,9,fussball.de
031624JCI0000004VS5489BTVU7GTVLE-G,Sachsen,Kreis Zwickau,8,Kreisoberliga,Westsachsenliga · Kreis Zwickau,14,21,86,61,SV 1946 Mosel,7,fussball.de
030TLMNN5S000000VS5489BTVVR5L0PB-G,Sachsen-Anhalt,Sachsen-Anhalt,8,Landesklasse,LK - 1 · Sachsen-Anhalt,14,7,34,20,1. FC Lok Stendal II,3,fussball.de
030TLMNNGS00000HVS5489BTVVR5L0PB-G,Sachsen-Anhalt,Sachsen-Anhalt,8,Landesklasse,LK - 2 · Sachsen-Anhalt,14,7,25,19,SV 1889 Altenweddingen,3,fussball.de
030TLMNNRS000001VS5489BTVVR5L0PB-G,Sachsen-Anhalt,Sachsen-Anhalt,8,Landesklasse,LK - 3 · Sachsen-Anhalt,14,7,27,20,SC Seeland e.V.,3,fussball.de
030TLMNO1S00000CVS5489BTVVR5L0PB-G,Sachsen-Anhalt,Sachsen-Anhalt,8,Landesklasse,LK - 4 · Sachsen-Anhalt,14,7,30,21,SV 1922 Pouch-Rösa,3,fussball.de
030TLMNO9K00000CVS5489BTVVR5L0PB-G,Sachsen-Anhalt,Sachsen-Anhalt,8,Landesklasse,LK - 5 · Sachsen-Anhalt,14,7,29,19,Turbine Halle II,3,fussball.de
030TLMNOHC00000GVS5489BTVVR5L0PB-G,Sachsen-Anhalt,Sachsen-Anhalt,8,Landesklasse,LK - 6 · Sachsen-Anhalt,14,7,30,19,SV Wacker 1919 Wengelsdorf,3,fussball.de
031CTABG6G000004VS5489BTVUS470OH-G,Schleswig-Holstein,Kreis Holstein,8,Kreisliga,Kreisliga - Südost · Kreis Holstein,16,49,276,138,TSV Gremersdorf,14,fussball.de
031A8C2P78000006VS5489BTVSK8S3O6-G,Schleswig-Holstein,Kreis Kiel,8,Kreisliga,Kreisliga - Ost · Kreis Kiel,16,48,256,137,VfB Kiel,15,fussball.de
031C3V24U4000004VS5489BTVUS470OH-G,Schleswig-Holstein,Kreis Lübeck,8,Kreisliga,Kreisliga - Süd · Kreis Lübeck,16,48,232,136,TSV Zarpen,14,fussball.de
0318C8V54O000003VS5489BUVSBBVPEU-G,Schleswig-Holstein,Kreis Rendsburg-Eckernförde,8,Kreisliga,Kreisliga Nord · Kreis Rendsburg-Eckernförde,16,45,243,127,Borussia 93 Rendsburg,16,fussball.de
031AQ9AEO0000004VS5489BUVV628VP4-G,Schleswig-Holstein,Kreis Schleswig-Flensburg,8,Kreisliga,Kreisliga - Nordwest · Kreis Schleswig-Flensburg,16,47,180,133,Harreslev-Kobbermølle UG,16,fussball.de
031A6K814C000004VS5489BUVV628VP4-G,Schleswig-Holstein,Kreis Segeberg,8,Kreisliga,Kreisliga - Südwest · Kreis Segeberg,16,47,211,135,Tralauer SV,15,fussball.de
031A0VF780000003VS5489BUVV628VP4-G,Schleswig-Holstein,Kreis Westküste,8,Kreisliga,Kreisliga - Mitte · Kreis Westküste,16,47,229,135,MTSV Hohenwestedt II - U23,15,fussball.de
031A0R162S000005VS5489BUVV628VP4-G,Schleswig-Holstein,Kreis Westküste,8,Kreisliga,Kreisliga - West · Kreis Westküste,16,39,157,108,SG TenSar,12,fussball.de
030EI8DOAC000004VS5489BTVSFA9344-G,Südbaden,Bezirk Baden-Baden,8,Bezirksliga,Bezirksliga Baden-Baden,16,16,61,47,FV Muggensturm,6,fussball.de
0319TNBIO000000AVS5489BUVV628VP4-G,Südbaden,Bezirk Bodensee,8,Bezirksliga,Bezirksliga Bodensee,17,18,69,50,TV Konstanz,7,fussball.de
031BHDHS10000008VS5489BTVUS470OH-G,Südbaden,Bezirk Freiburg,8,Bezirksliga,Bezirksliga Freiburg,16,1,3,3,SF Oberried,3,fussball.de
031EE8NASK000009VS5489BTVUS470OH-G,Südbaden,Bezirk Hochrhein,8,Bezirksliga,Bezirksliga Hochrhein,16,15,62,42,SV Herten,6,fussball.de
031BEU72VO000006VS5489BUVUR5FS5A-G,Südbaden,Bezirk Offenburg,8,Bezirksliga,Bezirksliga Offenburg,16,26,100,71,Zeller FV,12,fussball.de
031CO4Q1K0000004VS5489BUVUR5FS5A-G,Südbaden,Bezirk Schwarzwald,8,Bezirksliga,Bezirksliga Schwarzwald,16,15,58,43,SV Geisingen,6,fussball.de
03141SK6HG000007VS5489BUVSBBVPEU-G,Südwest,Südwest,8,Bezirksliga (Verband),Herren Bezirksliga Nahe · Südwest,16,41,196,118,SG Guldenbachtal,13,fussball.de
03141SK6N4000007VS5489BUVSBBVPEU-G,Südwest,Südwest,8,Bezirksliga (Verband),Herren Bezirksliga Rheinhessen · Südwest,16,41,152,118,SV Horchheim,15,fussball.de
0311HNRM0S00000AVS5489BUVVARDA0V-G,Südwest,Südwest,8,Bezirksliga (Verband),Herren Bezirksliga Vorderpfalz · Südwest,16,41,187,120,TuS Knittelsheim,13,fussball.de
03141SK6B4000005VS5489BUVSBBVPEU-G,Südwest,Südwest,8,Bezirksliga (Verband),Herren Bezirksliga Westpfalz · Südwest,16,41,163,117,SVN Zweibrücken,13,fussball.de
0305IV84TG000007VS5489BUVV5FEO72-G,Thüringen,Kreis Eichsf.-Unstrut-Hainich,8,Kreisoberliga,Günther Automobile Kreisoberliga · Kreis Eichsf.-Unstrut-Hainich,14,18,73,51,SG SV Schwarz-Rot Wingerode,9,fussball.de
031CHMT8JO000008VS5489BUVUR5FS5A-G,Thüringen,Kreis Erfurt-Sömmerda,8,Kreisoberliga,BORN Senf Kreisoberliga · Kreis Erfurt-Sömmerda,14,18,87,53,TSV Kerspleben I,9,fussball.de
0316VF7NPS000006VS5489BTVU7GTVLE-G,Thüringen,Kreis Jena-Saale-Orla,8,Kreisoberliga,Kreisoberliga Jena-Saale-Orla,16,27,125,77,FSV Schleiz II,12,fussball.de
03155PP66G000006VS5489BUVSBBVPEU-G,Thüringen,Kreis Mittelthüringen,8,Kreisoberliga,coffeecom-Kreisoberliga · Kreis Mittelthüringen,14,20,82,54,SV Stahl Unterwellenborn,7,fussball.de
031AF036KO000007VS5489BUVV628VP4-G,Thüringen,Kreis Nordthüringen,8,Kreisoberliga,TeamsportNDH-Kreisoberliga · Kreis Nordthüringen,14,19,110,57,VfB Artern,9,fussball.de
031CI6OE18000000VS5489BTVUS470OH-G,Thüringen,Kreis Ostthüringen,8,Kreisoberliga,Kreisoberliga Ostthüringen,14,14,69,40,FSV Meuselwitz,6,fussball.de
031B9H2H2C000003VS5489BTVSK8S3O6-G,Thüringen,Kreis Rhön-Rennsteig,8,Kreisoberliga,Kreisoberliga Rhön-Rennsteig,13,14,70,38,SG FC Steinbach-Hallenberg,6,fussball.de
030TKEDGP0000005VS5489BUVSEBP30S-G,Thüringen,Kreis Südthüringen,8,Kreisoberliga,Heidewitzka Kreisoberliga Südthüringen,14,34,142,96,SV Elektro-Keramik Veilsdorf,13,fussball.de
0318KFOLAO000003VS5489BTVSK8S3O6-G,Thüringen,Kreis Westthüringen,8,Kreisoberliga,Kreisoberliga Westthüringen,16,29,121,85,SG Hötzelsroda,10,fussball.de
0313Q1OBOK000011VS5489BTVU7GTVLE-G,Westfalen,Bezirk Westfalen,8,Bezirksliga,Bezirksliga Staffel 01 · Bezirk Westfalen,16,34,139,97,TuS Tengern,11,fussball.de
0313Q1OC40000017VS5489BTVU7GTVLE-G,Westfalen,Bezirk Westfalen,8,Bezirksliga,Bezirksliga Staffel 02 · Bezirk Westfalen,16,32,166,91,SV Spexard,12,fussball.de
0313Q1OCF8000017VS5489BTVU7GTVLE-G,Westfalen,Bezirk Westfalen,8,Bezirksliga,Bezirksliga Staffel 03 · Bezirk Westfalen,16,31,159,91,SC Borchen,12,fussball.de
0313Q1OCRS000000VS5489BTVU7GTVLE-G,Westfalen,Bezirk Westfalen,8,Bezirksliga,Bezirksliga Staffel 04 · Bezirk Westfalen,16,27,124,79,SV Brilon,12,fussball.de
0313Q1OD7K000015VS5489BTVU7GTVLE-G,Westfalen,Bezirk Westfalen,8,Bezirksliga,Bezirksliga Staffel 05 · Bezirk Westfalen,16,32,127,89,SG Mudersbach/Brachbach,10,fussball.de
0313Q1ODJC00001HVS5489BTVU7GTVLE-G,Westfalen,Bezirk Westfalen,8,Bezirksliga,Bezirksliga Staffel 06 · Bezirk Westfalen,15,28,127,79,TuS Holzen-Sommerberg,8,fussball.de
0313Q1OE1400001HVS5489BTVU7GTVLE-G,Westfalen,Bezirk Westfalen,8,Bezirksliga,Bezirksliga Staffel 07 · Bezirk Westfalen,16,33,124,96,TuS Viktoria Rietberg,13,fussball.de
0313Q1OEDK00001AVS5489BTVU7GTVLE-G,Westfalen,Bezirk Westfalen,8,Bezirksliga,Bezirksliga Staffel 08 · Bezirk Westfalen,15,27,120,75,Rot-Weiß Unna,12,fussball.de
0313Q1OEQC00001GVS5489BTVU7GTVLE-G,Westfalen,Bezirk Westfalen,8,Bezirksliga,Bezirksliga Staffel 09 · Bezirk Westfalen,15,29,139,84,TuS Gahlen,12,fussball.de
0313Q1OF6K000013VS5489BTVU7GTVLE-G,Westfalen,Bezirk Westfalen,8,Bezirksliga,Bezirksliga Staffel 10 · Bezirk Westfalen,15,24,114,67,FC Blau-Gelb Castrop-Rauxel,12,fussball.de
0313Q1OFI8000017VS5489BTVU7GTVLE-G,Westfalen,Bezirk Westfalen,8,Bezirksliga,Bezirksliga Staffel 11 · Bezirk Westfalen,16,33,152,94,SW Holtwick,13,fussball.de
0313Q1OFSK000012VS5489BTVU7GTVLE-G,Westfalen,Bezirk Westfalen,8,Bezirksliga,Bezirksliga Staffel 12 · Bezirk Westfalen,18,36,167,104,DJK Wacker Mecklenbeck,12,fussball.de
0317S5UCM8000004VS5489BTVU7GTVLE-G,Württemberg,Bezirk Alb,8,Bezirksliga,Bezirksliga Alb,17,31,130,90,VfL Pfullingen II,10,fussball.de
03126CEN6S000007VS5489BUVVARDA0V-G,Württemberg,Bezirk Bodensee,8,Bezirksliga,Bezirksliga · Bezirk Bodensee,16,24,94,65,FV Ravensburg II,7,fussball.de
0313MK40B4000008VS5489BTVU7GTVLE-G,Württemberg,Bezirk Donau/Iller,8,Bezirksliga,Bezirksliga · Bezirk Donau/Iller,17,29,111,80,SGM Oberdischingen/Ersingen,9,fussball.de
031BS29KJG000006VS5489BUVUR5FS5A-G,Württemberg,Bezirk Enz/Murr,8,Bezirksliga,Bezirksliga · Bezirk Enz/Murr,16,0,0,0,Drita Kosova Kornwestheim,0,fussball.de
031990GCKK000006VS5489BUVV628VP4-G,Württemberg,Bezirk Franken,8,Bezirksliga,Bezirksliga · Bezirk Franken,16,16,60,41,Aramäer Heilbronn,6,fussball.de
031EM8CFV4000007VS5489BUVUR5FS5A-G,Württemberg,Bezirk Neckar/Fils,8,Bezirksliga,Bezirksliga · Bezirk Neckar/Fils,16,8,37,23,1. FC Frickenhausen,3,fussball.de
030SRH60N4000005VS5489BTVVR5L0PB-G,Württemberg,Bezirk Nordschwarzwald,8,Bezirksliga,Bezirksliga · Bezirk Nordschwarzwald,16,16,63,43,TuS Ergenzingen,6,fussball.de
0319U1GHVS000006VS5489BTVSK8S3O6-G,Württemberg,Bezirk Oberschwaben,8,Bezirksliga,Bezirksliga · Bezirk Oberschwaben,16,18,63,51,FV Bad Schussenried,7,fussball.de
03153F7MRS000004VS5489BTVU7GTVLE-G,Württemberg,Bezirk Ostwürttemberg,8,Bezirksliga,Bezirksliga · Bezirk Ostwürttemberg,16,25,83,70,SG Bettringen 1885 e.V.,9,fussball.de
0318UNDDFS000006VS5489BUVV628VP4-G,Württemberg,Bezirk Rems/Murr/Hall,8,Bezirksliga,Bezirksliga · Bezirk Rems/Murr/Hall,16,16,61,47,SpVgg Satteldorf,6,fussball.de
031515MQFO000004VS5489BUVSBBVPEU-G,Württemberg,Bezirk Schwarzwald/Zollern,8,Bezirksliga,Bezirksliga Schwarzwald/Zollern,17,24,98,67,FC 07 Albstadt I,9,fussball.de
0313PIVDES000007VS5489BTVU7GTVLE-G,Württemberg,Bezirk Stuttgart/Böblingen,8,Bezirksliga,Bezirksliga · Bezirk Stuttgart/Böblingen,16,8,29,23,SV Rohrau,3,fussball.de
031DC9K2O800000AVS5489BTVUS470OH-G,Baden,Kreis Bruchsal,9,Kreisklasse A,bfv-Kreisklasse A Bruchsal,14,7,32,18,VfR Rheinsheim,3,fussball.de
0312UDDI1C00000OVS5489BUVSBBVPEU-G,Baden,Kreis Buchen,9,Kreisklasse A,bfv-Kreisklasse A Buchen,14,7,32,20,VfR Gommersdorf 2,3,fussball.de
031ECFAJVO00000FVS5489BTVUS470OH-G,Baden,Kreis Heidelberg,9,Kreisklasse A,bfv-Kreisklasse A Heidelberg,16,26,139,75,SpVgg Neckarsteinach,9,fussball.de
030S9PM89C00000HVS5489BUVSEBP30S-G,Baden,Kreis Karlsruhe,9,Kreisklasse A,bfv-Kreisklasse A1 Karlsruhe,15,21,99,59,Karlsruher SV,9,fussball.de
030S9PM8HG00000HVS5489BUVSEBP30S-G,Baden,Kreis Karlsruhe,9,Kreisklasse A,bfv-Kreisklasse A2 Karlsruhe,15,20,93,58,SC Neuburgweier,6,fussball.de
031EM7UVF800000HVS5489BUVUR5FS5A-G,Baden,Kreis Mannheim,9,Kreisklasse A,Kreisklasse A1 Mannheim,16,8,42,24,TSG Rheinau,3,fussball.de
031EM7UVSC00000HVS5489BUVUR5FS5A-G,Baden,Kreis Mannheim,9,Kreisklasse A,Kreisklasse A2 Mannheim,15,7,34,21,SC United Weinheim,3,fussball.de
031BF2K9U0000004VS5489BTVUS470OH-G,Baden,Kreis Mosbach,9,Kreisklasse A,bfv-Kreisklasse A Mosbach,16,24,96,69,SV Robern,9,fussball.de
0316D844SK000004VS5489BTVU7GTVLE-G,Baden,Kreis Pforzheim,9,Kreisklasse A,bfv-Kreisklasse A1 Pforzheim,16,9,46,25,TSV Wurmberg-Neub.,4,fussball.de
0316D961G8000004VS5489BTVU7GTVLE-G,Baden,Kreis Pforzheim,9,Kreisklasse A,bfv-Kreisklasse A2 Pforzheim,16,8,38,23,SpG Feldrennach/Langenalb,3,fussball.de
031427JDHK00000FVS5489BUVSBBVPEU-G,Baden,Kreis Sinsheim,9,Kreisklasse A,bfv-Kreisklasse A Sinsheim,16,23,83,64,FVS Sulzfeld,7,fussball.de
031AG1DGB0000004VS5489BTVSK8S3O6-G,Baden,Kreis Tauberbischofsheim,9,Kreisklasse A,bfv-Kreisklasse A Tauberbischofsheim,15,22,60,62,TSV Gerchsheim,9,fussball.de
0315DECRVK000004VS5489BTVU7GTVLE-G,Bayern,Kreis Allgäu,9,Kreisklasse,Kreisklasse Allgäu 1,14,27,120,76,DJK SV Ost Memmingen,12,fussball.de
0315DENLNG000003VS5489BTVU7GTVLE-G,Bayern,Kreis Allgäu,9,Kreisklasse,Kreisklasse Allgäu 2,14,28,98,79,FSV Lamerdingen,10,fussball.de
031550K55K000003VS5489BTVU7GTVLE-G,Bayern,Kreis Allgäu,9,Kreisklasse,Kreisklasse Allgäu 3,14,29,123,81,FC Thalhofen 2,12,fussball.de
0316CVNNOK000004VS5489BTVU7GTVLE-G,Bayern,Kreis Allgäu,9,Kreisklasse,Kreisklasse Allgäu 4,14,26,102,72,TSV Pfronten,12,fussball.de
0313EJTK0G000007VS5489BUVSBBVPEU-G,Bayern,Kreis Amberg/Weiden,9,Kreisklasse,Kreisklasse AM/WEN Ost · Kreis Amberg/Weiden,14,43,186,120,SG Waidhaus / Pfrentsch / Neukirchen,12,fussball.de
0313EJTK60000005VS5489BUVSBBVPEU-G,Bayern,Kreis Amberg/Weiden,9,Kreisklasse,Kreisklasse AM/WEN Süd · Kreis Amberg/Weiden,14,44,178,128,DJK Ammerthal II,18,fussball.de
0313EJTJOC000006VS5489BUVSBBVPEU-G,Bayern,Kreis Amberg/Weiden,9,Kreisklasse,Kreisklasse AM/WEN West · Kreis Amberg/Weiden,14,43,191,120,SV Neusorg,16,fussball.de
0318S0SUUK000006VS5489BTVSK8S3O6-G,Bayern,Kreis Aschaffenburg,9,Kreisklasse,KK-Gr1 AB · Kreis Aschaffenburg,16,56,218,157,VfR Goldbach,16,fussball.de
0318S0SV70000005VS5489BTVSK8S3O6-G,Bayern,Kreis Aschaffenburg,9,Kreisklasse,KK-Gr2 AB · Kreis Aschaffenburg,16,55,229,157,TSV Röllfeld,19,fussball.de
0310VOJHV4000008VS5489BTVT51B5B5-G,Bayern,Kreis Augsburg,9,Kreisklasse,KK Augsburg Nord,13,17,70,50,SV Gablingen,9,fussball.de
0310VPD4D000004MVS5489BTVT51B5B5-G,Bayern,Kreis Augsburg,9,Kreisklasse,KK Augsburg Ost,14,20,89,56,TSV Sielenbach,7,fussball.de
0310VP97HS000007VS5489BTVT51B5B5-G,Bayern,Kreis Augsburg,9,Kreisklasse,KK Augsburg Süd,13,17,65,47,FC Kleinaitingen,9,fussball.de
0310VOJJGS00003QVS5489BTVT51B5B5-G,Bayern,Kreis Augsburg,9,Kreisklasse,KK Augsburg West,14,21,104,58,SpVgg Westheim,9,fussball.de
0310VPA09S000006VS5489BTVT51B5B5-G,Bayern,Kreis Augsburg,9,Kreisklasse,KK Neuburg · Kreis Augsburg,14,21,95,61,TSG Untermaxfeld,9,fussball.de
0316936ND8000006VS5489BUVSBBVPEU-G,Bayern,Kreis Bamberg/Bayreuth/Kulmb.,9,Kreisklasse,Kreisklasse 1 BA · Kreis Bamberg/Bayreuth/Kulmb.,14,42,168,118,TSV Kelbachgrund-Kleukheim,16,fussball.de
0316936NMC000003VS5489BUVSBBVPEU-G,Bayern,Kreis Bamberg/Bayreuth/Kulmb.,9,Kreisklasse,Kreisklasse 2 BA · Kreis Bamberg/Bayreuth/Kulmb.,14,43,172,123,DJK-SC Mistendorf,15,fussball.de
0316936NRK000000VS5489BUVSBBVPEU-G,Bayern,Kreis Bamberg/Bayreuth/Kulmb.,9,Kreisklasse,Kreisklasse 3 BA · Kreis Bamberg/Bayreuth/Kulmb.,14,44,217,126,(SG1) DJK Stappenbach I/DJK Vorra I,19,fussball.de
0311F7MK80000006VS5489BUVVARDA0V-G,Bayern,Kreis Bamberg/Bayreuth/Kulmb.,9,Kreisklasse,Kreisklasse 4 BT KU · Kreis Bamberg/Bayreuth/Kulmb.,14,41,176,120,SV Fortuna Untersteinach,15,fussball.de
0311F7MKF0000006VS5489BUVVARDA0V-G,Bayern,Kreis Bamberg/Bayreuth/Kulmb.,9,Kreisklasse,Kreisklasse 5 BT KU · Kreis Bamberg/Bayreuth/Kulmb.,14,40,167,115,(SG1) TSV Bindlach I / SV Ramsenthal I,18,fussball.de
0314N7H9QG000005VS5489BTVU7GTVLE-G,Bayern,Kreis Cham/Schwandorf,9,Kreisklasse,Kreisklasse CHA/SAD Nord · Kreis Cham/Schwandorf,14,48,174,134,1. FC Neunburg vorm Wald,19,fussball.de
0314N7H9GS000006VS5489BTVU7GTVLE-G,Bayern,Kreis Cham/Schwandorf,9,Kreisklasse,Kreisklasse CHA/SAD Ost · Kreis Cham/Schwandorf,14,45,146,123,SV Obertrübenbach,16,fussball.de
0314N7HAA8000006VS5489BTVU7GTVLE-G,Bayern,Kreis Cham/Schwandorf,9,Kreisklasse,Kreisklasse CHA/SAD Süd · Kreis Cham/Schwandorf,14,50,173,134,1. SG Regental,19,fussball.de
03124B3SLS000003VS5489BTVT51B5B5-G,Bayern,Kreis Coburg/Kronach/Lichtenf.,9,Kreisklasse,Kreisklasse 1 · Kreis Coburg/Kronach/Lichtenf.,16,56,252,166,(SG 1) TBVfL Neustadt/W 1 / TSSV Fürth a. Berg 1,21,fussball.de
03124B80A4000003VS5489BTVT51B5B5-G,Bayern,Kreis Coburg/Kronach/Lichtenf.,9,Kreisklasse,Kreisklasse 2 · Kreis Coburg/Kronach/Lichtenf.,16,56,263,157,SpVgg Obersdorf,16,fussball.de
03124BA7KK000004VS5489BTVT51B5B5-G,Bayern,Kreis Coburg/Kronach/Lichtenf.,9,Kreisklasse,Kreisklasse 3 · Kreis Coburg/Kronach/Lichtenf.,16,55,255,159,TSV Coburg-Scheuerfeld,16,fussball.de
03124BCLCO000004VS5489BTVT51B5B5-G,Bayern,Kreis Coburg/Kronach/Lichtenf.,9,Kreisklasse,Kreisklasse 4 · Kreis Coburg/Kronach/Lichtenf.,16,57,244,164,(SG 1) TSV Gundelsdorf 1 / SV Reitsch 1,19,fussball.de
0314HDL92O000004VS5489BTVU7GTVLE-G,Bayern,Kreis Donau,9,Kreisklasse,KK Nord 1 · Kreis Donau,14,21,70,58,SpVgg Ederheim,9,fussball.de
0314HDL980000004VS5489BTVU7GTVLE-G,Bayern,Kreis Donau,9,Kreisklasse,KK Nord 2 · Kreis Donau,14,22,83,65,TSV Unterthürheim,9,fussball.de
0314HDL8LS000004VS5489BTVU7GTVLE-G,Bayern,Kreis Donau,9,Kreisklasse,KK West 1 · Kreis Donau,13,18,65,47,SV Waldstetten,9,fussball.de
0314HDL8TG000003VS5489BTVU7GTVLE-G,Bayern,Kreis Donau,9,Kreisklasse,KK West 2 · Kreis Donau,15,32,135,90,SSV Neumünster-Unterschöneberg,15,fussball.de
031550A69C000059VS5489BUVSBBVPEU-G,Bayern,Kreis Donau/Isar,9,Kreisklasse,411 Kreisklasse 1 · Kreis Donau/Isar,14,21,78,57,SC Steinberg/Biberg,9,fussball.de
031550A7O4000050VS5489BUVSBBVPEU-G,Bayern,Kreis Donau/Isar,9,Kreisklasse,412 Kreisklasse 2 · Kreis Donau/Isar,14,22,101,61,ST Scheyern,9,fussball.de
031550A92C00002DVS5489BUVSBBVPEU-G,Bayern,Kreis Donau/Isar,9,Kreisklasse,413 Kreisklasse 3 · Kreis Donau/Isar,14,22,87,61,SV Marzling,10,fussball.de
031550AAJO00001CVS5489BUVSBBVPEU-G,Bayern,Kreis Donau/Isar,9,Kreisklasse,414 Kreisklasse 4 · Kreis Donau/Isar,14,23,74,65,SpVgg Eichenkofen,9,fussball.de
0314BIOJEG000006VS5489BUVSBBVPEU-G,Bayern,Kreis Erlangen/Pegnitzgrund,9,Kreisklasse,Kreisklasse 1 · Kreis Erlangen/Pegnitzgrund,14,28,114,78,Hammerbacher SV,12,fussball.de
0314BIOJPG000003VS5489BUVSBBVPEU-G,Bayern,Kreis Erlangen/Pegnitzgrund,9,Kreisklasse,Kreisklasse 2 · Kreis Erlangen/Pegnitzgrund,14,26,121,76,SV Langensendelbach,12,fussball.de
0314BIOJUS000006VS5489BUVSBBVPEU-G,Bayern,Kreis Erlangen/Pegnitzgrund,9,Kreisklasse,Kreisklasse 3 · Kreis Erlangen/Pegnitzgrund,14,29,114,79,(SG) Bieberbach/Wichsenstein,12,fussball.de
0314BIOK4G000005VS5489BUVSBBVPEU-G,Bayern,Kreis Erlangen/Pegnitzgrund,9,Kreisklasse,Kreisklasse 4 · Kreis Erlangen/Pegnitzgrund,14,24,106,70,SpVgg Sittenbachtal,12,fussball.de
0314CD7204000006VS5489BUVSBBVPEU-G,Bayern,Kreis Hof/Tirschenr./Wunsiedel,9,Kreisklasse,KK  1 HO/TIR/WUN · Kreis Hof/Tirschenr./Wunsiedel,15,54,235,154,FSV Naila,19,fussball.de
0314CD727C000006VS5489BUVSBBVPEU-G,Bayern,Kreis Hof/Tirschenr./Wunsiedel,9,Kreisklasse,KK  2 HO/TIR/WUN · Kreis Hof/Tirschenr./Wunsiedel,14,48,185,130,SpVgg Faßmannsreuth,19,fussball.de
0314CD72D4000005VS5489BUVSBBVPEU-G,Bayern,Kreis Hof/Tirschenr./Wunsiedel,9,Kreisklasse,KK  3 HO/TIR/WUN · Kreis Hof/Tirschenr./Wunsiedel,14,48,259,138,SV Union Selb II,21,fussball.de
0314CD72J0000006VS5489BUVSBBVPEU-G,Bayern,Kreis Hof/Tirschenr./Wunsiedel,9,Kreisklasse,KK 4 HO/TIR/WUN · Kreis Hof/Tirschenr./Wunsiedel,14,48,219,136,(SG1)Friedenfels I/Fuchsmühl I,21,fussball.de
030UHNHC8S00001OVS5489BTVT51B5B5-G,Bayern,Kreis Inn/Salzach,9,Kreisklasse,Kreisklasse 1 · Kreis Inn/Salzach,14,24,69,66,ASV Kiefersfelden,10,fussball.de
030UHNHE8C00001QVS5489BTVT51B5B5-G,Bayern,Kreis Inn/Salzach,9,Kreisklasse,Kreisklasse 2 · Kreis Inn/Salzach,14,21,77,58,VfL Waldkraiburg,12,fussball.de
030UHNHFJ400003DVS5489BTVT51B5B5-G,Bayern,Kreis Inn/Salzach,9,Kreisklasse,Kreisklasse 3 · Kreis Inn/Salzach,14,24,75,65,SpVgg Pittenhart,9,fussball.de
030UHNHH4S000000VS5489BTVT51B5B5-G,Bayern,Kreis Inn/Salzach,9,Kreisklasse,Kreisklasse 4 · Kreis Inn/Salzach,14,21,80,60,TSV Petting,9,fussball.de
0319TBPBTC000004VS5489BTVSK8S3O6-G,Bayern,Kreis München,9,Kreisklasse,111 Kreisklasse 1 · Kreis München,14,14,53,38,FC Tandern,6,fussball.de
031A5M08I4000004VS5489BUVV628VP4-G,Bayern,Kreis München,9,Kreisklasse,112 Kreisklasse 2 · Kreis München,14,11,55,31,TSV Milbertshofen,6,fussball.de
031A5MGKBC000004VS5489BUVV628VP4-G,Bayern,Kreis München,9,Kreisklasse,113 Kreisklasse 3 · Kreis München,14,12,47,36,TSG Pasing,6,fussball.de
031A5NLDS0000004VS5489BUVV628VP4-G,Bayern,Kreis München,9,Kreisklasse,114 Kreisklasse 4 · Kreis München,14,13,65,38,SC München,6,fussball.de
031A5OD0N8000004VS5489BUVV628VP4-G,Bayern,Kreis München,9,Kreisklasse,115 Kreisklasse 5 · Kreis München,13,8,38,22,ESV München-Ost,6,fussball.de
031A5ORU68000004VS5489BUVV628VP4-G,Bayern,Kreis München,9,Kreisklasse,116 Kreisklasse 6 · Kreis München,14,10,39,27,SV Hohenlinden,6,fussball.de
0313RDHACS000005VS5489BUVSBBVPEU-G,Bayern,Kreis Neumarkt/Jura,9,Kreisklasse,Kreisklasse Nord · Kreis Neumarkt/Jura,14,28,96,79,TV Eckersmühlen,12,fussball.de
0313RDHAJ8000006VS5489BUVSBBVPEU-G,Bayern,Kreis Neumarkt/Jura,9,Kreisklasse,Kreisklasse Ost · Kreis Neumarkt/Jura,14,25,90,67,FC Sindlbach,12,fussball.de
0313RDHAOC000007VS5489BUVSBBVPEU-G,Bayern,Kreis Neumarkt/Jura,9,Kreisklasse,Kreisklasse Süd · Kreis Neumarkt/Jura,14,25,70,68,TSV Freystadt,10,fussball.de
0313RDHATK000007VS5489BUVSBBVPEU-G,Bayern,Kreis Neumarkt/Jura,9,Kreisklasse,Kreisklasse West · Kreis Neumarkt/Jura,14,25,98,72,(SG) Gunzenhausen/Unterwurmbach,10,fussball.de
0314CNBVIG000007VS5489BTVU7GTVLE-G,Bayern,Kreis Niederbayern Ost,9,Kreisklasse,KK 4 Straubing · Kreis Niederbayern Ost,14,42,171,120,DJK SB Straubing,16,fussball.de
0314CNBVOS000009VS5489BTVU7GTVLE-G,Bayern,Kreis Niederbayern Ost,9,Kreisklasse,KK 5 Deggendorf · Kreis Niederbayern Ost,14,42,187,117,FC Wallersdorf,15,fussball.de
03152PU6VS000008VS5489BUVSBBVPEU-G,Bayern,Kreis Niederbayern Ost,9,Kreisklasse,KK 6 Freyung/Regen · Kreis Niederbayern Ost,14,42,168,116,DJK SG Schönbrunn,13,fussball.de
0314CNHLUK000007VS5489BTVU7GTVLE-G,Bayern,Kreis Niederbayern Ost,9,Kreisklasse,KK 7 Passau · Kreis Niederbayern Ost,14,43,187,117,SSV Jandelsbrunn,16,fussball.de
0314CNDU2O000006VS5489BTVU7GTVLE-G,Bayern,Kreis Niederbayern Ost,9,Kreisklasse,KK 8 Pocking · Kreis Niederbayern Ost,14,43,166,125,DJK Jägerwirth,13,fussball.de
0316T2V34G000006VS5489BUVSBBVPEU-G,Bayern,Kreis Niederbayern West,9,Kreisklasse,KK 1 Kelheim · Kreis Niederbayern West,14,47,217,137,(SG) Ihrlerstein/Essing,16,fussball.de
0316T2V3CS000006VS5489BUVSBBVPEU-G,Bayern,Kreis Niederbayern West,9,Kreisklasse,KK 2 Landshut · Kreis Niederbayern West,14,42,156,121,SC Landshut-Berg,15,fussball.de
0316T2V3IK000005VS5489BUVSBBVPEU-G,Bayern,Kreis Niederbayern West,9,Kreisklasse,KK 3 Dingolfing · Kreis Niederbayern West,14,42,177,116,SV Großköllnbach,14,fussball.de
0316T2V3R8000006VS5489BUVSBBVPEU-G,Bayern,Kreis Niederbayern West,9,Kreisklasse,KK 9 Pfarrkirchen · Kreis Niederbayern West,14,43,197,121,SV Malgersdorf,15,fussball.de
0317T8B784000006VS5489BUVSBBVPEU-G,Bayern,Kreis Nürnberg/Frankenhöhe,9,Kreisklasse,KK-Gr 1 N/F · Kreis Nürnberg/Frankenhöhe,14,34,138,95,TV Mkt. Weiltingen,13,fussball.de
0317T8B7GC000000VS5489BUVSBBVPEU-G,Bayern,Kreis Nürnberg/Frankenhöhe,9,Kreisklasse,KK-Gr 2 N/F · Kreis Nürnberg/Frankenhöhe,14,33,131,93,TSC Neuendettelsau II,10,fussball.de
0317T8B7LC000002VS5489BUVSBBVPEU-G,Bayern,Kreis Nürnberg/Frankenhöhe,9,Kreisklasse,KK-Gr 3 N/F · Kreis Nürnberg/Frankenhöhe,14,32,136,90,SF Laubendorf,10,fussball.de
0317T8B8E400000UVS5489BUVSBBVPEU-G,Bayern,Kreis Nürnberg/Frankenhöhe,9,Kreisklasse,KK-Gr 4 N/F · Kreis Nürnberg/Frankenhöhe,14,36,157,103,ASC Boxdorf,15,fussball.de
030ULO1TVS00004AVS5489BUVVARDA0V-G,Bayern,Kreis Regensburg,9,Kreisklasse,Kreisklasse Rgbg Gruppe 1 · Kreis Regensburg,15,55,237,152,SV Wiesent,19,fussball.de
030ULO1VO000005AVS5489BUVVARDA0V-G,Bayern,Kreis Regensburg,9,Kreisklasse,Kreisklasse Rgbg Gruppe 2 · Kreis Regensburg,14,48,251,135,SG Schwabelweis/Nord,16,fussball.de
030ULO20VS00002NVS5489BUVVARDA0V-G,Bayern,Kreis Regensburg,9,Kreisklasse,Kreisklasse Rgbg Gruppe 3 · Kreis Regensburg,14,50,222,143,SG Freihausen/Batzhausen,19,fussball.de
03135BG1KC000007VS5489BTVU7GTVLE-G,Bayern,Kreis Rhön,9,Kreisklasse,Kreisklasse Rhön 1,14,40,162,112,SC Diebach,16,fussball.de
03135BG1OK000007VS5489BTVU7GTVLE-G,Bayern,Kreis Rhön,9,Kreisklasse,Kreisklasse Rhön 2,14,39,153,112,TSV Bad Königshofen,16,fussball.de
03135B0B08000008VS5489BTVU7GTVLE-G,Bayern,Kreis Schweinfurt,9,Kreisklasse,KK-Gr 1 SW · Kreis Schweinfurt,14,39,168,106,SV Sömmersdorf,14,fussball.de
03135B0B7K000008VS5489BTVU7GTVLE-G,Bayern,Kreis Schweinfurt,9,Kreisklasse,KK-Gr 2 SW · Kreis Schweinfurt,15,52,244,151,SG Heidenfeld/Hirschfeld e.V.,22,fussball.de
03135B0BCG000007VS5489BTVU7GTVLE-G,Bayern,Kreis Schweinfurt,9,Kreisklasse,KK-Gr 3 SW · Kreis Schweinfurt,15,48,216,138,VfR Hermannsberg-Breitbr.,21,fussball.de
03135BAHNC00005MVS5489BTVU7GTVLE-G,Bayern,Kreis Würzburg,9,Kreisklasse,KK-Gr 1 WÜ · Kreis Würzburg,15,49,180,138,ASV Rimpar 2,14,fussball.de
03135BAJDK00000PVS5489BTVU7GTVLE-G,Bayern,Kreis Würzburg,9,Kreisklasse,KK-Gr 2 WÜ · Kreis Würzburg,15,48,172,126,Dettelbach und Ortsteile,14,fussball.de
03135BAKKO00005OVS5489BTVU7GTVLE-G,Bayern,Kreis Würzburg,9,Kreisklasse,KK-Gr 3 WÜ · Kreis Würzburg,15,47,163,131,SV Trennfeld,14,fussball.de
030RC3EMFG000000VS5489BTVVR5L0PB-G,Bayern,Kreis Zugspitze,9,Kreisklasse,Kreisklasse Gruppe 1 · Kreis Zugspitze,14,16,52,45,SC Fürstenfeldbruck,9,fussball.de
030RC3ENO000001AVS5489BTVVR5L0PB-G,Bayern,Kreis Zugspitze,9,Kreisklasse,Kreisklasse Gruppe 2 · Kreis Zugspitze,14,18,65,49,(SG) SC Gaissach/SV Wackersb. I,7,fussball.de
030RC3EPD0000027VS5489BTVVR5L0PB-G,Bayern,Kreis Zugspitze,9,Kreisklasse,Kreisklasse Gruppe 3 · Kreis Zugspitze,14,20,91,57,(SG) SV Wielenbach/TSV Pähl I,7,fussball.de
030RC3EQRO00003KVS5489BTVVR5L0PB-G,Bayern,Kreis Zugspitze,9,Kreisklasse,Kreisklasse Gruppe 4 · Kreis Zugspitze,14,18,67,51,FC Penzing,9,fussball.de
0317AGQFO8000005VS5489BUVSBBVPEU-G,Berlin,Kreis Berlin,9,Kreisliga A,Herren Kreisliga A St.1 · Kreis Berlin,16,16,82,47,1. FC PV Nord,6,fussball.de
0317AGQG4K000005VS5489BUVSBBVPEU-G,Berlin,Kreis Berlin,9,Kreisliga A,Herren Kreisliga A St.2 · Kreis Berlin,15,14,66,41,Spandauer Kickers II,6,fussball.de
0317AGQG98000005VS5489BUVSBBVPEU-G,Berlin,Kreis Berlin,9,Kreisliga A,Herren Kreisliga A St.3 · Kreis Berlin,16,16,71,42,SSV Köpenick-Oberspree,6,fussball.de
0317AGQGE8000005VS5489BUVSBBVPEU-G,Berlin,Kreis Berlin,9,Kreisliga A,Herren Kreisliga A St.4 · Kreis Berlin,16,16,87,42,Berlin Lions FC,6,fussball.de
031A7VJFN800000IVS5489BUVV628VP4-G,Brandenburg,Kreis Dahme/Fläming,9,Kreisoberliga,Herren Dahme/Fläming Liga,16,15,95,41,SV Rangsdorf 28,6,fussball.de
0318V3HQSC000006VS5489BUVV628VP4-G,Brandenburg,Kreis Havelland,9,Kreisoberliga,Kreisoberliga · Kreis Havelland,16,8,39,24,SV Dallgow 47,3,fussball.de
031AJ0N5O8000008VS5489BUVV628VP4-G,Brandenburg,Kreis Niederlausitz,9,Kreisoberliga,Kreisoberliga Niederlausitz,16,8,36,23,SpG Briesen/Dissen I,3,fussball.de
03142N107G00000CVS5489BUVSBBVPEU-G,Brandenburg,Kreis Oberhavel/Barnim,9,Kreisoberliga,Kreisoberliga · Kreis Oberhavel/Barnim,16,8,29,21,SV Grün-Weiss Ahrensfelde II,3,fussball.de
0319MOBIO800000IVS5489BUVV628VP4-G,Brandenburg,Kreis Ostbrandenburg,9,Kreisoberliga,Ostbrandenburgliga,16,14,65,40,FC Neuenhagen 1913,6,fussball.de
0318TDHPOG00000HVS5489BUVV628VP4-G,Brandenburg,Kreis Prignitz/Ruppin,9,Kreisoberliga,Kreisoberliga · Kreis Prignitz/Ruppin,14,0,0,0,BSV Schwarz-Weiß Zaatzke,0,fussball.de
031DRH3RK0000004VS5489BUVUR5FS5A-G,Brandenburg,Kreis Südbrandenburg,9,Kreisoberliga,Südbrandenburgliga,14,6,31,18,ESV Lok Falkenberg,3,fussball.de
0316DJ5P8S000004VS5489BUVSBBVPEU-G,Brandenburg,Kreis Uckermark,9,Kreisoberliga,Uckermarkliga,10,0,0,0,FC Husaria Schwedt,0,fussball.de
031FMDB7T400000MVS5489BTVUS470OH-G,Bremen,Kreis Bremen-Stadt,9,2.Kreisliga (B),Kreisliga B1 - Winterrunde · Kreis Bremen-Stadt,13,11,70,33,FC Roland Bremen 2011 e.V.,6,fussball.de
031FMEC720000005VS5489BTVUS470OH-G,Bremen,Kreis Bremen-Stadt,9,2.Kreisliga (B),Kreisliga B2 - Winterrunde · Kreis Bremen-Stadt,13,11,66,32,Bremen United II,6,fussball.de
031FMETBPO000005VS5489BTVUS470OH-G,Bremen,Kreis Bremen-Stadt,9,2.Kreisliga (B),Kreisliga B3 - Winterrunde · Kreis Bremen-Stadt,13,8,45,24,BSC Hastedt II,6,fussball.de
031FMEV8C0000004VS5489BTVUS470OH-G,Bremen,Kreis Bremen-Stadt,9,2.Kreisliga (B),Kreisliga B4 - Winterrunde · Kreis Bremen-Stadt,13,12,93,35,AFC Bremen,6,fussball.de
0318JU05VC00000DVS5489BTVSK8S3O6-G,Hamburg,Kreisebene Hamburg,9,Kreisklasse,KK 01 · Kreisebene Hamburg,15,24,121,68,SVNA 3.Hr.,9,fussball.de
0318JU065S00000EVS5489BTVSK8S3O6-G,Hamburg,Kreisebene Hamburg,9,Kreisklasse,KK 02 · Kreisebene Hamburg,15,19,129,56,Tonndorf-Lohe 1.Hr.,9,fussball.de
0318JU06C800000EVS5489BTVSK8S3O6-G,Hamburg,Kreisebene Hamburg,9,Kreisklasse,KK 03 · Kreisebene Hamburg,12,13,79,36,Lorbeer 2.Hr.,9,fussball.de
0318JU06IS00000DVS5489BTVSK8S3O6-G,Hamburg,Kreisebene Hamburg,9,Kreisklasse,KK 04 · Kreisebene Hamburg,16,25,210,72,Wandsetal 2.Hr.,9,fussball.de
0318JU06P800000EVS5489BTVSK8S3O6-G,Hamburg,Kreisebene Hamburg,9,Kreisklasse,KK 05 · Kreisebene Hamburg,15,21,164,61,tus BERNE 2.Hr.,9,fussball.de
0318JU06VK00000EVS5489BTVSK8S3O6-G,Hamburg,Kreisebene Hamburg,9,Kreisklasse,KK 06 · Kreisebene Hamburg,16,27,158,79,Alstertal-Langenhorn 3.Hr.,12,fussball.de
0318JU076400000DVS5489BTVSK8S3O6-G,Hamburg,Kreisebene Hamburg,9,Kreisklasse,KK 07 · Kreisebene Hamburg,14,16,131,47,DUWO 08 1.Hr.,9,fussball.de
0318JU07C8000003VS5489BTVSK8S3O6-G,Hamburg,Kreisebene Hamburg,9,Kreisklasse,KK 08 · Kreisebene Hamburg,14,17,103,48,Tangstedt 1.Hr.,9,fussball.de
0318JU07IO000000VS5489BTVSK8S3O6-G,Hamburg,Kreisebene Hamburg,9,Kreisklasse,KK 09 · Kreisebene Hamburg,14,17,124,50,Blau-Weiß 96 2.Hr.,9,fussball.de
0318JU07PO00000AVS5489BTVSK8S3O6-G,Hamburg,Kreisebene Hamburg,9,Kreisklasse,KK 10 · Kreisebene Hamburg,16,25,172,67,HFC Falke 2.Hr.,9,fussball.de
0318JU07VS00000CVS5489BTVSK8S3O6-G,Hamburg,Kreisebene Hamburg,9,Kreisklasse,KK 11 · Kreisebene Hamburg,14,16,106,48,Lurup 2.Hr.,9,fussball.de
0318JU086400000EVS5489BTVSK8S3O6-G,Hamburg,Kreisebene Hamburg,9,Kreisklasse,KK 12 · Kreisebene Hamburg,13,17,103,47,Buchholz 2.Hr.,9,fussball.de
031BH1N8PO000009VS5489BUVUR5FS5A-G,Hessen,Kreis Alsfeld,9,Kreisliga A,KLA Alsfeld/Gießen,16,47,203,134,FSG Kirtorf/Antrifttal,15,fussball.de
031B3JKJJC00000BVS5489BTVSK8S3O6-G,Hessen,Kreis Bergstraße,9,Kreisliga A,KLA Bergstraße,16,38,189,112,TG Jahn Trösel,15,fussball.de
031B615NJG000000VS5489BTVSK8S3O6-G,Hessen,Kreis Biedenkopf,9,Kreisliga A,KLA Biedenkopf,15,34,162,97,SG Mornsh/Erdh/Frohnh,12,fussball.de
0318JI1TLS000000VS5489BUVV628VP4-G,Hessen,Kreis Büdingen,9,Kreisliga A,KLA Büdingen,15,33,139,95,SG Ober-Lais/Lissberg,12,fussball.de
03198VGLQ000000AVS5489BTVSK8S3O6-G,Hessen,Kreis Darmstadt,9,Kreisliga A,KLA Darmstadt,13,16,82,47,SV Traisa,9,fussball.de
031APLI15000000BVS5489BTVSK8S3O6-G,Hessen,Kreis Dieburg,9,Kreisliga A,KLA Dieburg,16,41,180,115,SV 1958 Sickenhofen,15,fussball.de
031BGH3Q54000009VS5489BUVUR5FS5A-G,Hessen,Kreis Dillenburg,9,Kreisliga A,KLA Dillenburg,14,33,171,93,SG Dietzhölztal,15,fussball.de
031AHPQLES000008VS5489BTVSK8S3O6-G,Hessen,Kreis Frankenberg,9,Kreisliga A,KLA Frankenberg,15,36,180,104,SG Rosenthal/Roda,12,fussball.de
031BOO2DF800000BVS5489BUVUR5FS5A-G,Hessen,Kreis Frankfurt,9,Kreisliga A,KLA Frankfurt Gr.1,16,35,222,101,SC Riedberg,15,fussball.de
031BOO2DN800000DVS5489BUVUR5FS5A-G,Hessen,Kreis Frankfurt,9,Kreisliga A,KLA Frankfurt Gr.2,17,39,178,113,FC Gudesding Frankfurt II,12,fussball.de
031AG60RD400000CVS5489BTVSK8S3O6-G,Hessen,Kreis Friedberg,9,Kreisliga A,KLA Friedberg,16,42,193,122,SKG AVW Friedberg,15,fussball.de
031BPQCN74000009VS5489BUVUR5FS5A-G,Hessen,Kreis Fulda,9,Kreisliga A,KLA Ost · Kreis Fulda,15,44,204,124,TSV Weyhers/Ebersberg,17,fussball.de
031BPQCN0K00000AVS5489BUVUR5FS5A-G,Hessen,Kreis Fulda,9,Kreisliga A,KLA West · Kreis Fulda,14,43,149,115,SG Büchenberg/Uttrichshausen,21,fussball.de
031B5PK3G0000008VS5489BTVSK8S3O6-G,Hessen,Kreis Gelnhausen,9,Kreisliga A,KLA Gelnhausen,17,55,271,156,TSV 07 Höchst II,18,fussball.de
031CPRAMBG00000BVS5489BUVUR5FS5A-G,Hessen,Kreis Gießen,9,Kreisliga A,KLA Gießen,16,40,210,113,FSV Fernwald II,13,fussball.de
0319749DBC000009VS5489BUVV628VP4-G,Hessen,Kreis Groß-Gerau,9,Kreisliga A,KLA Groß-Gerau,15,29,151,85,SSV Raunheim,15,fussball.de
031B4FFFGG00000BVS5489BTVSK8S3O6-G,Hessen,Kreis Hanau,9,Kreisliga A,KLA Hanau,17,47,252,132,SG Marköbel,13,fussball.de
031BESEBPC000008VS5489BTVUS470OH-G,Hessen,Kreis Hersfeld-Rotenburg,9,Kreisliga A,KLA Nord · Kreis Hersfeld-Rotenburg,15,46,180,132,SG Kuppenrhön,16,fussball.de
031F9HLQL800000EVS5489BTVUS470OH-G,Hessen,Kreis Hochtaunus,9,Kreisliga A,KLA Hochtaunus,17,40,240,112,FSV Steinbach,12,fussball.de
0318JU9OQ0000008VS5489BUVV628VP4-G,Hessen,Kreis Hofgeismar-Wolfhagen,9,Kreisliga A,KLA Hofgeism-Wolfh · Kreis Hofgeismar-Wolfhagen,14,36,142,95,SG Elbetal,13,fussball.de
0317AIBS2C000009VS5489BUVSBBVPEU-G,Hessen,Kreis Kassel,9,Kreisliga A,KLA Kassel Gr.1,12,25,133,73,SG Escherode/Uschlag,13,fussball.de
0317AIBSAS00000AVS5489BUVSBBVPEU-G,Hessen,Kreis Kassel,9,Kreisliga A,KLA Kassel Gr.2,11,22,101,62,SBV 07 Kassel,12,fussball.de
031DEG7J8K000000VS5489BTVUS470OH-G,Hessen,Kreis Lauterbach-Hünfeld,9,Kreisliga A,KLA Mitte · Kreis Lauterbach-Hünfeld,15,47,194,136,SG Haselbach,21,fussball.de
03196OCGJC00000CVS5489BUVV628VP4-G,Hessen,Kreis Limburg-Weilburg,9,Kreisliga A,KLA Limb-Weilb · Kreis Limburg-Weilburg,17,52,234,150,TUS Waldernbach,15,fussball.de
0319B1IJR8000000VS5489BUVV628VP4-G,Hessen,Kreis Maintaunus,9,Kreisliga A,KLA Maintaunus,16,41,216,115,FC TÜRK Kelsterbach II,15,fussball.de
031AQSAPK8000002VS5489BTVSK8S3O6-G,Hessen,Kreis Marburg,9,Kreisliga A,KLA Marburg,17,48,202,133,SV Beltershausen,17,fussball.de
031AQ1034G00000AVS5489BTVSK8S3O6-G,Hessen,Kreis Odenwald,9,Kreisliga A,KLA Odenwald,17,51,245,146,FSV Erbach,18,fussball.de
031DCQ8JV000000AVS5489BTVUS470OH-G,Hessen,Kreis Offenbach,9,Kreisliga A,KLA Offenbach Gr.1,16,40,256,113,TSG Neu-Isenburg,13,fussball.de
031DCQ8K5O00000BVS5489BTVUS470OH-G,Hessen,Kreis Offenbach,9,Kreisliga A,KLA Offenbach Gr.2,15,34,171,98,FC Germ. Bieber II,12,fussball.de
031BDUAJM800000AVS5489BTVUS470OH-G,Hessen,Kreis Rheingau-Taunus,9,Kreisliga A,KLA Rheingau-Taunus,15,33,174,95,FSV Winkel,13,fussball.de
031AH69VDS00000AVS5489BTVSK8S3O6-G,Hessen,Kreis Schlüchtern,9,Kreisliga A,KLA Süd · Kreis Schlüchtern,16,58,253,164,SG Distelrasen,21,fussball.de
0318K3PNJ0000000VS5489BUVV628VP4-G,Hessen,Kreis Schwalm-Eder,9,Kreisliga A,KLA Schwalm-Eder Gr.1,14,28,118,82,FSG Efze,13,fussball.de
0318K3PNPK000008VS5489BUVV628VP4-G,Hessen,Kreis Schwalm-Eder,9,Kreisliga A,KLA Schwalm-Eder Gr.2,14,29,128,81,SG Immichenhain/Ottrau,11,fussball.de
031AHQKL20000008VS5489BTVSK8S3O6-G,Hessen,Kreis Waldeck,9,Kreisliga A,KLA Waldeck,15,45,210,127,SG Volkmarsen/Ehringen,21,fussball.de
0319HS7IQO000009VS5489BUVV628VP4-G,Hessen,Kreis Werra/Meißner,9,Kreisliga A,KLA Werra-Meißner · Kreis Werra/Meißner,14,34,159,91,Spvgg. 07 Eschwege,12,fussball.de
0318U9VHS4000008VS5489BUVV628VP4-G,Hessen,Kreis Wetzlar,9,Kreisliga A,KLA Wetzlar,16,41,155,114,SG Ehringshausen/Dillheim,13,fussball.de
0318MB044G00000BVS5489BTVSK8S3O6-G,Hessen,Kreis Wiesbaden,9,Kreisliga A,KLA Wiesbaden,16,35,200,98,FSV Hellas Schierstein,12,fussball.de
031HUQKM88000006VS5489BUVVKNMR0J-G,Mecklenburg-Vorpommern,Kreis Mecklenburg. Seenplatte,9,Kreisoberliga,KOL MSP Staffel I · Kreis Mecklenburg. Seenplatte,11,5,33,15,FC Motor Neubrandenburg Süd,3,fussball.de
031HUQKMEC000006VS5489BUVVKNMR0J-G,Mecklenburg-Vorpommern,Kreis Mecklenburg. Seenplatte,9,Kreisoberliga,KOL MSP Staffel II · Kreis Mecklenburg. Seenplatte,11,5,28,13,MSV Priepert,3,fussball.de
031GDK44AK000004VS5489BUVSJ4CRAP-G,Mecklenburg-Vorpommern,Kreis Nordvorpommern-Rügen,9,Kreisoberliga,Kreisoberliga Herren · Kreis Nordvorpommern-Rügen,12,6,35,18,BSG ScanHaus Marlow,3,fussball.de
031BQ4QIB000000AVS5489BUVUR5FS5A-G,Mecklenburg-Vorpommern,Kreis Schwerin-Nordwestmeckl.,9,Kreisoberliga,Frank Teuber-Wienke Versicherungen Kreisoberliga SN - NWM · Kreis Schwerin-Nordwestmeckl.,14,13,64,38,Neumühler SV,6,fussball.de
031B5F0REC000003VS5489BUVV628VP4-G,Mecklenburg-Vorpommern,Kreis Vorpommern-Greifswald,9,Kreisoberliga,Kreisoberliga · Kreis Vorpommern-Greifswald,14,9,52,27,SV Eintracht Zinnowitz,6,fussball.de
031AHIDMOO000007VS5489BUVV628VP4-G,Mecklenburg-Vorpommern,Kreis Warnow,9,Kreisoberliga,Herren KOL St. I Warnow,14,1,4,3,Doberaner FC II,3,fussball.de
031AHIDMVS000007VS5489BUVV628VP4-G,Mecklenburg-Vorpommern,Kreis Warnow,9,Kreisoberliga,Herren KOL St. II Warnow,14,0,0,0,ESV Lok Rostock,0,fussball.de
030V7HTBNG00000BVS5489BUVVARDA0V-G,Mecklenburg-Vorpommern,Kreis Westmecklenburg,9,Kreisoberliga,KOL WM · Kreis Westmecklenburg,12,5,29,13,Lübtheener SV Concordia,3,fussball.de
031FNFD8BG000005VS5489BTVVG7L386-G,Mittelrhein,Kreis Aachen,9,Kreisliga B,Kreisliga B Staffel 1 · Kreis Aachen,17,21,121,59,SV Kohlscheid,9,fussball.de
031FNFD8HK000000VS5489BTVVG7L386-G,Mittelrhein,Kreis Aachen,9,Kreisliga B,Kreisliga B Staffel 2 · Kreis Aachen,16,8,41,23,Eintracht Kornelimünster,3,fussball.de
0313OUNKG400000BVS5489BTVU7GTVLE-G,Mittelrhein,Kreis Berg,9,Kreisliga B,Kreisliga B 2 · Kreis Berg,16,8,44,22,SSV Jan Wellem 05 II,3,fussball.de
0313OUNKMO00000AVS5489BTVU7GTVLE-G,Mittelrhein,Kreis Berg,9,Kreisliga B,Kreisliga B 3 · Kreis Berg,16,8,39,22,BV Drabenderhöhe,6,fussball.de
031BOPBT1C000004VS5489BTVUS470OH-G,Mittelrhein,Kreis Bonn,9,Kreisliga B,Kreisliga B Gruppe 1 · Kreis Bonn,16,7,27,20,FV Preußen Bonn,3,fussball.de
031BOPGR0S000004VS5489BTVUS470OH-G,Mittelrhein,Kreis Bonn,9,Kreisliga B,"Kreisliga B, Gruppe 2 · Kreis Bonn",16,7,44,20,NK Croatia Bonn e.V.,3,fussball.de
031GUOQ5LG000004VS5489BUVSJ4CRAP-G,Mittelrhein,Kreis Düren,9,Kreisliga B,Kreisliga B Staffel 1 · Kreis Düren,14,12,68,35,FC 06 Rurdorf,9,fussball.de
031GUPK6AO000004VS5489BUVSJ4CRAP-G,Mittelrhein,Kreis Düren,9,Kreisliga B,Kreisliga B Staffel 2 · Kreis Düren,14,11,63,27,CSV Düren,4,fussball.de
031GUQ0VFC000004VS5489BUVSJ4CRAP-G,Mittelrhein,Kreis Düren,9,Kreisliga B,Kreisliga B Staffel 3 · Kreis Düren,14,10,55,29,SC Alemannia Lendersdorf II,6,fussball.de
031IIOQ1O0000002VS5489BUVVKNMR0J-G,Mittelrhein,Kreis Euskirchen,9,Kreisliga B,Kreisliga B 1 · Kreis Euskirchen,13,5,42,13,SC Roitzheim,3,fussball.de
031IIOQ1TG000006VS5489BUVVKNMR0J-G,Mittelrhein,Kreis Euskirchen,9,Kreisliga B,Kreisliga B 2 · Kreis Euskirchen,13,6,24,18,SG Hellenthal,3,fussball.de
031F02PQ5C00000MVS5489BTVUS470OH-G,Mittelrhein,Kreis Heinsberg,9,Kreisliga B,"Kreisliga B, Staffel 1 · Kreis Heinsberg",16,16,67,38,Sportfreunde Uevekoven II,6,fussball.de
031F02PQGO00000KVS5489BTVUS470OH-G,Mittelrhein,Kreis Heinsberg,9,Kreisliga B,"Kreisliga B, Staffel 2 · Kreis Heinsberg",16,16,88,46,FC Germania Teveren II,6,fussball.de
030TOCGPA4000004VS5489BUVSOV43J9-G,Mittelrhein,Kreis Köln,9,Kreisliga B,Kreisliga B Staffel 1 · Kreis Köln,16,8,48,23,Rondorf I,3,fussball.de
030TOCJCU4000004VS5489BUVSOV43J9-G,Mittelrhein,Kreis Köln,9,Kreisliga B,Kreisliga B Staffel 2 · Kreis Köln,16,8,52,20,Alkenrath I,3,fussball.de
031KSGBO0400000FVS5489BUVVKNMR0J-G,Mittelrhein,Kreis Rhein-Erft,9,Kreisliga B,Kreisliga B Staffel 2 · Kreis Rhein-Erft,16,8,59,23,FC Rheinsüd Köln III,6,fussball.de
031KSGBO8C00000AVS5489BUVVKNMR0J-G,Mittelrhein,Kreis Rhein-Erft,9,Kreisliga B,Kreisliga B Staffel 3 · Kreis Rhein-Erft,16,8,40,22,SV Weiden II,3,fussball.de
031FBCFCUK000007VS5489BTVUS470OH-G,Mittelrhein,Kreis Sieg,9,Kreisliga B,Kreisliga B Staffel 2 · Kreis Sieg,16,7,24,21,FC Hertha Rheidt II,3,fussball.de
031FBCG2LS000006VS5489BTVUS470OH-G,Mittelrhein,Kreis Sieg,9,Kreisliga B,Kreisliga B Staffel 3 · Kreis Sieg,16,8,33,24,TuS Eudenbach,3,fussball.de
031GBDPJ58000002VS5489BUVSJ4CRAP-G,Niederrhein,Kreis Duisburg-Mülheim-Dinslak,9,Kreisliga B,"Kreisliga B, Gruppe 1 · Kreis Duisburg-Mülheim-Dinslak",18,21,126,62,TSV Heimaterde,9,fussball.de
031GBDPJEG000006VS5489BUVSJ4CRAP-G,Niederrhein,Kreis Duisburg-Mülheim-Dinslak,9,Kreisliga B,"Kreisliga B, Gruppe 2 · Kreis Duisburg-Mülheim-Dinslak",17,19,117,56,SV Gelb Weiß Hamborn 1930 e. V.,9,fussball.de
031CH24LB8000004VS5489BTVUS470OH-G,Niederrhein,Kreis Düsseldorf,9,Kreisliga B,Kreisliga B 26/27  - Gruppe 1 Herren · Kreis Düsseldorf,18,28,169,65,SV Hösel III,12,fussball.de
031CH2A72G000004VS5489BTVUS470OH-G,Niederrhein,Kreis Düsseldorf,9,Kreisliga B,Kreisliga B 26/27- Gruppe 2 Herren · Kreis Düsseldorf,18,26,176,72,DJK TUSA 06 II,9,fussball.de
031FK2B4VG000004VS5489BTVUS470OH-G,Niederrhein,Kreis Essen,9,Kreisliga B,Kreisliga B Gruppe 1 · Kreis Essen,15,21,130,61,DJK SF Katernberg II.,9,fussball.de
031FK2E4M8000003VS5489BTVUS470OH-G,Niederrhein,Kreis Essen,9,Kreisliga B,Kreisliga B Gruppe 2 · Kreis Essen,15,20,122,58,TUSEM Essen II.,9,fussball.de
031FK2FDVK000004VS5489BTVUS470OH-G,Niederrhein,Kreis Essen,9,Kreisliga B,Kreisliga B Gruppe 3 · Kreis Essen,15,21,117,57,SV Burgaltendorf II.,9,fussball.de
031FTSB420000004VS5489BUVSJ4CRAP-G,Niederrhein,Kreis Grevenbroich-Neuss,9,Kreisliga B,"Kreisliga B, Gr. 1 · Kreis Grevenbroich-Neuss",16,29,165,84,SG Kaarst,12,fussball.de
031FTUEQPK000004VS5489BUVSJ4CRAP-G,Niederrhein,Kreis Grevenbroich-Neuss,9,Kreisliga B,"Kreisliga B, Gr. 2 · Kreis Grevenbroich-Neuss",16,25,134,72,SV Rheinwacht Stürzelberg 1928 e.V. 2,9,fussball.de
031HHHLLQ400000EVS5489BTVVG7L386-G,Niederrhein,Kreis Kempen-Krefeld,9,Kreisliga B,Kreisliga B 1 · Kreis Kempen-Krefeld,16,25,126,72,TVAS Viersen,9,fussball.de
031HHHLM3C000008VS5489BTVVG7L386-G,Niederrhein,Kreis Kempen-Krefeld,9,Kreisliga B,Kreisliga B 2 · Kreis Kempen-Krefeld,15,23,118,59,SV Vorst,9,fussball.de
031HHHLM9S00000DVS5489BTVVG7L386-G,Niederrhein,Kreis Kempen-Krefeld,9,Kreisliga B,Kreisliga B 3 · Kreis Kempen-Krefeld,16,21,126,57,SSV Strümp 2,9,fussball.de
031JAMD8KO00000AVS5489BUVVKNMR0J-G,Niederrhein,Kreis Kleve-Geldern,9,Kreisliga B,Kreisliga B Gruppe 1 · Kreis Kleve-Geldern,16,28,138,80,DJK Grün-Weiß Appeldorn,12,fussball.de
031JAMD8UG000009VS5489BUVVKNMR0J-G,Niederrhein,Kreis Kleve-Geldern,9,Kreisliga B,Kreisliga B Gruppe 2 · Kreis Kleve-Geldern,16,25,135,67,SV Arminia Kapellen-Hamb,7,fussball.de
031HBBJSK4000004VS5489BTVVG7L386-G,Niederrhein,Kreis Moers,9,Kreisliga B,"Kreisliga B, · Kreis Moers",18,9,53,26,TuS Borth,3,fussball.de
0311FB7FHC000000VS5489BUVVARDA0V-G,Niederrhein,Kreis Mönchengladbach-Viersen,9,Kreisliga B,Kreisliga B Gruppe 1 · Kreis Mönchengladbach-Viersen,16,25,132,73,Rot-Weiß Venn,9,fussball.de
0311FB7FR800000IVS5489BUVVARDA0V-G,Niederrhein,Kreis Mönchengladbach-Viersen,9,Kreisliga B,Kreisliga B Gruppe 2 · Kreis Mönchengladbach-Viersen,16,25,125,70,Rheydter SV 2,10,fussball.de
031G0065NO000003VS5489BUVSJ4CRAP-G,Niederrhein,Kreis Oberhausen-Bottrop,9,Kreisliga B,Kreisliga B1 Breil · Kreis Oberhausen-Bottrop,18,21,141,61,FC Blau Weiß Italia Oberhausen e.V.,9,fussball.de
031G00EBSC000004VS5489BUVSJ4CRAP-G,Niederrhein,Kreis Oberhausen-Bottrop,9,Kreisliga B,Kreisliga B2 Bliso · Kreis Oberhausen-Bottrop,18,24,138,69,VFR Polonia Ebel,7,fussball.de
031DT7C3I0000007VS5489BTVUS470OH-G,Niederrhein,Kreis Rees-Bocholt,9,Kreisliga B,"Kreisliga B, Gruppe 1 · Kreis Rees-Bocholt",16,2,6,5,TuB Bocholt II,3,fussball.de
031DT7C3LS000007VS5489BTVUS470OH-G,Niederrhein,Kreis Rees-Bocholt,9,Kreisliga B,"Kreisliga B, Gruppe 2 · Kreis Rees-Bocholt",16,0,0,-3,BSV Viktoria Wesel,0,fussball.de
031EM45OHO000004VS5489BUVUR5FS5A-G,Niederrhein,Kreis Remscheid-Solingen,9,Kreisliga B,Kreisliga B Gruppe 1 · Kreis Remscheid-Solingen,17,25,126,69,TSV Solingen 3,12,fussball.de
031EM48P90000003VS5489BUVUR5FS5A-G,Niederrhein,Kreis Remscheid-Solingen,9,Kreisliga B,Kreisliga B Gruppe 2 · Kreis Remscheid-Solingen,17,21,110,58,RSV Hückeswagen 1,6,fussball.de
031HKFJB38000009VS5489BTVVG7L386-G,Niederrhein,Kreis Wuppertal-Niederberg,9,Kreisliga B,Kreisliga B Gruppe 1 · Kreis Wuppertal-Niederberg,18,20,108,51,C.S.I.-Milano Wuppertal,7,fussball.de
031HKFJBCK00000AVS5489BTVVG7L386-G,Niederrhein,Kreis Wuppertal-Niederberg,9,Kreisliga B,Kreisliga B Gruppe 2 · Kreis Wuppertal-Niederberg,18,21,119,55,FC Langenberg,9,fussball.de
0319B57C6S000004VS5489BUVV628VP4-G,Niedersachsen,Kreis Bentheim,9,1.Kreisklasse,1.Kreisklasse Grafschaft Bentheim,15,41,192,116,VfL Weiße Elf Nordhorn II,15,fussball.de
0315VRSBAK000003VS5489BUVSBBVPEU-G,Niedersachsen,Kreis Braunschweig,9,1.Kreisklasse,1. Kreisklasse Staffel 1 · Kreis Braunschweig,12,16,66,47,TVE Veltenhof,9,fussball.de
0315VRVHE8000004VS5489BUVSBBVPEU-G,Niedersachsen,Kreis Braunschweig,9,1.Kreisklasse,1. Kreisklasse Staffel 2 · Kreis Braunschweig,12,12,81,34,SG BSV Ölper/SV EGE,7,fussball.de
03197780G0000003VS5489BUVV628VP4-G,Niedersachsen,Kreis Celle,9,1.Kreisklasse,1. Kreisklasse Celle,14,25,131,70,FG Wohlde,9,fussball.de
0316KBPVL8000003VS5489BUVSBBVPEU-G,Niedersachsen,Kreis Cloppenburg,9,1.Kreisklasse,1.Kreisklasse  Cloppenburg,15,39,173,114,SV Bösel,13,fussball.de
03153J1140000009VS5489BUVSBBVPEU-G,Niedersachsen,Kreis Cuxhaven,9,1.Kreisklasse,1.Kreisklasse Cuxhaven,14,28,118,79,SG WDB,12,fussball.de
031DPBV6K800000DVS5489BTVUS470OH-G,Niedersachsen,Kreis Diepholz,9,1.Kreisklasse,1.Kreisklasse DH · Kreis Diepholz,16,28,148,79,SV Weyhe II,12,fussball.de
03150M00FS000006VS5489BTVU7GTVLE-G,Niedersachsen,Kreis Emsland,9,1.Kreisklasse,1. Kreisklasse Süd · Kreis Emsland,13,22,88,65,FC 47 Leschede II,12,fussball.de
03150M00MK000005VS5489BTVU7GTVLE-G,Niedersachsen,Kreis Emsland,9,1.Kreisklasse,1.KK Emsland Mitte,14,27,131,77,SV Polle,13,fussball.de
03150M009O000006VS5489BTVU7GTVLE-G,Niedersachsen,Kreis Emsland,9,1.Kreisklasse,1.KK Emsland Nord,14,25,131,73,SV DJK Werpeloh 1934 e.V.,12,fussball.de
031AP29TCK000004VS5489BTVSK8S3O6-G,Niedersachsen,Kreis Gifhorn,9,1.Kreisklasse,1. Kreisklasse 1 · Kreis Gifhorn,14,14,60,37,SV Osloss,6,fussball.de
031AP2IS1K000004VS5489BTVSK8S3O6-G,Niedersachsen,Kreis Gifhorn,9,1.Kreisklasse,1. Kreisklasse 2 · Kreis Gifhorn,13,12,54,34,SG Leiferde-Ettenbüttel,6,fussball.de
0316JK66A400000AVS5489BUVSBBVPEU-G,Niedersachsen,Kreis Göttingen-Osterode,9,1.Kreisklasse,1.Kreisklasse Nord (A) · Kreis Göttingen-Osterode,11,22,114,59,FC Merkur Hattorf,12,fussball.de
0316JK66HG000000VS5489BUVSBBVPEU-G,Niedersachsen,Kreis Göttingen-Osterode,9,1.Kreisklasse,1.Kreisklasse Süd (B) · Kreis Göttingen-Osterode,11,18,82,52,Bonaforther SV,13,fussball.de
0312RKV76S000004VS5489BUVSBBVPEU-G,Niedersachsen,Kreis Hameln-Pyrmont,9,1.Kreisklasse,1.Kreisklasse Hameln-Pyrmont,14,43,231,125,FC Bad Pyrmont Hagen II,18,fussball.de
031AFR9HCG00000CVS5489BUVV628VP4-G,Niedersachsen,Kreis Harburg,9,1.Kreisklasse,1.Kreisklasse Harburg,14,28,145,81,SG Salzhausen-G.,12,fussball.de
0318GKQNCO000007VS5489BUVV628VP4-G,Niedersachsen,Kreis Heide-Wendland,9,1.Kreisklasse,1.Kreisklasse Nord · Kreis Heide-Wendland,16,39,180,107,MTV Römstedt II,13,fussball.de
0318GKQNKK000008VS5489BUVV628VP4-G,Niedersachsen,Kreis Heide-Wendland,9,1.Kreisklasse,1.Kreisklasse Süd · Kreis Heide-Wendland,16,40,171,119,Spvgg Oetzen/St.,15,fussball.de
03196QO458000004VS5489BTVSK8S3O6-G,Niedersachsen,Kreis Heidekreis,9,1.Kreisklasse,1.Kreisklasse Heidekreis,13,21,96,60,SG Nordheide II,10,fussball.de
031AI8H0T0000004VS5489BUVV628VP4-G,Niedersachsen,Kreis Helmstedt,9,1.Kreisklasse,1.Kreisklasse Helmstedt,11,9,34,27,SG Helmstedt II,6,fussball.de
031BOTCJI0000004VS5489BUVUR5FS5A-G,Niedersachsen,Kreis Hildesheim-Holzminden,9,1.Kreisklasse,1. Kreisklasse Staffel A · Kreis Hildesheim-Holzminden,14,29,126,81,TSV Giesen II,11,fussball.de
0319L3L3T8000004VS5489BTVSK8S3O6-G,Niedersachsen,Kreis Hildesheim-Holzminden,9,1.Kreisklasse,1. Kreisklasse Staffel C · Kreis Hildesheim-Holzminden,14,28,107,78,VfL Dielmissen,12,fussball.de
031BPLALC8000004VS5489BUVUR5FS5A-G,Niedersachsen,Kreis Hildesheim-Holzminden,9,1.Kreisklasse,1.Kreisklasse  Staffel B · Kreis Hildesheim-Holzminden,14,27,154,74,TSV Adenstedt,10,fussball.de
031BF5HJBK000006VS5489BTVUS470OH-G,Niedersachsen,Kreis Jade-Weser-Hunte,9,1.Kreisklasse,1.Kreisklasse JWH Staffel Nord · Kreis Jade-Weser-Hunte,14,16,76,47,FSV Jever II,9,fussball.de
0317V2OQIC000006VS5489BTVU7GTVLE-G,Niedersachsen,Kreis Jade-Weser-Hunte,9,1.Kreisklasse,1.Kreisklasse JWH Staffel Süd · Kreis Jade-Weser-Hunte,14,18,84,51,TV Metjendorf,9,fussball.de
031DPUT87O000006VS5489BTVUS470OH-G,Niedersachsen,Kreis Nienburg,9,1.Kreisklasse,1.Kreisklasse Nienburg,13,25,130,72,JG Oyle I,10,fussball.de
031C2TILKC00000OVS5489BUVUR5FS5A-G,Niedersachsen,Kreis Nordharz,9,1.Kreisklasse,1. Nordharzklasse Staffel 1,14,31,201,90,FC RW Rhüden,12,fussball.de
031C2TIM1C00000NVS5489BUVUR5FS5A-G,Niedersachsen,Kreis Nordharz,9,1.Kreisklasse,1. Nordharzklasse Staffel 2,14,29,143,82,FSV Fuhsetal,12,fussball.de
031DMJDIBK000009VS5489BTVUS470OH-G,Niedersachsen,Kreis Northeim-Einbeck,9,1.Kreisklasse,1. Kreisklasse Staffel 1 · Kreis Northeim-Einbeck,9,19,97,54,VfB Uslar,12,fussball.de
031DMJDITK000009VS5489BTVUS470OH-G,Niedersachsen,Kreis Northeim-Einbeck,9,1.Kreisklasse,1. Kreisklasse Staffel 2 · Kreis Northeim-Einbeck,9,20,108,57,SG Solling,12,fussball.de
0315ARM2GC000003VS5489BTVU7GTVLE-G,Niedersachsen,Kreis Oldenburg-L./Delmenhorst,9,1.Kreisklasse,1.Kreisklasse OLL/DEL · Kreis Oldenburg-L./Delmenhorst,14,37,190,106,Delmenhorster BV,13,fussball.de
0316EA6UCK000008VS5489BUVSBBVPEU-G,Niedersachsen,Kreis Osnabrück,9,1.Kreisklasse,1. Kreisklasse Osnabrück Staffel A,15,33,157,94,SC Quakenbrück,15,fussball.de
0316EA6UL000000AVS5489BUVSBBVPEU-G,Niedersachsen,Kreis Osnabrück,9,1.Kreisklasse,1. Kreisklasse Osnabrück Staffel B,16,41,154,119,VFB Schinkel,13,fussball.de
0316EA6UTC00000BVS5489BUVSBBVPEU-G,Niedersachsen,Kreis Osnabrück,9,1.Kreisklasse,1. Kreisklasse Osnabrück Staffel C,15,35,142,102,Spvg Gaste-Hasbergen,18,fussball.de
0316EA6V44000008VS5489BUVSBBVPEU-G,Niedersachsen,Kreis Osnabrück,9,1.Kreisklasse,1. Kreisklasse Osnabrück Staffel D,15,30,141,87,VfR Voxtrup II,15,fussball.de
0317ILOAR8000004VS5489BUVSBBVPEU-G,Niedersachsen,Kreis Osterholz,9,1.Kreisklasse,1.Kreisklasse Osterholz,16,33,159,96,SV Pennigbüttel II,13,fussball.de
0315F1UNT8000006VS5489BUVSBBVPEU-G,Niedersachsen,Kreis Ostfriesland,9,1.Kreisklasse,Ostfrieslandklasse A St. 1,14,49,251,142,VfR Heisfelde,16,fussball.de
0315F1UO3C000005VS5489BUVSBBVPEU-G,Niedersachsen,Kreis Ostfriesland,9,1.Kreisklasse,Ostfrieslandklasse A St. 2,15,53,246,150,SV Leezdorf,18,fussball.de
031CR3JCAK000004VS5489BUVUR5FS5A-G,Niedersachsen,Kreis Peine,9,1.Kreisklasse,1. Kreisklasse · Kreis Peine,14,34,169,95,TSV Wendezelle II,15,fussball.de
031EQH03FG00000AVS5489BTVUS470OH-G,Niedersachsen,Kreis Region Hannover,9,1.Kreisklasse,1. Kreisklasse Region Hannover St.1,14,27,111,72,FC Neuwarmbüchen,10,fussball.de
031EQH03MG00000BVS5489BTVUS470OH-G,Niedersachsen,Kreis Region Hannover,9,1.Kreisklasse,1. Kreisklasse Region Hannover St.2,14,27,145,76,SV Eintracht Suttorf,9,fussball.de
031EQH03RC00000BVS5489BTVUS470OH-G,Niedersachsen,Kreis Region Hannover,9,1.Kreisklasse,1. Kreisklasse Region Hannover St.3,14,27,107,77,SV Arnum II,12,fussball.de
031EQH040O00000BVS5489BTVUS470OH-G,Niedersachsen,Kreis Region Hannover,9,1.Kreisklasse,1. Kreisklasse Region Hannover St.4,13,24,134,71,SV Bosna Sandzak,12,fussball.de
031879K7DS000007VS5489BUVSBBVPEU-G,Niedersachsen,Kreis Rotenburg,9,1.Kreisklasse,1.Kreisklasse Nord · Kreis Rotenburg,14,30,122,88,SG Oste,12,fussball.de
031879K7PK000007VS5489BUVSBBVPEU-G,Niedersachsen,Kreis Rotenburg,9,1.Kreisklasse,1.Kreisklasse Süd · Kreis Rotenburg,14,24,123,68,TV Sottrum II,10,fussball.de
0315EL5C9O000004VS5489BTVU7GTVLE-G,Niedersachsen,Kreis Schaumburg,9,1.Kreisklasse,1.Kreisklasse Schaumburg,16,42,215,118,SG Apelern/Rodenberg,15,fussball.de
031B80U2E4000000VS5489BUVV628VP4-G,Niedersachsen,Kreis Stade,9,1.Kreisklasse,1.Kreisklasse Stade,14,28,147,81,SV Drochtersen/Assel IV,12,fussball.de
0314GQTALC000004VS5489BUVSBBVPEU-G,Niedersachsen,Kreis Vechta,9,1.Kreisklasse,1.Kreisklasse Vechta,14,28,167,83,RW Damme III,15,fussball.de
031E9F0DDG000003VS5489BUVUR5FS5A-G,Niedersachsen,Kreis Verden,9,1.Kreisklasse,1.Kreisklasse Verden,13,21,80,62,TSV Bierden II,9,fussball.de
0316JM94SS00000JVS5489BTVU7GTVLE-G,Rheinland,Kreis Eifel,9,Kreisliga B,Kreisliga B12 · Kreis Eifel,14,27,102,80,FC Metterich,12,fussball.de
0316JM955K00000KVS5489BTVU7GTVLE-G,Rheinland,Kreis Eifel,9,Kreisliga B,Kreisliga B13 · Kreis Eifel,14,27,137,77,SG Eifel Mitte-Lissendorf,12,fussball.de
031626Q95K000004VS5489BTVU7GTVLE-G,Rheinland,Kreis Hunsrück/Mosel,9,Kreisliga B,Kreisliga B8 · Kreis Hunsrück/Mosel,14,30,147,85,TuS Hausen,12,fussball.de
031CFRL5CG000004VS5489BUVUR5FS5A-G,Rheinland,Kreis Hunsrück/Mosel,9,Kreisliga B,Kreisliga B9 · Kreis Hunsrück/Mosel,14,28,136,80,SG Ober Kostenz,12,fussball.de
031DCRLROK000007VS5489BUVUR5FS5A-G,Rheinland,Kreis Koblenz,9,Kreisliga B,Kreisliga B6 · Kreis Koblenz,14,29,149,86,SC Vallendar,12,fussball.de
031C5P8MIS000004VS5489BTVUS470OH-G,Rheinland,Kreis Mosel,9,Kreisliga B,Kreisliga B 14 · Kreis Mosel,14,28,148,80,SV Rot-Weiss Wittlich II,12,fussball.de
031CG29QF0000007VS5489BTVUS470OH-G,Rheinland,Kreis Rhein/Ahr,9,Kreisliga B,Kreisliga B7 · Kreis Rhein/Ahr,14,31,140,89,SG Walporzheim/Bachem,13,fussball.de
031C5RGK04000004VS5489BTVUS470OH-G,Rheinland,Kreis Rhein/Lahn,9,Kreisliga B,Kreisliga B5 · Kreis Rhein/Lahn,14,29,136,81,TuS Nassovia Nassau,13,fussball.de
031C699LLK000008VS5489BTVUS470OH-G,Rheinland,Kreis Trier/Saarburg,9,Kreisliga B,Kreisliga B10 · Kreis Trier/Saarburg,14,27,164,77,FC Könen,12,fussball.de
031C699LG4000000VS5489BTVUS470OH-G,Rheinland,Kreis Trier/Saarburg,9,Kreisliga B,Kreisliga B11 · Kreis Trier/Saarburg,14,28,152,80,FSG Ehrang-Pfalzel,12,fussball.de
031CHGG9DG000004VS5489BTVUS470OH-G,Rheinland,Kreis Westerwald/Sieg,9,Kreisliga B,Kreisliga B1 · Kreis Westerwald/Sieg,14,28,145,83,SG Atzelgift/Nister,12,fussball.de
031CHHSG3C000004VS5489BTVUS470OH-G,Rheinland,Kreis Westerwald/Sieg,9,Kreisliga B,Kreisliga B2 · Kreis Westerwald/Sieg,14,28,140,81,Spfr. Daaden,12,fussball.de
031C7G5COK000008VS5489BUVUR5FS5A-G,Rheinland,Kreis Westerwald/Wied,9,Kreisliga B,Kreisliga B3 · Kreis Westerwald/Wied,14,28,145,79,SG Ellingen II,10,fussball.de
031C7G5CHK000008VS5489BUVUR5FS5A-G,Rheinland,Kreis Westerwald/Wied,9,Kreisliga B,Kreisliga B4 · Kreis Westerwald/Wied,14,28,155,82,SG Haiderbach,9,fussball.de
030UT2M75S000006VS5489BUVVARDA0V-G,Saarland,Bezirk Saarland,9,Bezirksliga,Bezirksliga Blies/Nahe · Bezirk Saarland,16,41,277,123,SV Victoria St. Wendel,15,fussball.de
030VIGRHIS000006VS5489BUVVARDA0V-G,Saarland,Bezirk Saarland,9,Bezirksliga,Bezirksliga Bliestal · Bezirk Saarland,16,35,220,101,TuS Ormesheim,12,fussball.de
030UT2M6UC00000HVS5489BUVVARDA0V-G,Saarland,Bezirk Saarland,9,Bezirksliga,Bezirksliga Ill/Theel · Bezirk Saarland,16,40,184,116,FC Kutzhof 2,12,fussball.de
03108NNUCG000005VS5489BTVT51B5B5-G,Saarland,Bezirk Saarland,9,Bezirksliga,Bezirksliga Köllertal-Warndt · Bezirk Saarland,16,40,232,115,SV Ritterstrasse,15,fussball.de
0310BGUGRC000000VS5489BTVT51B5B5-G,Saarland,Bezirk Saarland,9,Bezirksliga,Bezirksliga Merzig-Wadern · Bezirk Saarland,16,41,185,119,SV Britten-Hausbach,15,fussball.de
030VIGRHDK000006VS5489BUVVARDA0V-G,Saarland,Bezirk Saarland,9,Bezirksliga,Bezirksliga Neunkirchen · Bezirk Saarland,16,40,236,116,SV Niederbexbach,13,fussball.de
03108NNU6C00000FVS5489BTVT51B5B5-G,Saarland,Bezirk Saarland,9,Bezirksliga,Bezirksliga Saarbrücken · Bezirk Saarland,16,40,231,114,SV Schafbrücke,13,fussball.de
0310BGUH5S00000GVS5489BTVT51B5B5-G,Saarland,Bezirk Saarland,9,Bezirksliga,Bezirksliga Saarlouis · Bezirk Saarland,16,40,240,114,SF Rehlingen-Fremersdorf,15,fussball.de
031AV4EEJO000004VS5489BTVSK8S3O6-G,Sachsen,Kreis Chemnitz,9,1.Kreisliga (A),Kreisliga Chemnitz,14,21,100,61,USG Chemnitz,9,fussball.de
03180H9J54000009VS5489BTVU7GTVLE-G,Sachsen,Kreis Dresden,9,1.Kreisliga (A),Brandible Stadtliga A · Kreis Dresden,14,10,56,29,SV Helios 24 Dresden,6,fussball.de
0319B5VKHK000008VS5489BUVV628VP4-G,Sachsen,Kreis Erzgebirge,9,1.Kreisliga (A),Sparkassen-Kreisliga Ost · Kreis Erzgebirge,14,21,91,58,VfB Annaberg 09 2,9,fussball.de
0319B5VKOK000008VS5489BUVV628VP4-G,Sachsen,Kreis Erzgebirge,9,1.Kreisliga (A),Sparkassen-Kreisliga West · Kreis Erzgebirge,14,21,95,58,SV Blau-Weiß Crottendorf,9,fussball.de
03168MEMBG000009VS5489BUVSBBVPEU-G,Sachsen,Kreis Leipzig,9,1.Kreisliga (A),Herren Stadtklasse · Kreis Leipzig,15,19,97,54,SG LVB I,9,fussball.de
03187ACG2O000006VS5489BUVSBBVPEU-G,Sachsen,Kreis Meißen,9,1.Kreisliga (A),Funkladen Koch-Kreisliga · Kreis Meißen,14,8,30,23,SV Traktor Priestewitz,4,fussball.de
031F1C7R5O00000CVS5489BUVUR5FS5A-G,Sachsen,Kreis Mittelsachsen,9,1.Kreisliga (A),Mittelsachsenklasse - Staffel 1,14,18,72,49,SpG Geringswalde/Hartha,9,fussball.de
031F1C7RIK000009VS5489BUVUR5FS5A-G,Sachsen,Kreis Mittelsachsen,9,1.Kreisliga (A),Mittelsachsenklasse - Staffel 2,14,19,58,54,Bobritzscher SV,9,fussball.de
031B4ETLF0000008VS5489BTVSK8S3O6-G,Sachsen,Kreis Muldental/Leipziger Land,9,1.Kreisliga (A),Baukonzept Fischer GmbH - Kreisliga A Ost - Herren · Kreis Muldental/Leipziger Land,12,11,55,32,SSV Thallwitz/Nischwitz,6,fussball.de
031B4ETLUO000008VS5489BTVSK8S3O6-G,Sachsen,Kreis Muldental/Leipziger Land,9,1.Kreisliga (A),Regiser Anlagenmontagen GmbH - Kreisliga A West - Herren · Kreis Muldental/Leipziger Land,14,11,54,31,TSV Großsteinberg,6,fussball.de
031DLHCTH8000008VS5489BUVUR5FS5A-G,Sachsen,Kreis Nordsachsen,9,1.Kreisliga (A),Intersport-Höcke Kreisliga Ost · Kreis Nordsachsen,13,11,67,33,SpG Luppa/Wermsdorf II,6,fussball.de
031DLHCTA8000007VS5489BUVUR5FS5A-G,Sachsen,Kreis Nordsachsen,9,1.Kreisliga (A),Talk-Point Kreisliga West · Kreis Nordsachsen,16,15,88,44,SV Zwochau,6,fussball.de
031FOML4ES000004VS5489BUVSJ4CRAP-G,Sachsen,Kreis Oberlausitz,9,1.Kreisliga (A),ESS-Sicherheit Kreisliga Staffel 1 · Kreis Oberlausitz,14,6,33,12,TSV Kunnersdorf,3,fussball.de
031FOO3DH0000004VS5489BUVSJ4CRAP-G,Sachsen,Kreis Oberlausitz,9,1.Kreisliga (A),ESS-Sicherheit Kreisliga Staffel 2 · Kreis Oberlausitz,14,8,33,23,SpG Schönbacher FV,6,fussball.de
031I20AE5S000000VS5489BTVSRD0UH9-G,Sachsen,Kreis Sächs.Schweiz/Osterzgeb.,9,1.Kreisliga (A),Schmiedeberger Gießerei - Kreisliga A · Kreis Sächs.Schweiz/Osterzgeb.,14,8,51,22,SG Traktor Reinhardtsdorf,3,fussball.de
031DNUA4C4000008VS5489BTVUS470OH-G,Sachsen,Kreis Vogtland,9,1.Kreisliga (A),Sparkassenvogtlandklasse,14,14,62,41,SV Concordia Plauen,6,fussball.de
0314NE2F3C000002VS5489BUVSBBVPEU-G,Sachsen,Kreis Westlausitz,9,1.Kreisliga (A),Richter-Bauelemente-Kreisliga  Staffel 1 · Kreis Westlausitz,14,20,99,58,Arnsdorfer FV,9,fussball.de
0318K9DHB0000004VS5489BTVSK8S3O6-G,Sachsen,Kreis Westlausitz,9,1.Kreisliga (A),Richter-Bauelemente-Kreisliga  Staffel 2 · Kreis Westlausitz,14,21,84,55,SV Grün-Weiß Schwepnitz,9,fussball.de
031625EK6K000004VS5489BTVU7GTVLE-G,Sachsen,Kreis Zwickau,9,1.Kreisliga (A),Kreisliga · Kreis Zwickau,14,21,105,58,SpVgg Reinsdorf - Vielau,9,fussball.de
031CMSIASG000007VS5489BTVUS470OH-G,Sachsen-Anhalt,Kreis Altmark Ost,9,Kreisoberliga,Kreisoberliga · Kreis Altmark Ost,14,14,54,40,ASV Weiß-Blau Stendal,6,fussball.de
031D6Q1050000004VS5489BTVUS470OH-G,Sachsen-Anhalt,Kreis Altmark West,9,Kreisoberliga,1. Altmark West Liga,14,11,64,31,SV Heide Jävenitz,6,fussball.de
031D3P7OFC000004VS5489BTVUS470OH-G,Sachsen-Anhalt,Kreis Anhalt-Bitterfeld,9,Kreisoberliga,Kreisoberliga ABI · Kreis Anhalt-Bitterfeld,14,7,29,20,SV 1898 Wulfen,3,fussball.de
0319IBFKL8000006VS5489BUVV628VP4-G,Sachsen-Anhalt,Kreis Burgenland,9,Kreisoberliga,Kreisoberliga Burgenland,14,14,53,38,SC Naumburg II,6,fussball.de
031BS84D2K000004VS5489BTVUS470OH-G,Sachsen-Anhalt,Kreis Börde,9,Kreisoberliga,Bördeoberliga,14,14,55,35,OhreKicker Wolmirstedt I,6,fussball.de
031CE35C44000004VS5489BUVUR5FS5A-G,Sachsen-Anhalt,Kreis Harz,9,Kreisoberliga,Harzoberliga,13,6,33,18,FSV 20 Sargstedt I,3,fussball.de
031AGIHIG4000006VS5489BTVSK8S3O6-G,Sachsen-Anhalt,Kreis Jerichower Land,9,Kreisoberliga,Kreisoberliga Herren · Kreis Jerichower Land,14,7,44,20,TSV Brettin/Roßdorf II,3,fussball.de
031ARNOUBS000000VS5489BTVSK8S3O6-G,Sachsen-Anhalt,Kreis Mansfeld-Südharz,9,Kreisoberliga,Die-Werbefabrik.de-Kreisoberliga · Kreis Mansfeld-Südharz,14,14,78,42,MSV Eisleben II,6,fussball.de
031A9PVMKS000001VS5489BTVSK8S3O6-G,Sachsen-Anhalt,Kreis SFV Halle,9,Kreisoberliga,Stadtoberliga · Kreis SFV Halle,13,6,24,18,SG Motor Halle,3,fussball.de
031C4GN9OO000004VS5489BUVUR5FS5A-G,Sachsen-Anhalt,Kreis SFV Magdeburg,9,Kreisoberliga,Stadtoberliga Herren · Kreis SFV Magdeburg,12,6,32,16,Roter Stern Sudenburg,3,fussball.de
031CHMB4JK000004VS5489BUVUR5FS5A-G,Sachsen-Anhalt,Kreis Saalekreis,9,Kreisoberliga,Kreisoberliga · Kreis Saalekreis,14,7,39,20,SV 1916 Beuna,3,fussball.de
030J2CUJO000000FVS5489BTVUCDSG9E-G,Sachsen-Anhalt,Kreis Salzland,9,Kreisoberliga,Salzlandliga,14,20,117,59,SV Rotation Aschersleben,9,fussball.de
031AU83E34000003VS5489BUVV628VP4-G,Sachsen-Anhalt,Kreis Wittenberg,9,Kreisoberliga,Hanni-Solar Kreisoberliga · Kreis Wittenberg,14,7,24,21,SV Reinsdorf,3,fussball.de
031CGATI8C000004VS5489BUVUR5FS5A-G,Schleswig-Holstein,Kreis Herzogtum Lauenburg,9,Kreisklasse A,Kreisklasse A - 10 · Kreis Herzogtum Lauenburg,13,23,122,66,TSV Gudow,12,fussball.de
031DRCG4DG000004VS5489BUVUR5FS5A-G,Schleswig-Holstein,Kreis Holstein,9,Kreisklasse A,Kreisklasse A - 6 · Kreis Holstein,13,24,125,69,TSV 05 Neumünster,9,fussball.de
031DRC9808000004VS5489BUVUR5FS5A-G,Schleswig-Holstein,Kreis Holstein,9,Kreisklasse A,Kreisklasse A - 8 · Kreis Holstein,13,20,98,58,Raisdorfer TSV,12,fussball.de
031C4FTK7C000004VS5489BTVUS470OH-G,Schleswig-Holstein,Kreis Kiel,9,Kreisklasse A,Kreisklasse A - 7 · Kreis Kiel,14,28,125,78,Kieler MTV II,13,fussball.de
031C4BB2S0000004VS5489BTVUS470OH-G,Schleswig-Holstein,Kreis Lübeck,9,Kreisklasse A,Kreisklasse A - 11 · Kreis Lübeck,13,25,142,73,FC Dornbreite II,12,fussball.de
031CP58G2C000001VS5489BUVUR5FS5A-G,Schleswig-Holstein,Kreis Nordfriesland,9,Kreisklasse A,Kreisklasse A 1 · Kreis Nordfriesland,13,26,103,75,TSV Süderlügum,10,fussball.de
031C8DR5V0000004VS5489BTVUS470OH-G,Schleswig-Holstein,Kreis Ostholstein,9,Kreisklasse A,Kreisklasse A - 12 · Kreis Ostholstein,13,23,126,67,TSV Neustadt,9,fussball.de
031A5R5VK0000003VS5489BTVSK8S3O6-G,Schleswig-Holstein,Kreis Rendsburg-Eckernförde,9,Kreisklasse A,Kreisklasse A - 3 · Kreis Rendsburg-Eckernförde,13,24,103,67,FC Haddeby,11,fussball.de
031C3RVORK000004VS5489BUVUR5FS5A-G,Schleswig-Holstein,Kreis Schleswig-Flensburg,9,Kreisklasse A,Kreisklasse A - 2 · Kreis Schleswig-Flensburg,13,28,119,79,VFR Schleswig,12,fussball.de
031A6MI90K000006VS5489BUVV628VP4-G,Schleswig-Holstein,Kreis Segeberg,9,Kreisklasse A,Kreisklasse A - 9 · Kreis Segeberg,13,27,137,77,WSV Tangstedt,13,fussball.de
031BV46VFS000005VS5489BTVUS470OH-G,Schleswig-Holstein,Kreis Westküste,9,Kreisklasse A,Kreisklasse A - 4 · Kreis Westküste,13,23,77,65,TSV Friedrichskoog II,7,fussball.de
031BV4JDGS000005VS5489BTVUS470OH-G,Schleswig-Holstein,Kreis Westküste,9,Kreisklasse A,Kreisklasse A - 5 · Kreis Westküste,13,25,141,71,FC Reher/Puls,10,fussball.de
030EI95PF4000004VS5489BTVSFA9344-G,Südbaden,Baden-Baden,9,1.Kreisliga (A),Kreisliga A - Nord · Baden-Baden,16,16,73,45,FV Plittersdorf,6,fussball.de
0317TIPIMK000004VS5489BUVSBBVPEU-G,Südbaden,Baden-Baden,9,1.Kreisliga (A),Kreisliga A - Süd · Baden-Baden,16,16,63,47,SV Sasbachwalden,6,fussball.de
0319TNRPP000000EVS5489BUVV628VP4-G,Südbaden,Bodensee,9,1.Kreisliga (A),Kreisliga A - Staffel 1 · Bodensee,14,6,21,18,SG Dettingen-Dingelsdorf 2,3,fussball.de
0319TNRQ10000008VS5489BUVV628VP4-G,Südbaden,Bodensee,9,1.Kreisliga (A),Kreisliga A - Staffel 2 · Bodensee,14,7,38,20,DJK Singen,3,fussball.de
0319TNRQ7C00000DVS5489BUVV628VP4-G,Südbaden,Bodensee,9,1.Kreisliga (A),Kreisliga A - Staffel 3 · Bodensee,14,7,29,21,SpVgg F.A.L. 2,3,fussball.de
031BHHPCDC00000FVS5489BTVUS470OH-G,Südbaden,Freiburg,9,1.Kreisliga (A),Kreisliga A - Staffel 1 · Freiburg,16,0,0,0,FC Bötzingen,0,fussball.de
031BHHPCM400000EVS5489BTVUS470OH-G,Südbaden,Freiburg,9,1.Kreisliga (A),Kreisliga A - Staffel 2 · Freiburg,16,0,0,0,FC Auggen 2,0,fussball.de
031EE9C80C00000AVS5489BTVUS470OH-G,Südbaden,Hochrhein,9,1.Kreisliga (A),Kreisliga A - Ost · Hochrhein,16,14,77,41,SV Jestetten,6,fussball.de
031EE9C7QK000009VS5489BTVUS470OH-G,Südbaden,Hochrhein,9,1.Kreisliga (A),Kreisliga A - West · Hochrhein,16,15,72,40,FV Fahrnau,6,fussball.de
0316DIR6IS000007VS5489BUVSBBVPEU-G,Südbaden,Offenburg,9,1.Kreisliga (A),Kreisliga A - Nord · Offenburg,16,24,113,70,SV Leutesheim,9,fussball.de
0316DIR6A4000005VS5489BUVSBBVPEU-G,Südbaden,Offenburg,9,1.Kreisliga (A),Kreisliga A - Süd · Offenburg,16,26,125,73,SG Dörlinbach/Schweighausen,12,fussball.de
031HJJ2PQO000004VS5489BTVVG7L386-G,Südbaden,Schwarzwald,9,1.Kreisliga (A),Kreisliga A - Staffel 1 · Schwarzwald,14,15,57,41,FC Hochemmingen,4,fussball.de
031BS2HKKK000004VS5489BTVUS470OH-G,Südbaden,Schwarzwald,9,1.Kreisliga (A),Kreisliga A - Staffel 2 · Schwarzwald,14,11,49,32,SV TuS Immendingen,6,fussball.de
031AU7U23K000008VS5489BUVV628VP4-G,Südwest,Kreis Alzey-Worms,9,A-Klasse,Herren A-Klasse Alzey-Worms,16,40,188,114,Rhen. Rheindürkheim,15,fussball.de
0318IT4V50000004VS5489BUVV628VP4-G,Südwest,Kreis Bad Kreuznach,9,A-Klasse,Herren A-Klasse Bad Kreuznach,16,37,210,103,SG Hüffelsheim II,12,fussball.de
03160P2CPG000009VS5489BUVSBBVPEU-G,Südwest,Kreis Birkenfeld,9,A-Klasse,Herren A-Klasse Birkenfeld,15,36,180,102,SV Medard,15,fussball.de
031AQKDH4K000004VS5489BTVSK8S3O6-G,Südwest,Kreis Kaiserslaut.-Donnersberg,9,A-Klasse,Herren A-Klasse KL/DOB · Kreis Kaiserslaut.-Donnersberg,15,39,233,108,TuS Göllheim,13,fussball.de
0318KGNRSC000004VS5489BTVSK8S3O6-G,Südwest,Kreis Kusel-Kaiserslautern,9,A-Klasse,Herren A-Klasse Kusel-Kaiserslautern,16,41,220,121,SV Kottweiler-Schwanden,15,fussball.de
0318VI3NMG000009VS5489BTVSK8S3O6-G,Südwest,Kreis Mainz-Bingen,9,A-Klasse,Herren A-Klasse Mainz-Bingen,16,40,198,115,SG Bingerbrück/Weiler,15,fussball.de
03141TGT80000009VS5489BUVSBBVPEU-G,Südwest,Kreis Pirmasens/Zweibrücken,9,A-Klasse,Herren A-Klasse Pirmasens - Zweibrücken · Kreis Pirmasens/Zweibrücken,16,40,206,115,SG TuS 1894 Rimschweiler/VB Zweibrücken,12,fussball.de
0319K56QIG000008VS5489BTVSK8S3O6-G,Südwest,Kreis Rhein-Mittelhaardt,9,A-Klasse,Herren A-Klasse Rhein-Mittelhaardt,16,38,181,109,ASV Harthausen,13,fussball.de
0317I388O4000007VS5489BUVSBBVPEU-G,Südwest,Kreis Rhein-Pfalz,9,A-Klasse,Herren A-Klasse Rhein-Pfalz,15,34,184,97,VfR Frankenthal,18,fussball.de
0311HMV8PG00000AVS5489BUVVARDA0V-G,Südwest,Kreis Südpfalz,9,A-Klasse,Herren A-Klasse Südpfalz,15,35,173,98,SV Viktoria Herxheim II,12,fussball.de
0305IVKKP0000007VS5489BUVV5FEO72-G,Thüringen,Kreis Eichsf.-Unstrut-Hainich,9,Kreisliga,"Kreisliga, Staffel 1 · Kreis Eichsf.-Unstrut-Hainich",12,15,59,42,SV Viktoria Kirchworbis,9,fussball.de
0305IVKKVO000006VS5489BUVV5FEO72-G,Thüringen,Kreis Eichsf.-Unstrut-Hainich,9,Kreisliga,"Kreisliga, Staffel 2 · Kreis Eichsf.-Unstrut-Hainich",12,13,80,39,SpG Merxleben,6,fussball.de
031CHNON3G000000VS5489BUVUR5FS5A-G,Thüringen,Kreis Erfurt-Sömmerda,9,Kreisliga,Kreisliga St.I · Kreis Erfurt-Sömmerda,14,20,95,55,TSV Kerspleben II,10,fussball.de
031CHNON98000006VS5489BUVUR5FS5A-G,Thüringen,Kreis Erfurt-Sömmerda,9,Kreisliga,Kreisliga St.II · Kreis Erfurt-Sömmerda,14,20,95,58,SG SV Empor Walschleben II,9,fussball.de
0312PVOV5C000004VS5489BUVSBBVPEU-G,Thüringen,Kreis Jena-Saale-Orla,9,Kreisliga,Kreisliga · Kreis Jena-Saale-Orla,13,11,52,31,SG Holzland I,6,fussball.de
03155PUN0K000003VS5489BUVSBBVPEU-G,Thüringen,Kreis Mittelthüringen,9,Kreisliga,Kreisliga Nord · Kreis Mittelthüringen,14,20,93,58,SV Fortuna Großschwabhausen,9,fussball.de
03155PUN84000006VS5489BUVSBBVPEU-G,Thüringen,Kreis Mittelthüringen,9,Kreisliga,Kreisliga Süd · Kreis Mittelthüringen,12,13,69,36,SG Spfd. Elxleben,7,fussball.de
031AEBVI1K000006VS5489BTVSK8S3O6-G,Thüringen,Kreis Nordthüringen,9,Kreisliga,Kreisliga Staffel 1 · Kreis Nordthüringen,14,21,100,63,VfB Artern 1919 II,9,fussball.de
031AEBVI6G000006VS5489BTVSK8S3O6-G,Thüringen,Kreis Nordthüringen,9,Kreisliga,Kreisliga Staffel 2 · Kreis Nordthüringen,14,22,104,64,WSV 77 Windehausen,10,fussball.de
031CQ51LUC000006VS5489BTVUS470OH-G,Thüringen,Kreis Ostthüringen,9,Kreisliga,"Kreisliga, Staffel A · Kreis Ostthüringen",12,5,18,12,SpG TSV 1861 Pölzig,3,fussball.de
031CQ51M68000005VS5489BTVUS470OH-G,Thüringen,Kreis Ostthüringen,9,Kreisliga,"Kreisliga, Staffel B · Kreis Ostthüringen",13,6,28,17,SV Langenberg,3,fussball.de
031B9H7Q0O000008VS5489BTVSK8S3O6-G,Thüringen,Kreis Rhön-Rennsteig,9,Kreisliga,Kreisliga · Kreis Rhön-Rennsteig,15,21,99,60,SG FSV 48 Oepfershausen,7,fussball.de
030TKMTG30000006VS5489BUVSEBP30S-G,Thüringen,Kreis Südthüringen,9,Kreisliga,Harrys Kreisliga Südthüringen,12,22,117,66,SG SV 1911 Mendhausen,9,fussball.de
031B8TEF0S000008VS5489BTVSK8S3O6-G,Thüringen,Kreis Westthüringen,9,Kreisliga,Kreisliga Staffel 1 · Kreis Westthüringen,14,14,85,41,VfB Wangenheim 04,9,fussball.de
031B8TEFB8000005VS5489BTVSK8S3O6-G,Thüringen,Kreis Westthüringen,9,Kreisliga,Kreisliga Staffel 2 · Kreis Westthüringen,14,14,58,39,SG BSG Kali Werra Tiefenort,6,fussball.de
031E5FE9FG000004VS5489BUVUR5FS5A-G,Westfalen,Kreis Ahaus-Coesfeld,9,Kreisliga A,Kreisliga A 1 Ahaus-Coesfeld,17,24,114,67,DJK Eintr. Stadtlohn,9,fussball.de
031E5FG9KS000004VS5489BUVUR5FS5A-G,Westfalen,Kreis Ahaus-Coesfeld,9,Kreisliga A,Kreisliga A 2 Ahaus-Coesfeld,16,14,62,40,SG Coesfeld 06,6,fussball.de
031I0AE5E8000009VS5489BUVVKNMR0J-G,Westfalen,Kreis Arnsberg,9,Kreisliga A,Kreisliga A Arnsberg,16,8,42,20,FC Neheim-Erlenbruch,3,fussball.de
031ARLG0DG000004VS5489BTVSK8S3O6-G,Westfalen,Kreis Beckum,9,Kreisliga A,Kreisliga A Beckum,16,16,76,45,Fortuna Walstedde I,6,fussball.de
0311HOLAUG00000AVS5489BTVT51B5B5-G,Westfalen,Kreis Bielefeld,9,Kreisliga A,Kreisliga A · Kreis Bielefeld,16,32,163,93,SG Oesterweg,12,fussball.de
0311I4LMQK000004VS5489BTVT51B5B5-G,Westfalen,Kreis Bochum,9,Kreisliga A,Kreisliga A1 Herren · Kreis Bochum,16,32,184,94,BV Hiltrop 1912,12,fussball.de
0311I5EAF0000000VS5489BTVT51B5B5-G,Westfalen,Kreis Bochum,9,Kreisliga A,Kreisliga A2 Herren · Kreis Bochum,16,30,150,89,RW Stiepel,12,fussball.de
031893NLSO00000BVS5489BTVU7GTVLE-G,Westfalen,Kreis Detmold,9,Kreisliga A,Kreisliga A · Kreis Detmold,15,27,141,76,SV Eintracht Jerxen-Orbke,12,fussball.de
03133UGSMO000004VS5489BUVSBBVPEU-G,Westfalen,Kreis Dortmund,9,Kreisliga A,Medical4You Kreisliga A - Dortmund,18,37,161,102,Rot-Weiß Germania 11/67,12,fussball.de
0318RD8M84000004VS5489BUVV628VP4-G,Westfalen,Kreis Gelsenkirchen,9,Kreisliga A,Kreisliga A Herren · Kreis Gelsenkirchen,16,32,187,93,VfL Grafenwald,12,fussball.de
031CE30T9S00000IVS5489BUVUR5FS5A-G,Westfalen,Kreis Gütersloh,9,Kreisliga A,Kreisliga A Gütersloh,16,24,123,66,Victoria Clarholz II,9,fussball.de
031F6I7GRS00000HVS5489BUVSJ4CRAP-G,Westfalen,Kreis Hagen,9,Kreisliga A,Kreisliga A Hagen,16,20,93,57,VfB Schwelm,9,fussball.de
03131NV31O00000KVS5489BUVSBBVPEU-G,Westfalen,Kreis Herford,9,Kreisliga A,Kreisliga A · Kreis Herford,17,29,127,83,SC Enger,12,fussball.de
031D6125TS00000DVS5489BTVUS470OH-G,Westfalen,Kreis Herne,9,Kreisliga A,Herren Kreisliga  A · Kreis Herne,16,16,88,46,FC Frohlinde,6,fussball.de
031E3U14LK00000IVS5489BUVUR5FS5A-G,Westfalen,Kreis Hochsauerlandkreis,9,Kreisliga A,Kreisliga A Hochsauerland · Kreis Hochsauerlandkreis,16,26,95,75,SG Ostwig-Nuttlar/Valmetal,10,fussball.de
0315574T58000004VS5489BTVU7GTVLE-G,Westfalen,Kreis Höxter,9,Kreisliga A,Kreisliga A · Kreis Höxter,16,34,150,95,SG Aa Nethetal/Bellersen,12,fussball.de
030VV5BSQ8000007VS5489BTVT51B5B5-G,Westfalen,Kreis Iserlohn,9,Kreisliga A,Kreisliga A - Iserlohn,16,17,100,50,SpVgg. Nachrodt,6,fussball.de
031BEPQUIS00000FVS5489BUVUR5FS5A-G,Westfalen,Kreis Lemgo,9,Kreisliga A,Kreisliga A Lemgo,16,24,114,69,SG Bentorf/Hohenhausen,9,fussball.de
031H023MV0000008VS5489BTVVG7L386-G,Westfalen,Kreis Lippstadt,9,Kreisliga A,Kreisliga A Lippstadt,16,34,166,100,VfL Hörste-Garfeln,12,fussball.de
031F017DUC000000VS5489BTVUS470OH-G,Westfalen,Kreis Lübbecke,9,Kreisliga A,Kreisliga A K_20 Lübbecke,16,35,183,98,VfB Fabbenstedt,15,fussball.de
0311BQD0NS00000MVS5489BUVVARDA0V-G,Westfalen,Kreis Lüdenscheid,9,Kreisliga A,Kreisliga A Lüdenscheid,15,14,87,37,SV Hellas Lüdenscheid,6,fussball.de
031105KV94000004VS5489BUVVARDA0V-G,Westfalen,Kreis Minden,9,Kreisliga A,Kreisliga A Minden,16,48,247,140,FC Ezidxan Minden,18,fussball.de
031BT2OB5O000009VS5489BUVUR5FS5A-G,Westfalen,Kreis Münster,9,Kreisliga A,Kreisliga A 1  Herren · Kreis Münster,16,24,96,70,SC Füchtorf,9,fussball.de
031BT2OBEG000009VS5489BUVUR5FS5A-G,Westfalen,Kreis Münster,9,Kreisliga A,Kreisliga A 2  Herren · Kreis Münster,16,23,90,66,VfL Senden II,9,fussball.de
031IKJ83EG000009VS5489BTVSRD0UH9-G,Westfalen,Kreis Olpe,9,Kreisliga A,Kreisliga A Olpe,16,31,139,86,RW Ostentrop/Schönholthausen,12,fussball.de
0313R1KT78000004VS5489BTVU7GTVLE-G,Westfalen,Kreis Paderborn,9,Kreisliga A,Kreisliga A Paderborn,16,34,149,97,Suryoye Paderborn,12,fussball.de
031AU70L7O000009VS5489BUVV628VP4-G,Westfalen,Kreis Recklinghausen,9,Kreisliga A,RE KL A 1 · Kreis Recklinghausen,16,17,91,45,ETuS Haltern,7,fussball.de
031AU70LGO000009VS5489BUVV628VP4-G,Westfalen,Kreis Recklinghausen,9,Kreisliga A,RE KL A 2 · Kreis Recklinghausen,16,15,79,42,SG Suderwich,6,fussball.de
031BJIUTPC00000HVS5489BUVUR5FS5A-G,Westfalen,Kreis Siegen-Wittgenstein,9,Kreisliga A,Kreisliga A Siegen/Wittgenstein · Kreis Siegen-Wittgenstein,16,14,74,39,Spfr. Edertal,6,fussball.de
031D2EMM0K000005VS5489BUVUR5FS5A-G,Westfalen,Kreis Soest,9,Kreisliga A,Kreisliga A Herren Soest,16,31,173,90,TuS Bremen,12,fussball.de
031BTVS5HG00000DVS5489BUVUR5FS5A-G,Westfalen,Kreis Steinfurt,9,Kreisliga A,Kreisliga A Steinfurt,16,18,80,50,Grün-Weiß Amisia Rheine,6,fussball.de
031GBGOEJ8000004VS5489BUVSJ4CRAP-G,Westfalen,Kreis Tecklenburg,9,Kreisliga A,Kreisliga A · Kreis Tecklenburg,16,19,81,55,DJK Arminia Ibbenbüren,9,fussball.de
030GHEM4S000000CVS5489BUVVJ7KPKB-G,Westfalen,Kreis Unna-Hamm,9,Kreisliga A,Kreisliga A 1 Unna-Hamm,16,31,184,90,VfL Mark,9,fussball.de
030GHEM590000009VS5489BUVVJ7KPKB-G,Westfalen,Kreis Unna-Hamm,9,Kreisliga A,Kreisliga A 2 Unna-Hamm,16,33,202,93,FC TuRa Bergkamen,13,fussball.de
03186HPT70000004VS5489BUVSBBVPEU-G,Württemberg,Bezirk Alb (K),9,Kreisliga A; Kreisliga,Kreisliga A1 · Bezirk Alb (K),15,18,80,52,SGM SV Bremelau/SV Granheim,9,fussball.de
03186JO8UG000003VS5489BUVSBBVPEU-G,Württemberg,Bezirk Alb (K),9,Kreisliga A; Kreisliga,Kreisliga A2 · Bezirk Alb (K),15,15,71,42,TSG Reutlingen,7,fussball.de
03186KDKUK000004VS5489BUVSBBVPEU-G,Württemberg,Bezirk Alb (K),9,Kreisliga A; Kreisliga,Kreisliga A3 · Bezirk Alb (K),15,18,71,51,TSV Lustnau I,9,fussball.de
0311EHPTTG00000CVS5489BTVT51B5B5-G,Württemberg,Bezirk Bodensee (K),9,Kreisliga A; Kreisliga,Kreisliga A1 · Bezirk Bodensee (K),15,21,90,59,FV Bad Waldsee,7,fussball.de
0311EHPU6O00000BVS5489BTVT51B5B5-G,Württemberg,Bezirk Bodensee (K),9,Kreisliga A; Kreisliga,Kreisliga A2 · Bezirk Bodensee (K),14,21,82,60,SpVgg Lindau,9,fussball.de
0313MVQGS800000BVS5489BTVU7GTVLE-G,Württemberg,Bezirk Donau/Iller (K),9,Kreisliga A; Kreisliga,Kreisliga A1 · Bezirk Donau/Iller (K),15,22,78,62,SGM Spfr Kirchen/ SC Lauterach,10,fussball.de
0313MVQH6K00000BVS5489BTVU7GTVLE-G,Württemberg,Bezirk Donau/Iller (K),9,Kreisliga A; Kreisliga,Kreisliga A2 · Bezirk Donau/Iller (K),16,23,89,67,TSV Bernstadt,9,fussball.de
0313MVQHDG00000BVS5489BTVU7GTVLE-G,Württemberg,Bezirk Donau/Iller (K),9,Kreisliga A; Kreisliga,Kreisliga A3 · Bezirk Donau/Iller (K),16,24,68,65,SGM Ingstetten/Schießen,9,fussball.de
031BSHDAI800000DVS5489BUVUR5FS5A-G,Württemberg,Bezirk Enz/Murr (K),9,Kreisliga A; Kreisliga,Kreisliga A1 · Bezirk Enz/Murr (K),15,0,0,0,FSV Ossweil,0,fussball.de
031BSHDARC00000AVS5489BUVUR5FS5A-G,Württemberg,Bezirk Enz/Murr (K),9,Kreisliga A; Kreisliga,Kreisliga A2 · Bezirk Enz/Murr (K),15,0,0,0,FC Gerlingen,0,fussball.de
031BSHDB1S00000EVS5489BUVUR5FS5A-G,Württemberg,Bezirk Enz/Murr (K),9,Kreisliga A; Kreisliga,Kreisliga A3 · Bezirk Enz/Murr (K),14,0,0,0,FC Mezopotamya Bietigheim,0,fussball.de
031991FA0G000005VS5489BUVV628VP4-G,Württemberg,Bezirk Franken (K),9,Kreisliga A; Kreisliga,Kreisliga A1 · Bezirk Franken (K),16,16,59,44,SGM Fürfeld/Bonfeld,6,fussball.de
031991FA68000005VS5489BUVV628VP4-G,Württemberg,Bezirk Franken (K),9,Kreisliga A; Kreisliga,Kreisliga A2 · Bezirk Franken (K),16,17,67,50,VfL Eberstadt,6,fussball.de
031991FABO000000VS5489BUVV628VP4-G,Württemberg,Bezirk Franken (K),9,Kreisliga A; Kreisliga,Kreisliga A3 · Bezirk Franken (K),16,16,76,45,TSV Neuenstein,6,fussball.de
031CSU3HD8000007VS5489BTVUS470OH-G,Württemberg,Bezirk Neckar/Fils (K),9,Kreisliga A; Kreisliga,Kreisliga A1 · Bezirk Neckar/Fils (K),16,7,31,17,TB Ruit,3,fussball.de
031CSU3HKO000007VS5489BTVUS470OH-G,Württemberg,Bezirk Neckar/Fils (K),9,Kreisliga A; Kreisliga,Kreisliga A2 · Bezirk Neckar/Fils (K),16,8,31,24,Spfr Dettingen/Teck,3,fussball.de
031CSU3HUC000007VS5489BTVUS470OH-G,Württemberg,Bezirk Neckar/Fils (K),9,Kreisliga A; Kreisliga,Kreisliga A3 · Bezirk Neckar/Fils (K),16,7,32,18,FTSV Kuchen,3,fussball.de
030SRI1TEO000001VS5489BTVVR5L0PB-G,Württemberg,Bezirk Nordschwarzwald (K),9,Kreisliga A; Kreisliga,Kreisliga A1 · Bezirk Nordschwarzwald (K),15,14,58,41,SGM Oberreichenbach/Würzbach,6,fussball.de
030SRI1TM8000006VS5489BTVVR5L0PB-G,Württemberg,Bezirk Nordschwarzwald (K),9,Kreisliga A; Kreisliga,Kreisliga A2 · Bezirk Nordschwarzwald (K),15,14,72,41,Spvgg Freudenstadt II,6,fussball.de
031A4TVRI0000006VS5489BTVSK8S3O6-G,Württemberg,Bezirk Oberschwaben (K),9,Kreisliga A; Kreisliga,Kreisliga A1 · Bezirk Oberschwaben (K),15,14,62,40,SGM SV Bronnen/TSV Neufra,6,fussball.de
031A4TVRP0000006VS5489BTVSK8S3O6-G,Württemberg,Bezirk Oberschwaben (K),9,Kreisliga A; Kreisliga,Kreisliga A2 · Bezirk Oberschwaben (K),15,14,53,39,SGM Warthausen/Birkenhard,6,fussball.de
031A4TVRV8000006VS5489BTVSK8S3O6-G,Württemberg,Bezirk Oberschwaben (K),9,Kreisliga A; Kreisliga,Kreisliga A3 · Bezirk Oberschwaben (K),16,15,60,40,SGM Eberhardzell/Unterschwarzach,6,fussball.de
03153DTK2000000CVS5489BTVU7GTVLE-G,Württemberg,Bezirk Ostwürttemberg (K),9,Kreisliga A; Kreisliga,Kreisliga A1 · Bezirk Ostwürttemberg (K),17,31,125,87,TV Straßdorf,12,fussball.de
03153DTKBK000006VS5489BTVU7GTVLE-G,Württemberg,Bezirk Ostwürttemberg (K),9,Kreisliga A; Kreisliga,Kreisliga A2 · Bezirk Ostwürttemberg (K),16,27,98,77,FC Ellwangen 1913,9,fussball.de
03153DTKIS00000AVS5489BTVU7GTVLE-G,Württemberg,Bezirk Ostwürttemberg (K),9,Kreisliga A; Kreisliga,Kreisliga A3 · Bezirk Ostwürttemberg (K),16,24,96,69,TSG Schnaitheim,9,fussball.de
03199VRBD0000006VS5489BTVSK8S3O6-G,Württemberg,Bezirk Rems/Murr/Hall (K),9,Kreisliga A; Kreisliga,Kreisliga A1 · Bezirk Rems/Murr/Hall (K),15,14,71,39,TV Stetten i.R.,6,fussball.de
03199VRBJS000006VS5489BTVSK8S3O6-G,Württemberg,Bezirk Rems/Murr/Hall (K),9,Kreisliga A; Kreisliga,Kreisliga A2 · Bezirk Rems/Murr/Hall (K),15,14,69,40,SPVGG Kleinaspach,6,fussball.de
031EOL3K6O000001VS5489BUVUR5FS5A-G,Württemberg,Bezirk Rems/Murr/Hall (K),9,Kreisliga A; Kreisliga,Kreisliga A3 (Crailsheimer Staffel) · Bezirk Rems/Murr/Hall (K),10,10,46,29,FC Matzenbach I,6,fussball.de
03199VRBPG000006VS5489BTVSK8S3O6-G,Württemberg,Bezirk Rems/Murr/Hall (K),9,Kreisliga A; Kreisliga,Kreisliga A3 (Haller Staffel) · Bezirk Rems/Murr/Hall (K),10,10,40,26,SV Tüngental,6,fussball.de
031516JAEO000004VS5489BUVSBBVPEU-G,Württemberg,Bezirk Schwarzwald/Zollern (K),9,Kreisliga A; Kreisliga,Kreisliga A1 · Bezirk Schwarzwald/Zollern (K),15,18,76,52,SV Villingendorf,6,fussball.de
031516L84G000004VS5489BUVSBBVPEU-G,Württemberg,Bezirk Schwarzwald/Zollern (K),9,Kreisliga A; Kreisliga,Kreisliga A2 · Bezirk Schwarzwald/Zollern (K),16,22,96,65,SV Heiligenzimmern I,9,fussball.de
031516N970000004VS5489BUVSBBVPEU-G,Württemberg,Bezirk Schwarzwald/Zollern (K),9,Kreisliga A; Kreisliga,Kreisliga A3 · Bezirk Schwarzwald/Zollern (K),16,19,91,55,SV Renquishausen I,9,fussball.de
0313Q0JPIO000006VS5489BTVU7GTVLE-G,Württemberg,Bezirk Stuttgart/Böblingen (K),9,Kreisliga A; Kreisliga,Kreisliga A1 · Bezirk Stuttgart/Böblingen (K),16,8,35,22,Türkspor Stuttgart,3,fussball.de
0313Q0JPO0000000VS5489BTVU7GTVLE-G,Württemberg,Bezirk Stuttgart/Böblingen (K),9,Kreisliga A; Kreisliga,Kreisliga A2 · Bezirk Stuttgart/Böblingen (K),16,8,38,23,FV Germania Degerloch,3,fussball.de
0313Q0JPSS000006VS5489BTVU7GTVLE-G,Württemberg,Bezirk Stuttgart/Böblingen (K),9,Kreisliga A; Kreisliga,Kreisliga A3 · Bezirk Stuttgart/Böblingen (K),16,9,36,24,TSV Schönaich,4,fussball.de
031DC9N7T0000007VS5489BTVUS470OH-G,Baden,Kreis Bruchsal,10,Kreisklasse B,bfv-Kreisklasse B Bruchsal Staffel 1,14,7,29,20,TSV Dürrenbüchig,3,fussball.de
031DC9N84C00000AVS5489BTVUS470OH-G,Baden,Kreis Bruchsal,10,Kreisklasse B,bfv-Kreisklasse B Bruchsal Staffel 2,14,7,39,20,FV 1912 Wiesental 2,3,fussball.de
0312UDEOJ800000IVS5489BUVSBBVPEU-G,Baden,Kreis Buchen,10,Kreisklasse B,bfv-Kreisklasse B Buchen,8,0,0,0,SpG Adelsheim 2 / Oberkessach 2,0,fussball.de
031EDO4BM800000DVS5489BTVUS470OH-G,Baden,Kreis Heidelberg,10,Kreisklasse B,bfv-Kreisklasse B Heidelberg,16,24,109,71,FC Sandhausen 1986 e.V.,9,fussball.de
03141RLO4400000EVS5489BTVU7GTVLE-G,Baden,Kreis Karlsruhe,10,Kreisklasse B,bfv-Kreisklasse B1 Karlsruhe,14,7,28,21,FV Fortuna Kirchfeld 3,3,fussball.de
03141RLOBS00000GVS5489BTVU7GTVLE-G,Baden,Kreis Karlsruhe,10,Kreisklasse B,bfv-Kreisklasse B2 Karlsruhe,13,5,20,13,FC Español Karlsruhe,3,fussball.de
03141RLOIS00000EVS5489BTVU7GTVLE-G,Baden,Kreis Karlsruhe,10,Kreisklasse B,bfv-Kreisklasse B3 Karlsruhe,13,6,41,16,SpVgg Söllingen,3,fussball.de
03141RLOPO000000VS5489BTVU7GTVLE-G,Baden,Kreis Karlsruhe,10,Kreisklasse B,bfv-Kreisklasse B4 Karlsruhe,14,11,48,30,SV Langensteinbach 2,6,fussball.de
031EMKU98G00000HVS5489BUVUR5FS5A-G,Baden,Kreis Mannheim,10,Kreisklasse B,Kreisklasse B1 Mannheim,14,6,41,18,TSG Eintracht Plankstadt 2,3,fussball.de
031EMKU9G800000GVS5489BUVUR5FS5A-G,Baden,Kreis Mannheim,10,Kreisklasse B,Kreisklasse B2 Mannheim,13,6,31,16,SPVGG Türkspor Edingen,3,fussball.de
031EMKU9N400000DVS5489BUVUR5FS5A-G,Baden,Kreis Mannheim,10,Kreisklasse B,Kreisklasse B3 Mannheim,14,6,29,16,SG 1983 Viernheim,3,fussball.de
0318SOMQJS000004VS5489BTVSK8S3O6-G,Baden,Kreis Mosbach,10,Kreisklasse B,bfv-Kreisklasse B1 Mosbach 26/27 Vor,11,5,15,11,FC Neckarzimmern 2,3,fussball.de
0318SP2H9G000004VS5489BTVSK8S3O6-G,Baden,Kreis Mosbach,10,Kreisklasse B,bfv-Kreisklasse B2 Mosbach 26/27 Vor,11,5,22,14,FC Asbach,3,fussball.de
0316DAENG0000004VS5489BTVU7GTVLE-G,Baden,Kreis Pforzheim,10,Kreisklasse B,bfv-Kreisklasse B1 Pforzheim,14,6,35,17,HNK Pforzheim,6,fussball.de
0316DAUG9S000004VS5489BTVU7GTVLE-G,Baden,Kreis Pforzheim,10,Kreisklasse B,bfv-Kreisklasse B2 Pforzheim,14,5,31,15,TSV Schömberg,3,fussball.de
031427VQDG00000DVS5489BUVSBBVPEU-G,Baden,Kreis Sinsheim,10,Kreisklasse B,bfv-Kreisklasse B  Sinsheim,16,21,118,61,SV Hilsbach,10,fussball.de
031092A67S000004VS5489BTVT51B5B5-G,Baden,Kreis Tauberbischofsheim,10,Kreisklasse B,bfv-Kreisklasse B Tauberbischofsheim Staffel 1,10,4,18,12,FSV Tauberhöhe 3,3,fussball.de
031AG25S68000004VS5489BTVSK8S3O6-G,Baden,Kreis Tauberbischofsheim,10,Kreisklasse B,bfv-Kreisklasse B Tauberbischofsheim Staffel 2,9,4,16,11,SpG Windischbuch/Schwabhausen 2,3,fussball.de
03187AVDF0000006VS5489BUVSBBVPEU-G,Bayern,Kreis Allgäu,10,A Klasse,A Klasse Allgäu 4,11,17,64,48,SSV Niedersonthofen 2,10,fussball.de
0315DEU270000004VS5489BTVU7GTVLE-G,Bayern,Kreis Allgäu,10,A Klasse,A-Klasse Allgäu 1,13,24,100,69,FC Hawangen,12,fussball.de
0315DF826G000003VS5489BTVU7GTVLE-G,Bayern,Kreis Allgäu,10,A Klasse,A-Klasse Allgäu 2,14,26,134,75,SV Bedernau,10,fussball.de
0315DFBFF8000004VS5489BTVU7GTVLE-G,Bayern,Kreis Allgäu,10,A Klasse,A-Klasse Allgäu 3,13,25,94,70,(SG1) Kimratshofen/Legau 2,12,fussball.de
031551SKLK000004VS5489BTVU7GTVLE-G,Bayern,Kreis Allgäu,10,A Klasse,A-Klasse Allgäu 5,13,24,97,69,SV Eggenthal,9,fussball.de
03155H71K4000004VS5489BUVSBBVPEU-G,Bayern,Kreis Allgäu,10,A Klasse,A-Klasse Allgäu 6,12,20,85,56,TSV Seeg-Hopferau-Eisenberg 2,9,fussball.de
0313EK64B4000006VS5489BUVSBBVPEU-G,Bayern,Kreis Amberg/Weiden,10,A Klasse,A-Klasse AM/WEN Nord · Kreis Amberg/Weiden,12,31,120,88,TuS Schnaittenbach,15,fussball.de
0313EK64H0000007VS5489BUVSBBVPEU-G,Bayern,Kreis Amberg/Weiden,10,A Klasse,A-Klasse AM/WEN Ost · Kreis Amberg/Weiden,12,28,127,79,SG SV Wurz/SV Störnstein,15,fussball.de
0313EK64NG000004VS5489BUVSBBVPEU-G,Bayern,Kreis Amberg/Weiden,10,A Klasse,A-Klasse AM/WEN Süd · Kreis Amberg/Weiden,13,36,153,103,(SG 1) UPO II / Gebenbach II,18,fussball.de
0313EK645S000006VS5489BUVSBBVPEU-G,Bayern,Kreis Amberg/Weiden,10,A Klasse,A-Klasse AM/WEN West · Kreis Amberg/Weiden,13,36,134,102,TSV 1960 Kastl,15,fussball.de
0318S0UKOS000006VS5489BTVSK8S3O6-G,Bayern,Kreis Aschaffenburg,10,A Klasse,AK-Gr1 AB · Kreis Aschaffenburg,16,53,223,146,TV Wasserlos 2,15,fussball.de
0318S0UKU4000006VS5489BTVSK8S3O6-G,Bayern,Kreis Aschaffenburg,10,A Klasse,AK-Gr2 AB · Kreis Aschaffenburg,15,49,214,141,1.FC Südring Aschaffenburg,21,fussball.de
0318S0UL3K000006VS5489BTVSK8S3O6-G,Bayern,Kreis Aschaffenburg,10,A Klasse,AK-Gr3 AB · Kreis Aschaffenburg,14,40,174,114,TSV Pflaumheim 2,15,fussball.de
0318S0UL94000005VS5489BTVSK8S3O6-G,Bayern,Kreis Aschaffenburg,10,A Klasse,AK-Gr4 AB · Kreis Aschaffenburg,16,57,240,165,TSV Amorbach,21,fussball.de
0310VPOCSG000007VS5489BTVT51B5B5-G,Bayern,Kreis Augsburg,10,A Klasse,AK Aichach · Kreis Augsburg,13,17,77,50,SV Hörzhausen,9,fussball.de
0310VPOBJG00002KVS5489BTVT51B5B5-G,Bayern,Kreis Augsburg,10,A Klasse,AK Augsburg Mitte,13,15,71,43,PSV Augsburg,7,fussball.de
0310VOM7KK00005JVS5489BTVT51B5B5-G,Bayern,Kreis Augsburg,10,A Klasse,AK Augsburg Nord,13,20,84,56,TSV Meitingen 2,9,fussball.de
0310VPOCN0000007VS5489BTVT51B5B5-G,Bayern,Kreis Augsburg,10,A Klasse,AK Augsburg Ost,13,18,87,51,FC Haunstetten,9,fussball.de
0310VPOA7C000008VS5489BTVT51B5B5-G,Bayern,Kreis Augsburg,10,A Klasse,AK Augsburg Süd,12,16,54,44,(SG1) SV Hurlach/SSV Obermeitingen,9,fussball.de
0310VOM68O00004RVS5489BTVT51B5B5-G,Bayern,Kreis Augsburg,10,A Klasse,AK Augsburg West,13,17,56,50,TSV Zusmarshausen 2,12,fussball.de
0310VPOCHC000006VS5489BTVT51B5B5-G,Bayern,Kreis Augsburg,10,A Klasse,AK Neuburg · Kreis Augsburg,14,20,89,58,SV Ludwigsmoos,9,fussball.de
031698JO3K000003VS5489BUVSBBVPEU-G,Bayern,Kreis Bamberg/Bayreuth/Kulmb.,10,A Klasse,A-Klasse 1 BA · Kreis Bamberg/Bayreuth/Kulmb.,14,43,215,126,SV Zapfendorf,18,fussball.de
03169AK7QK000000VS5489BUVSBBVPEU-G,Bayern,Kreis Bamberg/Bayreuth/Kulmb.,10,A Klasse,A-Klasse 2 BA · Kreis Bamberg/Bayreuth/Kulmb.,14,41,194,119,SC Markt Heiligenstadt 2,15,fussball.de
03169CKM9G000007VS5489BUVSBBVPEU-G,Bayern,Kreis Bamberg/Bayreuth/Kulmb.,10,A Klasse,A-Klasse 3 BA · Kreis Bamberg/Bayreuth/Kulmb.,16,64,348,189,(SG1) RSV Drosendorf I/ SV Weichendorf III,24,fussball.de
03169E54M0000006VS5489BUVSBBVPEU-G,Bayern,Kreis Bamberg/Bayreuth/Kulmb.,10,A Klasse,A-Klasse 4 BA · Kreis Bamberg/Bayreuth/Kulmb.,14,42,179,120,SV Wachenroth,18,fussball.de
0312P18HJ4000005VS5489BUVSBBVPEU-G,Bayern,Kreis Bamberg/Bayreuth/Kulmb.,10,A Klasse,A-Klasse 5 BT · Kreis Bamberg/Bayreuth/Kulmb.,13,27,139,75,Eintracht Bayreuth 2,12,fussball.de
0312P18I1K000006VS5489BUVSBBVPEU-G,Bayern,Kreis Bamberg/Bayreuth/Kulmb.,10,A Klasse,A-Klasse 6 BT · Kreis Bamberg/Bayreuth/Kulmb.,14,40,212,113,Blaicher SC Kulmbach,18,fussball.de
0312P18HRC000006VS5489BUVSBBVPEU-G,Bayern,Kreis Bamberg/Bayreuth/Kulmb.,10,A Klasse,A-Klasse 7 BT · Kreis Bamberg/Bayreuth/Kulmb.,15,53,248,151,1. FC Creußen 2,18,fussball.de
0315HGMJ58000001VS5489BTVU7GTVLE-G,Bayern,Kreis Cham/Schwandorf,10,A Klasse,A-Klasse CHA/SAD Nord · Kreis Cham/Schwandorf,10,22,80,64,(SG1) Trisching II/Schmidgaden II,12,fussball.de
0315HGMM8C000014VS5489BTVU7GTVLE-G,Bayern,Kreis Cham/Schwandorf,10,A Klasse,A-Klasse CHA/SAD Ost · Kreis Cham/Schwandorf,9,16,70,47,SV Alten- u. Neuenschwand I,10,fussball.de
0315HGMKUO00000AVS5489BTVU7GTVLE-G,Bayern,Kreis Cham/Schwandorf,10,A Klasse,A-Klasse CHA/SAD Süd · Kreis Cham/Schwandorf,10,19,90,54,SF Weidenthal-Guteneck,12,fussball.de
03124BN6US000004VS5489BTVT51B5B5-G,Bayern,Kreis Coburg/Kronach/Lichtenf.,10,A Klasse,A-1 Klasse · Kreis Coburg/Kronach/Lichtenf.,12,29,134,81,FC Krecktal 2,16,fussball.de
03124BPSPG000003VS5489BTVT51B5B5-G,Bayern,Kreis Coburg/Kronach/Lichtenf.,10,A Klasse,A-2 Klasse · Kreis Coburg/Kronach/Lichtenf.,14,41,170,116,1. FC Hochstadt,19,fussball.de
03124BT2NO000004VS5489BTVT51B5B5-G,Bayern,Kreis Coburg/Kronach/Lichtenf.,10,A Klasse,A-3 Klasse · Kreis Coburg/Kronach/Lichtenf.,14,39,182,113,TSV 1860 Rodach,15,fussball.de
03124BV6Q4000003VS5489BTVT51B5B5-G,Bayern,Kreis Coburg/Kronach/Lichtenf.,10,A Klasse,A-4 Klasse · Kreis Coburg/Kronach/Lichtenf.,14,41,176,116,(SG 2) 1. FC Hirschfeld 2 / SC Steinbach/W. 2,16,fussball.de
0314HDPSDC000005VS5489BTVU7GTVLE-G,Bayern,Kreis Donau,10,A Klasse,AK Nord 1 · Kreis Donau,11,12,52,33,FC Nordries,6,fussball.de
0314HDPSI4000005VS5489BTVU7GTVLE-G,Bayern,Kreis Donau,10,A Klasse,AK Nord 2 · Kreis Donau,11,13,48,37,TSV Bäumenheim,9,fussball.de
0314HDPQKK00005GVS5489BTVU7GTVLE-G,Bayern,Kreis Donau,10,A Klasse,AK West 1 · Kreis Donau,11,10,36,28,(SG 1) Kammeltal,6,fussball.de
0314HDPRU0000005VS5489BTVU7GTVLE-G,Bayern,Kreis Donau,10,A Klasse,AK West 2 · Kreis Donau,12,12,63,36,(SG 1) Röfingen/Konzenberg/Mönstetten,6,fussball.de
0314HDPS40000005VS5489BTVU7GTVLE-G,Bayern,Kreis Donau,10,A Klasse,AK West 3 · Kreis Donau,11,12,47,33,SG Reisensburg-Leinheim 2,9,fussball.de
0314HDPS90000004VS5489BTVU7GTVLE-G,Bayern,Kreis Donau,10,A Klasse,AK West 4 · Kreis Donau,11,12,55,35,VfL Zusamaltheim,9,fussball.de
0315592RLC000018VS5489BUVSBBVPEU-G,Bayern,Kreis Donau/Isar,10,A Klasse,421 A-Klasse 1 · Kreis Donau/Isar,14,21,72,59,FC Irfersdorf,9,fussball.de
0315592T20000010VS5489BUVSBBVPEU-G,Bayern,Kreis Donau/Isar,10,A Klasse,422 A-Klasse 2 · Kreis Donau/Isar,14,20,110,58,TSV Mailing-Feldkirchen,9,fussball.de
0315592UAK00001BVS5489BUVSBBVPEU-G,Bayern,Kreis Donau/Isar,10,A Klasse,423 A-Klasse 3 · Kreis Donau/Isar,14,23,113,67,TSV Pförring,9,fussball.de
0315592VMS00000PVS5489BUVSBBVPEU-G,Bayern,Kreis Donau/Isar,10,A Klasse,424 A-Klasse 4 · Kreis Donau/Isar,13,16,69,48,VfB Pörnbach,9,fussball.de
03155931HO000011VS5489BUVSBBVPEU-G,Bayern,Kreis Donau/Isar,10,A Klasse,425 A-Klasse 5 · Kreis Donau/Isar,11,6,35,16,TSV Moosburg/Neustadt,4,fussball.de
03155933DS000006VS5489BUVSBBVPEU-G,Bayern,Kreis Donau/Isar,10,A Klasse,426 A-Klasse 6 · Kreis Donau/Isar,12,8,44,24,SG Eichenfeld-Freising,6,fussball.de
03155935C800000SVS5489BUVSBBVPEU-G,Bayern,Kreis Donau/Isar,10,A Klasse,427 A-Klasse 7 · Kreis Donau/Isar,11,6,20,18,FC Spfr. Schwaig II,6,fussball.de
03155937CO000007VS5489BUVSBBVPEU-G,Bayern,Kreis Donau/Isar,10,A Klasse,428 A-Klasse 8 · Kreis Donau/Isar,11,4,18,12,TSV Isen,3,fussball.de
03170DHMDC000006VS5489BUVSBBVPEU-G,Bayern,Kreis Erlangen/Pegnitzgrund,10,A Klasse,A-Klasse 1 · Kreis Erlangen/Pegnitzgrund,16,35,149,96,ASV Höchstadt,12,fussball.de
03170DLLLS000006VS5489BUVSBBVPEU-G,Bayern,Kreis Erlangen/Pegnitzgrund,10,A Klasse,A-Klasse 2 · Kreis Erlangen/Pegnitzgrund,14,21,107,61,(SG) Aurachtal,12,fussball.de
03170DLLRC000006VS5489BUVSBBVPEU-G,Bayern,Kreis Erlangen/Pegnitzgrund,10,A Klasse,A-Klasse 3 · Kreis Erlangen/Pegnitzgrund,14,26,146,75,(SG) Effeltrich II/Poxdorf II,12,fussball.de
03170DLM0O000000VS5489BUVSBBVPEU-G,Bayern,Kreis Erlangen/Pegnitzgrund,10,A Klasse,A-Klasse 4 · Kreis Erlangen/Pegnitzgrund,13,23,115,62,TSV Neunkirchen II,12,fussball.de
03170DLM60000002VS5489BUVSBBVPEU-G,Bayern,Kreis Erlangen/Pegnitzgrund,10,A Klasse,A-Klasse 5 · Kreis Erlangen/Pegnitzgrund,14,30,155,88,(SG) Betzenstein/Bronn,13,fussball.de
03170DLMB8000000VS5489BUVSBBVPEU-G,Bayern,Kreis Erlangen/Pegnitzgrund,10,A Klasse,A-Klasse 6 · Kreis Erlangen/Pegnitzgrund,16,31,162,92,SV Offenhausen,12,fussball.de
0314CEAMA4000006VS5489BUVSBBVPEU-G,Bayern,Kreis Hof/Tirschenr./Wunsiedel,10,A Klasse,AK  1 HO/TIR/WUN · Kreis Hof/Tirschenr./Wunsiedel,14,48,250,142,SV 05 Froschbachtal III,18,fussball.de
0314CEAOT0000006VS5489BUVSBBVPEU-G,Bayern,Kreis Hof/Tirschenr./Wunsiedel,10,A Klasse,AK  2 HO/TIR/WUN · Kreis Hof/Tirschenr./Wunsiedel,14,49,273,139,ESV Hof,19,fussball.de
0314CEAP2K000005VS5489BUVSBBVPEU-G,Bayern,Kreis Hof/Tirschenr./Wunsiedel,10,A Klasse,AK  3 HO TIR/WUN · Kreis Hof/Tirschenr./Wunsiedel,14,41,254,121,SV Holenbrunn,21,fussball.de
0314CEAP8G000001VS5489BUVSBBVPEU-G,Bayern,Kreis Hof/Tirschenr./Wunsiedel,10,A Klasse,AK 4  HO/TIR/WUN · Kreis Hof/Tirschenr./Wunsiedel,14,46,242,133,ATSV Tirschenreuth II,18,fussball.de
030UHNICI400004RVS5489BTVT51B5B5-G,Bayern,Kreis Inn/Salzach,10,A Klasse,A-Klasse 1 · Kreis Inn/Salzach,12,7,23,20,SC Höhenrain,3,fussball.de
030UHNIDU800001TVS5489BTVT51B5B5-G,Bayern,Kreis Inn/Salzach,10,A Klasse,A-Klasse 2 · Kreis Inn/Salzach,12,8,33,21,SV Prutting,6,fussball.de
030UHNIF7O00005EVS5489BTVT51B5B5-G,Bayern,Kreis Inn/Salzach,10,A Klasse,A-Klasse 3 · Kreis Inn/Salzach,12,9,39,25,FC Maitenbeth,4,fussball.de
030UHNIGI000001QVS5489BTVT51B5B5-G,Bayern,Kreis Inn/Salzach,10,A Klasse,A-Klasse 4 · Kreis Inn/Salzach,12,10,40,29,TSV 66 Polling,6,fussball.de
030UHNIHVK00005DVS5489BTVT51B5B5-G,Bayern,Kreis Inn/Salzach,10,A Klasse,A-Klasse 5 · Kreis Inn/Salzach,12,7,33,21,SV Taching am See,6,fussball.de
030UHNIJCC000001VS5489BTVT51B5B5-G,Bayern,Kreis Inn/Salzach,10,A Klasse,A-Klasse 6 · Kreis Inn/Salzach,12,8,36,21,WSC Bayerisch Gmain,4,fussball.de
031AOU9P80000004VS5489BUVV628VP4-G,Bayern,Kreis München,10,A Klasse,121 A-Klasse 1 · Kreis München,13,12,59,34,SC Lerchenauer See,6,fussball.de
031AOUUGD8000004VS5489BUVV628VP4-G,Bayern,Kreis München,10,A Klasse,122 A-Klasse 2 · Kreis München,13,9,54,25,FC Teutonia Mün. II,6,fussball.de
031AOV86C4000004VS5489BUVV628VP4-G,Bayern,Kreis München,10,A Klasse,123 A-Klasse 3 · Kreis München,13,7,32,21,TSV Gräfelfing II,6,fussball.de
031AOVS8J0000003VS5489BUVV628VP4-G,Bayern,Kreis München,10,A Klasse,124 A-Klasse 4 · Kreis München,13,9,36,25,FC Hertha München II,6,fussball.de
031AP0841S000004VS5489BUVV628VP4-G,Bayern,Kreis München,10,A Klasse,125 A-Klasse 5 · Kreis München,13,10,54,28,SC Arcadia Messestadt,6,fussball.de
031AP0J2K4000004VS5489BUVV628VP4-G,Bayern,Kreis München,10,A Klasse,126 A-Klasse 6 · Kreis München,12,10,54,29,Kirchheimer SC II,6,fussball.de
0313RE44UO000003VS5489BUVSBBVPEU-G,Bayern,Kreis Neumarkt/Jura,10,A Klasse,A-Klasse Mitte · Kreis Neumarkt/Jura,13,20,77,57,FC Haunstetten,12,fussball.de
0313RE44D8000007VS5489BUVSBBVPEU-G,Bayern,Kreis Neumarkt/Jura,10,A Klasse,A-Klasse NordOst · Kreis Neumarkt/Jura,13,18,90,50,Henger SV II,10,fussball.de
0313RE447O000007VS5489BUVSBBVPEU-G,Bayern,Kreis Neumarkt/Jura,10,A Klasse,A-Klasse NordWest · Kreis Neumarkt/Jura,13,23,97,65,DJK Abenberg II,12,fussball.de
0313RE44HS000007VS5489BUVSBBVPEU-G,Bayern,Kreis Neumarkt/Jura,10,A Klasse,A-Klasse Ost · Kreis Neumarkt/Jura,13,17,62,51,FC Holzheim,9,fussball.de
0313RE44M0000007VS5489BUVSBBVPEU-G,Bayern,Kreis Neumarkt/Jura,10,A Klasse,A-Klasse Süd · Kreis Neumarkt/Jura,14,23,82,68,VfB Mkt. Mörnsheim,12,fussball.de
0313RE44QC000006VS5489BUVSBBVPEU-G,Bayern,Kreis Neumarkt/Jura,10,A Klasse,A-Klasse West · Kreis Neumarkt/Jura,14,26,101,73,1. FC Altenmuhr,10,fussball.de
0318B6INKC000008VS5489BUVSBBVPEU-G,Bayern,Kreis Niederbayern Ost,10,A Klasse,AK 06 Straubing · Kreis Niederbayern Ost,10,27,127,79,TSV Oberalteich,13,fussball.de
031606UP94000007VS5489BTVU7GTVLE-G,Bayern,Kreis Niederbayern Ost,10,A Klasse,AK 07 Viechtach · Kreis Niederbayern Ost,12,35,133,99,SV Gotteszell,16,fussball.de
031607BNJ0000007VS5489BTVU7GTVLE-G,Bayern,Kreis Niederbayern Ost,10,A Klasse,AK 08 Deggendorf · Kreis Niederbayern Ost,12,36,179,104,FC Moos,18,fussball.de
031607BND4000008VS5489BTVU7GTVLE-G,Bayern,Kreis Niederbayern Ost,10,A Klasse,AK 09 Regen · Kreis Niederbayern Ost,12,36,142,101,TSV Bodenmais,16,fussball.de
031607S3NC000005VS5489BTVU7GTVLE-G,Bayern,Kreis Niederbayern Ost,10,A Klasse,AK 10 Lalling · Kreis Niederbayern Ost,12,36,134,100,SV Lalling,18,fussball.de
031607V8IO000007VS5489BTVU7GTVLE-G,Bayern,Kreis Niederbayern Ost,10,A Klasse,AK 11 Grafenau/Zwiesel · Kreis Niederbayern Ost,11,29,124,82,(SG) Neuschönau/Neudorf,18,fussball.de
031608A24O000004VS5489BTVU7GTVLE-G,Bayern,Kreis Niederbayern Ost,10,A Klasse,AK 12 Freyung · Kreis Niederbayern Ost,12,35,156,103,TSV Ringelai,16,fussball.de
03160921KS000007VS5489BTVU7GTVLE-G,Bayern,Kreis Niederbayern Ost,10,A Klasse,AK 13 Hauzenberg · Kreis Niederbayern Ost,11,30,138,87,TSV Nottau,13,fussball.de
03160921RG00000AVS5489BTVU7GTVLE-G,Bayern,Kreis Niederbayern Ost,10,A Klasse,AK 14 Passau · Kreis Niederbayern Ost,12,34,175,95,DJK Haselbach,14,fussball.de
03160921EK000009VS5489BTVU7GTVLE-G,Bayern,Kreis Niederbayern Ost,10,A Klasse,AK 15 Vilshofen · Kreis Niederbayern Ost,11,30,118,84,TSV Aidenbach,15,fussball.de
0316092210000007VS5489BTVU7GTVLE-G,Bayern,Kreis Niederbayern Ost,10,A Klasse,AK 16 Pocking · Kreis Niederbayern Ost,12,35,155,102,RSV Kirchham,18,fussball.de
03188T2628000008VS5489BTVU7GTVLE-G,Bayern,Kreis Niederbayern West,10,A Klasse,AK 01 Kelheim · Kreis Niederbayern West,12,29,113,83,SV Kelheimwinzer,15,fussball.de
03188T269O000006VS5489BTVU7GTVLE-G,Bayern,Kreis Niederbayern West,10,A Klasse,AK 02 Landshut · Kreis Niederbayern West,11,19,91,54,(SG) Tiefenbach 1/SpVgg LA 2,12,fussball.de
03188T26F0000008VS5489BTVU7GTVLE-G,Bayern,Kreis Niederbayern West,10,A Klasse,AK 03 Mallersdorf · Kreis Niederbayern West,11,20,105,58,TV Schierling 2,12,fussball.de
03188T26MO000005VS5489BTVU7GTVLE-G,Bayern,Kreis Niederbayern West,10,A Klasse,AK 04 Dingolfing · Kreis Niederbayern West,11,20,86,58,TSV Marklkofen,12,fussball.de
03188T26TG000008VS5489BTVU7GTVLE-G,Bayern,Kreis Niederbayern West,10,A Klasse,AK 05 Landau · Kreis Niederbayern West,11,21,72,60,DJK Thanndorf,13,fussball.de
03188T2758000006VS5489BTVU7GTVLE-G,Bayern,Kreis Niederbayern West,10,A Klasse,AK 17 Pfarrkirchen · Kreis Niederbayern West,12,25,84,73,TuS Walburgskirchen,12,fussball.de
03188T279K000005VS5489BTVU7GTVLE-G,Bayern,Kreis Niederbayern West,10,A Klasse,AK 18 Vilsbiburg · Kreis Niederbayern West,11,21,87,63,TSV Haarbach,9,fussball.de
0317T930C0000000VS5489BUVSBBVPEU-G,Bayern,Kreis Nürnberg/Frankenhöhe,10,A Klasse,AK-Gr 1 N/F · Kreis Nürnberg/Frankenhöhe,13,29,161,85,(SG) Ehingen/Röckingen,12,fussball.de
0317T930IK000006VS5489BUVSBBVPEU-G,Bayern,Kreis Nürnberg/Frankenhöhe,10,A Klasse,AK-Gr 2 N/F · Kreis Nürnberg/Frankenhöhe,13,30,128,88,SV Großhabersdorf,15,fussball.de
0317T930NG000006VS5489BUVSBBVPEU-G,Bayern,Kreis Nürnberg/Frankenhöhe,10,A Klasse,AK-Gr 3 N/F · Kreis Nürnberg/Frankenhöhe,13,29,153,84,TSV Lehrberg,15,fussball.de
0317T930T8000006VS5489BUVSBBVPEU-G,Bayern,Kreis Nürnberg/Frankenhöhe,10,A Klasse,AK-Gr 4 N/F · Kreis Nürnberg/Frankenhöhe,14,35,160,98,(SG) Lenkersheim-Oberndorf I,13,fussball.de
0317T931OO000026VS5489BUVSBBVPEU-G,Bayern,Kreis Nürnberg/Frankenhöhe,10,A Klasse,AK-Gr 5 N/F · Kreis Nürnberg/Frankenhöhe,13,27,138,74,(SG) Puschendorf/Tuchenbach I,12,fussball.de
0317T9332O00000CVS5489BUVSBBVPEU-G,Bayern,Kreis Nürnberg/Frankenhöhe,10,A Klasse,AK-Gr 6 N/F · Kreis Nürnberg/Frankenhöhe,13,28,137,83,SGV Nürnberg-Fürth 1883 II.,12,fussball.de
0317T934FO00001QVS5489BUVSBBVPEU-G,Bayern,Kreis Nürnberg/Frankenhöhe,10,A Klasse,AK-Gr 7 N/F · Kreis Nürnberg/Frankenhöhe,14,35,169,95,TSV Johannis 1883 Nbg 2,13,fussball.de
0317T935OK000028VS5489BUVSBBVPEU-G,Bayern,Kreis Nürnberg/Frankenhöhe,10,A Klasse,AK-Gr 8 N/F · Kreis Nürnberg/Frankenhöhe,13,25,116,70,TSV Maccabi Nürnberg,12,fussball.de
030ULPNVUG00005FVS5489BUVVARDA0V-G,Bayern,Kreis Regensburg,10,A Klasse,A-Klasse Rgbg Gruppe 1 · Kreis Regensburg,13,42,201,120,SV Sarching,21,fussball.de
030ULPO14S000000VS5489BUVVARDA0V-G,Bayern,Kreis Regensburg,10,A Klasse,A-Klasse Rgbg Gruppe 2 · Kreis Regensburg,12,31,140,88,DJK SV Keilberg Rgbg.,12,fussball.de
030ULPO2AK00000CVS5489BUVVARDA0V-G,Bayern,Kreis Regensburg,10,A Klasse,A-Klasse Rgbg Gruppe 3 · Kreis Regensburg,13,39,202,112,(SG) VfB Rgbg/BSC Rgbg. II,16,fussball.de
030ULPO3HG00005AVS5489BUVVARDA0V-G,Bayern,Kreis Regensburg,10,A Klasse,A-Klasse Rgbg Gruppe 4 · Kreis Regensburg,14,49,215,142,(SG) Duggendorf/Pielenhofen II,18,fussball.de
03135BGQOO000007VS5489BTVU7GTVLE-G,Bayern,Kreis Rhön,10,A Klasse,A-Klasse Rhön 1,16,54,255,154,(SG 1) TSV Waldfenster/BSC Lauter,19,fussball.de
03135BGQTK000007VS5489BTVU7GTVLE-G,Bayern,Kreis Rhön,10,A Klasse,A-Klasse Rhön 2,15,50,194,147,(SG 1) FC Hendungen,18,fussball.de
03135B15C8000006VS5489BTVU7GTVLE-G,Bayern,Kreis Schweinfurt,10,A Klasse,AK-Gr 3 SW · Kreis Schweinfurt,13,35,150,96,VfB Humprechtshausen,15,fussball.de
03135B15G8000000VS5489BTVU7GTVLE-G,Bayern,Kreis Schweinfurt,10,A Klasse,AK-Gr 4 SW · Kreis Schweinfurt,13,37,147,105,(SG 1) SpVgg Untersteinbach/SC Geusfeld,16,fussball.de
03135B1534000006VS5489BTVU7GTVLE-G,Bayern,Kreis Schweinfurt,10,A Klasse,AK-Gr1 SW · Kreis Schweinfurt,13,35,165,103,Fortuna 96 Schweinfurt,16,fussball.de
03135B157G000006VS5489BTVU7GTVLE-G,Bayern,Kreis Schweinfurt,10,A Klasse,AK-Gr2 SW · Kreis Schweinfurt,12,32,144,91,(SG 1) DJK Traustadt/FC Blau Weiß Donnersdorf,16,fussball.de
03135BBG8S00005EVS5489BTVU7GTVLE-G,Bayern,Kreis Würzburg,10,A Klasse,AK-Gr 1 WÜ · Kreis Würzburg,14,38,141,107,TSV Grombühl 2,16,fussball.de
03135BBHBG000056VS5489BTVU7GTVLE-G,Bayern,Kreis Würzburg,10,A Klasse,AK-Gr 2 WÜ · Kreis Würzburg,11,20,99,59,TSV Gnodstadt,12,fussball.de
03135BBIFS00002OVS5489BTVU7GTVLE-G,Bayern,Kreis Würzburg,10,A Klasse,AK-Gr 3 WÜ · Kreis Würzburg,11,22,81,60,TSV Albertshofen,9,fussball.de
03135BBJLC00002NVS5489BTVU7GTVLE-G,Bayern,Kreis Würzburg,10,A Klasse,AK-Gr 4 WÜ · Kreis Würzburg,12,29,130,81,FV 05 Helmstadt 2,16,fussball.de
03135BBKOO00003NVS5489BTVU7GTVLE-G,Bayern,Kreis Würzburg,10,A Klasse,AK-Gr 5 WÜ · Kreis Würzburg,13,34,140,97,TSV Sackenbach,13,fussball.de
030RC3H3OG000031VS5489BTVVR5L0PB-G,Bayern,Kreis Zugspitze,10,A Klasse,A-Klasse Gruppe 1 · Kreis Zugspitze,12,9,46,26,SV 1949 Haspelmoor,6,fussball.de
030RC3H53800001UVS5489BTVVR5L0PB-G,Bayern,Kreis Zugspitze,10,A Klasse,A-Klasse Gruppe 2 · Kreis Zugspitze,12,5,18,14,Ethnikos Puchheim,6,fussball.de
030RC3H6C0000041VS5489BTVVR5L0PB-G,Bayern,Kreis Zugspitze,10,A Klasse,A-Klasse Gruppe 3 · Kreis Zugspitze,13,14,63,40,SG Baiernrain/D'Zell I,7,fussball.de
030RC3H7MK00001TVS5489BTVVR5L0PB-G,Bayern,Kreis Zugspitze,10,A Klasse,A-Klasse Gruppe 4 · Kreis Zugspitze,13,18,96,51,TSV Schliersee,9,fussball.de
030RC3H90400002BVS5489BTVVR5L0PB-G,Bayern,Kreis Zugspitze,10,A Klasse,A-Klasse Gruppe 5 · Kreis Zugspitze,13,16,76,45,TSV Tutzing,10,fussball.de
030RC3HAAO00003KVS5489BTVVR5L0PB-G,Bayern,Kreis Zugspitze,10,A Klasse,A-Klasse Gruppe 6 · Kreis Zugspitze,13,18,72,52,ASV Eglfing,9,fussball.de
030RC3HBKG00001QVS5489BTVVR5L0PB-G,Bayern,Kreis Zugspitze,10,A Klasse,A-Klasse Gruppe 7 · Kreis Zugspitze,12,7,32,21,SV Erpfting e.V.,3,fussball.de
030RC3HCUO000045VS5489BTVVR5L0PB-G,Bayern,Kreis Zugspitze,10,A Klasse,A-Klasse Gruppe 8 · Kreis Zugspitze,13,17,69,49,SV Unterhausen,9,fussball.de
0317AGS7LG000003VS5489BUVSBBVPEU-G,Berlin,Kreis Berlin,10,Kreisliga B,Herren Kreisliga B St.1 · Kreis Berlin,16,16,91,45,SV Süden 09 II,6,fussball.de
0317AGS7RG000003VS5489BUVSBBVPEU-G,Berlin,Kreis Berlin,10,Kreisliga B,Herren Kreisliga B St.2 · Kreis Berlin,16,16,90,43,CSV Afrisko,6,fussball.de
0317AGS80C000001VS5489BUVSBBVPEU-G,Berlin,Kreis Berlin,10,Kreisliga B,Herren Kreisliga B St.3 · Kreis Berlin,16,16,99,46,Polar Pinguin II,6,fussball.de
0317AGS85C000003VS5489BUVSBBVPEU-G,Berlin,Kreis Berlin,10,Kreisliga B,Herren Kreisliga B St.4 · Kreis Berlin,16,16,107,48,SC Minerva,6,fussball.de
0317AGS89S000004VS5489BUVSBBVPEU-G,Berlin,Kreis Berlin,10,Kreisliga B,Herren Kreisliga B St.5 · Kreis Berlin,15,14,63,40,Lichtenrader BC II,6,fussball.de
031A89JMI000000GVS5489BUVV628VP4-G,Brandenburg,Kreis Dahme/Fläming,10,Kreisliga,Herren Kreisliga · Kreis Dahme/Fläming,14,0,0,0,BSC Preußen 07 III,0,fussball.de
030NR1G54400000KVS5489BUVS0F17VK-G,Brandenburg,Kreis Havelland,10,Kreisliga,Kreisliga A · Kreis Havelland,14,7,35,21,Spielgemeinschaft Schönwalde-Perwenitz-Paaren,6,fussball.de
030NR1G5HG00000JVS5489BUVS0F17VK-G,Brandenburg,Kreis Havelland,10,Kreisliga,Kreisliga B · Kreis Havelland,16,7,32,21,RSV Eintracht 1949 U21,3,fussball.de
031AJFH814000009VS5489BUVV628VP4-G,Brandenburg,Kreis Niederlausitz,10,Kreisliga,Kreisliga Niederlausitz,14,7,26,20,RWM,3,fussball.de
03142MK5QG00000DVS5489BUVSBBVPEU-G,Brandenburg,Kreis Oberhavel/Barnim,10,Kreisliga,Kreisliga Ost · Kreis Oberhavel/Barnim,14,7,56,21,BSV Blumberg,3,fussball.de
03142MK5JO00000DVS5489BUVSBBVPEU-G,Brandenburg,Kreis Oberhavel/Barnim,10,Kreisliga,Kreisliga West · Kreis Oberhavel/Barnim,14,7,41,21,SV Mühlenbeck,3,fussball.de
031A761V1G00000FVS5489BUVV628VP4-G,Brandenburg,Kreis Ostbrandenburg,10,Kreisliga,Kreisliga Nord · Kreis Ostbrandenburg,14,7,29,20,SV Hertha 23 Neutrebbin,3,fussball.de
031A761VB400000FVS5489BUVV628VP4-G,Brandenburg,Kreis Ostbrandenburg,10,Kreisliga,Kreisliga Süd · Kreis Ostbrandenburg,14,6,33,16,SG Wiesenau 03,3,fussball.de
0318TDOSIO00000BVS5489BUVV628VP4-G,Brandenburg,Kreis Prignitz/Ruppin,10,Kreisliga,Kreisliga Ost · Kreis Prignitz/Ruppin,12,0,0,0,FC Blau-Weiß Wusterhausen,0,fussball.de
0318TDOSBG00000AVS5489BUVV628VP4-G,Brandenburg,Kreis Prignitz/Ruppin,10,Kreisliga,Kreisliga West · Kreis Prignitz/Ruppin,12,0,0,0,KSV Prignitz,0,fussball.de
031DRHI8EO000003VS5489BUVUR5FS5A-G,Brandenburg,Kreis Südbrandenburg,10,Kreisliga,Kreisliga-Ost · Kreis Südbrandenburg,12,5,29,15,SpG Hosena/Großkoschen,3,fussball.de
031DRHI8K8000003VS5489BUVUR5FS5A-G,Brandenburg,Kreis Südbrandenburg,10,Kreisliga,Kreisliga-West · Kreis Südbrandenburg,11,4,16,11,SV Empor Mühlberg,3,fussball.de
0314M78ROS000004VS5489BTVU7GTVLE-G,Brandenburg,Kreis Uckermark,10,Kreisliga,Kreisliga · Kreis Uckermark,11,1,8,3,SpG Oderberg/Lunow II,3,fussball.de
031BHBQUIS000009VS5489BUVUR5FS5A-G,Hessen,Kreis Alsfeld,10,Kreisliga B,KLB Gießen/Alsfeld,14,31,150,90,SpVgg Mücke II,15,fussball.de
031B3N61AG00000BVS5489BTVSK8S3O6-G,Hessen,Kreis Bergstraße,10,Kreisliga B,KLB Bergstraße,15,35,153,102,SSG Einhausen II,18,fussball.de
031B6T6UUG000008VS5489BTVSK8S3O6-G,Hessen,Kreis Biedenkopf,10,Kreisliga B,KLB Biedenkopf,13,25,120,73,FSV Buchenau II,10,fussball.de
031991LPLS00000AVS5489BTVSK8S3O6-G,Hessen,Kreis Darmstadt,10,Kreisliga B,KLB Darmstadt,17,39,204,110,SV St. Stephan Griesheim II,13,fussball.de
031APMCNRK00000BVS5489BTVSK8S3O6-G,Hessen,Kreis Dieburg,10,Kreisliga B,KLB Dieburg,15,36,181,102,KSV Urberach,12,fussball.de
031BGMLCH8000009VS5489BUVUR5FS5A-G,Hessen,Kreis Dillenburg,10,Kreisliga B,KLB Dillenburg,16,39,216,112,FC Schwarz-Weiss Erdbach,15,fussball.de
031APA2JRS000000VS5489BTVSK8S3O6-G,Hessen,Kreis Frankenberg,10,Kreisliga B,KLB Frankenberg,13,26,138,75,FSG Haubern/Löhlbach,12,fussball.de
031BP1BPFK000000VS5489BUVUR5FS5A-G,Hessen,Kreis Frankfurt,10,Kreisliga B,KLB Frankfurt Gr.1,16,39,244,112,TSG 1888 Nieder-Erlenbach,12,fussball.de
031BP1BPOC00000BVS5489BUVUR5FS5A-G,Hessen,Kreis Frankfurt,10,Kreisliga B,KLB Frankfurt Gr.2,15,34,214,99,Frankfurter FC Victoria,15,fussball.de
031AGB021O00000AVS5489BTVSK8S3O6-G,Hessen,Kreis Friedberg,10,Kreisliga B,KLB Friedberg Gr.1,15,39,211,112,FSG Münzenberg,17,fussball.de
031AGB02BS00000CVS5489BTVSK8S3O6-G,Hessen,Kreis Friedberg,10,Kreisliga B,KLB Friedberg Gr.2,16,42,235,120,FSV Kloppenheim,16,fussball.de
031BPRRI6S00000BVS5489BUVUR5FS5A-G,Hessen,Kreis Fulda,10,Kreisliga B,KLB Gr. Fulda,16,55,246,155,FV Horas,18,fussball.de
031BPRRHVC00000BVS5489BUVUR5FS5A-G,Hessen,Kreis Fulda,10,Kreisliga B,KLB Gr. Fulda/Rhön,16,57,213,164,SG Schmalnau/Hettenh/Gersf. II,21,fussball.de
031B5T644C000009VS5489BTVSK8S3O6-G,Hessen,Kreis Gelnhausen,10,Kreisliga B,KLB Gelnhausen,17,55,261,157,SG Altenmittlau/Bernbach II,16,fussball.de
031CPS6S9O00000BVS5489BUVUR5FS5A-G,Hessen,Kreis Gießen,10,Kreisliga B,KLB Gießen Gr.1,13,25,135,72,ISV Hellas Gießen,12,fussball.de
031CPS6SGK00000AVS5489BUVUR5FS5A-G,Hessen,Kreis Gießen,10,Kreisliga B,KLB Gießen Gr.2,14,30,159,86,FC 1926 Großen-Buseck II,12,fussball.de
031CPS6SMO000002VS5489BUVUR5FS5A-G,Hessen,Kreis Gießen,10,Kreisliga B,KLB Gießen Gr.3,13,30,150,86,SG Obbornh./Bellersh. II,18,fussball.de
031977GA90000009VS5489BUVV628VP4-G,Hessen,Kreis Groß-Gerau,10,Kreisliga B,KLB Groß-Gerau,17,31,150,84,TV Haßloch,9,fussball.de
031B4G9OB800000AVS5489BTVSK8S3O6-G,Hessen,Kreis Hanau,10,Kreisliga B,KLB Hanau,17,49,269,142,FSV 08 Neuberg II,16,fussball.de
031BEUBPH0000008VS5489BTVUS470OH-G,Hessen,Kreis Hersfeld-Rotenburg,10,Kreisliga B,KLB Hersfeld/Rotenburg Gr.1 · Kreis Hersfeld-Rotenburg,12,23,129,65,SG Weiterode II/Iba II,11,fussball.de
031BEUBPOK000008VS5489BTVUS470OH-G,Hessen,Kreis Hersfeld-Rotenburg,10,Kreisliga B,KLB Hersfeld/Rotenburg Gr.2 · Kreis Hersfeld-Rotenburg,14,38,192,109,ESV Ronshausen,15,fussball.de
031F9O63VG00000DVS5489BTVUS470OH-G,Hessen,Kreis Hochtaunus,10,Kreisliga B,KLB Hochtaunus,18,45,249,126,FC Weißkirchen II,12,fussball.de
0318JV4VIS00000BVS5489BUVV628VP4-G,Hessen,Kreis Hofgeismar-Wolfhagen,10,Kreisliga B,KLB Hofgeism-Wolfh · Kreis Hofgeismar-Wolfhagen,12,27,124,77,SV Espenau II,13,fussball.de
0317AKISR4000008VS5489BUVSBBVPEU-G,Hessen,Kreis Kassel,10,Kreisliga B,KLB Kassel Gr.1,10,13,67,31,FC Hermannia 09 KS,7,fussball.de
0317AKIT1S000000VS5489BUVSBBVPEU-G,Hessen,Kreis Kassel,10,Kreisliga B,KLB Kassel Gr.2,9,10,65,30,SG Nordsh. II/Oberzwehren,6,fussball.de
031DEJHQIG00000EVS5489BTVUS470OH-G,Hessen,Kreis Lauterbach-Hünfeld,10,Kreisliga B,KLB Gr. Hünfeld · Kreis Lauterbach-Hünfeld,10,17,69,48,SV Wölf II,9,fussball.de
031DEJHQ9400000EVS5489BTVUS470OH-G,Hessen,Kreis Lauterbach-Hünfeld,10,Kreisliga B,KLB Gr. Lauterbach · Kreis Lauterbach-Hünfeld,8,5,28,15,SG Lautertal,6,fussball.de
03196PADJK00000CVS5489BUVV628VP4-G,Hessen,Kreis Limburg-Weilburg,10,Kreisliga B,KLB Limb-Weilb · Kreis Limburg-Weilburg,15,36,139,101,SG Hirschhausen/Bermbach,12,fussball.de
0319FVIBNK00000BVS5489BUVV628VP4-G,Hessen,Kreis Maintaunus,10,Kreisliga B,KLB Maintaunus,16,40,248,117,FC 1957 Marxheim II,13,fussball.de
031AR2HCKG00000CVS5489BTVSK8S3O6-G,Hessen,Kreis Marburg,10,Kreisliga B,KLB Marburg Gr.1,15,35,204,103,TSV Ernsthausen,18,fussball.de
031AR2HCUC00000BVS5489BTVSK8S3O6-G,Hessen,Kreis Marburg,10,Kreisliga B,KLB Marburg Gr.2,15,36,174,106,TSV Michelbach II,13,fussball.de
031AR2HD5K00000DVS5489BTVSK8S3O6-G,Hessen,Kreis Marburg,10,Kreisliga B,KLB Marburg Gr.3,16,43,216,127,SV Beltershausen II,18,fussball.de
031AQ1OQ6O00000BVS5489BTVSK8S3O6-G,Hessen,Kreis Odenwald,10,Kreisliga B,KLB Odenwald,16,40,224,113,SG Hainstadt/Rai-Breitenbach,15,fussball.de
031DCTG6BO00000DVS5489BTVUS470OH-G,Hessen,Kreis Offenbach,10,Kreisliga B,KLB Offenbach Gr.1,15,35,196,101,FC Dietzenbach,15,fussball.de
031DCTG6KO00000CVS5489BTVUS470OH-G,Hessen,Kreis Offenbach,10,Kreisliga B,KLB Offenbach Gr.2,14,33,153,96,Spvgg. Seligenstadt II,13,fussball.de
031BDVIGP800000BVS5489BTVUS470OH-G,Hessen,Kreis Rheingau-Taunus,10,Kreisliga B,KLB Rheingau-Taunus,17,49,249,135,TGSV Holzhausen,15,fussball.de
031AHDHVCG000009VS5489BTVSK8S3O6-G,Hessen,Kreis Schlüchtern,10,Kreisliga B,KLB Gr. Schlüchtern,17,57,238,161,KSG Radmühl,24,fussball.de
0318K5I5RG00000AVS5489BUVV628VP4-G,Hessen,Kreis Schwalm-Eder,10,Kreisliga B,KLB Schwalm-Eder Gr.1,13,25,97,70,FSV Allmuthshausen,15,fussball.de
0318K5I60S000009VS5489BUVV628VP4-G,Hessen,Kreis Schwalm-Eder,10,Kreisliga B,KLB Schwalm-Eder Gr.2,13,26,124,76,SG Asterode/C/O II,12,fussball.de
0318K5I66800000BVS5489BUVV628VP4-G,Hessen,Kreis Schwalm-Eder,10,Kreisliga B,KLB Schwalm-Eder Gr.3,13,28,129,80,FC Körle II,13,fussball.de
031APFD7QG000009VS5489BTVSK8S3O6-G,Hessen,Kreis Waldeck,10,Kreisliga B,KLB Waldeck,13,30,143,87,SV Eimelrod,12,fussball.de
0319HTK7FK000006VS5489BUVV628VP4-G,Hessen,Kreis Werra/Meißner,10,Kreisliga B,KLB Werra-Meißner · Kreis Werra/Meißner,13,24,96,69,TSG Bad Sooden-Allend. II,12,fussball.de
0318UBU9JK000009VS5489BUVV628VP4-G,Hessen,Kreis Wetzlar,10,Kreisliga B,KLB Wetzlar,16,40,195,110,TSG 1903 Dorlar,15,fussball.de
0318MB1CE400000BVS5489BTVSK8S3O6-G,Hessen,Kreis Wiesbaden,10,Kreisliga B,KLB Wiesbaden,15,31,186,90,VFB Westend Wiesbaden,15,fussball.de
031HV1NTP0000006VS5489BUVVKNMR0J-G,Mecklenburg-Vorpommern,Kreis Mecklenburg. Seenplatte,10,Kreisliga,Kreisliga Staffel I · Kreis Mecklenburg. Seenplatte,11,5,24,15,SV Blau-Weiß Tutow,3,fussball.de
031HV1NTVO000006VS5489BUVVKNMR0J-G,Mecklenburg-Vorpommern,Kreis Mecklenburg. Seenplatte,10,Kreisliga,Kreisliga Staffel II · Kreis Mecklenburg. Seenplatte,14,7,35,19,SV Burg Stargard 09 II,3,fussball.de
031HV1NU5G000006VS5489BUVVKNMR0J-G,Mecklenburg-Vorpommern,Kreis Mecklenburg. Seenplatte,10,Kreisliga,Kreisliga Staffel III · Kreis Mecklenburg. Seenplatte,12,6,38,17,Faulenroster SV,3,fussball.de
031GDM0GT8000003VS5489BUVSJ4CRAP-G,Mecklenburg-Vorpommern,Kreis Nordvorpommern-Rügen,10,Kreisliga,Kreisliga Herren Staffel I · Kreis Nordvorpommern-Rügen,11,5,43,15,FSV Garz 1947 e.V.,3,fussball.de
031GDMI488000004VS5489BUVSJ4CRAP-G,Mecklenburg-Vorpommern,Kreis Nordvorpommern-Rügen,10,Kreisliga,Kreisliga Herren Staffel II · Kreis Nordvorpommern-Rügen,10,5,28,14,SV Steinhagen,3,fussball.de
031BQ6MJ5O00000AVS5489BUVUR5FS5A-G,Mecklenburg-Vorpommern,Kreis Schwerin-Nordwestmeckl.,10,Kreisliga,Frank Teuber-Wienke Versicherungen Kreisliga SN - NWM · Kreis Schwerin-Nordwestmeckl.,12,12,64,36,Schweriner SC II,6,fussball.de
031DVH56AS000004VS5489BUVUR5FS5A-G,Mecklenburg-Vorpommern,Kreis Vorpommern-Greifswald,10,Kreisliga,Kreisliga I · Kreis Vorpommern-Greifswald,12,8,38,22,SG Karlsburg/Züssow,4,fussball.de
031DLIVF2S000004VS5489BTVUS470OH-G,Mecklenburg-Vorpommern,Kreis Vorpommern-Greifswald,10,Kreisliga,Kreisliga II · Kreis Vorpommern-Greifswald,11,4,21,11,SG Blau-Weiß 58 Leopoldshagen/FSV Einheit Ueckermünde,3,fussball.de
031AUU839S000004VS5489BUVV628VP4-G,Mecklenburg-Vorpommern,Kreis Vorpommern-Greifswald,10,Kreisliga,Kreisliga III · Kreis Vorpommern-Greifswald,11,6,19,17,VfB Pommern Löcknitz II,6,fussball.de
031AHICGI000000DVS5489BUVV628VP4-G,Mecklenburg-Vorpommern,Kreis Warnow,10,Kreisliga,Herren KL St. I Warnow,14,0,0,0,1. FC Obotrit Bargeshagen,0,fussball.de
031AHICGT400000EVS5489BUVV628VP4-G,Mecklenburg-Vorpommern,Kreis Warnow,10,Kreisliga,Herren KL St. II Warnow,14,0,0,0,BSV Kessin,0,fussball.de
0316JGFJJC00000EVS5489BUVSBBVPEU-G,Mecklenburg-Vorpommern,Kreis Westmecklenburg,10,Kreisliga,KL WM Ost · Kreis Westmecklenburg,12,6,37,15,SV Siggelkow,3,fussball.de
0316JGFJA000000DVS5489BUVSBBVPEU-G,Mecklenburg-Vorpommern,Kreis Westmecklenburg,10,Kreisliga,KL WM West · Kreis Westmecklenburg,12,5,21,14,FSV Strohkirchen,3,fussball.de
031FNFE3SK000005VS5489BTVVG7L386-G,Mittelrhein,Kreis Aachen,10,Kreisliga C,Kreisliga C Staffel 1 · Kreis Aachen,14,6,40,18,DJK FV Haaren II,3,fussball.de
031FNFE428000000VS5489BTVVG7L386-G,Mittelrhein,Kreis Aachen,10,Kreisliga C,Kreisliga C Staffel 2 · Kreis Aachen,15,6,58,17,SV Falke Bergrath II,3,fussball.de
031FNFE46S000005VS5489BTVVG7L386-G,Mittelrhein,Kreis Aachen,10,Kreisliga C,Kreisliga C Staffel 3 · Kreis Aachen,15,5,21,15,SV Breinig Breinigerberg III,3,fussball.de
0313OV6P60000009VS5489BTVU7GTVLE-G,Mittelrhein,Kreis Berg,10,Kreisliga C,Kreisliga C 4 · Kreis Berg,14,7,40,20,SV Refrath/Frankenforst II,3,fussball.de
0313OV6PBK00000AVS5489BTVU7GTVLE-G,Mittelrhein,Kreis Berg,10,Kreisliga C,Kreisliga C 5 · Kreis Berg,14,6,43,16,Dieringhausen,3,fussball.de
0313OV6PI8000009VS5489BTVU7GTVLE-G,Mittelrhein,Kreis Berg,10,Kreisliga C,Kreisliga C 6 · Kreis Berg,14,7,35,20,SF Asbachtal,3,fussball.de
031BOSMTSO000003VS5489BTVUS470OH-G,Mittelrhein,Kreis Bonn,10,Kreisliga C,"Kreisliga C, Gruppe 1 · Kreis Bonn",16,8,46,22,VTA Bonn II,3,fussball.de
031BOSSJ2G000004VS5489BTVUS470OH-G,Mittelrhein,Kreis Bonn,10,Kreisliga C,"Kreisliga C, Gruppe 2 · Kreis Bonn",15,6,29,15,Club Galicia Bonn,3,fussball.de
031BOT1Q68000003VS5489BTVUS470OH-G,Mittelrhein,Kreis Bonn,10,Kreisliga C,"Kreisliga C, Gruppe 3 · Kreis Bonn",16,8,49,18,SC Villip,3,fussball.de
031GUV1TCG000003VS5489BUVSJ4CRAP-G,Mittelrhein,Kreis Düren,10,Kreisliga C,Kreisliga C Staffel 1 · Kreis Düren,15,14,78,38,SV GW Welldorf-Güsten III,6,fussball.de
031GUVBUJG000004VS5489BUVSJ4CRAP-G,Mittelrhein,Kreis Düren,10,Kreisliga C,Kreisliga C Staffel 2 · Kreis Düren,15,15,100,44,Jugendsport Wenau II,9,fussball.de
031GUVMKHO000003VS5489BUVSJ4CRAP-G,Mittelrhein,Kreis Düren,10,Kreisliga C,Kreisliga C Staffel 3 · Kreis Düren,15,13,74,37,BSV Gey,9,fussball.de
031IJ1HRI0000006VS5489BUVVKNMR0J-G,Mittelrhein,Kreis Euskirchen,10,Kreisliga C,Kreisliga C 1 · Kreis Euskirchen,17,9,56,26,TuS Chlodwig Zülpich 3,6,fussball.de
031IJ1HRNO000006VS5489BUVVKNMR0J-G,Mittelrhein,Kreis Euskirchen,10,Kreisliga C,Kreisliga C 2 · Kreis Euskirchen,16,8,55,22,RSV 1957 Arloff-Kirspenich,3,fussball.de
031F0H3HAK00000LVS5489BTVUS470OH-G,Mittelrhein,Kreis Heinsberg,10,Kreisliga C,"Kreisliga C,  Staffel 1 · Kreis Heinsberg",13,6,32,15,"""Grün-Weiss"" Sparta Gerderath",3,fussball.de
031F0H3HNO00000KVS5489BTVUS470OH-G,Mittelrhein,Kreis Heinsberg,10,Kreisliga C,"Kreisliga C,  Staffel 2 · Kreis Heinsberg",13,5,20,13,SC 1920 Myhl,3,fussball.de
031F0H3I0C00000KVS5489BTVUS470OH-G,Mittelrhein,Kreis Heinsberg,10,Kreisliga C,"Kreisliga C,  Staffel 3 · Kreis Heinsberg",13,8,35,22,TuS 09 Rot-Weiß Frelenberg,6,fussball.de
030TOCP4A0000004VS5489BUVSOV43J9-G,Mittelrhein,Kreis Köln,10,Kreisliga C,Kreisliga C Staffel 1 · Kreis Köln,16,6,37,17,Ditib Chorweiler I,3,fussball.de
030TOCRT48000004VS5489BUVSOV43J9-G,Mittelrhein,Kreis Köln,10,Kreisliga C,Kreisliga C Staffel 2 · Kreis Köln,16,7,26,20,JSV Köln 96 II,3,fussball.de
030TOCTNA8000004VS5489BUVSOV43J9-G,Mittelrhein,Kreis Köln,10,Kreisliga C,Kreisliga C Staffel 3 · Kreis Köln,15,7,48,21,Hitdorf I,3,fussball.de
031KSME08O000009VS5489BUVVKNMR0J-G,Mittelrhein,Kreis Rhein-Erft,10,Kreisliga C,Kreisliga C Staffel 4 · Kreis Rhein-Erft,15,5,24,15,SV Rheidt 2,3,fussball.de
031KSME0F0000006VS5489BUVVKNMR0J-G,Mittelrhein,Kreis Rhein-Erft,10,Kreisliga C,Kreisliga C Staffel 5 · Kreis Rhein-Erft,15,9,49,25,FC Hürth III,4,fussball.de
031FBE10KK000003VS5489BTVUS470OH-G,Mittelrhein,Kreis Sieg,10,Kreisliga C,Kreisliga C Staffel 4 · Kreis Sieg,16,20,138,57,SV Bergheim II,9,fussball.de
031FBE559K000002VS5489BTVUS470OH-G,Mittelrhein,Kreis Sieg,10,Kreisliga C,Kreisliga C Staffel 5 · Kreis Sieg,16,17,107,44,TV Rott,6,fussball.de
031FBE8PVC000004VS5489BTVUS470OH-G,Mittelrhein,Kreis Sieg,10,Kreisliga C,Kreisliga C Staffel 6 · Kreis Sieg,17,24,129,68,SV 09 Eitorf,9,fussball.de
031GBDSMFG00000EVS5489BUVSJ4CRAP-G,Niederrhein,Kreis Duisburg-Mülheim-Dinslak,10,Kreisliga C,"Kreisliga C, Gruppe 1 · Kreis Duisburg-Mülheim-Dinslak",18,25,186,66,GSG Duisburg II,9,fussball.de
031GBDSMN400000GVS5489BUVSJ4CRAP-G,Niederrhein,Kreis Duisburg-Mülheim-Dinslak,10,Kreisliga C,"Kreisliga C, Gruppe 2 · Kreis Duisburg-Mülheim-Dinslak",18,24,164,65,VfB Lohberg II,9,fussball.de
031GBDSMU0000000VS5489BUVSJ4CRAP-G,Niederrhein,Kreis Duisburg-Mülheim-Dinslak,10,Kreisliga C,"Kreisliga C, Gruppe 3 · Kreis Duisburg-Mülheim-Dinslak",17,24,171,68,FSV Duisburg II,9,fussball.de
031CH91TT4000004VS5489BTVUS470OH-G,Niederrhein,Kreis Düsseldorf,10,Kreisliga C,Kreisliga C 26/27 Gruppe 1 Herren · Kreis Düsseldorf,15,17,70,46,DJK Sparta Bilk III,7,fussball.de
031CH98ACK000003VS5489BTVUS470OH-G,Niederrhein,Kreis Düsseldorf,10,Kreisliga C,Kreisliga C 26/27 Gruppe 2 Herren · Kreis Düsseldorf,14,15,87,43,DSV04,9,fussball.de
031CH9DAB8000004VS5489BTVUS470OH-G,Niederrhein,Kreis Düsseldorf,10,Kreisliga C,Kreisliga C 26/27 Gruppe 3 Herren · Kreis Düsseldorf,16,23,95,67,SFD Süd,9,fussball.de
031FK2JIRS000004VS5489BTVUS470OH-G,Niederrhein,Kreis Essen,10,Kreisliga C,Kreisliga C Gruppe 1 · Kreis Essen,16,21,173,60,Atletico Essen,9,fussball.de
031FK2KEGK000004VS5489BTVUS470OH-G,Niederrhein,Kreis Essen,10,Kreisliga C,Kreisliga C Gruppe 2 · Kreis Essen,15,15,123,45,FC Besa Essen e.V. II.,6,fussball.de
031FK2LID4000004VS5489BTVUS470OH-G,Niederrhein,Kreis Essen,10,Kreisliga C,Kreisliga C Gruppe 3 · Kreis Essen,15,21,136,51,SV Burgaltendorf III.,9,fussball.de
031FU0EDKO000004VS5489BUVSJ4CRAP-G,Niederrhein,Kreis Grevenbroich-Neuss,10,Kreisliga C,"Kreisliga C, Gr. 1 · Kreis Grevenbroich-Neuss",17,23,137,67,Polizei SV Neuss 2,9,fussball.de
031FU1DM2G000004VS5489BUVSJ4CRAP-G,Niederrhein,Kreis Grevenbroich-Neuss,10,Kreisliga C,"Kreisliga C, Gr. 2 · Kreis Grevenbroich-Neuss",16,25,133,64,VFR Büttgen 1912 II,7,fussball.de
031HVV8G6C000004VS5489BUVVKNMR0J-G,Niederrhein,Kreis Kempen-Krefeld,10,Kreisliga C,Kreisliga C 1 · Kreis Kempen-Krefeld,16,25,154,72,Concordia Lötsch,12,fussball.de
031HVPD6IS00000CVS5489BUVVKNMR0J-G,Niederrhein,Kreis Kempen-Krefeld,10,Kreisliga C,Kreisliga C 2 · Kreis Kempen-Krefeld,14,7,52,18,CSV Marathon Krefeld 4,3,fussball.de
031HVPD6Q400000EVS5489BUVVKNMR0J-G,Niederrhein,Kreis Kempen-Krefeld,10,Kreisliga C,Kreisliga C 3 · Kreis Kempen-Krefeld,14,7,53,17,Adler Nierst,3,fussball.de
031JANH8D000000BVS5489BUVVKNMR0J-G,Niederrhein,Kreis Kleve-Geldern,10,Kreisliga C,Kreisliga C Gruppe 1 · Kreis Kleve-Geldern,16,28,169,81,SV Bedburg-Hau III,12,fussball.de
031JANH8LO00000AVS5489BUVVKNMR0J-G,Niederrhein,Kreis Kleve-Geldern,10,Kreisliga C,Kreisliga C Gruppe 2 · Kreis Kleve-Geldern,16,25,161,74,FC Concordia e.V. 1919 Goch,12,fussball.de
031ON9IV2C000005VS5489BUVT2M8LCU-G,Niederrhein,Kreis Kleve-Geldern,10,Kreisliga C,Kreisliga C Gruppe 3 · Kreis Kleve-Geldern,16,22,121,66,SV Straelen II,12,fussball.de
031HJBFEMO000004VS5489BTVVG7L386-G,Niederrhein,Kreis Moers,10,Kreisliga C,KL C Gruppe 1 · Kreis Moers,18,11,59,32,SpVgg. Rheurdt-Schaephuysen II,6,fussball.de
031HJBKB28000004VS5489BTVVG7L386-G,Niederrhein,Kreis Moers,10,Kreisliga C,KL C Gruppe 2 · Kreis Moers,17,11,71,30,MSV Moers II,6,fussball.de
0311FB59DK00000AVS5489BUVVARDA0V-G,Niederrhein,Kreis Mönchengladbach-Viersen,10,Kreisliga C,Kreisliga C Gruppe 1 · Kreis Mönchengladbach-Viersen,8,12,75,29,SC Viktoria 04 Rheydt 2,9,fussball.de
0311FB59R000000BVS5489BUVVARDA0V-G,Niederrhein,Kreis Mönchengladbach-Viersen,10,Kreisliga C,Kreisliga C Gruppe 2 · Kreis Mönchengladbach-Viersen,8,13,112,38,DJK/VfL Giesenkirchen 3,12,fussball.de
0311FB5A38000003VS5489BUVVARDA0V-G,Niederrhein,Kreis Mönchengladbach-Viersen,10,Kreisliga C,Kreisliga C Gruppe 3 · Kreis Mönchengladbach-Viersen,8,10,79,25,Rot-Weiß Venn 2,9,fussball.de
0311FB5AA800000AVS5489BUVVARDA0V-G,Niederrhein,Kreis Mönchengladbach-Viersen,10,Kreisliga C,Kreisliga C Gruppe 4 · Kreis Mönchengladbach-Viersen,8,13,77,37,BWC Viersen 2,9,fussball.de
0311FB5AHK000002VS5489BUVVARDA0V-G,Niederrhein,Kreis Mönchengladbach-Viersen,10,Kreisliga C,Kreisliga C Gruppe 5 · Kreis Mönchengladbach-Viersen,8,12,81,33,KFC Welate Roj M'gladbach 2,6,fussball.de
031G0132UK000004VS5489BUVSJ4CRAP-G,Niederrhein,Kreis Oberhausen-Bottrop,10,Kreisliga C,Kreisliga C1 Breil · Kreis Oberhausen-Bottrop,16,19,169,56,1.FC Hirschkamp II,9,fussball.de
031G01BKB4000004VS5489BUVSJ4CRAP-G,Niederrhein,Kreis Oberhausen-Bottrop,10,Kreisliga C,Kreisliga C2 Bliso · Kreis Oberhausen-Bottrop,17,18,118,54,VfB Bottrop 1900 II,9,fussball.de
031DTE1EFO000007VS5489BTVUS470OH-G,Niederrhein,Kreis Rees-Bocholt,10,Kreisliga C,"Kreisliga C, Gruppe 1 · Kreis Rees-Bocholt",14,0,0,-3,DJK Hüthum-Borghees II,0,fussball.de
031DTE1EKG000007VS5489BTVUS470OH-G,Niederrhein,Kreis Rees-Bocholt,10,Kreisliga C,"Kreisliga C, Gruppe 2 · Kreis Rees-Bocholt",13,1,4,3,TuS Stenern III,3,fussball.de
031DTE1EQ8000007VS5489BTVUS470OH-G,Niederrhein,Kreis Rees-Bocholt,10,Kreisliga C,"Kreisliga C, Gruppe 3 · Kreis Rees-Bocholt",14,1,3,-12,SV Brünen II,3,fussball.de
031EPPH2M0000004VS5489BUVUR5FS5A-G,Niederrhein,Kreis Remscheid-Solingen,10,Kreisliga C,Kreisliga C · Kreis Remscheid-Solingen,20,25,178,70,SSV Lützenkirchen III.,9,fussball.de
031HL1B29G00000DVS5489BTVVG7L386-G,Niederrhein,Kreis Wuppertal-Niederberg,10,Kreisliga C,Kreisliga C Gruppe 1 · Kreis Wuppertal-Niederberg,16,18,138,54,TUS Grün-Weiß Wuppertal 3,6,fussball.de
031HL1B2H800000AVS5489BTVVG7L386-G,Niederrhein,Kreis Wuppertal-Niederberg,10,Kreisliga C,Kreisliga C Gruppe 2 · Kreis Wuppertal-Niederberg,15,11,66,31,TVD Velbert 3,7,fussball.de
0319B7JNRC000004VS5489BUVV628VP4-G,Niedersachsen,Kreis Bentheim,10,2.Kreisklasse,2.Kreisklasse Grafschaft Bentheim,15,43,222,123,SV Veldhausen 07 II,15,fussball.de
031DPOL5A8000004VS5489BTVUS470OH-G,Niedersachsen,Kreis Braunschweig,10,2.Kreisklasse,2.Kreisklasse · Kreis Braunschweig,15,29,201,82,BSC Acosta III,12,fussball.de
03197ACTQO000000VS5489BUVV628VP4-G,Niedersachsen,Kreis Celle,10,2.Kreisklasse,2. Kreisklasse Celle,14,29,162,83,TuS Oldau-Ovelgönne II,10,fussball.de
0316KBSV50000000VS5489BUVSBBVPEU-G,Niedersachsen,Kreis Cloppenburg,10,2.Kreisklasse,2.Kreisklasse Cloppenburg Staffel I,13,32,136,91,SV Molbergen II,13,fussball.de
0316KC10MC000003VS5489BUVSBBVPEU-G,Niedersachsen,Kreis Cloppenburg,10,2.Kreisklasse,2.Kreisklasse Cloppenburg Staffel II,10,24,129,69,SV Nikolausdorf-Beverbr.,13,fussball.de
03153J1ST8000009VS5489BUVSBBVPEU-G,Niedersachsen,Kreis Cuxhaven,10,2.Kreisklasse,2.Kreisklasse Cuxhaven Nord,12,20,104,59,FC Althemmoor,12,fussball.de
03153J1T3O000009VS5489BUVSBBVPEU-G,Niedersachsen,Kreis Cuxhaven,10,2.Kreisklasse,2.Kreisklasse Cuxhaven Süd,14,30,158,83,SG Beverstedt/Wellen,12,fussball.de
031DPSC7LK00000DVS5489BUVUR5FS5A-G,Niedersachsen,Kreis Diepholz,10,2.Kreisklasse,2.Kreisklasse DH Nord · Kreis Diepholz,14,24,125,67,TuS Syke I,12,fussball.de
031DPSC7U400000DVS5489BUVUR5FS5A-G,Niedersachsen,Kreis Diepholz,10,2.Kreisklasse,2.Kreisklasse DH Süd · Kreis Diepholz,13,20,116,58,BSV SW Rehden II,9,fussball.de
0315LA7CHO000003VS5489BUVSBBVPEU-G,Niedersachsen,Kreis Emsland,10,2.Kreisklasse,2.KK Emsland Mitte,12,21,93,60,SV Union Meppen,9,fussball.de
0315LA7C88000005VS5489BUVSBBVPEU-G,Niedersachsen,Kreis Emsland,10,2.Kreisklasse,2.KK Emsland Nord,13,25,105,71,SV Surwold II,9,fussball.de
0315LA7CRC000000VS5489BUVSBBVPEU-G,Niedersachsen,Kreis Emsland,10,2.Kreisklasse,2.KK Emsland Süd,11,17,88,47,SC Spelle-Venhaus IV,12,fussball.de
031BO7ASOG000004VS5489BTVUS470OH-G,Niedersachsen,Kreis Gifhorn,10,2.Kreisklasse,2. Kreisklasse 1 · Kreis Gifhorn,13,12,48,36,SV Teutonia Tiddische,6,fussball.de
031BO7JC74000004VS5489BTVUS470OH-G,Niedersachsen,Kreis Gifhorn,10,2.Kreisklasse,2. Kreisklasse 2 · Kreis Gifhorn,13,11,62,32,VFB Gravenhorst,6,fussball.de
0317BQ2S8S00000EVS5489BUVSBBVPEU-G,Niedersachsen,Kreis Göttingen-Osterode,10,2.Kreisklasse,2.Kreisklasse Staffel A · Kreis Göttingen-Osterode,12,21,123,61,Sparta Göttingen III,9,fussball.de
0317BQ2SO000000DVS5489BUVSBBVPEU-G,Niedersachsen,Kreis Göttingen-Osterode,10,2.Kreisklasse,2.Kreisklasse Staffel B · Kreis Göttingen-Osterode,12,16,89,46,SC Rosdorf II,9,fussball.de
03140B5IG0000004VS5489BTVU7GTVLE-G,Niedersachsen,Kreis Hameln-Pyrmont,10,2.Kreisklasse,2.Kreisklasse Hameln-Pyrmont,14,43,232,125,FC Kosova Hameln,18,fussball.de
031AFRN4T400000CVS5489BUVV628VP4-G,Niedersachsen,Kreis Harburg,10,2.Kreisklasse,2.Kreisklasse Harburg,14,25,114,71,FC Este 2012 II,12,fussball.de
0318GN0458000000VS5489BUVV628VP4-G,Niedersachsen,Kreis Heide-Wendland,10,2.Kreisklasse,2. Kreisklasse Nord · Kreis Heide-Wendland,14,27,120,77,Ochtmisser SV II,12,fussball.de
0318GN04F0000005VS5489BUVV628VP4-G,Niedersachsen,Kreis Heide-Wendland,10,2.Kreisklasse,2. Kreisklasse Süd · Kreis Heide-Wendland,14,27,143,77,TV Rätzlingen,9,fussball.de
03196SSB7S000000VS5489BTVSK8S3O6-G,Niedersachsen,Kreis Heidekreis,10,2.Kreisklasse,2.Kreisklasse Heidekreis,12,16,89,46,MTV Soltau III,9,fussball.de
031JTGGJSO000004VS5489BUVVKNMR0J-G,Niedersachsen,Kreis Helmstedt,10,2.Kreisklasse,2.Kreisklasse Helmstedt,6,4,34,11,TSV Danndorf II,6,fussball.de
031D17AD00000004VS5489BTVUS470OH-G,Niedersachsen,Kreis Hildesheim-Holzminden,10,2.Kreisklasse,2. Kreisklasse Staffel A · Kreis Hildesheim-Holzminden,12,18,108,51,TSV Heisede,9,fussball.de
031D17FBR4000004VS5489BTVUS470OH-G,Niedersachsen,Kreis Hildesheim-Holzminden,10,2.Kreisklasse,2. Kreisklasse Staffel B · Kreis Hildesheim-Holzminden,12,18,117,53,VfR Germ. Ochtersum III,9,fussball.de
031D1EDGMC000003VS5489BTVUS470OH-G,Niedersachsen,Kreis Hildesheim-Holzminden,10,2.Kreisklasse,2. Kreisklasse Staffel C · Kreis Hildesheim-Holzminden,11,11,111,33,FC Domstadt,9,fussball.de
031CCR6SOS000004VS5489BTVUS470OH-G,Niedersachsen,Kreis Hildesheim-Holzminden,10,2.Kreisklasse,2. Kreisklasse Staffel D · Kreis Hildesheim-Holzminden,13,24,125,71,SG Woltershausen/Irmenseul,12,fussball.de
031KPAM31K000004VS5489BUVVKNMR0J-G,Niedersachsen,Kreis Hildesheim-Holzminden,10,2.Kreisklasse,2. Krisklasse Staffel E · Kreis Hildesheim-Holzminden,11,15,80,43,SV Rühle,9,fussball.de
031F3H60B0000007VS5489BTVUS470OH-G,Niedersachsen,Kreis Jade-Weser-Hunte,10,2.Kreisklasse,2.Kreisklasse JWH Staffel 1 · Kreis Jade-Weser-Hunte,13,12,69,35,1. FC Nordenham II,6,fussball.de
03198423O0000006VS5489BUVV628VP4-G,Niedersachsen,Kreis Jade-Weser-Hunte,10,2.Kreisklasse,2.Kreisklasse JWH Staffel 3 · Kreis Jade-Weser-Hunte,12,11,40,32,TuS Eversten II,6,fussball.de
03198423VG000006VS5489BUVV628VP4-G,Niedersachsen,Kreis Jade-Weser-Hunte,10,2.Kreisklasse,2.Kreisklasse JWH Staffel 4 · Kreis Jade-Weser-Hunte,12,13,63,36,TuS Bloherfelde,6,fussball.de
031DQL0UI4000005VS5489BTVUS470OH-G,Niedersachsen,Kreis Nienburg,10,2.Kreisklasse,2.Kreisklasse Nienburg,14,28,118,79,Hoya SV I,10,fussball.de
031C2TKFB400000NVS5489BUVUR5FS5A-G,Niedersachsen,Kreis Nordharz,10,2.Kreisklasse,2. Nordharzklasse Staffel 1,15,36,221,104,TSV Westerode,15,fussball.de
031C2TKFLS00000OVS5489BUVUR5FS5A-G,Niedersachsen,Kreis Nordharz,10,2.Kreisklasse,2. Nordharzklasse Staffel 2,14,31,159,89,FSG Asse-Elm,12,fussball.de
031BDGS6CO000000VS5489BUVUR5FS5A-G,Niedersachsen,Kreis Northeim-Einbeck,10,2.Kreisklasse,2.Kreisklasse Staffel 1 · Kreis Northeim-Einbeck,10,15,87,44,SSG Bishausen,9,fussball.de
031BDGS6M0000008VS5489BUVUR5FS5A-G,Niedersachsen,Kreis Northeim-Einbeck,10,2.Kreisklasse,2.Kreisklasse Staffel 2 · Kreis Northeim-Einbeck,10,13,60,38,SG Elfas II,6,fussball.de
0315B118EO000004VS5489BTVU7GTVLE-G,Niedersachsen,Kreis Oldenburg-L./Delmenhorst,10,2.Kreisklasse,2.Kreisklasse OLL/DEL · Kreis Oldenburg-L./Delmenhorst,14,34,168,100,TuS Heidkrug II,15,fussball.de
0316EACIIK00000BVS5489BUVSBBVPEU-G,Niedersachsen,Kreis Osnabrück,10,2.Kreisklasse,2. Kreisklasse Osnabrück Staffel A,11,11,53,31,SC Rieste II,9,fussball.de
0316EACIP800000BVS5489BUVSBBVPEU-G,Niedersachsen,Kreis Osnabrück,10,2.Kreisklasse,2. Kreisklasse Osnabrück Staffel B,12,12,66,34,SC Türkgücü,7,fussball.de
0316EACIVG000000VS5489BUVSBBVPEU-G,Niedersachsen,Kreis Osnabrück,10,2.Kreisklasse,2. Kreisklasse Osnabrück Staffel C,11,9,49,23,SC Melle 03 IV,4,fussball.de
0316EACJ5C00000AVS5489BUVSBBVPEU-G,Niedersachsen,Kreis Osnabrück,10,2.Kreisklasse,2. Kreisklasse Osnabrück Staffel D,11,10,41,29,SC Glandorf II,9,fussball.de
0317ILTPK0000004VS5489BUVSBBVPEU-G,Niedersachsen,Kreis Osterholz,10,2.Kreisklasse,2.Kreisklasse Osterholz,14,17,120,48,FC Hambergen II,9,fussball.de
0315F22738000005VS5489BUVSBBVPEU-G,Niedersachsen,Kreis Ostfriesland,10,2.Kreisklasse,Ostfrieslandklasse B St. 1,12,21,90,59,SG Norden - Norddeich/PSV,12,fussball.de
0315F2279O000004VS5489BUVSBBVPEU-G,Niedersachsen,Kreis Ostfriesland,10,2.Kreisklasse,Ostfrieslandklasse B St. 2,11,23,129,64,TSV Jahn Carolinensiel,10,fussball.de
0315F227G4000005VS5489BUVSBBVPEU-G,Niedersachsen,Kreis Ostfriesland,10,2.Kreisklasse,Ostfrieslandklasse B St. 3,13,25,125,67,SV Frisia Loga,12,fussball.de
0315F227MS000005VS5489BUVSBBVPEU-G,Niedersachsen,Kreis Ostfriesland,10,2.Kreisklasse,Ostfrieslandklasse B St. 4,13,28,146,80,Sportfreunde Möhlenwarf,13,fussball.de
031CR8ET8K000004VS5489BUVUR5FS5A-G,Niedersachsen,Kreis Peine,10,2.Kreisklasse,2. Kreisklasse Nord · Kreis Peine,14,35,195,103,TSV Arminia Vöhrum II,15,fussball.de
031CRDJSNK000004VS5489BUVUR5FS5A-G,Niedersachsen,Kreis Peine,10,2.Kreisklasse,2. Kreisklasse Süd · Kreis Peine,14,34,189,99,SG Münstedt-Ölsburg-Bosporus 3,15,fussball.de
031EQ8UFGC00000AVS5489BTVUS470OH-G,Niedersachsen,Kreis Region Hannover,10,2.Kreisklasse,2.Kreisklasse Region Hannover St.1,13,23,123,68,TSV Engensen,9,fussball.de
031EQ8UFOG00000BVS5489BTVUS470OH-G,Niedersachsen,Kreis Region Hannover,10,2.Kreisklasse,2.Kreisklasse Region Hannover St.2,14,22,118,65,TSV Berenbostel II,12,fussball.de
031EQ8UFUC00000BVS5489BTVUS470OH-G,Niedersachsen,Kreis Region Hannover,10,2.Kreisklasse,2.Kreisklasse Region Hannover St.3,13,25,140,69,TSV Gestorf,12,fussball.de
031EQ8UG4800000AVS5489BTVUS470OH-G,Niedersachsen,Kreis Region Hannover,10,2.Kreisklasse,2.Kreisklasse Region Hannover St.4,13,23,117,66,TUS Marathon,12,fussball.de
03187DCV3C000006VS5489BUVSBBVPEU-G,Niedersachsen,Kreis Rotenburg,10,2.Kreisklasse,2.Kreisklasse Nord · Kreis Rotenburg,10,15,68,42,TSV Karlshöfen II,9,fussball.de
03187DCV9G000007VS5489BUVSBBVPEU-G,Niedersachsen,Kreis Rotenburg,10,2.Kreisklasse,2.Kreisklasse Süd · Kreis Rotenburg,9,14,69,40,VfL Visselhövede II,9,fussball.de
0315EL9UIK000005VS5489BTVU7GTVLE-G,Niedersachsen,Kreis Schaumburg,10,2.Kreisklasse,2.Kreisklasse Schaumburg,13,25,144,68,TuS Jahn Lindhorst II,10,fussball.de
031B83B7VO000000VS5489BUVV628VP4-G,Niedersachsen,Kreis Stade,10,2.Kreisklasse,2.Kreisklasse Stade,12,17,91,49,FSV Bliedersdorf/Nottensdorf II,9,fussball.de
0314GRL00G000004VS5489BUVSBBVPEU-G,Niedersachsen,Kreis Vechta,10,2.Kreisklasse,2.Kreisklasse Vechta,14,32,139,93,SV B-W Lüsche II,13,fussball.de
031FTV9S90000003VS5489BUVSJ4CRAP-G,Niedersachsen,Kreis Verden,10,2.Kreisklasse,2.Kreisklasse Verden,18,32,233,92,TSV Bassen,12,fussball.de
0316JMATHO00000HVS5489BTVU7GTVLE-G,Rheinland,Kreis Eifel,10,Kreisliga C,Kreisliga C17 · Kreis Eifel,13,24,119,67,SG Hocheifel 23 Adenau II,12,fussball.de
0316JMASUC00000IVS5489BTVU7GTVLE-G,Rheinland,Kreis Eifel,10,Kreisliga C,Kreisliga C18 · Kreis Eifel,12,18,97,51,SG MSN-Schleid II,9,fussball.de
0316JMAT8G00000JVS5489BTVU7GTVLE-G,Rheinland,Kreis Eifel,10,Kreisliga C,Kreisliga C19 · Kreis Eifel,11,17,104,50,SG Kyllburg II,12,fussball.de
031BTMI1BC000004VS5489BUVUR5FS5A-G,Rheinland,Kreis Hunsrück/Mosel,10,Kreisliga C,Kreisliga C-13 · Kreis Hunsrück/Mosel,12,13,68,35,SC Weiler II,7,fussball.de
031CFV9KQC000004VS5489BUVUR5FS5A-G,Rheinland,Kreis Hunsrück/Mosel,10,Kreisliga C,Kreisliga C-14 · Kreis Hunsrück/Mosel,12,16,71,45,SG Rheinblick Oberwesel III,9,fussball.de
031GAJ89CG000004VS5489BUVSJ4CRAP-G,Rheinland,Kreis Koblenz,10,Kreisliga C,Kreisliga C8 · Kreis Koblenz,13,26,154,71,SG Augst Eitelborn III,13,fussball.de
031GAJBNK8000004VS5489BUVSJ4CRAP-G,Rheinland,Kreis Koblenz,10,Kreisliga C,Kreisliga C9 · Kreis Koblenz,14,27,141,78,SG 2000 Mülheim-Kärlich III,12,fussball.de
031C5Q51TS000004VS5489BTVUS470OH-G,Rheinland,Kreis Mosel,10,Kreisliga C,Kreisliga C 20 · Kreis Mosel,14,27,147,77,SV Zeltingen-Rachtig II,12,fussball.de
031CD3QBUO000004VS5489BTVUS470OH-G,Rheinland,Kreis Mosel,10,Kreisliga C,Kreisliga C 21 · Kreis Mosel,14,28,135,82,FC Hilscheid,10,fussball.de
031CQK2NG4000007VS5489BUVUR5FS5A-G,Rheinland,Kreis Rhein/Ahr,10,Kreisliga C,Kreisliga C10 · Kreis Rhein/Ahr,12,19,91,56,SC Bad Bodendorf II,12,fussball.de
031CQK2NL0000007VS5489BUVUR5FS5A-G,Rheinland,Kreis Rhein/Ahr,10,Kreisliga C,Kreisliga C11 · Kreis Rhein/Ahr,14,28,145,81,SG 99 Andernach II,15,fussball.de
031CQK2N90000006VS5489BUVUR5FS5A-G,Rheinland,Kreis Rhein/Ahr,10,Kreisliga C,Kreisliga C12 · Kreis Rhein/Ahr,13,25,128,72,SG Boos/Weiler,15,fussball.de
031CDMAOB8000004VS5489BUVUR5FS5A-G,Rheinland,Kreis Rhein/Lahn,10,Kreisliga C,Kreisliga C7 · Kreis Rhein/Lahn,13,22,94,65,TuS Weinähr,12,fussball.de
031C6C52PS000004VS5489BTVUS470OH-G,Rheinland,Kreis Trier/Saarburg,10,Kreisliga C,Kreisliga C15 · Kreis Trier/Saarburg,14,27,126,80,SG FLRK Fell II,12,fussball.de
031C6BJPGC000003VS5489BTVUS470OH-G,Rheinland,Kreis Trier/Saarburg,10,Kreisliga C,Kreisliga C16 · Kreis Trier/Saarburg,14,27,172,78,SG Schöndorf II,12,fussball.de
031CHIG7D400000GVS5489BTVUS470OH-G,Rheinland,Kreis Westerwald/Sieg,10,Kreisliga C,Kreisliga C1 · Kreis Westerwald/Sieg,12,18,110,52,SV Adler Niederfischbach II,12,fussball.de
031CHIG7MS00000IVS5489BTVUS470OH-G,Rheinland,Kreis Westerwald/Sieg,10,Kreisliga C,Kreisliga C2 · Kreis Westerwald/Sieg,13,23,124,68,SV Güllesheim,12,fussball.de
031CHIG7SS000007VS5489BTVUS470OH-G,Rheinland,Kreis Westerwald/Sieg,10,Kreisliga C,Kreisliga C3 · Kreis Westerwald/Sieg,13,24,112,69,SG Weitefeld-L/Nauroth II,12,fussball.de
031C7J6CSG000003VS5489BUVUR5FS5A-G,Rheinland,Kreis Westerwald/Wied,10,Kreisliga C,Kreisliga C4 · Kreis Westerwald/Wied,13,23,134,66,DJK Neustadt-Fernthal II,12,fussball.de
031C7J6D28000006VS5489BUVUR5FS5A-G,Rheinland,Kreis Westerwald/Wied,10,Kreisliga C,Kreisliga C5 · Kreis Westerwald/Wied,14,23,174,67,SV Türkiyemspor R.-B. II,10,fussball.de
031C7J6D7O000008VS5489BUVUR5FS5A-G,Rheinland,Kreis Westerwald/Wied,10,Kreisliga C,Kreisliga C6 · Kreis Westerwald/Wied,14,28,139,81,SG Neuwied II,10,fussball.de
0311IJFKJ400000JVS5489BTVT51B5B5-G,Saarland,Kreis Nordsaar,10,Kreisliga A / Kreisliga,Kreisliga A Blies · Kreis Nordsaar,14,30,164,88,SV Remmesweiler,10,fussball.de
0311IJFL5K00000HVS5489BTVT51B5B5-G,Saarland,Kreis Nordsaar,10,Kreisliga A / Kreisliga,Kreisliga A Ill/Theel · Kreis Nordsaar,14,25,130,74,FC Uchtelfangen 2,15,fussball.de
0311IJFKTC00000HVS5489BTVT51B5B5-G,Saarland,Kreis Nordsaar,10,Kreisliga A / Kreisliga,Kreisliga A Nahe · Kreis Nordsaar,15,35,185,102,SG Steinberg-D./Walhausen,13,fussball.de
030VIFT0BC000006VS5489BUVVARDA0V-G,Saarland,Kreis Ostsaar,10,Kreisliga A / Kreisliga,Kreisliga A Bliestal · Kreis Ostsaar,15,34,182,96,DJK Elversberg,12,fussball.de
030VIFT05G000006VS5489BUVVARDA0V-G,Saarland,Kreis Ostsaar,10,Kreisliga A / Kreisliga,Kreisliga A Neunkirchen · Kreis Ostsaar,14,21,159,59,TuS Lappentascherhof,13,fussball.de
03108NV8O0000000VS5489BTVT51B5B5-G,Saarland,Kreis Südsaar,10,Kreisliga A / Kreisliga,Kreisliga A Köllertal-Warndt · Kreis Südsaar,16,30,176,88,SV Wehrden,15,fussball.de
03108NV8UG000007VS5489BTVT51B5B5-G,Saarland,Kreis Südsaar,10,Kreisliga A / Kreisliga,Kreisliga A Saarbrücken · Kreis Südsaar,16,34,206,100,DJK 08 Rastpfuhl-Rußhütte,15,fussball.de
03108NV94000000AVS5489BTVT51B5B5-G,Saarland,Kreis Südsaar,10,Kreisliga A / Kreisliga,Kreisliga A Süd · Kreis Südsaar,16,40,283,117,SV Rockershausen 2,15,fussball.de
0312E89V2400000MVS5489BTVU7GTVLE-G,Saarland,Kreis Westsaar,10,Kreisliga A / Kreisliga,Kreisliga A Saar · Kreis Westsaar,18,60,368,169,VfB Gisingen,19,fussball.de
0312E89UNS00000HVS5489BTVU7GTVLE-G,Saarland,Kreis Westsaar,10,Kreisliga A / Kreisliga,Kreisliga A Untere Saar Prims · Kreis Westsaar,15,35,167,101,SG Mettlach / Merzig 2,12,fussball.de
0312E89UE4000006VS5489BTVU7GTVLE-G,Saarland,Kreis Westsaar,10,Kreisliga A / Kreisliga,Kreisliga A West · Kreis Westsaar,16,40,167,116,SG Moseltal 3,15,fussball.de
03180HE958000009VS5489BTVU7GTVLE-G,Sachsen,Kreis Dresden,10,2.Kreisliga (B),Brandible Stadtliga B · Kreis Dresden,14,8,46,23,Radeberger SV 2,6,fussball.de
031F3F1NCO00000DVS5489BUVUR5FS5A-G,Sachsen,Kreis Mittelsachsen,10,2.Kreisliga (B),Kreisliga - Staffel 1 · Kreis Mittelsachsen,10,12,54,34,SpG Mittweida 2/Frankenau,9,fussball.de
031F3F1NLG00000CVS5489BUVUR5FS5A-G,Sachsen,Kreis Mittelsachsen,10,2.Kreisliga (B),Kreisliga - Staffel 2 · Kreis Mittelsachsen,9,12,81,33,Hohenfichtener SV,9,fussball.de
031F3H5AN8000002VS5489BUVUR5FS5A-G,Sachsen,Kreis Mittelsachsen,10,2.Kreisliga (B),Kreisliga - Staffel 3 · Kreis Mittelsachsen,10,12,64,35,LSV Großhartmannsdorf 2,9,fussball.de
031B4IHFIC000009VS5489BTVSK8S3O6-G,Sachsen,Kreis Muldental/Leipziger Land,10,2.Kreisliga (B),Kreisliga B Süd - Herren · Kreis Muldental/Leipziger Land,10,5,28,14,VfB Leisnig 2,3,fussball.de
031B4IHFBG00000AVS5489BTVSK8S3O6-G,Sachsen,Kreis Muldental/Leipziger Land,10,2.Kreisliga (B),Kreisliga B West - Herren · Kreis Muldental/Leipziger Land,11,9,44,24,SG Olympia Frankenhain/ SV Flößberg 2,6,fussball.de
031HO8QS78000008VS5489BTVSRD0UH9-G,Sachsen,Kreis Sächs.Schweiz/Osterzgeb.,10,2.Kreisliga (B),Kreisliga B · Kreis Sächs.Schweiz/Osterzgeb.,14,8,47,23,TSV Graupa 2.,3,fussball.de
031B4TDP1G000008VS5489BUVV628VP4-G,Sachsen,Kreis Vogtland,10,2.Kreisliga (B),Audi Zentrum Vogtland Kreisliga B - Staffel 2,14,15,75,42,VFC Plauen 2,9,fussball.de
031B4TDOQC000008VS5489BUVV628VP4-G,Sachsen,Kreis Vogtland,10,2.Kreisliga (B),AutoCarl+ Kreisliga B - Staffel 1 · Kreis Vogtland,14,12,68,35,SV Coschütz,6,fussball.de
031CMSFOU4000008VS5489BTVUS470OH-G,Sachsen-Anhalt,Kreis Altmark Ost,10,Kreisliga,Kreisliga · Kreis Altmark Ost,13,12,59,36,SV Rochau,6,fussball.de
031D6R3F2K000004VS5489BTVUS470OH-G,Sachsen-Anhalt,Kreis Altmark West,10,Kreisliga,2. Altmark West Liga,12,10,48,29,SV Engersen 1921,6,fussball.de
031D3QF25G000000VS5489BTVUS470OH-G,Sachsen-Anhalt,Kreis Anhalt-Bitterfeld,10,Kreisliga,Kreisliga Nord · Kreis Anhalt-Bitterfeld,13,6,21,17,SC Vorfläming Nedlitz,3,fussball.de
031D3R9RGO000006VS5489BTVUS470OH-G,Sachsen-Anhalt,Kreis Anhalt-Bitterfeld,10,Kreisliga,Kreisliga Süd · Kreis Anhalt-Bitterfeld,14,7,22,19,SV Blau-Weiss Schortewitz II,3,fussball.de
0319IBH0N4000005VS5489BUVV628VP4-G,Sachsen-Anhalt,Kreis Burgenland,10,Kreisliga,Kreisliga Staffel I · Kreis Burgenland,13,13,75,37,SG Freyburg II / Gleina,7,fussball.de
0319IBH0T0000006VS5489BUVV628VP4-G,Sachsen-Anhalt,Kreis Burgenland,10,Kreisliga,Kreisliga Staffel II · Kreis Burgenland,13,10,45,30,SV Hohenmölsen,6,fussball.de
031BS9BOG0000004VS5489BTVUS470OH-G,Sachsen-Anhalt,Kreis Börde,10,Kreisliga,Bördeliga,14,14,75,39,SG Eintracht Ebendorf,6,fussball.de
031CE8KQ74000004VS5489BUVUR5FS5A-G,Sachsen-Anhalt,Kreis Harz,10,Kreisliga,Harzliga  1,14,6,28,18,SV Empor Dedeleben,3,fussball.de
031CE86DI0000004VS5489BTVUS470OH-G,Sachsen-Anhalt,Kreis Harz,10,Kreisliga,Harzliga  2,14,5,27,14,Germania Wernigerode II,3,fussball.de
031AGJD21O000006VS5489BTVSK8S3O6-G,Sachsen-Anhalt,Kreis Jerichower Land,10,Kreisliga,Kreisliga · Kreis Jerichower Land,11,5,21,15,SV Eintracht Hohenwarthe II,3,fussball.de
031ASAFN10000000VS5489BTVSK8S3O6-G,Sachsen-Anhalt,Kreis Mansfeld-Südharz,10,Kreisliga,Kreisliga · Kreis Mansfeld-Südharz,13,11,43,31,SV Eintracht Lüttchendorf II,6,fussball.de
031A9UCPIG000004VS5489BTVSK8S3O6-G,Sachsen-Anhalt,Kreis SFV Halle,10,Kreisliga,Stadtliga · Kreis SFV Halle,14,7,30,20,SV Grün-Weiß Ammendorf,3,fussball.de
031C4HOJB8000004VS5489BUVUR5FS5A-G,Sachsen-Anhalt,Kreis SFV Magdeburg,10,Kreisliga,Stadtliga Herren · Kreis SFV Magdeburg,10,4,16,12,SV Fortuna III,3,fussball.de
031CHNEHJ8000002VS5489BUVUR5FS5A-G,Sachsen-Anhalt,Kreis Saalekreis,10,Kreisliga,Kreisliga · Kreis Saalekreis,14,7,27,19,Spgm. VfL Roßbach 1921 e.V. / SV Braunsbedra II,3,fussball.de
030J2D2O98000007VS5489BTVUCDSG9E-G,Sachsen-Anhalt,Kreis Salzland,10,Kreisliga,Kreisliga · Kreis Salzland,14,16,71,46,ESV Lokomotive Güsten,9,fussball.de
031AU5HSFS000004VS5489BUVV628VP4-G,Sachsen-Anhalt,Kreis Wittenberg,10,Kreisliga,DTZ Technik Kreisliga Staffel A · Kreis Wittenberg,9,4,25,12,SG Rackith/Dabrun/Kemberg,3,fussball.de
031AU5E6T0000004VS5489BUVV628VP4-G,Sachsen-Anhalt,Kreis Wittenberg,10,Kreisliga,DTZ Technik Kreisliga Staffel B · Kreis Wittenberg,10,4,34,12,Malterhausener Sportverein,3,fussball.de
031EDBGP34000004VS5489BUVUR5FS5A-G,Schleswig-Holstein,Kreis Holstein,10,Kreisklasse B,Kreisklasse B - 8 · Kreis Holstein,13,20,114,59,TV Trappenkamp,9,fussball.de
031EDB25U8000003VS5489BUVUR5FS5A-G,Schleswig-Holstein,Kreis Holstein,10,Kreisklasse B,Kreisklasse B - 9 · Kreis Holstein,11,12,49,36,TSV Selent,9,fussball.de
031C4P9UPO000006VS5489BTVUS470OH-G,Schleswig-Holstein,Kreis Kiel,10,Kreisklasse B,Kreisklasse B - 3 · Kreis Kiel,13,22,109,61,VfB Kiel III,12,fussball.de
031C4DB9K8000000VS5489BTVUS470OH-G,Schleswig-Holstein,Kreis Lübeck,10,Kreisklasse B,Kreisklasse B - 11 · Kreis Lübeck,12,15,100,41,SC Buntekuh Lübeck,7,fussball.de
031CPBEB18000006VS5489BUVUR5FS5A-G,Schleswig-Holstein,Kreis Nordfriesland,10,Kreisklasse B,Kreisklasse B 1 · Kreis Nordfriesland,13,26,125,71,TSV Eintracht Eggebek II,9,fussball.de
031C8LNBC4000003VS5489BTVUS470OH-G,Schleswig-Holstein,Kreis Ostholstein,10,Kreisklasse B,Kreisklasse B - 10 · Kreis Ostholstein,11,12,70,34,TSV Neustadt II,9,fussball.de
031A5SKUS4000004VS5489BTVSK8S3O6-G,Schleswig-Holstein,Kreis Rendsburg-Eckernförde,10,Kreisklasse B,Kreisklasse B - 4 · Kreis Rendsburg-Eckernförde,13,25,140,71,SSV Nübbel,15,fussball.de
031C3UG8RS000004VS5489BUVUR5FS5A-G,Schleswig-Holstein,Kreis Schleswig-Flensburg,10,Kreisklasse B,Kreisklasse B - 2 · Kreis Schleswig-Flensburg,13,27,173,75,SG Eckernförde/Fleckeby II,15,fussball.de
031CEUD3KK000004VS5489BUVUR5FS5A-G,Schleswig-Holstein,Kreis Stormarn,10,Kreisklasse B,Kreisklasse B - 12 · Kreis Stormarn,13,22,108,63,Büchen-Siebeneichener SV II,12,fussball.de
031BV53708000004VS5489BTVUS470OH-G,Schleswig-Holstein,Kreis Westküste,10,Kreisklasse B,Kreisklasse B - 5 · Kreis Westküste,12,20,113,57,SG Nordholm II,10,fussball.de
031BV5KGT4000000VS5489BTVUS470OH-G,Schleswig-Holstein,Kreis Westküste,10,Kreisklasse B,Kreisklasse B - 6 · Kreis Westküste,12,18,90,52,BSC Brunsbüttel II,9,fussball.de
031BV5UVDS000005VS5489BTVUS470OH-G,Schleswig-Holstein,Kreis Westküste,10,Kreisklasse B,Kreisklasse B - 7 · Kreis Westküste,13,25,164,74,TSV Brokstedt,12,fussball.de
030EIACNNC000004VS5489BTVSFA9344-G,Südbaden,Baden-Baden,10,2.Kreisliga (B),Kreisliga B - Staffel 1 · Baden-Baden,15,14,66,38,FV Würmersheim 2,6,fussball.de
030EI9H16O000004VS5489BTVSFA9344-G,Südbaden,Baden-Baden,10,2.Kreisliga (B),Kreisliga B - Staffel 2 · Baden-Baden,14,7,26,20,SV Altschweier,3,fussball.de
0319TNSFK800000BVS5489BUVV628VP4-G,Südbaden,Bodensee,10,2.Kreisliga (B),Kreisliga B - Staffel 1 · Bodensee,14,6,34,18,FC 03 Radolfzell 2,3,fussball.de
0319TNSFQ800000BVS5489BUVV628VP4-G,Südbaden,Bodensee,10,2.Kreisliga (B),Kreisliga B - Staffel 2 · Bodensee,14,9,34,25,SV Orsingen-Nenzingen 2,4,fussball.de
0319TNSFVC00000BVS5489BUVV628VP4-G,Südbaden,Bodensee,10,2.Kreisliga (B),Kreisliga B - Staffel 3 · Bodensee,14,7,35,20,Türk. SV Pfullendorf,3,fussball.de
031BHK3J6K000008VS5489BTVUS470OH-G,Südbaden,Freiburg,10,2.Kreisliga (B),Kreisliga B - Staffel 1 · Freiburg,14,1,2,3,SV Mundingen 2,3,fussball.de
031BHK3JD000000DVS5489BTVUS470OH-G,Südbaden,Freiburg,10,2.Kreisliga (B),Kreisliga B - Staffel 2 · Freiburg,13,1,8,2,FC Waldkirch 2,1,fussball.de
031BHK3JJG00000CVS5489BTVUS470OH-G,Südbaden,Freiburg,10,2.Kreisliga (B),Kreisliga B - Staffel 3 · Freiburg,13,0,0,0,ASV Merdingen,0,fussball.de
031BHK3JPK00000BVS5489BTVUS470OH-G,Südbaden,Freiburg,10,2.Kreisliga (B),Kreisliga B - Staffel 4 · Freiburg,14,0,0,0,Alemannia 08 Müllheim,0,fussball.de
031BHK3JUS00000BVS5489BTVUS470OH-G,Südbaden,Freiburg,10,2.Kreisliga (B),Kreisliga B - Staffel 5 · Freiburg,16,0,0,0,FC Bötzingen 2,0,fussball.de
031BHK3K4K00000BVS5489BTVUS470OH-G,Südbaden,Freiburg,10,2.Kreisliga (B),Kreisliga B - Staffel 6 · Freiburg,15,0,0,0,FC Bad Krozingen 2,0,fussball.de
031BHK3KAO00000BVS5489BTVUS470OH-G,Südbaden,Freiburg,10,2.Kreisliga (B),Kreisliga B - Staffel 7 · Freiburg,16,0,0,0,Bahlinger SC 3,0,fussball.de
031GB7L1IG00000CVS5489BUVSJ4CRAP-G,Südbaden,Hochrhein,10,2.Kreisliga (B),Kreisliga B - Staffel 1 · Hochrhein,14,4,22,11,TJZ Weil,3,fussball.de
031GB7L1QS00000FVS5489BUVSJ4CRAP-G,Südbaden,Hochrhein,10,2.Kreisliga (B),Kreisliga B - Staffel 2 · Hochrhein,14,6,29,18,SV Schopfheim 2,3,fussball.de
031GB7L21400000EVS5489BUVSJ4CRAP-G,Südbaden,Hochrhein,10,2.Kreisliga (B),Kreisliga B - Staffel 3 · Hochrhein,14,7,36,20,VfB Waldshut 2,6,fussball.de
031GB7L28000000GVS5489BUVSJ4CRAP-G,Südbaden,Hochrhein,10,2.Kreisliga (B),Kreisliga B - Staffel 4 · Hochrhein,14,6,31,18,SC Lauchringen,3,fussball.de
031BF2URV8000007VS5489BUVUR5FS5A-G,Südbaden,Offenburg,10,2.Kreisliga (B),Kreisliga B - Staffel 1 · Offenburg,14,21,125,63,SG Neumühl / Kehler FV,9,fussball.de
031BF2US8G000009VS5489BUVUR5FS5A-G,Südbaden,Offenburg,10,2.Kreisliga (B),Kreisliga B - Staffel 2 · Offenburg,14,21,104,58,SV Oberwolfach 2,9,fussball.de
031BF2USHS000008VS5489BUVUR5FS5A-G,Südbaden,Offenburg,10,2.Kreisliga (B),Kreisliga B - Staffel 3 · Offenburg,14,21,116,60,SC Kuhbach-Reichenbach,9,fussball.de
031BF2USOO00000AVS5489BUVUR5FS5A-G,Südbaden,Offenburg,10,2.Kreisliga (B),Kreisliga B - Staffel 4 · Offenburg,16,24,146,69,SV Leutesheim 2,9,fussball.de
031BF2USUS000002VS5489BUVUR5FS5A-G,Südbaden,Offenburg,10,2.Kreisliga (B),Kreisliga B - Staffel 5 · Offenburg,15,22,114,62,SV Steinach 2,8,fussball.de
031BF2UT5G00000CVS5489BUVUR5FS5A-G,Südbaden,Offenburg,10,2.Kreisliga (B),Kreisliga B - Staffel 6 · Offenburg,13,15,72,45,FV Sulz 2,9,fussball.de
031H2E2R0K000004VS5489BUVSJ4CRAP-G,Südbaden,Schwarzwald,10,2.Kreisliga (B),Kreisliga B - Staffel 1 · Schwarzwald,11,5,22,15,FC Pfohren,3,fussball.de
031H24UVC4000004VS5489BUVSJ4CRAP-G,Südbaden,Schwarzwald,10,2.Kreisliga (B),Kreisliga B - Staffel 2 · Schwarzwald,12,5,27,15,SV Eisenbach,3,fussball.de
031FE02NMC000004VS5489BUVSJ4CRAP-G,Südbaden,Schwarzwald,10,2.Kreisliga (B),Kreisliga B - Staffel 3 · Schwarzwald,14,12,54,35,FV Tennenbronn 2,6,fussball.de
031HVATVKK000004VS5489BTVSRD0UH9-G,Südbaden,Schwarzwald,10,2.Kreisliga (B),Kreisliga B - Staffel 4 · Schwarzwald,13,16,80,45,VfB Villingen 2,7,fussball.de
031BS6NL1S00000AVS5489BTVUS470OH-G,Südbaden,Schwarzwald,10,2.Kreisliga (B),Kreisliga B - Staffel 5 · Schwarzwald,14,9,36,26,SG Lenzkirch-Saig 2,6,fussball.de
031AUOEO10000004VS5489BUVV628VP4-G,Südwest,Kreis Alzey-Worms,10,B-Klasse,Herren B-Klasse Alzey-Worms Nord,12,15,80,45,SG RWO Alzey/TV Lonsheim,9,fussball.de
031AUOC4OG000007VS5489BUVV628VP4-G,Südwest,Kreis Alzey-Worms,10,B-Klasse,Herren B-Klasse Alzey-Worms Süd,13,20,122,59,FSV Oppenheim,12,fussball.de
0319RSL5GO000004VS5489BUVV628VP4-G,Südwest,Kreis Bad Kreuznach,10,B-Klasse,Herren B-Klasse Bad Kreuznach 1,14,31,197,91,TSG Planig,12,fussball.de
0319RT3K1S000004VS5489BUVV628VP4-G,Südwest,Kreis Bad Kreuznach,10,B-Klasse,Herren B-Klasse Bad Kreuznach 2,15,34,150,100,SG Hochstetten/Nußbaum,15,fussball.de
0314O2BQEG000008VS5489BUVSBBVPEU-G,Südwest,Kreis Birkenfeld,10,B-Klasse,Herren B-Klasse Birkenfeld 1,14,28,136,81,VfL Weierbach,15,fussball.de
0314O2BQLO000008VS5489BUVSBBVPEU-G,Südwest,Kreis Birkenfeld,10,B-Klasse,Herren B-Klasse Birkenfeld 2,14,30,160,87,SV Heimbach,13,fussball.de
031ARBND98000004VS5489BTVSK8S3O6-G,Südwest,Kreis Kaiserslaut.-Donnersberg,10,B-Klasse,Herren B-Klasse KL/DOB Nord · Kreis Kaiserslaut.-Donnersberg,13,18,107,53,SG Münsterappel/Gerbach/Niederhausen,9,fussball.de
031ARQBIG8000004VS5489BTVSK8S3O6-G,Südwest,Kreis Kaiserslaut.-Donnersberg,10,B-Klasse,Herren B-Klasse KL/DOB Süd · Kreis Kaiserslaut.-Donnersberg,12,16,67,46,SG Niederkirchen/Morbach/Heiligenmoschel,9,fussball.de
0318CAK1QG000009VS5489BUVSBBVPEU-G,Südwest,Kreis Kusel-Kaiserslautern,10,B-Klasse,Herren B-Klasse Kusel-Kaiserslautern Nord,16,45,183,129,SG Pfeffelbach/Konken/EDO,13,fussball.de
0318CAK21K000007VS5489BUVSBBVPEU-G,Südwest,Kreis Kusel-Kaiserslautern,10,B-Klasse,Herren B-Klasse Kusel-Kaiserslautern Süd,16,39,186,115,SG Spesbach-Elschbach,15,fussball.de
0319055VFG000003VS5489BTVSK8S3O6-G,Südwest,Kreis Mainz-Bingen,10,B-Klasse,Herren B-Klasse Mainz-Bingen Ost,14,20,123,54,TSG Hechtsheim,9,fussball.de
0319055V9000000AVS5489BTVSK8S3O6-G,Südwest,Kreis Mainz-Bingen,10,B-Klasse,Herren B-Klasse Mainz-Bingen West,14,21,95,61,SV Klein-Winternheim,12,fussball.de
031B344K6K000007VS5489BUVV628VP4-G,Südwest,Kreis Pirmasens/Zweibrücken,10,B-Klasse,Herren B Klasse West Pirmasens-Zweibrücken · Kreis Pirmasens/Zweibrücken,15,37,228,108,SG Massweiler-Höhmühlbach I,13,fussball.de
031AHB031K000008VS5489BUVV628VP4-G,Südwest,Kreis Pirmasens/Zweibrücken,10,B-Klasse,Herren B-Klasse Ost Pirmasens-Zweibrücken · Kreis Pirmasens/Zweibrücken,15,36,194,105,SV Hochstellerhof,13,fussball.de
0314GC1F8S000008VS5489BUVSBBVPEU-G,Südwest,Kreis Rhein-Mittelhaardt,10,B-Klasse,Herren B-Klasse Rhein-Mittelhaardt Staffel Ost,16,39,208,111,TSV Lingenfeld,15,fussball.de
0314GC1F0K000009VS5489BUVSBBVPEU-G,Südwest,Kreis Rhein-Mittelhaardt,10,B-Klasse,Herren B-Klasse Rhein-Mittelhaardt Staffel West,16,40,179,112,TuS 1920 Maikammer II,13,fussball.de
031BT6HBGC000008VS5489BUVUR5FS5A-G,Südwest,Kreis Rhein-Pfalz,10,B-Klasse,Herren B-Klasse Rhein-Pfalz Nord,13,25,132,72,SV Weisenheim/Sand,10,fussball.de
031BT6HBN4000009VS5489BUVUR5FS5A-G,Südwest,Kreis Rhein-Pfalz,10,B-Klasse,Herren B-Klasse Rhein-Pfalz Süd,13,22,128,64,SC Alemannia Maudach,12,fussball.de
0311HNBO3C000008VS5489BUVVARDA0V-G,Südwest,Kreis Südpfalz,10,B-Klasse,Herren B- Klasse Südpfalz Staffel II,16,38,183,107,SV 1950 Büchelberg II,13,fussball.de
0311HNBNR0000008VS5489BUVVARDA0V-G,Südwest,Kreis Südpfalz,10,B-Klasse,Herren B-Klasse Südpfalz Staffel I,16,40,228,112,TSV Venningen-Fischlingen,15,fussball.de
0309PV797G000007VS5489BTVV61V7H6-G,Thüringen,Kreis Eichsf.-Unstrut-Hainich,10,1.Kreisklasse,1. Kreisklasse Staffel 1 · Kreis Eichsf.-Unstrut-Hainich,11,10,36,28,SG VfB 1922 Bischofferode II,6,fussball.de
0309PV79MG000007VS5489BTVV61V7H6-G,Thüringen,Kreis Eichsf.-Unstrut-Hainich,10,1.Kreisklasse,1. Kreisklasse Staffel 2 · Kreis Eichsf.-Unstrut-Hainich,10,7,32,20,FSV Uder 1921,6,fussball.de
0309PV7A0O000006VS5489BTVV61V7H6-G,Thüringen,Kreis Eichsf.-Unstrut-Hainich,10,1.Kreisklasse,1. Kreisklasse Staffel 3 · Kreis Eichsf.-Unstrut-Hainich,10,7,34,19,SG FSV Preußen Bad Langensalza III,4,fussball.de
031CHOBJNG000008VS5489BUVUR5FS5A-G,Thüringen,Kreis Erfurt-Sömmerda,10,1.Kreisklasse,1.KK St.I · Kreis Erfurt-Sömmerda,10,9,50,24,TSG Stotternheim II,6,fussball.de
031CHOBJT8000000VS5489BUVUR5FS5A-G,Thüringen,Kreis Erfurt-Sömmerda,10,1.Kreisklasse,1.KK St.II · Kreis Erfurt-Sömmerda,9,8,35,23,SV 48 Ostramondra,6,fussball.de
031EEOQU6S000008VS5489BUVUR5FS5A-G,Thüringen,Kreis Jena-Saale-Orla,10,1.Kreisklasse,1. Kreisklasse Staffel A · Kreis Jena-Saale-Orla,10,9,41,27,SG Frauenprießnitz,6,fussball.de
031EEONV0S000007VS5489BUVUR5FS5A-G,Thüringen,Kreis Jena-Saale-Orla,10,1.Kreisklasse,1. Kreisklasse Staffel B · Kreis Jena-Saale-Orla,13,12,48,36,LSV 49 Oettersdorf,6,fussball.de
03155Q3K5O000007VS5489BUVSBBVPEU-G,Thüringen,Kreis Mittelthüringen,10,1.Kreisklasse,1.Kreisklasse Nord · Kreis Mittelthüringen,11,10,43,26,SG Am Ettersberg,6,fussball.de
03155Q3KI4000002VS5489BUVSBBVPEU-G,Thüringen,Kreis Mittelthüringen,10,1.Kreisklasse,1.Kreisklasse Sued · Kreis Mittelthüringen,11,10,68,29,SV Glückauf Lehesten,6,fussball.de
03155Q3KC8000004VS5489BUVSBBVPEU-G,Thüringen,Kreis Mittelthüringen,10,1.Kreisklasse,1.Kreisklasse West · Kreis Mittelthüringen,12,10,67,29,SG SpVgg. Geratal 2.,6,fussball.de
031AEFE1LC000006VS5489BTVSK8S3O6-G,Thüringen,Kreis Nordthüringen,10,1.Kreisklasse,Kreisklasse Staffel 1 · Kreis Nordthüringen,12,13,74,39,SV Eintracht Clingen,9,fussball.de
031AEFE1QC000006VS5489BTVSK8S3O6-G,Thüringen,Kreis Nordthüringen,10,1.Kreisklasse,Kreisklasse Staffel 2 · Kreis Nordthüringen,12,18,84,49,TSG GW Liebenrode,10,fussball.de
031CRVJ7FG000006VS5489BTVUS470OH-G,Thüringen,Kreis Ostthüringen,10,1.Kreisklasse,1. Kreisklasse Kleinfeld OTH · Kreis Ostthüringen,8,4,33,11,SV Roschütz II,4,fussball.de
031CRVJ72S000006VS5489BTVUS470OH-G,Thüringen,Kreis Ostthüringen,10,1.Kreisklasse,"1. Kreisklasse, Staffel A · Kreis Ostthüringen",12,6,32,16,SpG FSV Lucka 1910,3,fussball.de
031CRVJ79K000007VS5489BTVUS470OH-G,Thüringen,Kreis Ostthüringen,10,1.Kreisklasse,"1. Kreisklasse, Staffel B · Kreis Ostthüringen",11,5,31,15,SV Langenberg II,3,fussball.de
031B9HA0PK000007VS5489BTVSK8S3O6-G,Thüringen,Kreis Rhön-Rennsteig,10,1.Kreisklasse,1. Kreisklasse Staffel I · Kreis Rhön-Rennsteig,9,4,28,11,SG SV Dolmar Kühndorf,3,fussball.de
031B9HA12C000007VS5489BTVSK8S3O6-G,Thüringen,Kreis Rhön-Rennsteig,10,1.Kreisklasse,1. Kreisklasse Staffel II · Kreis Rhön-Rennsteig,9,5,32,14,SV Stahl Brotterode-Trusetal II,3,fussball.de
0316UIE700000007VS5489BUVSBBVPEU-G,Thüringen,Kreis Südthüringen,10,1.Kreisklasse,Hudson Kreisklasse Mitte · Kreis Südthüringen,9,13,78,36,SG VfB Grün-Weiß Fehrenbach,13,fussball.de
0316UIE6NO000007VS5489BUVSBBVPEU-G,Thüringen,Kreis Südthüringen,10,1.Kreisklasse,Hudson Kreisklasse Ost · Kreis Südthüringen,10,19,136,55,SV 08 Steinach II,12,fussball.de
0316UIE76S000006VS5489BUVSBBVPEU-G,Thüringen,Kreis Südthüringen,10,1.Kreisklasse,Hudson Kreisklasse West · Kreis Südthüringen,10,18,94,51,SV 07 Häselrieth,12,fussball.de
031D3N7L38000008VS5489BUVUR5FS5A-G,Thüringen,Kreis Westthüringen,10,1.Kreisklasse,1. Kreisklasse Staffel 1 · Kreis Westthüringen,10,8,48,24,FSV 06 Ohratal II,6,fussball.de
031D3N7LF4000008VS5489BUVUR5FS5A-G,Thüringen,Kreis Westthüringen,10,1.Kreisklasse,1. Kreisklasse Staffel 2 · Kreis Westthüringen,10,9,42,25,SG SpVgg Siebleben 06 III,6,fussball.de
031D3N7LLS000009VS5489BUVUR5FS5A-G,Thüringen,Kreis Westthüringen,10,1.Kreisklasse,1. Kreisklasse Staffel 3 · Kreis Westthüringen,11,10,41,29,SG BSG Kali Werra Tiefenort II,6,fussball.de
031D3N7M0C000007VS5489BUVUR5FS5A-G,Thüringen,Kreis Westthüringen,10,1.Kreisklasse,1. Kreisklasse Staffel 4 · Kreis Westthüringen,12,11,74,32,SG Nessetal Wenigenlupnitz,6,fussball.de
031E5G1LLC000004VS5489BUVUR5FS5A-G,Westfalen,Kreis Ahaus-Coesfeld,10,Kreisliga B,Kreisliga B 1 Ahaus-Coesfeld,16,24,85,64,TuS Wüllen,9,fussball.de
031E5G2TGK000004VS5489BUVUR5FS5A-G,Westfalen,Kreis Ahaus-Coesfeld,10,Kreisliga B,Kreisliga B 2 Ahaus-Coesfeld,16,24,93,68,Vorw. Hiddingsel,9,fussball.de
031I0V20RC00000AVS5489BUVVKNMR0J-G,Westfalen,Kreis Arnsberg,10,Kreisliga B,Kreisliga B Arnsberg,15,7,42,19,SuS Langscheid/Enkhausen II,3,fussball.de
031ARLUE74000004VS5489BTVSK8S3O6-G,Westfalen,Kreis Beckum,10,Kreisliga B,Kreisliga B Beckum,15,15,82,44,TuS Wadersloh II,6,fussball.de
0311HP5M3G00000IVS5489BTVT51B5B5-G,Westfalen,Kreis Bielefeld,10,Kreisliga B,Kreisliga B Staffel 1 · Kreis Bielefeld,16,31,208,92,TuS Quelle II,12,fussball.de
0311HP5MGO00000DVS5489BTVT51B5B5-G,Westfalen,Kreis Bielefeld,10,Kreisliga B,Kreisliga B Staffel 2 · Kreis Bielefeld,16,32,170,92,VfL Schildesche II,12,fussball.de
0311RLFEOG000004VS5489BUVVARDA0V-G,Westfalen,Kreis Bochum,10,Kreisliga B,Kreisliga B1 Herren · Kreis Bochum,16,30,158,84,FC Altenbochum II,12,fussball.de
0311RLH7P4000004VS5489BUVVARDA0V-G,Westfalen,Kreis Bochum,10,Kreisliga B,Kreisliga B2 Herren · Kreis Bochum,16,27,161,79,Amac Spor Dahlhausen,12,fussball.de
0311RLJN64000004VS5489BUVVARDA0V-G,Westfalen,Kreis Bochum,10,Kreisliga B,Kreisliga B3 Herren · Kreis Bochum,16,29,180,86,RW Stiepel II,10,fussball.de
031893UPPS00000BVS5489BTVU7GTVLE-G,Westfalen,Kreis Detmold,10,Kreisliga B,Kreisliga B · Kreis Detmold,16,31,169,86,SG Belle-Cappel-Leopoldstal II,12,fussball.de
03133UT6AG000002VS5489BUVSBBVPEU-G,Westfalen,Kreis Dortmund,10,Kreisliga B,Kreisliga B1 - Dortmund,15,11,66,32,SG Lütgendortmund,6,fussball.de
03133V2GH4000005VS5489BUVSBBVPEU-G,Westfalen,Kreis Dortmund,10,Kreisliga B,Kreisliga B2 - Dortmund,15,14,77,41,BV Viktoria Kirchderne II,6,fussball.de
03133V4N3S000005VS5489BUVSBBVPEU-G,Westfalen,Kreis Dortmund,10,Kreisliga B,Kreisliga B3 - Dortmund,15,12,56,35,TuRa Asseln,6,fussball.de
031BHF4AR8000004VS5489BUVUR5FS5A-G,Westfalen,Kreis Gelsenkirchen,10,Kreisliga B,Kreisliga B 1 Herren · Kreis Gelsenkirchen,16,32,141,93,F.S.M. Gladbeck,12,fussball.de
031BHFIC0G000004VS5489BUVUR5FS5A-G,Westfalen,Kreis Gelsenkirchen,10,Kreisliga B,Kreisliga B 2 Herren · Kreis Gelsenkirchen,16,32,169,92,ETuS 34 Gelsenkirchen,12,fussball.de
031F9TM70K00000GVS5489BUVSJ4CRAP-G,Westfalen,Kreis Gütersloh,10,Kreisliga B,Kreisliga B Gr. 1 GT · Kreis Gütersloh,16,23,137,64,FC Isselhorst,9,fussball.de
031F9TM7A000000IVS5489BUVSJ4CRAP-G,Westfalen,Kreis Gütersloh,10,Kreisliga B,Kreisliga B Gr. 2 GT · Kreis Gütersloh,16,24,132,69,Rot-Weiss St. Vit,9,fussball.de
031FEQQNFG00000JVS5489BUVSJ4CRAP-G,Westfalen,Kreis Hagen,10,Kreisliga B,Kreisliga B1 Hagen,16,23,137,63,TSV Dahl,9,fussball.de
031FEQQNP400000JVS5489BUVSJ4CRAP-G,Westfalen,Kreis Hagen,10,Kreisliga B,Kreisliga B2 Hagen,16,22,114,64,TuS Esborn,9,fussball.de
03131PS8AS00000HVS5489BUVSBBVPEU-G,Westfalen,Kreis Herford,10,Kreisliga B,Kreisliga B · Kreis Herford,17,32,204,96,VFL Herford,12,fussball.de
031D63KGR800000IVS5489BTVUS470OH-G,Westfalen,Kreis Herne,10,Kreisliga B,Herren Kreisliga B1 · Kreis Herne,14,10,56,27,VFB Habinghorst 1920 II,6,fussball.de
031D63KH6C00000HVS5489BTVUS470OH-G,Westfalen,Kreis Herne,10,Kreisliga B,Herren Kreisliga B2 · Kreis Herne,13,10,68,28,SG Herne 70 II,6,fussball.de
031ED9E48K000006VS5489BTVUS470OH-G,Westfalen,Kreis Hochsauerlandkreis,10,Kreisliga B,Kreisliga B 1 Hochsauerland Findungsrunde · Kreis Hochsauerlandkreis,8,15,71,44,SC Kückelheim/Salwey,9,fussball.de
031EDA1R0O000003VS5489BTVUS470OH-G,Westfalen,Kreis Hochsauerlandkreis,10,Kreisliga B,Kreisliga B 2 Hochsauerland Findungsrunde · Kreis Hochsauerlandkreis,8,14,65,40,SC Lennetal e.V.,12,fussball.de
031EDAC41S000004VS5489BTVUS470OH-G,Westfalen,Kreis Hochsauerlandkreis,10,Kreisliga B,Kreisliga B 3 Hochsauerland Findungsrunde · Kreis Hochsauerlandkreis,8,10,50,28,SG Giershagen-Hoppecketal/Padberg-Obermarsberg 1,7,fussball.de
031E13SS9S000004VS5489BTVUS470OH-G,Westfalen,Kreis Höxter,10,Kreisliga B,Kreisliga B Gruppe 1 · Kreis Höxter,13,25,119,69,SG Bergheim-Sandebeck,12,fussball.de
031E1435Q4000004VS5489BTVUS470OH-G,Westfalen,Kreis Höxter,10,Kreisliga B,Kreisliga B Gruppe 2 · Kreis Höxter,13,24,108,67,FC Germete-Wormeln,12,fussball.de
030VV5LUR8000001VS5489BTVT51B5B5-G,Westfalen,Kreis Iserlohn,10,Kreisliga B,Kreisliga B - Iserlohn,16,16,79,45,ASSV Letmathe II,6,fussball.de
031BEPSE8K000004VS5489BUVUR5FS5A-G,Westfalen,Kreis Lemgo,10,Kreisliga B,Kreisliga B Lemgo,18,27,125,77,TSG Holzhausen/Sylbach,9,fussball.de
031H029MRK000008VS5489BTVVG7L386-G,Westfalen,Kreis Lippstadt,10,Kreisliga B,Kreisliga B Lippstadt,16,33,172,92,SV Viktoria Lippstadt,12,fussball.de
031F01PKV800000FVS5489BTVUS470OH-G,Westfalen,Kreis Lübbecke,10,Kreisliga B,Kreisliga B K 20 Lübbecke,15,32,148,88,BSC Blasheim II,15,fussball.de
0311BQF0SC00000AVS5489BUVVARDA0V-G,Westfalen,Kreis Lüdenscheid,10,Kreisliga B,Kreisliga B Lüdenscheid,12,0,0,0,FC Altena 69,0,fussball.de
031108TMC0000004VS5489BUVVARDA0V-G,Westfalen,Kreis Minden,10,Kreisliga B,Kreisliga B Minden,16,48,215,135,TuS Holzhausen/Porta,16,fussball.de
031BT42UNG000008VS5489BUVUR5FS5A-G,Westfalen,Kreis Münster,10,Kreisliga B,Kreisliga B 1 Herren · Kreis Münster,16,23,103,67,SC Sprakel,9,fussball.de
031BT42V0K00000BVS5489BUVUR5FS5A-G,Westfalen,Kreis Münster,10,Kreisliga B,Kreisliga B 2 Herren · Kreis Münster,15,21,95,58,FC Greffen,9,fussball.de
031BT42V74000008VS5489BUVUR5FS5A-G,Westfalen,Kreis Münster,10,Kreisliga B,Kreisliga B 3 Herren · Kreis Münster,15,18,76,50,SC Capelle,9,fussball.de
031IL2SGT4000000VS5489BTVSRD0UH9-G,Westfalen,Kreis Olpe,10,Kreisliga B,Kreisliga B Olpe,16,32,155,87,SF Biggetal,10,fussball.de
0313R2MSRO000004VS5489BTVU7GTVLE-G,Westfalen,Kreis Paderborn,10,Kreisliga B,Kreisliga B1 Paderborn,16,31,162,90,SG Tudorf/Alfen,13,fussball.de
0313R2VL84000003VS5489BTVU7GTVLE-G,Westfalen,Kreis Paderborn,10,Kreisliga B,Kreisliga B2 Paderborn,16,32,190,94,TuS Altenbeken,12,fussball.de
031B5HBLOC00000AVS5489BTVSK8S3O6-G,Westfalen,Kreis Recklinghausen,10,Kreisliga B,RE KL B 1 · Kreis Recklinghausen,16,18,96,52,SC Reken II,6,fussball.de
031B5HBM0K00000BVS5489BTVSK8S3O6-G,Westfalen,Kreis Recklinghausen,10,Kreisliga B,RE KL B 2 · Kreis Recklinghausen,14,13,67,35,ETG Recklinghausen,6,fussball.de
031B5HBM7800000AVS5489BTVSK8S3O6-G,Westfalen,Kreis Recklinghausen,10,Kreisliga B,RE KL B 3 · Kreis Recklinghausen,16,16,77,46,Spvgg. Erkenschwick II,6,fussball.de
031BJKGFES00000GVS5489BUVUR5FS5A-G,Westfalen,Kreis Siegen-Wittgenstein,10,Kreisliga B,Kreisliga B1-SIWI · Kreis Siegen-Wittgenstein,16,16,84,45,SV Fortuna Freudenberg II,6,fussball.de
031BJKGFO0000003VS5489BUVUR5FS5A-G,Westfalen,Kreis Siegen-Wittgenstein,10,Kreisliga B,Kreisliga B2-SIWI · Kreis Siegen-Wittgenstein,16,16,82,47,FC Kreuztal,6,fussball.de
031D481IKK000002VS5489BUVUR5FS5A-G,Westfalen,Kreis Soest,10,Kreisliga B,Kreisliga B Herren · Kreis Soest,15,28,164,80,TuS Echthausen,12,fussball.de
031HKTMAU4000000VS5489BTVVG7L386-G,Westfalen,Kreis Steinfurt,10,Kreisliga B,Kreisliga B Steinfurt,16,16,72,44,SV Burgsteinfurt II,6,fussball.de
031H15O2Q4000003VS5489BUVSJ4CRAP-G,Westfalen,Kreis Tecklenburg,10,Kreisliga B,Kreisliga B · Kreis Tecklenburg,16,18,60,47,SV Dickenberg,9,fussball.de
0317347R2S00000CVS5489BTVU7GTVLE-G,Westfalen,Kreis Unna-Hamm,10,Kreisliga B,Kreisliga B1 Unna-Hamm,16,29,198,81,FC Bönen,10,fussball.de
0317347RAO00000AVS5489BTVU7GTVLE-G,Westfalen,Kreis Unna-Hamm,10,Kreisliga B,Kreisliga B2 Unna-Hamm,17,32,171,89,VfB Lünen,10,fussball.de
03186QAHPS000004VS5489BUVSBBVPEU-G,Württemberg,Bezirk Alb (K),10,Kreisliga B,Kreisliga B1 · Bezirk Alb (K),13,16,61,48,SV Zainingen II,9,fussball.de
03186TAE98000004VS5489BUVSBBVPEU-G,Württemberg,Bezirk Alb (K),10,Kreisliga B,Kreisliga B2 · Bezirk Alb (K),14,15,88,42,FC Lichtenstein I,7,fussball.de
03186URAOG000004VS5489BUVSBBVPEU-G,Württemberg,Bezirk Alb (K),10,Kreisliga B,Kreisliga B3 · Bezirk Alb (K),13,6,40,18,SV Rommelsbach,3,fussball.de
0318700F5G000004VS5489BUVSBBVPEU-G,Württemberg,Bezirk Alb (K),10,Kreisliga B,Kreisliga B4 · Bezirk Alb (K),14,7,55,20,SSV Reutlingen 1905 Fußball II,3,fussball.de
031871472O000004VS5489BUVSBBVPEU-G,Württemberg,Bezirk Alb (K),10,Kreisliga B,Kreisliga B5 · Bezirk Alb (K),13,6,30,17,SV 03 Tübingen II,3,fussball.de
031872E88G000004VS5489BUVSBBVPEU-G,Württemberg,Bezirk Alb (K),10,Kreisliga B,Kreisliga B6 · Bezirk Alb (K),13,6,35,18,SV Neustetten II,3,fussball.de
0311EI0SCK000008VS5489BTVT51B5B5-G,Württemberg,Bezirk Bodensee (K),10,Kreisliga B,Kreisliga B1 · Bezirk Bodensee (K),12,12,56,32,TSV Tettnang II,7,fussball.de
0311EI0SJC000009VS5489BTVT51B5B5-G,Württemberg,Bezirk Bodensee (K),10,Kreisliga B,Kreisliga B2 · Bezirk Bodensee (K),13,17,80,47,TSG Bad Wurzach,7,fussball.de
0311EI0SP8000004VS5489BTVT51B5B5-G,Württemberg,Bezirk Bodensee (K),10,Kreisliga B,Kreisliga B3 · Bezirk Bodensee (K),13,14,75,41,FG 2010 Wilhelmsdorf/Riedh./Zussd. II,9,fussball.de
0311EI0T0000000AVS5489BTVT51B5B5-G,Württemberg,Bezirk Bodensee (K),10,Kreisliga B,Kreisliga B4 · Bezirk Bodensee (K),13,16,90,47,TSV Neukirch,9,fussball.de
0311EI0T7400000BVS5489BTVT51B5B5-G,Württemberg,Bezirk Bodensee (K),10,Kreisliga B,Kreisliga B5 · Bezirk Bodensee (K),13,18,69,51,TSV Schlachters II,7,fussball.de
0311EI0TD800000AVS5489BTVT51B5B5-G,Württemberg,Bezirk Bodensee (K),10,Kreisliga B,Kreisliga B6 · Bezirk Bodensee (K),13,19,96,55,SGM Waltershofen/Immenried/Gebrazhofen,9,fussball.de
0313N6V19O000006VS5489BTVU7GTVLE-G,Württemberg,Bezirk Donau/Iller (K),10,Kreisliga B,Kreisliga B1 · Bezirk Donau/Iller (K),16,22,101,62,SGM Allmendingen/ Ennahofen,7,fussball.de
0313N6V1GC00000BVS5489BTVU7GTVLE-G,Württemberg,Bezirk Donau/Iller (K),10,Kreisliga B,Kreisliga B2 · Bezirk Donau/Iller (K),16,21,105,56,FC Blautal,9,fussball.de
0313N6V1SO00000CVS5489BTVU7GTVLE-G,Württemberg,Bezirk Donau/Iller (K),10,Kreisliga B,Kreisliga B3 · Bezirk Donau/Iller (K),16,24,123,68,SGM Buch/Obenhausen II,9,fussball.de
0313N6V234000007VS5489BTVU7GTVLE-G,Württemberg,Bezirk Donau/Iller (K),10,Kreisliga B,Kreisliga B4 · Bezirk Donau/Iller (K),15,22,109,62,SGM Aufheim/Holzschwang II,12,fussball.de
031C3RL04K00000BVS5489BUVUR5FS5A-G,Württemberg,Bezirk Enz/Murr (K),10,Kreisliga B,Kreisliga B1 · Bezirk Enz/Murr (K),13,0,0,0,07 Ludwigsburg Fußball,0,fussball.de
031C3RL0D0000006VS5489BUVUR5FS5A-G,Württemberg,Bezirk Enz/Murr (K),10,Kreisliga B,Kreisliga B2 · Bezirk Enz/Murr (K),13,0,0,0,FC Marbach II,0,fussball.de
031C3RL0J400000BVS5489BUVUR5FS5A-G,Württemberg,Bezirk Enz/Murr (K),10,Kreisliga B,Kreisliga B3 · Bezirk Enz/Murr (K),12,0,0,0,AC Italia Markgröningen,0,fussball.de
031C3RL0PC00000CVS5489BUVUR5FS5A-G,Württemberg,Bezirk Enz/Murr (K),10,Kreisliga B,Kreisliga B4 · Bezirk Enz/Murr (K),13,0,0,0,1. FC Sportfreunde Münklingen,0,fussball.de
031C3RL0VK00000BVS5489BUVUR5FS5A-G,Württemberg,Bezirk Enz/Murr (K),10,Kreisliga B,Kreisliga B5 · Bezirk Enz/Murr (K),13,0,0,0,FC Gerlingen II,0,fussball.de
031C3RL15S000008VS5489BUVUR5FS5A-G,Württemberg,Bezirk Enz/Murr (K),10,Kreisliga B,Kreisliga B6 · Bezirk Enz/Murr (K),14,0,0,0,SGM FC Gündelbach/TSV Häfnerhaslach,0,fussball.de
031C3RL1B4000003VS5489BUVUR5FS5A-G,Württemberg,Bezirk Enz/Murr (K),10,Kreisliga B,Kreisliga B7 · Bezirk Enz/Murr (K),13,0,0,0,Club L'italiano Großbottwar,0,fussball.de
031C3RL1G0000007VS5489BUVUR5FS5A-G,Württemberg,Bezirk Enz/Murr (K),10,Kreisliga B,Kreisliga B8 · Bezirk Enz/Murr (K),14,0,0,0,Aramäer Bietigheim,0,fussball.de
031A8TF1EG000005VS5489BUVV628VP4-G,Württemberg,Bezirk Franken (K),10,Kreisliga B,Kreisliga B1 · Bezirk Franken (K),15,14,63,40,SGM NordHeimHausen,6,fussball.de
031A8TF1K4000005VS5489BUVV628VP4-G,Württemberg,Bezirk Franken (K),10,Kreisliga B,Kreisliga B2 · Bezirk Franken (K),15,11,58,30,SV Leingarten II,6,fussball.de
031A8TF1OC000005VS5489BUVV628VP4-G,Württemberg,Bezirk Franken (K),10,Kreisliga B,Kreisliga B3 · Bezirk Franken (K),15,14,86,42,Spvgg Heinriet,6,fussball.de
031A8TF1U0000005VS5489BUVV628VP4-G,Württemberg,Bezirk Franken (K),10,Kreisliga B,Kreisliga B4 · Bezirk Franken (K),15,14,82,41,SGM Bad Wimpfen II/Offenau I,6,fussball.de
031A8TF22O000005VS5489BUVV628VP4-G,Württemberg,Bezirk Franken (K),10,Kreisliga B,Kreisliga B5 · Bezirk Franken (K),14,12,61,34,SV Lampoldshausen,6,fussball.de
031A8TF274000005VS5489BUVV628VP4-G,Württemberg,Bezirk Franken (K),10,Kreisliga B,Kreisliga B6 · Bezirk Franken (K),14,12,70,36,SGM Edelfingen/Löffelstelzen,6,fussball.de
031EM6L04O000006VS5489BUVUR5FS5A-G,Württemberg,Bezirk Neckar/Fils (K),10,Kreisliga B,Kreisliga B1 · Bezirk Neckar/Fils (K),14,7,33,21,TSV Baltmannsweiler,3,fussball.de
031EM6L0BG000007VS5489BUVUR5FS5A-G,Württemberg,Bezirk Neckar/Fils (K),10,Kreisliga B,Kreisliga B2 · Bezirk Neckar/Fils (K),16,7,30,20,SGM Ohmden/Holzmaden,3,fussball.de
031EM6L0GO000007VS5489BUVUR5FS5A-G,Württemberg,Bezirk Neckar/Fils (K),10,Kreisliga B,Kreisliga B3 · Bezirk Neckar/Fils (K),12,4,19,12,TSV Sparwiesen,3,fussball.de
031EM6L0MG000008VS5489BUVUR5FS5A-G,Württemberg,Bezirk Neckar/Fils (K),10,Kreisliga B,Kreisliga B4 · Bezirk Neckar/Fils (K),12,5,24,15,TSV Obere Fils,3,fussball.de
030SRLRKE4000005VS5489BTVVR5L0PB-G,Württemberg,Bezirk Nordschwarzwald (K),10,Kreisliga B,Kreisliga B1 · Bezirk Nordschwarzwald (K),14,8,30,23,SV Sulz am Eck,6,fussball.de
030SRLRKJK000006VS5489BTVVR5L0PB-G,Württemberg,Bezirk Nordschwarzwald (K),10,Kreisliga B,Kreisliga B2 · Bezirk Nordschwarzwald (K),12,7,28,19,VfR Beihingen,6,fussball.de
030SRLRKPG000006VS5489BTVVR5L0PB-G,Württemberg,Bezirk Nordschwarzwald (K),10,Kreisliga B,Kreisliga B3 · Bezirk Nordschwarzwald (K),12,6,34,18,VfR Klosterreichenbach,3,fussball.de
030SRMS3UK000003VS5489BTVVR5L0PB-G,Württemberg,Bezirk Nordschwarzwald (K),10,Kreisliga B,Kreisliga B4 · Bezirk Nordschwarzwald (K),13,7,32,20,SGM Hopfau/Leinstetten,6,fussball.de
031B7GLNIC000006VS5489BUVV628VP4-G,Württemberg,Bezirk Oberschwaben (K),10,Kreisliga B,Kreisliga B1 · Bezirk Oberschwaben (K),14,12,72,34,SGM SV Schmeien I/SV Sigmaringen II,6,fussball.de
031B7GLNS0000006VS5489BUVV628VP4-G,Württemberg,Bezirk Oberschwaben (K),10,Kreisliga B,Kreisliga B2 · Bezirk Oberschwaben (K),13,11,53,30,SGM Gutenzell/Schönebürg II,6,fussball.de
031B7GLO3S000006VS5489BUVV628VP4-G,Württemberg,Bezirk Oberschwaben (K),10,Kreisliga B,Kreisliga B3 · Bezirk Oberschwaben (K),13,10,35,28,SV Ölkofen,6,fussball.de
031B7GLOCS000005VS5489BUVV628VP4-G,Württemberg,Bezirk Oberschwaben (K),10,Kreisliga B,Kreisliga B4 · Bezirk Oberschwaben (K),12,10,38,29,SGM Ummendorf/Fischbach II,6,fussball.de
03153EEJT800000EVS5489BTVU7GTVLE-G,Württemberg,Bezirk Ostwürttemberg (K),10,Kreisliga B,Kreisliga B1 · Bezirk Ostwürttemberg (K),13,17,72,48,1.FC Germania Bargau II,9,fussball.de
03153EEK4G00000DVS5489BTVU7GTVLE-G,Württemberg,Bezirk Ostwürttemberg (K),10,Kreisliga B,Kreisliga B2 · Bezirk Ostwürttemberg (K),13,18,71,50,TSV Hüttlingen II,7,fussball.de
03153EEKA0000003VS5489BTVU7GTVLE-G,Württemberg,Bezirk Ostwürttemberg (K),10,Kreisliga B,Kreisliga B3 · Bezirk Ostwürttemberg (K),14,23,99,67,SV DJK Nordhausen-Zipplingen,12,fussball.de
03153EEKGO00000FVS5489BTVU7GTVLE-G,Württemberg,Bezirk Ostwürttemberg (K),10,Kreisliga B,Kreisliga B4 · Bezirk Ostwürttemberg (K),16,24,116,70,TKSV Giengen,9,fussball.de
0319ARASFO000006VS5489BUVV628VP4-G,Württemberg,Bezirk Rems/Murr/Hall (K),10,Kreisliga B,Kreisliga B1 · Bezirk Rems/Murr/Hall (K),14,7,24,21,VfL Winterbach,6,fussball.de
0319ARASMC000005VS5489BUVV628VP4-G,Württemberg,Bezirk Rems/Murr/Hall (K),10,Kreisliga B,Kreisliga B2 · Bezirk Rems/Murr/Hall (K),14,12,58,36,TSV Rudersberg II,6,fussball.de
0319ARASR8000006VS5489BUVV628VP4-G,Württemberg,Bezirk Rems/Murr/Hall (K),10,Kreisliga B,Kreisliga B3 · Bezirk Rems/Murr/Hall (K),14,11,52,30,Spvgg Rommelshausen II,6,fussball.de
0319ARAT0O000005VS5489BUVV628VP4-G,Württemberg,Bezirk Rems/Murr/Hall (K),10,Kreisliga B,Kreisliga B4 · Bezirk Rems/Murr/Hall (K),14,11,68,29,1.FC Hohenacker III,6,fussball.de
0319ARAT5C000006VS5489BUVV628VP4-G,Württemberg,Bezirk Rems/Murr/Hall (K),10,Kreisliga B,Kreisliga B5 · Bezirk Rems/Murr/Hall (K),14,13,78,38,SG Oppenweiler III,6,fussball.de
0319ARATAK000006VS5489BUVV628VP4-G,Württemberg,Bezirk Rems/Murr/Hall (K),10,Kreisliga B,Kreisliga B6 · Bezirk Rems/Murr/Hall (K),15,14,74,39,Spfr Schwäbisch Hall II,6,fussball.de
0319ARATG4000002VS5489BUVV628VP4-G,Württemberg,Bezirk Rems/Murr/Hall (K),10,Kreisliga B,Kreisliga B7 · Bezirk Rems/Murr/Hall (K),15,15,74,43,TSG Kirchberg/Jagst,6,fussball.de
031516VK5G000004VS5489BUVSBBVPEU-G,Württemberg,Bezirk Schwarzwald/Zollern (K),10,Kreisliga B,Kreisliga B1 · Bezirk Schwarzwald/Zollern (K),15,21,77,58,SV Herrenzimmern I,9,fussball.de
0315174K8C000004VS5489BUVSBBVPEU-G,Württemberg,Bezirk Schwarzwald/Zollern (K),10,Kreisliga B,Kreisliga B2 · Bezirk Schwarzwald/Zollern (K),15,20,92,58,SGM Ringingen/Killertal I,9,fussball.de
031517653S000004VS5489BUVSBBVPEU-G,Württemberg,Bezirk Schwarzwald/Zollern (K),10,Kreisliga B,Kreisliga B3 · Bezirk Schwarzwald/Zollern (K),15,20,83,57,TSV Harthausen/Scher II,10,fussball.de
03143TGQJC000006VS5489BTVU7GTVLE-G,Württemberg,Bezirk Stuttgart/Böblingen (K),10,Kreisliga B,Kreisliga B1 · Bezirk Stuttgart/Böblingen (K),14,5,35,14,TSVgg Plattenhardt II,3,fussball.de
03143TGQPG000006VS5489BTVU7GTVLE-G,Württemberg,Bezirk Stuttgart/Böblingen (K),10,Kreisliga B,Kreisliga B2 · Bezirk Stuttgart/Böblingen (K),13,6,42,17,SV Grün-Weiss Sommerrain,3,fussball.de
03143TGQUC000006VS5489BTVU7GTVLE-G,Württemberg,Bezirk Stuttgart/Böblingen (K),10,Kreisliga B,Kreisliga B3 · Bezirk Stuttgart/Böblingen (K),13,6,25,17,PSV Stuttgart,3,fussball.de
03143TGR3G000006VS5489BTVU7GTVLE-G,Württemberg,Bezirk Stuttgart/Böblingen (K),10,Kreisliga B,Kreisliga B4 · Bezirk Stuttgart/Böblingen (K),13,6,33,16,SV Grün-Weiss Sommerrain II,3,fussball.de
03143TGR8C000006VS5489BTVU7GTVLE-G,Württemberg,Bezirk Stuttgart/Böblingen (K),10,Kreisliga B,Kreisliga B5 · Bezirk Stuttgart/Böblingen (K),13,6,32,17,TSV Stuttgart/Mühlhausen II,3,fussball.de
03143UCL7G000006VS5489BTVU7GTVLE-G,Württemberg,Bezirk Stuttgart/Böblingen (K),10,Kreisliga B,Kreisliga B6 · Bezirk Stuttgart/Böblingen (K),13,5,25,14,SV Affstaett,3,fussball.de
03143TGRD0000003VS5489BTVU7GTVLE-G,Württemberg,Bezirk Stuttgart/Böblingen (K),10,Kreisliga B,Kreisliga B7 · Bezirk Stuttgart/Böblingen (K),13,6,40,17,SpVgg Holzgerlingen II,3,fussball.de
03143TGRI0000006VS5489BTVU7GTVLE-G,Württemberg,Bezirk Stuttgart/Böblingen (K),10,Kreisliga B,Kreisliga B8 · Bezirk Stuttgart/Böblingen (K),14,5,27,14,TSV Schönaich II,3,fussball.de
031DCA23KK00000EVS5489BTVUS470OH-G,Baden,Kreis Bruchsal,11,Kreisklasse C,bfv-Kreisklasse C Bruchsal,12,5,33,15,FV Gondelsheim 2,3,fussball.de
031CI78FG000000EVS5489BTVUS470OH-G,Baden,Kreis Heidelberg,11,Kreisklasse C,bfv-Kreisklasse C1 Heidelberg,15,21,124,62,VfR Walldorf 2,9,fussball.de
031CI78FA400000BVS5489BTVUS470OH-G,Baden,Kreis Heidelberg,11,Kreisklasse C,bfv-Kreisklasse C2 Heidelberg,15,20,104,57,SpG Schönau 1/Altneudorf 1/Neckarsteinach 2,9,fussball.de
03141RRNT800000EVS5489BTVU7GTVLE-G,Baden,Kreis Karlsruhe,11,Kreisklasse C,bfv-Kreisklasse C1 Karlsruhe,13,5,31,15,FV Leopoldshafen 2,3,fussball.de
03141RRO3S00000BVS5489BTVU7GTVLE-G,Baden,Kreis Karlsruhe,11,Kreisklasse C,bfv-Kreisklasse C2 Karlsruhe,13,6,28,18,FV Spfr. Forchheim 3,3,fussball.de
03141RROA000000FVS5489BTVU7GTVLE-G,Baden,Kreis Karlsruhe,11,Kreisklasse C,bfv-Kreisklasse C3 Karlsruhe,12,5,21,14,VfR Ittersbach 2,3,fussball.de
0316DCKSU4000004VS5489BTVU7GTVLE-G,Baden,Kreis Pforzheim,11,Kreisklasse C,bfv-Kreisklasse C1 Pforzheim,12,3,9,8,FV Lienzingen 2,3,fussball.de
0316DCT9O0000004VS5489BTVU7GTVLE-G,Baden,Kreis Pforzheim,11,Kreisklasse C,bfv-Kreisklasse C2 Pforzheim,12,5,31,15,SpVgg Dillweißenstein,3,fussball.de
0316DD62GG000004VS5489BTVU7GTVLE-G,Baden,Kreis Pforzheim,11,Kreisklasse C,bfv-Kreisklasse C3 Pforzheim,12,4,22,11,SK Hagenschieß 2,3,fussball.de
0314289CGC000008VS5489BUVSBBVPEU-G,Baden,Kreis Sinsheim,11,Kreisklasse C,bfv-Kreisklasse C Nord Sinsheim,12,11,66,33,SV Rohrbach/S 2,9,fussball.de
0314289CMC000008VS5489BUVSBBVPEU-G,Baden,Kreis Sinsheim,11,Kreisklasse C,bfv-Kreisklasse C Süd Sinsheim,11,8,33,22,TSV Ittlingen 2,6,fussball.de
0315DFFE64000004VS5489BTVU7GTVLE-G,Bayern,Kreis Allgäu,11,B Klasse,B-Klasse Allgäu 1 Flex,12,20,109,54,Tur Abdin Memmingen,8,fussball.de
0315DFKD7K000004VS5489BTVU7GTVLE-G,Bayern,Kreis Allgäu,11,B Klasse,B-Klasse Allgäu 2 Flex,14,28,132,82,SC Lindenberg,15,fussball.de
0315DFN19K000004VS5489BTVU7GTVLE-G,Bayern,Kreis Allgäu,11,B Klasse,B-Klasse Allgäu 3 Flex,6,6,33,18,TSV Mindelheim 3,6,fussball.de
03187B5VDS000005VS5489BUVSBBVPEU-G,Bayern,Kreis Allgäu,11,B Klasse,B-Klasse Allgäu 4 Flex,14,25,115,71,TSV Sulzberg 2,12,fussball.de
03155JBPMC000004VS5489BUVSBBVPEU-G,Bayern,Kreis Allgäu,11,B Klasse,B-Klasse Allgäu 5 Flex,14,28,121,83,SV Bidingen 2,12,fussball.de
03155JBPSS000005VS5489BUVSBBVPEU-G,Bayern,Kreis Allgäu,11,B Klasse,B-Klasse Allgäu 6 Flex,9,17,72,49,SG Untrasried/Haldenwang 3,12,fussball.de
0313EK95KC000006VS5489BUVSBBVPEU-G,Bayern,Kreis Amberg/Weiden,11,B Klasse,B-Klasse AM/WEN  Ost · Kreis Amberg/Weiden,11,21,137,62,SG SV Altenstadt/Voh. II/FSV Waldthurn II,10,fussball.de
0313EK95OO000006VS5489BUVSBBVPEU-G,Bayern,Kreis Amberg/Weiden,11,B Klasse,B-Klasse AM/WEN  Süd · Kreis Amberg/Weiden,9,14,68,41,TSV Kümmersbruck II,12,fussball.de
0313EK95E4000006VS5489BUVSBBVPEU-G,Bayern,Kreis Amberg/Weiden,11,B Klasse,B-Klasse AM/WEN  West · Kreis Amberg/Weiden,11,23,105,65,SV Neusorg II,14,fussball.de
0318S0VRTS000006VS5489BTVSK8S3O6-G,Bayern,Kreis Aschaffenburg,11,B Klasse,BK-Gr1 AB · Kreis Aschaffenburg,14,41,208,117,(SG 2) SV Königshofen/Kahl 2/SG Schimborn 2,16,fussball.de
0318S0VS2O000006VS5489BTVSK8S3O6-G,Bayern,Kreis Aschaffenburg,11,B Klasse,BK-Gr2 AB · Kreis Aschaffenburg,15,41,220,118,SV Viktoria Waldaschaff 2,15,fussball.de
0318S0VS8G000005VS5489BTVSK8S3O6-G,Bayern,Kreis Aschaffenburg,11,B Klasse,BK-Gr3 AB · Kreis Aschaffenburg,14,40,220,115,(SG 1) TSV Soden 2/ Sulzbach 2,13,fussball.de
0318S0VSD4000005VS5489BTVSK8S3O6-G,Bayern,Kreis Aschaffenburg,11,B Klasse,BK-Gr4 AB · Kreis Aschaffenburg,13,34,155,98,(SG 2) DJK TSV Stadtprozelten 2,15,fussball.de
0310VQ205O000008VS5489BTVT51B5B5-G,Bayern,Kreis Augsburg,11,B Klasse,BK Aichach · Kreis Augsburg,14,19,105,55,(SG2) SV Thierhaupten 2/SV Baar 2,9,fussball.de
0310VOR3NG000006VS5489BTVT51B5B5-G,Bayern,Kreis Augsburg,11,B Klasse,BK Augsburg Nord (FLEX),13,18,89,53,(SG) FC Emersacker/TSV Welden 2,9,fussball.de
0310VQ1VLO000007VS5489BTVT51B5B5-G,Bayern,Kreis Augsburg,11,B Klasse,BK Augsburg Ost,13,16,79,47,FC Hochzoll,9,fussball.de
0310VQ20B0000005VS5489BTVT51B5B5-G,Bayern,Kreis Augsburg,11,B Klasse,BK Augsburg Süd,13,18,84,52,Türk SV Bobingen 2,9,fussball.de
0310VOR3U8000007VS5489BTVT51B5B5-G,Bayern,Kreis Augsburg,11,B Klasse,BK Augsburg West (FLEX),13,16,92,47,SpVgg Deuringen 2,9,fussball.de
0310VQ200O000000VS5489BTVT51B5B5-G,Bayern,Kreis Augsburg,11,B Klasse,BK-Neuburg · Kreis Augsburg,14,21,100,60,(SG2) SV Feldheim 2/SV Genderkingen 2,9,fussball.de
0315MQOVP000000SVS5489BTVU7GTVLE-G,Bayern,Kreis Cham/Schwandorf,11,B Klasse,B-Klasse CHA/SAD Gr. 1 · Kreis Cham/Schwandorf,13,33,156,89,DJK Arnschwang II,14,fussball.de
0315MQOU4G000000VS5489BTVU7GTVLE-G,Bayern,Kreis Cham/Schwandorf,11,B Klasse,B-Klasse CHA/SAD Gr. 2 · Kreis Cham/Schwandorf,12,28,104,80,SF Weidenthal-Guteneck II,16,fussball.de
0315MQP0UG000007VS5489BTVU7GTVLE-G,Bayern,Kreis Cham/Schwandorf,11,B Klasse,B-Klasse CHA/SAD Gr. 3 · Kreis Cham/Schwandorf,12,32,142,91,(SG 2) Wetterfeld II/Pösing II/Stamsried II,15,fussball.de
0315MQP26K00000FVS5489BTVU7GTVLE-G,Bayern,Kreis Cham/Schwandorf,11,B Klasse,B-Klasse CHA/SAD Gr. 4 · Kreis Cham/Schwandorf,13,40,178,109,DJK Arrach,19,fussball.de
0317TGR8RO000004VS5489BUVSBBVPEU-G,Bayern,Kreis Cham/Schwandorf,11,B Klasse,B-Klasse CHA/SAD Gr. 5 · Kreis Cham/Schwandorf,8,14,80,42,TB 03 Roding III,15,fussball.de
03124CL1J8000004VS5489BTVT51B5B5-G,Bayern,Kreis Coburg/Kronach/Lichtenf.,11,B Klasse,B-Klasse 1 · Kreis Coburg/Kronach/Lichtenf.,11,23,152,67,(SG 2) TSV Grub a. Forst 2/TSG Niederfüllbach 2 (11er),12,fussball.de
03124CN2BC000003VS5489BTVT51B5B5-G,Bayern,Kreis Coburg/Kronach/Lichtenf.,11,B Klasse,B-Klasse 2 · Kreis Coburg/Kronach/Lichtenf.,13,34,199,96,(SG 2) SV Reitsch 2/ TSV Gundelsdorf 2 (11er),15,fussball.de
03124CPQ1C000000VS5489BTVT51B5B5-G,Bayern,Kreis Coburg/Kronach/Lichtenf.,11,B Klasse,B-Klasse 3 · Kreis Coburg/Kronach/Lichtenf.,12,28,157,82,Spvg. Wüstenahorn 2 (11er),15,fussball.de
0315D2TN2C000005VS5489BTVU7GTVLE-G,Bayern,Kreis Donau/Isar,11,B Klasse,431 B-Klasse 1 · Kreis Donau/Isar,11,7,31,21,VfB Kipfenberg II,6,fussball.de
0315D2TOPS00000JVS5489BTVU7GTVLE-G,Bayern,Kreis Donau/Isar,11,B Klasse,432 B-Klasse 2 · Kreis Donau/Isar,11,5,12,13,SV Haunwöhr II,3,fussball.de
0315D2TQ0G000016VS5489BTVU7GTVLE-G,Bayern,Kreis Donau/Isar,11,B Klasse,433 B-Klasse 3 · Kreis Donau/Isar,11,5,20,13,SV Oberhaindlfing II,3,fussball.de
0315D2TR6C00000KVS5489BTVU7GTVLE-G,Bayern,Kreis Donau/Isar,11,B Klasse,434 B-Klasse 4 · Kreis Donau/Isar,10,5,26,15,Vatanspor Freising,3,fussball.de
0315D2TSF000000MVS5489BTVU7GTVLE-G,Bayern,Kreis Donau/Isar,11,B Klasse,435 B-Klasse 5 · Kreis Donau/Isar,14,20,78,54,Atletico Italia Erding,8,fussball.de
030UHNJP4O00004IVS5489BTVT51B5B5-G,Bayern,Kreis Inn/Salzach,11,B Klasse,B-Klasse 1 · Kreis Inn/Salzach,12,6,18,18,SV Pang 2,3,fussball.de
030UHNJQH000000SVS5489BTVT51B5B5-G,Bayern,Kreis Inn/Salzach,11,B Klasse,B-Klasse 2 · Kreis Inn/Salzach,11,7,27,20,WSV Aschau 2,6,fussball.de
030UHNJRO400005DVS5489BTVT51B5B5-G,Bayern,Kreis Inn/Salzach,11,B Klasse,B-Klasse 3 · Kreis Inn/Salzach,12,4,12,11,TSV Babensham 2,3,fussball.de
030UHNJT3000005DVS5489BTVT51B5B5-G,Bayern,Kreis Inn/Salzach,11,B Klasse,B-Klasse 4 · Kreis Inn/Salzach,11,10,48,30,SV Schwindegg,6,fussball.de
030UHNJUB4000047VS5489BTVT51B5B5-G,Bayern,Kreis Inn/Salzach,11,B Klasse,B-Klasse 5 · Kreis Inn/Salzach,12,7,35,21,TSV Peterskirchen 2,3,fussball.de
030UHNJVL800000SVS5489BTVT51B5B5-G,Bayern,Kreis Inn/Salzach,11,B Klasse,B-Klasse 6 · Kreis Inn/Salzach,12,6,28,17,TSV Siegsdorf 2,3,fussball.de
031AP11UM0000004VS5489BUVV628VP4-G,Bayern,Kreis München,11,B Klasse,131 B-Klasse 1 · Kreis München,11,2,6,6,SC Inhauser Moos II,3,fussball.de
031AP19G64000004VS5489BUVV628VP4-G,Bayern,Kreis München,11,B Klasse,132 B-Klasse 2 · Kreis München,11,1,7,3,FC Hochbrück II,3,fussball.de
031AP1FEQK000003VS5489BUVV628VP4-G,Bayern,Kreis München,11,B Klasse,133 B-Klasse 3 · Kreis München,11,2,17,6,MTV München II,3,fussball.de
031AP1RR18000004VS5489BUVV628VP4-G,Bayern,Kreis München,11,B Klasse,134 B-Klasse 4 · Kreis München,11,0,0,0,FC Alemannia M. II,0,fussball.de
031AP24F3K000004VS5489BUVV628VP4-G,Bayern,Kreis München,11,B Klasse,135 B-Klasse 5 · Kreis München,12,0,0,0,Centro Argentino,0,fussball.de
031AP2DVUS000004VS5489BUVV628VP4-G,Bayern,Kreis München,11,B Klasse,136 B-Klasse 6 · Kreis München,11,1,6,2,Kirchheimer SC III,1,fussball.de
031BJ5U9UK000002VS5489BUVUR5FS5A-G,Bayern,Kreis Neumarkt/Jura,11,B Klasse,BK Mitte · Kreis Neumarkt/Jura,11,12,52,35,SV Abenberg,9,fussball.de
031BJ5U8VC000006VS5489BUVUR5FS5A-G,Bayern,Kreis Neumarkt/Jura,11,B Klasse,BK Nord/NordWest · Kreis Neumarkt/Jura,13,25,115,73,SV Unterreichenbach III,12,fussball.de
031BJ5U97G000000VS5489BUVUR5FS5A-G,Bayern,Kreis Neumarkt/Jura,11,B Klasse,BK Ost/NordOst · Kreis Neumarkt/Jura,12,14,77,40,(SG) Pilsach/Litzlohe II,9,fussball.de
031BJ5U9D8000007VS5489BUVUR5FS5A-G,Bayern,Kreis Neumarkt/Jura,11,B Klasse,BK Süd · Kreis Neumarkt/Jura,12,16,67,44,1. FC Deining II,7,fussball.de
031BJ5U9IG000008VS5489BUVUR5FS5A-G,Bayern,Kreis Neumarkt/Jura,11,B Klasse,BK Süd/West · Kreis Neumarkt/Jura,14,20,90,57,1. FC Altenmuhr II,9,fussball.de
031BJ5U9OO000007VS5489BUVUR5FS5A-G,Bayern,Kreis Neumarkt/Jura,11,B Klasse,BK West · Kreis Neumarkt/Jura,14,25,107,70,(SG) Gunzenhausen/Unterwurmbach II,13,fussball.de
0317T9RV0K000006VS5489BUVSBBVPEU-G,Bayern,Kreis Nürnberg/Frankenhöhe,11,B Klasse,BK-Gr 1 N/F · Kreis Nürnberg/Frankenhöhe,12,25,120,74,TSV Elpersdorf 2,15,fussball.de
0317T9RV70000002VS5489BUVSBBVPEU-G,Bayern,Kreis Nürnberg/Frankenhöhe,11,B Klasse,BK-Gr 2 N/F · Kreis Nürnberg/Frankenhöhe,12,23,124,68,(SG) Ansbach Eyb-Fichte U23 (B9),12,fussball.de
0317T9RVC8000006VS5489BUVSBBVPEU-G,Bayern,Kreis Nürnberg/Frankenhöhe,11,B Klasse,BK-Gr 3 N/F · Kreis Nürnberg/Frankenhöhe,11,22,118,66,RSV Sugenheim II,12,fussball.de
0317T9RVH4000006VS5489BUVSBBVPEU-G,Bayern,Kreis Nürnberg/Frankenhöhe,11,B Klasse,BK-Gr 4 N/F · Kreis Nürnberg/Frankenhöhe,13,22,113,62,TSV Markt Erlbach II (B9),12,fussball.de
0317T9S0CG00002TVS5489BUVSBBVPEU-G,Bayern,Kreis Nürnberg/Frankenhöhe,11,B Klasse,BK-Gr 5 N/F · Kreis Nürnberg/Frankenhöhe,14,33,181,98,ESV Flügelrad Nürnberg II,15,fussball.de
0317T9S1O800001PVS5489BUVSBBVPEU-G,Bayern,Kreis Nürnberg/Frankenhöhe,11,B Klasse,BK-Gr 6 N/F · Kreis Nürnberg/Frankenhöhe,13,26,126,74,SpVgg Nürnberg 2,12,fussball.de
0317T9S32C00000EVS5489BUVSBBVPEU-G,Bayern,Kreis Nürnberg/Frankenhöhe,11,B Klasse,BK-Gr 7 N/F · Kreis Nürnberg/Frankenhöhe,14,29,170,83,Türk. SV Fürth,15,fussball.de
030ULTKN7C00005CVS5489BUVVARDA0V-G,Bayern,Kreis Regensburg,11,B Klasse,B-Klasse Rgbg Gruppe 1 · Kreis Regensburg,9,12,55,34,SG Pfakofen II/Aufhausen II/Wallkofen II,12,fussball.de
030ULTKOHS00005CVS5489BUVVARDA0V-G,Bayern,Kreis Regensburg,11,B Klasse,B-Klasse Rgbg Gruppe 2 · Kreis Regensburg,8,6,40,17,(SG) Lorenzen II/Kareth-Lappersd. IV,4,fussball.de
030ULTKP80000006VS5489BUVVARDA0V-G,Bayern,Kreis Regensburg,11,B Klasse,B-Klasse Rgbg Gruppe 3 · Kreis Regensburg,8,9,53,26,FSV Steinsberg II,7,fussball.de
030ULTKPVO00000JVS5489BUVVARDA0V-G,Bayern,Kreis Regensburg,11,B Klasse,B-Klasse Rgbg Gruppe 4 · Kreis Regensburg,8,10,41,30,(SG) Willenhofen II/Eichlberg II,6,fussball.de
03135BHOFS000007VS5489BTVU7GTVLE-G,Bayern,Kreis Rhön,11,B Klasse,B-KLasse Rhön 2 flexible Mannschaftsstärke,16,52,258,148,(SG 1) TSV Trappstadt 2,16,fussball.de
03135BHOBO000007VS5489BTVU7GTVLE-G,Bayern,Kreis Rhön,11,B Klasse,B-Klasse Rhön 1 flexible Mannschaftsstärke,16,52,220,148,(SG 1) 1.FC 1919 Bad Brückenau,18,fussball.de
03135B2FSK000006VS5489BTVU7GTVLE-G,Bayern,Kreis Schweinfurt,11,B Klasse,BK-Gr 3 SW · Kreis Schweinfurt,13,37,196,105,(SG 2) SPFR 48 Unterhohenried 2/ SV 1911 Sylbach 2,15,fussball.de
03135B2G0O000003VS5489BTVU7GTVLE-G,Bayern,Kreis Schweinfurt,11,B Klasse,BK-Gr 4 SW · Kreis Schweinfurt,12,26,133,77,1.FC 1953 Knetzgau,15,fussball.de
03135B2FJ8000006VS5489BTVU7GTVLE-G,Bayern,Kreis Schweinfurt,11,B Klasse,BK-Gr1 SW · Kreis Schweinfurt,12,24,148,69,1. FC 1949 Garstadt,15,fussball.de
03135B2FO8000006VS5489BTVU7GTVLE-G,Bayern,Kreis Schweinfurt,11,B Klasse,BK-Gr2 SW · Kreis Schweinfurt,13,31,174,90,SG Heidenfeld/Hirschfeld e.V. 2,21,fussball.de
03135BCJN000005EVS5489BTVU7GTVLE-G,Bayern,Kreis Würzburg,11,B Klasse,BK-Gr 1 WÜ · Kreis Würzburg,15,44,220,121,SB Versbach 2,19,fussball.de
03135BCKRG00005DVS5489BTVU7GTVLE-G,Bayern,Kreis Würzburg,11,B Klasse,BK-Gr 2 WÜ · Kreis Würzburg,13,32,127,90,TSV Sulzfeld 2,11,fussball.de
03135BCM2800003MVS5489BTVU7GTVLE-G,Bayern,Kreis Würzburg,11,B Klasse,BK-Gr 3 WÜ · Kreis Würzburg,15,49,244,142,SV Nenzenheim,18,fussball.de
03135BCN8C000036VS5489BTVU7GTVLE-G,Bayern,Kreis Würzburg,11,B Klasse,BK-Gr 4 WÜ · Kreis Würzburg,13,32,176,91,(SG 1) DJK Gramschatz 2/ ASV Rimpar 3,15,fussball.de
03135BCOB0000000VS5489BTVU7GTVLE-G,Bayern,Kreis Würzburg,11,B Klasse,BK-Gr 5 WÜ · Kreis Würzburg,14,37,216,108,FV Mittelsinn/Obersinn,16,fussball.de
030RC3JI0C000000VS5489BTVVR5L0PB-G,Bayern,Kreis Zugspitze,11,B Klasse,B-Klasse Gruppe 1 · Kreis Zugspitze,12,6,26,17,SC Weßling II,3,fussball.de
030RC3JJG0000000VS5489BTVVR5L0PB-G,Bayern,Kreis Zugspitze,11,B Klasse,B-Klasse Gruppe 2 · Kreis Zugspitze,12,6,31,17,SV Adelshofen Nassenhausen II,4,fussball.de
030RC3JKP800000OVS5489BTVVR5L0PB-G,Bayern,Kreis Zugspitze,11,B Klasse,B-Klasse Gruppe 3 · Kreis Zugspitze,11,5,26,15,(SG) SV Helfendorf / SF Aying II,3,fussball.de
030RC3JM3O00000AVS5489BTVVR5L0PB-G,Bayern,Kreis Zugspitze,11,B Klasse,B-Klasse Gruppe 4 · Kreis Zugspitze,12,12,63,34,SC Wörnsmühl II,6,fussball.de
030RC3JNCK000028VS5489BTVVR5L0PB-G,Bayern,Kreis Zugspitze,11,B Klasse,B-Klasse Gruppe 5 · Kreis Zugspitze,12,5,24,15,(SG) TSV Pähl/SV Wielenbach II,3,fussball.de
030RC3JOLG00002DVS5489BTVVR5L0PB-G,Bayern,Kreis Zugspitze,11,B Klasse,B-Klasse Gruppe 6 · Kreis Zugspitze,11,6,26,18,SG Hungerbach II,3,fussball.de
030RC3JPV800003HVS5489BTVVR5L0PB-G,Bayern,Kreis Zugspitze,11,B Klasse,B-Klasse Gruppe 7 · Kreis Zugspitze,12,7,38,21,FC Weil II,6,fussball.de
030RC3JR8C00001BVS5489BTVVR5L0PB-G,Bayern,Kreis Zugspitze,11,B Klasse,B-Klasse Gruppe 8 · Kreis Zugspitze,11,5,23,13,TSV Schongau II,3,fussball.de
0317AGUJM8000006VS5489BUVSBBVPEU-G,Berlin,Kreis Berlin,11,Kreisliga C,Herren Kreisliga C St.1 · Kreis Berlin,15,14,129,42,Rosenthal FC,6,fussball.de
0317AGUJUC000006VS5489BUVSBBVPEU-G,Berlin,Kreis Berlin,11,Kreisliga C,Herren Kreisliga C St.2 · Kreis Berlin,14,11,91,31,1. FC Schöneberg III,6,fussball.de
0317AGUK5C000004VS5489BUVSBBVPEU-G,Berlin,Kreis Berlin,11,Kreisliga C,Herren Kreisliga C St.3 · Kreis Berlin,13,10,61,26,TSV Berlin-Wittenau,6,fussball.de
0317AGUKBK000005VS5489BUVSBBVPEU-G,Berlin,Kreis Berlin,11,Kreisliga C,Herren Kreisliga C St.4 · Kreis Berlin,13,11,76,33,S.D. Croatia Berlin II,6,fussball.de
0317AGUKH0000006VS5489BUVSBBVPEU-G,Berlin,Kreis Berlin,11,Kreisliga C,Herren Kreisliga C St.5 · Kreis Berlin,16,16,135,45,Capri Berlino III Atlas Lions,6,fussball.de
0317AGUKM0000006VS5489BUVSBBVPEU-G,Berlin,Kreis Berlin,11,Kreisliga C,Herren Kreisliga C St.6 · Kreis Berlin,15,14,107,41,SFC Friedrichshain IV,6,fussball.de
0317AGUKQS000006VS5489BUVSBBVPEU-G,Berlin,Kreis Berlin,11,Kreisliga C,Herren Kreisliga C St.7 · Kreis Berlin,14,12,63,36,1.FC Lübars II,6,fussball.de
031DDEKBQK000004VS5489BTVUS470OH-G,Berlin,Kreis Berlin,11,Kreisliga C,Herren Kreisliga C St.8 · Kreis Berlin,12,8,59,18,BSV Eintracht Mahlsdorf III,6,fussball.de
031A8BS9JO00000HVS5489BUVV628VP4-G,Brandenburg,Kreis Dahme/Fläming,11,1.Kreisklasse,Kreisklasse Staffel A · Kreis Dahme/Fläming,12,0,0,0,Ajax Eichwalde,0,fussball.de
031A8BS9TS00000GVS5489BUVV628VP4-G,Brandenburg,Kreis Dahme/Fläming,11,1.Kreisklasse,Kreisklasse Staffel B · Kreis Dahme/Fläming,13,0,0,0,BSC Preußen 07 IV,0,fussball.de
03197154F800000KVS5489BUVV628VP4-G,Brandenburg,Kreis Havelland,11,1.Kreisklasse,1. Kreisklasse A · Kreis Havelland,14,6,29,16,SpG Lok/Viktoria Brandenburg,3,fussball.de
03197154S400000MVS5489BUVV628VP4-G,Brandenburg,Kreis Havelland,11,1.Kreisklasse,1. Kreisklasse B · Kreis Havelland,13,6,30,16,SG Töplitz 1922,3,fussball.de
031AJ7JJVS00000CVS5489BUVV628VP4-G,Brandenburg,Kreis Niederlausitz,11,1.Kreisklasse,1.Kreisklasse · Kreis Niederlausitz,13,6,27,16,SG Eintracht Peitz II,3,fussball.de
03142LVB0O00000BVS5489BUVSBBVPEU-G,Brandenburg,Kreis Oberhavel/Barnim,11,1.Kreisklasse,1. Kreisklasse Nord · Kreis Oberhavel/Barnim,11,5,33,14,FC Kremmen II,3,fussball.de
03142LVAR800000BVS5489BUVSBBVPEU-G,Brandenburg,Kreis Oberhavel/Barnim,11,1.Kreisklasse,1. Kreisklasse Ost · Kreis Oberhavel/Barnim,10,4,30,12,1. FC Finowfurt II,3,fussball.de
03142LVAKO00000DVS5489BUVSBBVPEU-G,Brandenburg,Kreis Oberhavel/Barnim,11,1.Kreisklasse,1.Kreisklasse Mitte · Kreis Oberhavel/Barnim,11,5,21,15,FSV Schorfheide Groß Schönebeck,3,fussball.de
03142LVA9O00000EVS5489BUVSBBVPEU-G,Brandenburg,Kreis Oberhavel/Barnim,11,1.Kreisklasse,1.Kreisklasse West · Kreis Oberhavel/Barnim,11,5,28,14,SG Zühlsdorf,3,fussball.de
031A7HEB2G00000EVS5489BUVV628VP4-G,Brandenburg,Kreis Ostbrandenburg,11,1.Kreisklasse,Kreisklasse Mitte · Kreis Ostbrandenburg,12,5,34,15,SV Preußen 90 Beeskow,3,fussball.de
031A7HEAR400000EVS5489BUVV628VP4-G,Brandenburg,Kreis Ostbrandenburg,11,1.Kreisklasse,Kreisklasse Nord · Kreis Ostbrandenburg,12,4,17,12,SpG Gorgast/ Manschnow,3,fussball.de
031A7HEBAO00000BVS5489BUVV628VP4-G,Brandenburg,Kreis Ostbrandenburg,11,1.Kreisklasse,Kreisklasse Süd · Kreis Ostbrandenburg,12,6,37,18,SV Rot-Weiß Petersdorf,3,fussball.de
0318TF8BE0000009VS5489BUVV628VP4-G,Brandenburg,Kreis Prignitz/Ruppin,11,1.Kreisklasse,Kreisklasse Staffel I · Kreis Prignitz/Ruppin,9,0,0,0,Berger SV (9),0,fussball.de
0318TF8BKK00000CVS5489BUVV628VP4-G,Brandenburg,Kreis Prignitz/Ruppin,11,1.Kreisklasse,Kreisklasse Staffel II · Kreis Prignitz/Ruppin,9,0,0,0,BSV Schwarz-Weiß Zaatzke II,0,fussball.de
0318TF8BQC000008VS5489BUVV628VP4-G,Brandenburg,Kreis Prignitz/Ruppin,11,1.Kreisklasse,Kreisklasse Staffel III · Kreis Prignitz/Ruppin,7,0,0,0,SG Linum,0,fussball.de
031JV8HUM4000003VS5489BUVVKNMR0J-G,Brandenburg,Kreis Prignitz/Ruppin,11,1.Kreisklasse,Kreisklasse Staffel IV · Kreis Prignitz/Ruppin,7,0,0,0,FC Blau-Weiß Wusterhausen II,0,fussball.de
031DRJBE44000005VS5489BUVUR5FS5A-G,Brandenburg,Kreis Südbrandenburg,11,1.Kreisklasse,1. Kreisklasse-Nord · Kreis Südbrandenburg,12,5,32,15,FSV Rot-Weiß Luckau II,3,fussball.de
031DRJBEFC000004VS5489BUVUR5FS5A-G,Brandenburg,Kreis Südbrandenburg,11,1.Kreisklasse,1. Kreisklasse-Süd · Kreis Südbrandenburg,12,5,24,15,SG Kroppen,3,fussball.de
031DRJBEA4000005VS5489BUVUR5FS5A-G,Brandenburg,Kreis Südbrandenburg,11,1.Kreisklasse,1. Kreisklasse-West · Kreis Südbrandenburg,11,6,30,18,VfB Herzberg 68 II,6,fussball.de
031CQB7CE400000DVS5489BTVUS470OH-G,Brandenburg,Kreis Uckermark,11,1.Kreisklasse,1. Kreisklasse Staffel A · Kreis Uckermark,9,0,0,0,Angermünder FC II (NM),0,fussball.de
031CQE8PJS00000DVS5489BTVUS470OH-G,Brandenburg,Kreis Uckermark,11,1.Kreisklasse,1. Kreisklasse Staffel B · Kreis Uckermark,10,0,0,0,Potzlower SV,0,fussball.de
031B3QAH7800000BVS5489BTVSK8S3O6-G,Hessen,Kreis Bergstraße,11,Kreisliga C,KLC Bergstraße,15,34,177,97,TG Jahn Trösel II,13,fussball.de
0319939ARC00000AVS5489BTVSK8S3O6-G,Hessen,Kreis Darmstadt,11,Kreisliga C,KLC Darmstadt,18,46,245,135,DJK-SSG Darmstadt,15,fussball.de
031APN66PC00000BVS5489BTVSK8S3O6-G,Hessen,Kreis Dieburg,11,Kreisliga C,KLC Dieburg,15,36,172,104,Viktoria Dieburg II,15,fussball.de
031BGU09SG000006VS5489BUVUR5FS5A-G,Hessen,Kreis Dillenburg,11,Kreisliga C,KLC Dillenburg,18,48,264,138,SSV Sechshelden II,16,fussball.de
031APC8AHS000009VS5489BTVSK8S3O6-G,Hessen,Kreis Frankenberg,11,Kreisliga C,KLC Frankenberg,13,26,136,75,TSV Bromskirchen II (Flex),10,fussball.de
031BP89O6G000006VS5489BUVUR5FS5A-G,Hessen,Kreis Frankfurt,11,Kreisliga C,KLC Frankfurt Gr.1,16,40,307,119,VFR Bockenheim II,15,fussball.de
031BP89OC4000006VS5489BUVUR5FS5A-G,Hessen,Kreis Frankfurt,11,Kreisliga C,KLC Frankfurt Gr.2,16,40,248,114,FFM Brancos FC,15,fussball.de
031AH0ULDG000004VS5489BTVSK8S3O6-G,Hessen,Kreis Friedberg,11,Kreisliga C,KLC Friedberg Gr. 3,7,12,67,34,SG Karben III,9,fussball.de
031AH0S25S000002VS5489BTVSK8S3O6-G,Hessen,Kreis Friedberg,11,Kreisliga C,KLC Friedberg Gr.1,7,13,62,38,FSG Wisselsheim,12,fussball.de
031AH0S2DC000006VS5489BTVSK8S3O6-G,Hessen,Kreis Friedberg,11,Kreisliga C,KLC Friedberg Gr.2,8,19,85,56,Türk Gücü Friedberg III,12,fussball.de
031BPVGR7O00000BVS5489BUVUR5FS5A-G,Hessen,Kreis Fulda,11,Kreisliga C,KLC Fulda,14,41,254,118,SG Elters/Eckwb/Schwb III,18,fussball.de
031B5UGBAK00000AVS5489BTVSK8S3O6-G,Hessen,Kreis Gelnhausen,11,Kreisliga C,KLC Gelnhausen,12,24,136,70,SV Brachttal II,15,fussball.de
03197B3T2400000AVS5489BUVV628VP4-G,Hessen,Kreis Groß-Gerau,11,Kreisliga C,KLC Groß-Gerau Nord,11,10,71,29,FC Türkspor Raunheim,6,fussball.de
03197B3T7O000007VS5489BUVV628VP4-G,Hessen,Kreis Groß-Gerau,11,Kreisliga C,KLC Groß-Gerau Süd,11,15,96,44,SV 07 Nauheim II,9,fussball.de
031B4HCA6K00000AVS5489BTVSK8S3O6-G,Hessen,Kreis Hanau,11,Kreisliga C,KLC Hanau,17,46,241,132,1. FC Hochstadt 2,18,fussball.de
0318JVOHK0000009VS5489BUVV628VP4-G,Hessen,Kreis Hofgeismar-Wolfhagen,11,Kreisliga C,KLC Hofgeism-Wolfh · Kreis Hofgeismar-Wolfhagen,13,30,149,85,TSV Carlsdorf II,15,fussball.de
0317AMQSQK000009VS5489BUVSBBVPEU-G,Hessen,Kreis Kassel,11,Kreisliga C,KLC Kassel Gr.1,9,8,54,24,TSV Heiligenrode III,9,fussball.de
0317AN2G1K000005VS5489BUVSBBVPEU-G,Hessen,Kreis Kassel,11,Kreisliga C,KLC Kassel Gr.2,9,12,49,34,Fortuna Kassel III,7,fussball.de
03196QN50000000DVS5489BUVV628VP4-G,Hessen,Kreis Limburg-Weilburg,11,Kreisliga C,KLC Limb-Weilb Gr.1 · Kreis Limburg-Weilburg,16,41,209,115,FC Waldbrunn III,13,fussball.de
03196QN57S00000BVS5489BUVV628VP4-G,Hessen,Kreis Limburg-Weilburg,11,Kreisliga C,KLC Limb-Weilb Gr.2 · Kreis Limburg-Weilburg,16,48,237,137,SV Rot-Weiß Hadamar II,19,fussball.de
0319G41IJC00000CVS5489BUVV628VP4-G,Hessen,Kreis Maintaunus,11,Kreisliga C,KLC Maintaunus Gr.1,16,42,236,121,FC Fort.Höchst,12,fussball.de
0319G41IR000000CVS5489BUVV628VP4-G,Hessen,Kreis Maintaunus,11,Kreisliga C,KLC Maintaunus Gr.2,16,40,282,117,SV 09 Hofheim II,15,fussball.de
031AQM463C000008VS5489BTVSK8S3O6-G,Hessen,Kreis Odenwald,11,Kreisliga C,KLC Odenwald,16,41,213,115,SG Nieder-Kainsbach II,14,fussball.de
031DDRG7QO00000EVS5489BTVUS470OH-G,Hessen,Kreis Offenbach,11,Kreisliga C,KLC Offenbach Gr.1,13,21,122,61,SC Steinberg,12,fussball.de
031DDRG85000000DVS5489BTVUS470OH-G,Hessen,Kreis Offenbach,11,Kreisliga C,KLC Offenbach Gr.2,13,20,95,58,FC Germ. Bieber III,9,fussball.de
031BE4JGRG00000CVS5489BTVUS470OH-G,Hessen,Kreis Rheingau-Taunus,11,Kreisliga C,KLC Rheingau-Taunus Gr.1,12,22,147,66,SG Hünstetten II,12,fussball.de
031BE4JH4800000CVS5489BTVUS470OH-G,Hessen,Kreis Rheingau-Taunus,11,Kreisliga C,KLC Rheingau-Taunus Gr.2,13,27,151,78,SV 1895 Neuhof II,10,fussball.de
031AHOF6AO00000AVS5489BTVSK8S3O6-G,Hessen,Kreis Schlüchtern,11,Kreisliga C,KLC Süd · Kreis Schlüchtern,7,9,29,27,SG Jossa,6,fussball.de
031APGHQUS000009VS5489BTVSK8S3O6-G,Hessen,Kreis Waldeck,11,Kreisliga C,KLC Waldeck,11,20,115,53,SSG Ense/Nordenbeck II,10,fussball.de
0319HUN5DS000006VS5489BUVV628VP4-G,Hessen,Kreis Werra/Meißner,11,Kreisliga C,KLC Werra-Meißner Gr.1 · Kreis Werra/Meißner,9,10,33,28,VfR Wickenrode II,7,fussball.de
0319HUN5KC000006VS5489BUVV628VP4-G,Hessen,Kreis Werra/Meißner,11,Kreisliga C,KLC Werra-Meißner Gr.2 · Kreis Werra/Meißner,10,12,53,34,Spvgg. 07 Eschwege II,7,fussball.de
0318UCH1M0000005VS5489BUVV628VP4-G,Hessen,Kreis Wetzlar,11,Kreisliga C,KLC Wetzlar Gr.1,15,35,174,87,SpVgg. Lemp II,15,fussball.de
0318UCH1RO000006VS5489BUVV628VP4-G,Hessen,Kreis Wetzlar,11,Kreisliga C,KLC Wetzlar Gr.2,15,34,217,101,SG Niederbiel,12,fussball.de
0318MB2RPC000001VS5489BTVSK8S3O6-G,Hessen,Kreis Wiesbaden,11,Kreisliga C,KLC Wiesbaden,14,25,188,70,FC 1950 Freudenberg II,12,fussball.de
031BQ8JRMK00000EVS5489BUVUR5FS5A-G,Mecklenburg-Vorpommern,Kreis Schwerin-Nordwestmeckl.,11,1.Kreisklasse,Frank Teuber-Wienke Versicherungen Kreisklasse SN -NWM · Kreis Schwerin-Nordwestmeckl.,12,12,59,35,Brüeler SV II,6,fussball.de
031CN2HIRS00000AVS5489BTVUS470OH-G,Mecklenburg-Vorpommern,Kreis Warnow,11,1.Kreisklasse,Herren KK St. I Warnow,7,0,0,0,FC Einheit Rostock,0,fussball.de
031CN2HJB000000DVS5489BTVUS470OH-G,Mecklenburg-Vorpommern,Kreis Warnow,11,1.Kreisklasse,Herren KK St. II Warnow,8,2,14,6,Rostocker FC 95 III,3,fussball.de
031FNFGJ7G000004VS5489BTVVG7L386-G,Mittelrhein,Kreis Aachen,11,Kreisliga D,Kreisliga D Staffel 1 · Kreis Aachen,17,19,136,57,Rasensport Brand III,9,fussball.de
031FNFGJCG000005VS5489BTVVG7L386-G,Mittelrhein,Kreis Aachen,11,Kreisliga D,Kreisliga D Staffel 2 · Kreis Aachen,16,8,70,23,SV St. Jöris II,3,fussball.de
031FNFGJGS000005VS5489BTVVG7L386-G,Mittelrhein,Kreis Aachen,11,Kreisliga D,Kreisliga D Staffel 3 · Kreis Aachen,16,7,35,20,FC Stolberg II,3,fussball.de
031FM5T4UC000003VS5489BTVUS470OH-G,Mittelrhein,Kreis Berg,11,Kreisliga D,Kreisliga D 7 · Kreis Berg,13,6,39,18,Loope II,3,fussball.de
031FM6FA8C000004VS5489BTVUS470OH-G,Mittelrhein,Kreis Berg,11,Kreisliga D,Kreisliga D 8 · Kreis Berg,13,7,73,20,SV Schnellenbach II,3,fussball.de
031FM6P9J0000004VS5489BTVUS470OH-G,Mittelrhein,Kreis Berg,11,Kreisliga D,Kreisliga D 9 · Kreis Berg,13,6,33,18,FV Wiehl III,3,fussball.de
031BP3KE28000003VS5489BTVUS470OH-G,Mittelrhein,Kreis Bonn,11,Kreisliga D,"Kreisliga D, Gruppe 1 · Kreis Bonn",13,6,54,15,Bonner SG,6,fussball.de
031BP3PUMS000001VS5489BTVUS470OH-G,Mittelrhein,Kreis Bonn,11,Kreisliga D,"Kreisliga D, Gruppe 2 · Kreis Bonn",13,6,52,18,SV Buschdorf 2,3,fussball.de
031BP40DG0000003VS5489BTVUS470OH-G,Mittelrhein,Kreis Bonn,11,Kreisliga D,"Kreisliga D, Gruppe 3 · Kreis Bonn",13,4,43,6,TB 1906 Witterschlick III,3,fussball.de
031F0J95HG000006VS5489BTVUS470OH-G,Mittelrhein,Kreis Heinsberg,11,Kreisliga D,"Kreisliga D, Staffel 1 · Kreis Heinsberg",9,3,16,9,Niersquelle Kuckum III,3,fussball.de
031F0J95N8000006VS5489BTVUS470OH-G,Mittelrhein,Kreis Heinsberg,11,Kreisliga D,"Kreisliga D, Staffel 2 · Kreis Heinsberg",9,4,26,5,FC Concordia Birgelen II,3,fussball.de
031F0J95SK000006VS5489BTVUS470OH-G,Mittelrhein,Kreis Heinsberg,11,Kreisliga D,"Kreisliga D, Staffel 3 · Kreis Heinsberg",10,6,41,18,FC Wanderlust Süsterseel II,3,fussball.de
030TOD1HH8000003VS5489BUVSOV43J9-G,Mittelrhein,Kreis Köln,11,Kreisliga D,Kreisliga D Staffel 1 · Kreis Köln,15,7,55,18,AKM Köln I,3,fussball.de
030TOD31RS000002VS5489BUVSOV43J9-G,Mittelrhein,Kreis Köln,11,Kreisliga D,Kreisliga D Staffel 2 · Kreis Köln,15,7,33,17,Westhoven-Ensen II,3,fussball.de
030TOD4K6C000004VS5489BUVSOV43J9-G,Mittelrhein,Kreis Köln,11,Kreisliga D,Kreisliga D Staffel 3 · Kreis Köln,15,6,68,15,Zollstock IV,3,fussball.de
030TOD608G000000VS5489BUVSOV43J9-G,Mittelrhein,Kreis Köln,11,Kreisliga D,Kreisliga D Staffel 4 · Kreis Köln,15,7,37,17,Zollstock II,3,fussball.de
031E3MBC10000003VS5489BTVUS470OH-G,Mittelrhein,Kreis Köln,11,Kreisliga D,Kreisliga D Staffel 5 · Kreis Köln,15,4,29,11,Urbach II,3,fussball.de
031KSOVVHG000005VS5489BUVVKNMR0J-G,Mittelrhein,Kreis Rhein-Erft,11,Kreisliga D,Kreisliga D Staffel 6 · Kreis Rhein-Erft,14,0,0,-3,BV Kirch-Kleintroisdorf,0,fussball.de
031KSOVVN4000008VS5489BUVVKNMR0J-G,Mittelrhein,Kreis Rhein-Erft,11,Kreisliga D,Kreisliga D Staffel 7 · Kreis Rhein-Erft,13,0,0,-3,ASC Akhtamar Frechen 2,0,fussball.de
031KSOVVS8000007VS5489BUVVKNMR0J-G,Mittelrhein,Kreis Rhein-Erft,11,Kreisliga D,Kreisliga D Staffel 8 · Kreis Rhein-Erft,13,0,0,0,BC Stotzheim III,0,fussball.de
031E3IEI0800000AVS5489BTVUS470OH-G,Niederrhein,Kreis Essen,11,Kreisliga D,Freizeitliga - Gruppe 1 + 2 · Kreis Essen,14,7,42,21,Rüttenscheid Rebels,6,fussball.de
0319B91B7S000003VS5489BUVV628VP4-G,Niedersachsen,Kreis Bentheim,11,3.Kreisklasse,3.Kreisklasse Grafschaft Bentheim,14,28,134,82,SV Olympia Uelsen III,12,fussball.de
031CQQHN1G000004VS5489BTVUS470OH-G,Niedersachsen,Kreis Braunschweig,11,3.Kreisklasse,3.Kreisklasse · Kreis Braunschweig,10,9,99,27,FC Wenden II,6,fussball.de
031BEF7BJO000004VS5489BTVUS470OH-G,Niedersachsen,Kreis Celle,11,3.Kreisklasse,3. Kreisklasse Celle Nord,13,25,133,71,TuS Eschede II,9,fussball.de
031BEGPFFC000004VS5489BTVUS470OH-G,Niedersachsen,Kreis Celle,11,3.Kreisklasse,3. Kreisklasse Celle Süd,12,22,128,61,ESV Fortuna Celle II,10,fussball.de
0316KC5AMO000004VS5489BUVSBBVPEU-G,Niedersachsen,Kreis Cloppenburg,11,3.Kreisklasse,3.Kreisklasse Cloppenburg Staffel I,11,29,120,82,DJK-SV Bunnen II,13,fussball.de
0316KC6EPK000004VS5489BUVSBBVPEU-G,Niedersachsen,Kreis Cloppenburg,11,3.Kreisklasse,3.Kreisklasse Cloppenburg Staffel II,12,34,183,100,TuS Falkenberg II,18,fussball.de
0316KC7RAK000004VS5489BUVSBBVPEU-G,Niedersachsen,Kreis Cloppenburg,11,3.Kreisklasse,3.Kreisklasse Cloppenburg Staffel III,11,25,129,72,SV Bösel IV,13,fussball.de
03153J47HK000009VS5489BUVSBBVPEU-G,Niedersachsen,Kreis Cuxhaven,11,3.Kreisklasse,3.Kreisklasse Cuxhaven Nord,11,20,102,55,TSV Otterndorf II,10,fussball.de
03153J47NK000009VS5489BUVSBBVPEU-G,Niedersachsen,Kreis Cuxhaven,11,3.Kreisklasse,3.Kreisklasse Cuxhaven Süd,12,21,110,61,TSV Wehdel II (9er),12,fussball.de
031E2VB5U0000007VS5489BUVUR5FS5A-G,Niedersachsen,Kreis Diepholz,11,3.Kreisklasse,3. Kreisklasse DH Mitte · Kreis Diepholz,11,15,94,43,TSV Neubruchhausen,9,fussball.de
031E2VB5MO00000DVS5489BUVUR5FS5A-G,Niedersachsen,Kreis Diepholz,11,3.Kreisklasse,3.Kreisklasse DH Nord · Kreis Diepholz,13,15,100,43,SV Dreye,9,fussball.de
031E2VB63O00000EVS5489BUVUR5FS5A-G,Niedersachsen,Kreis Diepholz,11,3.Kreisklasse,3.Kreisklasse DH Süd · Kreis Diepholz,13,18,124,54,TUS Wagenfeld III,9,fussball.de
0315LH5ALK00000BVS5489BUVSBBVPEU-G,Niedersachsen,Kreis Emsland,11,3.Kreisklasse,3. KK Emsland Nord,12,24,111,71,SV Esterwegen II,12,fussball.de
0315LH59SO00000BVS5489BUVSBBVPEU-G,Niedersachsen,Kreis Emsland,11,3.Kreisklasse,3.KK Emsland Mitte,12,20,94,56,Polonia Haren (DJK Tinnen II),9,fussball.de
0315LH5A6800000DVS5489BUVSBBVPEU-G,Niedersachsen,Kreis Emsland,11,3.Kreisklasse,3.KK Emsland Süd,12,21,84,61,FC 47 Leschede III,12,fussball.de
031BO8J4FC000004VS5489BTVUS470OH-G,Niedersachsen,Kreis Gifhorn,11,3.Kreisklasse,3. Kreisklasse · Kreis Gifhorn,10,9,60,26,TSV Meine II,6,fussball.de
0317C1IGKO000001VS5489BUVSBBVPEU-G,Niedersachsen,Kreis Göttingen-Osterode,11,3.Kreisklasse,3.Kreisklasse Nord (A) · Kreis Göttingen-Osterode,11,11,52,32,1.FC Freiheit,7,fussball.de
0317C1IGTS000000VS5489BUVSBBVPEU-G,Niedersachsen,Kreis Göttingen-Osterode,11,3.Kreisklasse,3.Kreisklasse Süd (B) · Kreis Göttingen-Osterode,12,15,81,43,ESV R-W Göttingen,7,fussball.de
031DCLBSVK000004VS5489BTVUS470OH-G,Niedersachsen,Kreis Hameln-Pyrmont,11,3.Kreisklasse,3.Kreisklasse Hameln-Pyrmont St. 1,9,8,40,24,TSC Fischbeck II,6,fussball.de
031AFS4IP800000AVS5489BUVV628VP4-G,Niedersachsen,Kreis Harburg,11,3.Kreisklasse,3.Kreisklasse Harburg,14,23,112,63,VfL Maschen III,10,fussball.de
0318GQMLU8000000VS5489BUVV628VP4-G,Niedersachsen,Kreis Heide-Wendland,11,3.Kreisklasse,3.Kreisklasse Nord · Kreis Heide-Wendland,13,22,144,61,ESV Lüneburg II,9,fussball.de
0318GQMMPS000007VS5489BUVV628VP4-G,Niedersachsen,Kreis Heide-Wendland,11,3.Kreisklasse,3.Kreisklasse Ost · Kreis Heide-Wendland,10,15,85,41,SV Elbufer,10,fussball.de
0318GQMMJO000008VS5489BUVV628VP4-G,Niedersachsen,Kreis Heide-Wendland,11,3.Kreisklasse,3.Kreisklasse Süd · Kreis Heide-Wendland,11,19,95,56,SV Sperber Veerßen III,12,fussball.de
03196U806S000000VS5489BTVSK8S3O6-G,Niedersachsen,Kreis Heidekreis,11,3.Kreisklasse,3.Kreisklasse Heidekreis,12,19,98,55,SG Nordheide III,9,fussball.de
031FDMJRI4000006VS5489BTVUS470OH-G,Niedersachsen,Kreis Jade-Weser-Hunte,11,3.Kreisklasse,3.Kreisklasse JWH  Staffel 1 · Kreis Jade-Weser-Hunte,10,9,55,25,STV Wilhelmshaven II,6,fussball.de
031CHB0HK0000006VS5489BTVUS470OH-G,Niedersachsen,Kreis Jade-Weser-Hunte,11,3.Kreisklasse,3.Kreisklasse JWH Staffel 2 · Kreis Jade-Weser-Hunte,12,10,53,30,SG Neustadt/Oldenbrok II,6,fussball.de
031984EQ24000006VS5489BUVV628VP4-G,Niedersachsen,Kreis Jade-Weser-Hunte,11,3.Kreisklasse,3.Kreisklasse JWH Staffel 3 · Kreis Jade-Weser-Hunte,10,8,48,23,BW Bümmerstede,6,fussball.de
031984EQ90000006VS5489BUVV628VP4-G,Niedersachsen,Kreis Jade-Weser-Hunte,11,3.Kreisklasse,3.Kreisklasse JWH Staffel 4 · Kreis Jade-Weser-Hunte,12,12,71,36,TuS Wahnbek II,6,fussball.de
031DQPU3K8000002VS5489BTVUS470OH-G,Niedersachsen,Kreis Nienburg,11,3.Kreisklasse,3.Kreisklasse Nord Nienburg,12,13,115,39,SC Marklohe II,9,fussball.de
031DQPU3QO000006VS5489BTVUS470OH-G,Niedersachsen,Kreis Nienburg,11,3.Kreisklasse,3.Kreisklasse Süd Nienburg,12,11,77,33,VfB Stolzenau I,6,fussball.de
0313R5ECVC00000EVS5489BTVU7GTVLE-G,Niedersachsen,Kreis Nordharz,11,3.Kreisklasse,3. Nordharzklasse Staffel 1,12,21,121,58,SG Ildehausen/Kirchberg II,10,fussball.de
0313R5ED8G00000EVS5489BTVU7GTVLE-G,Niedersachsen,Kreis Nordharz,11,3.Kreisklasse,3. Nordharzklasse Staffel 2,12,18,112,49,Lindener SV,9,fussball.de
031BDM7IEK000008VS5489BUVUR5FS5A-G,Niedersachsen,Kreis Northeim-Einbeck,11,3.Kreisklasse,3. Kreisklasse 9er Staffel 1 · Kreis Northeim-Einbeck,6,2,8,6,FC Weser III,3,fussball.de
031BDM7ILC000005VS5489BUVUR5FS5A-G,Niedersachsen,Kreis Northeim-Einbeck,11,3.Kreisklasse,3. Kreisklasse 9er Staffel 2 · Kreis Northeim-Einbeck,7,6,33,17,SV Heckenbeck,9,fussball.de
0315B2U1AC000004VS5489BTVU7GTVLE-G,Niedersachsen,Kreis Oldenburg-L./Delmenhorst,11,3.Kreisklasse,3.Kreisklasse OLL/DEL · Kreis Oldenburg-L./Delmenhorst,14,36,205,102,TuS Heidkrug III,15,fussball.de
0316EAH8MG000009VS5489BUVSBBVPEU-G,Niedersachsen,Kreis Osnabrück,11,3.Kreisklasse,3. Kreisklasse Osnabrück Staffel A,12,18,83,49,SG Renslage/Berge III,9,fussball.de
0316EAH8UG00000AVS5489BUVSBBVPEU-G,Niedersachsen,Kreis Osnabrück,11,3.Kreisklasse,3. Kreisklasse Osnabrück Staffel B,12,15,102,44,SC Kosmos,9,fussball.de
0316EAH95000000AVS5489BUVSBBVPEU-G,Niedersachsen,Kreis Osnabrück,11,3.Kreisklasse,3. Kreisklasse Osnabrück Staffel C,12,13,67,37,SC Herringhausen,9,fussball.de
0316EAH9B800000BVS5489BUVSBBVPEU-G,Niedersachsen,Kreis Osnabrück,11,3.Kreisklasse,3. Kreisklasse Osnabrück Staffel D,10,10,43,28,SV Kosova II 9er,6,fussball.de
0316EAH9HS00000AVS5489BUVSBBVPEU-G,Niedersachsen,Kreis Osnabrück,11,3.Kreisklasse,3. Kreisklasse Osnabrück Staffel E,11,11,82,32,1.FC Westerwiede,6,fussball.de
0315F26638000006VS5489BUVSBBVPEU-G,Niedersachsen,Kreis Ostfriesland,11,3.Kreisklasse,Ostfrieslandklasse  C St. 1,11,17,104,46,TuRa 46 Marienhafe II,7,fussball.de
0315F26694000006VS5489BUVSBBVPEU-G,Niedersachsen,Kreis Ostfriesland,11,3.Kreisklasse,Ostfrieslandklasse  C St. 2,13,20,119,59,FC Frisia Emden,9,fussball.de
0315F266JC000006VS5489BUVSBBVPEU-G,Niedersachsen,Kreis Ostfriesland,11,3.Kreisklasse,Ostfrieslandklasse  C St. 4,12,25,128,70,TuS Weene II,12,fussball.de
0315F266EG000005VS5489BUVSBBVPEU-G,Niedersachsen,Kreis Ostfriesland,11,3.Kreisklasse,Ostfrieslandklasse C St. 3,13,25,133,73,VfB Uplengen II U 23,12,fussball.de
031CRFAUI0000004VS5489BUVUR5FS5A-G,Niedersachsen,Kreis Peine,11,3.Kreisklasse,3. Kreisklasse Peine,13,31,204,92,TSV Eintracht Essinghausen 3,16,fussball.de
031DGGLJJK00000CVS5489BTVUS470OH-G,Niedersachsen,Kreis Region Hannover,11,3.Kreisklasse,3.Kreisklasse Region Hannover St.1,12,23,125,66,TUS Röddensen II,12,fussball.de
031DGGLJTS00000CVS5489BTVUS470OH-G,Niedersachsen,Kreis Region Hannover,11,3.Kreisklasse,3.Kreisklasse Region Hannover St.2,13,20,108,58,TSV Mühlenfeld III,9,fussball.de
031DGGLK4800000CVS5489BTVUS470OH-G,Niedersachsen,Kreis Region Hannover,11,3.Kreisklasse,3.Kreisklasse Region Hannover St.3,13,24,159,69,SV Degersen II,10,fussball.de
031DGGLKA400000BVS5489BTVUS470OH-G,Niedersachsen,Kreis Region Hannover,11,3.Kreisklasse,3.Kreisklasse Region Hannover St.4,12,25,145,71,TSV Fortuna II,13,fussball.de
0316FU9SG8000001VS5489BUVSBBVPEU-G,Niedersachsen,Kreis Rotenburg,11,3.Kreisklasse,3.Kreisklasse Nord · Kreis Rotenburg,11,17,81,46,TuS Zeven II,13,fussball.de
0316FU9SLC000000VS5489BUVSBBVPEU-G,Niedersachsen,Kreis Rotenburg,11,3.Kreisklasse,3.Kreisklasse Süd · Kreis Rotenburg,12,24,106,67,SG Unterstedt III,10,fussball.de
031A8H5O7O000004VS5489BTVSK8S3O6-G,Niedersachsen,Kreis Schaumburg,11,3.Kreisklasse,3.Kreisklasse Schaumburg,13,24,125,68,SG Blau-Rot-Weiß II,12,fussball.de
031BOQPKSK000006VS5489BTVUS470OH-G,Niedersachsen,Kreis Stade,11,3.Kreisklasse,3.Kreisklasse · Kreis Stade,11,17,94,48,VSV Hedendorf/Neukloster III,9,fussball.de
03138PT4JC000004VS5489BUVSBBVPEU-G,Niedersachsen,Kreis Vechta,11,3.Kreisklasse,3.Kreisklasse Vechta,9,9,49,26,SFN Vechta IV,6,fussball.de
0311IJM24400000JVS5489BTVT51B5B5-G,Saarland,Kreis Nordsaar,11,Kreisliga B / 1.Kreisklasse,Kreisliga B Blies/Nahe · Kreis Nordsaar,11,15,98,44,VfR Otzenhausen 2,9,fussball.de
0311IJM2F000000KVS5489BTVT51B5B5-G,Saarland,Kreis Nordsaar,11,Kreisliga B / 1.Kreisklasse,Kreisliga B Ill/Theel · Kreis Nordsaar,10,8,65,24,TSV Sotzweiler-Bergweiler 2,9,fussball.de
0313DGP1EG000000VS5489BTVU7GTVLE-G,Saarland,Kreis Ostsaar,11,Kreisliga B / 1.Kreisklasse,Kreisliga B Ostsaar,12,14,122,42,SG Ommersheim/Erfweiler-Ehlingen 2,9,fussball.de
03108NSA9G000000VS5489BTVT51B5B5-G,Saarland,Kreis Südsaar,11,Kreisliga B / 1.Kreisklasse,Kreisliga B Südsaar,14,30,183,86,DJK Püttlingen 3,15,fussball.de
0313QPP8F8000004VS5489BTVU7GTVLE-G,Saarland,Kreis Westsaar,11,Kreisliga B / 1.Kreisklasse,Kreisliga B Merzig Wadern · Kreis Westsaar,12,18,105,51,SG Leuktal 2,9,fussball.de
0313QPP92S00000GVS5489BTVU7GTVLE-G,Saarland,Kreis Westsaar,11,Kreisliga B / 1.Kreisklasse,Kreisliga B Saar · Kreis Westsaar,12,27,181,79,FC Elm 2,15,fussball.de
0313QPP8S8000005VS5489BTVU7GTVLE-G,Saarland,Kreis Westsaar,11,Kreisliga B / 1.Kreisklasse,Kreisliga B Saarlouis · Kreis Westsaar,12,23,129,67,SSV Überherrn 2,12,fussball.de
0313QPP8M400000FVS5489BTVU7GTVLE-G,Saarland,Kreis Westsaar,11,Kreisliga B / 1.Kreisklasse,Kreisliga B Untere Saar Prims · Kreis Westsaar,12,21,123,61,SF Bachem-Rimlingen 2,12,fussball.de
03180HKFI000000AVS5489BTVU7GTVLE-G,Sachsen,Kreis Dresden,11,3.Kreisliga (C),Brandible Stadtliga C · Kreis Dresden,14,8,46,24,SV Loschwitz,6,fussball.de
031CMSE6RO000005VS5489BTVUS470OH-G,Sachsen-Anhalt,Kreis Altmark Ost,11,1.Kreisklasse,1. Kreisklasse · Kreis Altmark Ost,14,12,103,36,FC Insel,6,fussball.de
031ELLFNQ0000006VS5489BUVUR5FS5A-G,Sachsen-Anhalt,Kreis Anhalt-Bitterfeld,11,1.Kreisklasse,Kreisklasse ABI Ost · Kreis Anhalt-Bitterfeld,10,5,24,15,FC Galaxy Wolfen,3,fussball.de
031ELKI6D8000006VS5489BUVUR5FS5A-G,Sachsen-Anhalt,Kreis Anhalt-Bitterfeld,11,1.Kreisklasse,Kreisklasse ABI West · Kreis Anhalt-Bitterfeld,12,6,24,17,SG 1948 Reppichau III,3,fussball.de
0319IBI4G0000006VS5489BUVV628VP4-G,Sachsen-Anhalt,Kreis Burgenland,11,1.Kreisklasse,Kreisklasse Staffel I · Kreis Burgenland,6,3,16,9,SG Langendorf II/Goseck,3,fussball.de
0319IBI4M8000007VS5489BUVV628VP4-G,Sachsen-Anhalt,Kreis Burgenland,11,1.Kreisklasse,Kreisklasse Staffel II · Kreis Burgenland,6,4,22,12,SV Eintracht Profen II,6,fussball.de
031DRO0NR4000004VS5489BTVUS470OH-G,Sachsen-Anhalt,Kreis Burgenland,11,1.Kreisklasse,Kreisklasse Staffel III · Kreis Burgenland,6,3,18,9,Droyßiger SG II,3,fussball.de
031ECOCSNS000003VS5489BUVUR5FS5A-G,Sachsen-Anhalt,Kreis Börde,11,1.Kreisklasse,1.Bördekreisklasse Staffel 1,12,12,58,35,HSG Hundisburg I Nordgermersleben Bebertal I,6,fussball.de
031ECOFGD0000004VS5489BUVUR5FS5A-G,Sachsen-Anhalt,Kreis Börde,11,1.Kreisklasse,1.Bördekreisklasse Staffel 2,12,12,80,35,SG Klinze/Ribbensdorf,6,fussball.de
031ECOHDTG000004VS5489BUVUR5FS5A-G,Sachsen-Anhalt,Kreis Börde,11,1.Kreisklasse,1.Bördekreisklasse Staffel 3,12,12,74,36,SV Blau Gelb 1920 Ausleben e.V.,6,fussball.de
031JK52ELS000001VS5489BTVSRD0UH9-G,Sachsen-Anhalt,Kreis Harz,11,1.Kreisklasse,Harzklasse 1,8,3,15,8,SG TSV 1912 Deersheim / Hessen SV 1928 II,3,fussball.de
031JK3JDJO000004VS5489BTVSRD0UH9-G,Sachsen-Anhalt,Kreis Harz,11,1.Kreisklasse,Harzklasse 2,8,3,24,9,VfB Germania Halberstadt 3,3,fussball.de
031F34500O000004VS5489BTVUS470OH-G,Sachsen-Anhalt,Kreis Mansfeld-Südharz,11,1.Kreisklasse,1. Kreisklasse Staffel 1 · Kreis Mansfeld-Südharz,11,11,55,32,Mansfelder SV,6,fussball.de
031EM24BNC000004VS5489BTVUS470OH-G,Sachsen-Anhalt,Kreis Mansfeld-Südharz,11,1.Kreisklasse,1. Kreisklasse Staffel 2 · Kreis Mansfeld-Südharz,11,10,50,28,KSG Holdenst.-Beyernaumburg,6,fussball.de
031AJP9V14000004VS5489BUVV628VP4-G,Sachsen-Anhalt,Kreis SFV Halle,11,1.Kreisklasse,1.Stadtklasse · Kreis SFV Halle,13,6,44,18,Turbine Halle IV,3,fussball.de
031CQL6UE0000003VS5489BTVUS470OH-G,Sachsen-Anhalt,Kreis Saalekreis,11,1.Kreisklasse,1.Kreisklasse · Kreis Saalekreis,12,6,40,18,Sportring Mücheln e.V. II,3,fussball.de
030J2D7MJO00000HVS5489BTVUCDSG9E-G,Sachsen-Anhalt,Kreis Salzland,11,1.Kreisklasse,1. Kreisklasse Staffel 1 · Kreis Salzland,14,21,115,62,SC Seeland e.V. 2,9,fussball.de
031CGC1ATO000004VS5489BUVUR5FS5A-G,Schleswig-Holstein,Kreis Herzogtum Lauenburg,11,Kreisklasse C,Kreisklasse C - 12 · Kreis Herzogtum Lauenburg,10,12,76,35,Ratzeburger SV III,9,fussball.de
031C5IPJS8000006VS5489BTVUS470OH-G,Schleswig-Holstein,Kreis Kiel,11,Kreisklasse C,Kreisklasse C - 9 · Kreis Kiel,13,23,150,67,TSG Concordia Schönkirchen II,12,fussball.de
031C4H9EB8000004VS5489BTVUS470OH-G,Schleswig-Holstein,Kreis Lübeck,11,Kreisklasse C,Kreisklasse C - 13 · Kreis Lübeck,12,12,82,34,TuS Lübeck II,7,fussball.de
031CPEOMU4000005VS5489BUVUR5FS5A-G,Schleswig-Holstein,Kreis Nordfriesland,11,Kreisklasse C,Kreisklasse C - 1 · Kreis Nordfriesland,11,14,93,39,FSV Wyk-Föhr II (9er ),9,fussball.de
031C8PJ3B0000006VS5489BTVUS470OH-G,Schleswig-Holstein,Kreis Ostholstein,11,Kreisklasse C,Kreisklasse C - 14 · Kreis Ostholstein,11,12,63,35,SV Knudde 88 Giekau,6,fussball.de
031A5TVP50000004VS5489BTVSK8S3O6-G,Schleswig-Holstein,Kreis Rendsburg-Eckernförde,11,Kreisklasse C,Kreisklasse C - 3 · Kreis Rendsburg-Eckernförde,11,14,97,42,Eckernförder SV III - U21,6,fussball.de
031A5U8LGS000004VS5489BTVSK8S3O6-G,Schleswig-Holstein,Kreis Rendsburg-Eckernförde,11,Kreisklasse C,Kreisklasse C - 4 · Kreis Rendsburg-Eckernförde,11,17,81,47,FC Büdelsdorf,12,fussball.de
031C40BVSK000004VS5489BUVUR5FS5A-G,Schleswig-Holstein,Kreis Schleswig-Flensburg,11,Kreisklasse C,Kreisklasse C - 2 · Kreis Schleswig-Flensburg,12,18,90,50,SG Nordangeln II,9,fussball.de
031A6N1SN0000007VS5489BUVV628VP4-G,Schleswig-Holstein,Kreis Segeberg,11,Kreisklasse C,Kreisklasse C - 10 · Kreis Segeberg,12,16,118,46,BSG Eutin II,10,fussball.de
031A6N1SFC000007VS5489BUVV628VP4-G,Schleswig-Holstein,Kreis Segeberg,11,Kreisklasse C,Kreisklasse C - 8 · Kreis Segeberg,13,20,136,57,SV Rickling II,12,fussball.de
031CEV0R64000002VS5489BUVUR5FS5A-G,Schleswig-Holstein,Kreis Stormarn,11,Kreisklasse C,Kreisklasse C - 11 · Kreis Stormarn,12,16,87,46,SV Sülfeld II (9er),12,fussball.de
031BV6HFH0000005VS5489BTVUS470OH-G,Schleswig-Holstein,Kreis Westküste,11,Kreisklasse C,Kreisklasse C - 5 · Kreis Westküste,11,16,108,48,FC Reher/Puls II,12,fussball.de
031BV6HFLO000005VS5489BTVUS470OH-G,Schleswig-Holstein,Kreis Westküste,11,Kreisklasse C,Kreisklasse C - 6 · Kreis Westküste,12,18,102,52,TuRa Meldorf II,10,fussball.de
031BV6HFQ4000005VS5489BTVUS470OH-G,Schleswig-Holstein,Kreis Westküste,11,Kreisklasse C,Kreisklasse C - 7 · Kreis Westküste,11,14,76,40,VFB Glückstadt,9,fussball.de
030EI9VE40000004VS5489BTVSFA9344-G,Südbaden,Baden-Baden,11,3.Kreisliga (C),Kreisliga C - Staffel 1 · Baden-Baden,16,16,84,48,FV Plittersdorf 2,6,fussball.de
031A5D78IG000004VS5489BTVSK8S3O6-G,Südbaden,Baden-Baden,11,3.Kreisliga (C),Kreisliga C - Staffel 2 · Baden-Baden,16,16,93,46,FC Ottenhöfen 2,6,fussball.de
030EIAQ92C000004VS5489BTVSFA9344-G,Südbaden,Baden-Baden,11,3.Kreisliga (C),Kreisliga C - Staffel 3 · Baden-Baden,12,5,12,12,SV Altschweier 2,3,fussball.de
0319TNT3J000000BVS5489BUVV628VP4-G,Südbaden,Bodensee,11,3.Kreisliga (C),Kreisliga C - Staffel 1 · Bodensee,10,0,0,0,1. FC Rielasingen-Arlen 3,0,fussball.de
0319TNT3OG00000BVS5489BUVV628VP4-G,Südbaden,Bodensee,11,3.Kreisliga (C),Kreisliga C - Staffel 2 · Bodensee,11,0,0,0,ESV Südstern Singen 2,0,fussball.de
0319TNT3U000000BVS5489BUVV628VP4-G,Südbaden,Bodensee,11,3.Kreisliga (C),Kreisliga C - Staffel 3 · Bodensee,11,3,14,9,FC Shqiponja Überlingen,3,fussball.de
0319TNT43G00000BVS5489BUVV628VP4-G,Südbaden,Bodensee,11,3.Kreisliga (C),Kreisliga C - Staffel 4 · Bodensee,11,1,4,3,SG Bodman-Ludw./Espas./Wahlw. 3,3,fussball.de
031BQR69TK00000BVS5489BUVUR5FS5A-G,Südbaden,Freiburg,11,3.Kreisliga (C),Kreisliga C - Staffel 1 · Freiburg,11,1,12,3,SV Mundingen 3,3,fussball.de
031BQR6A4S000000VS5489BUVUR5FS5A-G,Südbaden,Freiburg,11,3.Kreisliga (C),Kreisliga C - Staffel 2 · Freiburg,8,0,0,0,Alemannia Zähringen 3,0,fussball.de
031BQR6ABC00000BVS5489BUVUR5FS5A-G,Südbaden,Freiburg,11,3.Kreisliga (C),Kreisliga C - Staffel 3 · Freiburg,12,0,0,0,ASV Merdingen 2,0,fussball.de
031BQR6AK4000002VS5489BUVUR5FS5A-G,Südbaden,Freiburg,11,3.Kreisliga (C),Kreisliga C - Staffel 4 · Freiburg,13,0,0,0,Alemannia 08 Müllheim 2,0,fussball.de
031GB7TVA000000GVS5489BUVSJ4CRAP-G,Südbaden,Hochrhein,11,3.Kreisliga (C),Kreisliga C - Staffel 1 · Hochrhein,10,1,4,3,FC Huttingen 2,3,fussball.de
031GB7TVH4000001VS5489BUVSJ4CRAP-G,Südbaden,Hochrhein,11,3.Kreisliga (C),Kreisliga C - Staffel 2 · Hochrhein,10,1,8,3,TuS Klein. Wiesental 3,3,fussball.de
031GB7TVMK00000EVS5489BUVSJ4CRAP-G,Südbaden,Hochrhein,11,3.Kreisliga (C),Kreisliga C - Staffel 3 · Hochrhein,10,1,7,3,SV Karsau 2,3,fussball.de
031GB7TVUG00000FVS5489BUVSJ4CRAP-G,Südbaden,Hochrhein,11,3.Kreisliga (C),Kreisliga C - Staffel 4 · Hochrhein,10,1,7,3,SpVgg Andelsbach 2,3,fussball.de
031GB7U05800000GVS5489BUVSJ4CRAP-G,Südbaden,Hochrhein,11,3.Kreisliga (C),Kreisliga C - Staffel 5 · Hochrhein,10,2,18,6,FC Dachsberg 2,3,fussball.de
031GB7U0AO00000AVS5489BUVSJ4CRAP-G,Südbaden,Hochrhein,11,3.Kreisliga (C),Kreisliga C - Staffel 6 · Hochrhein,10,2,16,6,FC Hochrhein 2,3,fussball.de
031CQEFSSC00000GVS5489BTVUS470OH-G,Südbaden,Offenburg,11,3.Kreisliga (C),Kreisliga C - Staffel 1 · Offenburg,14,20,123,58,SG Freistett / Rheinbischofsh. 3,12,fussball.de
031CPKGCSO00000FVS5489BTVUS470OH-G,Südbaden,Offenburg,11,3.Kreisliga (C),Kreisliga C - Staffel 2 · Offenburg,13,18,91,54,FC Wolfach 2,9,fussball.de
031CPKGD4S00000EVS5489BTVUS470OH-G,Südbaden,Offenburg,11,3.Kreisliga (C),Kreisliga C - Staffel 3 · Offenburg,14,22,116,65,SC Kuhbach-Reichenbach 2,10,fussball.de
031H42B4IO000004VS5489BTVVG7L386-G,Südbaden,Schwarzwald,11,3.Kreisliga (C),Kreisliga C - Staffel 1 · Schwarzwald,7,1,1,3,FC Hüfingen 2,3,fussball.de
031H27QDOO000004VS5489BUVSJ4CRAP-G,Südbaden,Schwarzwald,11,3.Kreisliga (C),Kreisliga C - Staffel 2 · Schwarzwald,7,2,16,6,SV Eisenbach 2,3,fussball.de
031HIGHI8O000007VS5489BTVVG7L386-G,Südbaden,Schwarzwald,11,3.Kreisliga (C),Kreisliga C - Staffel 3 · Schwarzwald,7,1,4,3,SG Schwarzwald-Union Schönwald-Schonach 3,3,fussball.de
031AUU61B8000008VS5489BUVV628VP4-G,Südwest,Kreis Alzey-Worms,11,C-Klasse,Herren C-Klasse Alzey-Worms Nord,11,13,63,37,TSV Saulheim,6,fussball.de
031AUU613C000008VS5489BUVV628VP4-G,Südwest,Kreis Alzey-Worms,11,C-Klasse,Herren C-Klasse Alzey-Worms Süd,12,15,69,44,FC Azadi Worms,9,fussball.de
0319RUJKC8000004VS5489BUVV628VP4-G,Südwest,Kreis Bad Kreuznach,11,C-Klasse,Herren C-Klasse Bad Kreuznach 1,10,12,68,34,SG Eintr. Bad Kreuznach II,7,fussball.de
0319RV9VHK000004VS5489BUVV628VP4-G,Südwest,Kreis Bad Kreuznach,11,C-Klasse,Herren C-Klasse Bad Kreuznach 2,9,11,74,31,SV Wallhausen / SG Gräfenbachtal II,6,fussball.de
0316ADV02C000008VS5489BTVU7GTVLE-G,Südwest,Kreis Birkenfeld,11,C-Klasse,Herren C-Klasse Birkenfeld 1,10,14,77,42,SG Veitsrodt/Tiefenstein II,9,fussball.de
0316ADV094000008VS5489BTVU7GTVLE-G,Südwest,Kreis Birkenfeld,11,C-Klasse,Herren C-Klasse Birkenfeld 2,10,15,101,45,SGH Rinzenberg II (flex),9,fussball.de
0316ADV0FS000008VS5489BTVU7GTVLE-G,Südwest,Kreis Birkenfeld,11,C-Klasse,Herren C-Klasse Birkenfeld 3,12,24,144,71,FSV Blau-Weiss Idar-Oberstein II,12,fussball.de
031AS3E6M8000004VS5489BTVSK8S3O6-G,Südwest,Kreis Kaiserslaut.-Donnersberg,11,C-Klasse,Herren C-Klasse KL/DOB Nord · Kreis Kaiserslaut.-Donnersberg,13,18,86,47,SV Enkenbach II,10,fussball.de
031AS29RO0000004VS5489BTVSK8S3O6-G,Südwest,Kreis Kaiserslaut.-Donnersberg,11,C-Klasse,Herren C-Klasse KL/DOB Süd · Kreis Kaiserslaut.-Donnersberg,14,21,131,59,SG Hochspeyer/ASV Waldleiningen II,9,fussball.de
0318CBEDAO00000AVS5489BUVSBBVPEU-G,Südwest,Kreis Kusel-Kaiserslautern,11,C-Klasse,Herren C-Klasse Nord Kusel-Kaiserslautern,13,29,181,83,SV Kaulbach-Kreimbach,13,fussball.de
0318CBEDHG000008VS5489BUVSBBVPEU-G,Südwest,Kreis Kusel-Kaiserslautern,11,C-Klasse,Herren C-Klasse Süd Kusel-Kaiserslautern,14,33,193,96,FV Kindsbach II,12,fussball.de
0319067BRO00000BVS5489BTVSK8S3O6-G,Südwest,Kreis Mainz-Bingen,11,C-Klasse,Herren C-Klasse Mainz-Bingen Nord,13,18,96,51,SG Wackernheim / Heidesheim II,7,fussball.de
0319067BLG00000BVS5489BTVSK8S3O6-G,Südwest,Kreis Mainz-Bingen,11,C-Klasse,Herren C-Klasse Mainz-Bingen Ost,12,14,83,42,Türkgücü Mainz,6,fussball.de
0319067BF0000003VS5489BTVSK8S3O6-G,Südwest,Kreis Mainz-Bingen,11,C-Klasse,Herren C-Klasse Mainz-Bingen Süd,12,15,70,43,TSV Zornheim II,7,fussball.de
031906BBM8000005VS5489BTVSK8S3O6-G,Südwest,Kreis Mainz-Bingen,11,C-Klasse,Herren C-Klasse Mainz-Bingen West,12,13,69,36,VfL Frei-Weinheim II,7,fussball.de
031B347RU4000009VS5489BUVV628VP4-G,Südwest,Kreis Pirmasens/Zweibrücken,11,C-Klasse,C Klasse Ost  Pirmasens-Zweibrücken · Kreis Pirmasens/Zweibrücken,14,30,177,89,Eintracht Pirmasens,12,fussball.de
031B347S6G000008VS5489BUVV628VP4-G,Südwest,Kreis Pirmasens/Zweibrücken,11,C-Klasse,C Klasse West Pirmasens-Zweibrücken · Kreis Pirmasens/Zweibrücken,13,18,106,52,SG Thaleischwlr.-Fröschen,12,fussball.de
0314GI0LBO000009VS5489BUVSBBVPEU-G,Südwest,Kreis Rhein-Mittelhaardt,11,C-Klasse,Herren C-Klasse Rhein-Mittelhaardt Staffel Ost,15,34,199,98,FV Hanhofen,15,fussball.de
0314GI0LHG000009VS5489BUVSBBVPEU-G,Südwest,Kreis Rhein-Mittelhaardt,11,C-Klasse,Herren C-Klasse Rhein-Mittelhaardt Staffel West,16,40,238,117,SpVgg 1920 Edenkoben,15,fussball.de
031BT7O82G000008VS5489BUVUR5FS5A-G,Südwest,Kreis Rhein-Pfalz,11,C-Klasse,Herren C-Klasse Rhein-Pfalz Nord,12,14,77,40,TSG Eisenberg II,9,fussball.de
031BT7O888000008VS5489BUVUR5FS5A-G,Südwest,Kreis Rhein-Pfalz,11,C-Klasse,Herren C-Klasse Rhein-Pfalz Süd,11,14,75,40,Deux-Zeros,9,fussball.de
0311HNIRK800000BVS5489BUVVARDA0V-G,Südwest,Kreis Südpfalz,11,C-Klasse,Herren C-Klasse Südpfalz Staffel I,16,38,191,112,SG Klingenmünster-Göckl.-Eschb. II,15,fussball.de
0311HNIRS0000009VS5489BUVVARDA0V-G,Südwest,Kreis Südpfalz,11,C-Klasse,Herren C-Klasse Südpfalz Staffel II,16,37,220,110,SG Berg-Hagenbach,12,fussball.de
031CIB3GE0000007VS5489BUVUR5FS5A-G,Thüringen,Kreis Erfurt-Sömmerda,11,2.Kreisklasse,2.KK St.1 · Kreis Erfurt-Sömmerda,8,8,58,24,SV Empor Erfurt II,9,fussball.de
031CIBBERS000004VS5489BUVUR5FS5A-G,Thüringen,Kreis Erfurt-Sömmerda,11,2.Kreisklasse,2.KK St.2 · Kreis Erfurt-Sömmerda,9,7,37,21,SV 1916 Großrudestedt III,6,fussball.de
031O3A6AAG000004VS5489BUVT2M8LCU-G,Thüringen,Kreis Jena-Saale-Orla,11,2.Kreisklasse,2.Kreisklasse A · Kreis Jena-Saale-Orla,6,0,0,0,FC Thüringen Jena IV,0,fussball.de
031O3635G0000004VS5489BUVT2M8LCU-G,Thüringen,Kreis Jena-Saale-Orla,11,2.Kreisklasse,2.Kreisklasse B · Kreis Jena-Saale-Orla,8,3,24,9,SV Güldequelle Löhma,3,fussball.de
03155QD220000006VS5489BUVSBBVPEU-G,Thüringen,Kreis Mittelthüringen,11,2.Kreisklasse,2.Kreisklasse A · Kreis Mittelthüringen,9,4,24,12,SG Moorental 2.,3,fussball.de
03155QD2BG000004VS5489BUVSBBVPEU-G,Thüringen,Kreis Mittelthüringen,11,2.Kreisklasse,2.Kreisklasse B · Kreis Mittelthüringen,8,6,24,18,FSV Grün-Weiß Blankenhain 2.,6,fussball.de
03155QD2H0000007VS5489BUVSBBVPEU-G,Thüringen,Kreis Mittelthüringen,11,2.Kreisklasse,2.Kreisklasse C · Kreis Mittelthüringen,10,4,25,12,SG Traktor Teichel 2.,3,fussball.de
031K70HAP800000BVS5489BTVSRD0UH9-G,Westfalen,Kreis Ahaus-Coesfeld,11,Kreisliga C,Kreisliga C 1 Ahaus-Coesfeld,16,20,88,58,FC Epe III,7,fussball.de
031K70HB04000005VS5489BTVSRD0UH9-G,Westfalen,Kreis Ahaus-Coesfeld,11,Kreisliga C,Kreisliga C 2 Ahaus-Coesfeld,16,17,71,47,TuS Wüllen II,7,fussball.de
031ITD73R8000009VS5489BTVSRD0UH9-G,Westfalen,Kreis Arnsberg,11,Kreisliga C,Kreisliga C Arnsberg,14,6,37,15,SG Balve/Garbeck II,3,fussball.de
031ARMESP0000004VS5489BTVSK8S3O6-G,Westfalen,Kreis Beckum,11,Kreisliga C,Kreisliga C Beckum,12,0,0,0,ASK Ahlen III,0,fussball.de
0311HPTB6O00000JVS5489BTVT51B5B5-G,Westfalen,Kreis Bielefeld,11,Kreisliga C,Kreisliga C Staffel 1 · Kreis Bielefeld,13,11,57,31,TuS Hoberge-Uerentrup III,6,fussball.de
0311HPTBEO00000JVS5489BTVT51B5B5-G,Westfalen,Kreis Bielefeld,11,Kreisliga C,Kreisliga C Staffel 2 · Kreis Bielefeld,14,14,86,41,TV Friesen Milse II,6,fussball.de
0311HPTBLO00000HVS5489BTVT51B5B5-G,Westfalen,Kreis Bielefeld,11,Kreisliga C,Kreisliga C Staffel 3 · Kreis Bielefeld,14,14,101,41,Sportfreunde Sennestadt,6,fussball.de
0311HPTBS000000AVS5489BTVT51B5B5-G,Westfalen,Kreis Bielefeld,11,Kreisliga C,Kreisliga C Staffel 4 · Kreis Bielefeld,14,14,86,40,TuS Brake II,6,fussball.de
0311RM7JV8000004VS5489BUVVARDA0V-G,Westfalen,Kreis Bochum,11,Kreisliga C,Kreisliga C1 Herren · Kreis Bochum,14,23,133,68,DJK Arminia Bochum III,12,fussball.de
0311RM9BT0000004VS5489BUVVARDA0V-G,Westfalen,Kreis Bochum,11,Kreisliga C,Kreisliga C2 Herren · Kreis Bochum,14,25,139,65,TuS Kaltehardt II,12,fussball.de
0311RMAM8G000004VS5489BUVVARDA0V-G,Westfalen,Kreis Bochum,11,Kreisliga C,Kreisliga C3 Herren · Kreis Bochum,14,18,115,53,TSV Witten II,9,fussball.de
0311RMCH1G000000VS5489BUVVARDA0V-G,Westfalen,Kreis Bochum,11,Kreisliga C,Kreisliga C4 Herren · Kreis Bochum,15,26,158,78,SV Blau-Weiß Weitmar 09 II,12,fussball.de
0311RMF2MG000003VS5489BUVVARDA0V-G,Westfalen,Kreis Bochum,11,Kreisliga C,Kreisliga C5 Herren · Kreis Bochum,14,22,127,63,SG Wattenscheid 09 II,12,fussball.de
0318943FP000000AVS5489BTVU7GTVLE-G,Westfalen,Kreis Detmold,11,Kreisliga C,Kreisliga C Gruppe I · Kreis Detmold,9,8,52,21,TuRa Heiden II,6,fussball.de
031J5EA8D000000BVS5489BUVVKNMR0J-G,Westfalen,Kreis Detmold,11,Kreisliga C,Kreisliga C Gruppe II · Kreis Detmold,9,8,41,21,Blomberger SV III,6,fussball.de
03133VAS8O000004VS5489BUVSBBVPEU-G,Westfalen,Kreis Dortmund,11,Kreisliga C,Kreisliga C1 - Dortmund,16,14,73,42,TuS Rahm II,6,fussball.de
03133VF9RG000005VS5489BUVSBBVPEU-G,Westfalen,Kreis Dortmund,11,Kreisliga C,Kreisliga C2 - Dortmund,15,14,76,36,SpVg Berghofen II,6,fussball.de
03133VGGEO000005VS5489BUVSBBVPEU-G,Westfalen,Kreis Dortmund,11,Kreisliga C,Kreisliga C3 - Dortmund,16,13,83,36,FC Roj II,6,fussball.de
03133VHPD8000005VS5489BUVSBBVPEU-G,Westfalen,Kreis Dortmund,11,Kreisliga C,Kreisliga C4 - Dortmund,15,13,85,34,ÖSG Viktoria 08 Dortmund,6,fussball.de
031BI0FKPC000004VS5489BUVUR5FS5A-G,Westfalen,Kreis Gelsenkirchen,11,Kreisliga C,Kreisliga C 1 Herren · Kreis Gelsenkirchen,18,36,271,104,F.S.M. Gladbeck II,12,fussball.de
031BI1RMT0000004VS5489BUVUR5FS5A-G,Westfalen,Kreis Gelsenkirchen,11,Kreisliga C,Kreisliga C 2 Herren · Kreis Gelsenkirchen,16,30,247,86,Teutonia Schalke,12,fussball.de
031F9UCHFG00000KVS5489BUVSJ4CRAP-G,Westfalen,Kreis Gütersloh,11,Kreisliga C,Kreisliga C Q1 GT · Kreis Gütersloh,6,10,50,30,SV Spexard III,9,fussball.de
031F9UCHOC00000IVS5489BUVSJ4CRAP-G,Westfalen,Kreis Gütersloh,11,Kreisliga C,Kreisliga C Q2 GT · Kreis Gütersloh,6,9,58,27,SW Sende III,9,fussball.de
031F9UCHV4000006VS5489BUVSJ4CRAP-G,Westfalen,Kreis Gütersloh,11,Kreisliga C,Kreisliga C Q3 GT · Kreis Gütersloh,6,9,61,27,GW Harsewinkel,9,fussball.de
031F9UOR44000004VS5489BUVSJ4CRAP-G,Westfalen,Kreis Gütersloh,11,Kreisliga C,Kreisliga C Q4 GT · Kreis Gütersloh,6,11,46,30,Aramäer Gütersloh II,8,fussball.de
031FF5PUBS00000JVS5489BUVSJ4CRAP-G,Westfalen,Kreis Hagen,11,Kreisliga C,Kreisliga C1 Hagen,19,26,142,71,SG BW Haspe II,9,fussball.de
031FF5PUMK00000JVS5489BUVSJ4CRAP-G,Westfalen,Kreis Hagen,11,Kreisliga C,Kreisliga C2 Hagen,19,25,149,68,SG Büttenberg/Altenvoerde,9,fussball.de
0313202OSO00000HVS5489BUVSBBVPEU-G,Westfalen,Kreis Herford,11,Kreisliga C,Kreisliga C Gruppe 1 · Kreis Herford,13,12,99,35,SC Batman,6,fussball.de
0313202P8G00000IVS5489BUVSBBVPEU-G,Westfalen,Kreis Herford,11,Kreisliga C,Kreisliga C Gruppe 2 · Kreis Herford,13,11,83,32,Türkischer Verein Herford,6,fussball.de
0313202PJO00000HVS5489BUVSBBVPEU-G,Westfalen,Kreis Herford,11,Kreisliga C,Kreisliga C Gruppe 3 · Kreis Herford,13,12,94,35,SV Enger-Westerenger II,6,fussball.de
031D6CLKM800000IVS5489BTVUS470OH-G,Westfalen,Kreis Herne,11,Kreisliga C,Herren Kreisliga C1 · Kreis Herne,16,16,111,45,DJK Falkenhorst Herne II,6,fussball.de
031D6CLOI800000JVS5489BTVUS470OH-G,Westfalen,Kreis Herne,11,Kreisliga C,Herren Kreisliga C2 · Kreis Herne,14,12,100,36,Eintracht Ickern III,6,fussball.de
031I1LD24C000004VS5489BUVVKNMR0J-G,Westfalen,Kreis Hochsauerlandkreis,11,Kreisliga C,Kreisliga C 1 Hochsauerland Findungsrunde · Kreis Hochsauerlandkreis,9,9,53,19,SSV Meschede II,4,fussball.de
031I1MTT88000004VS5489BUVVKNMR0J-G,Westfalen,Kreis Hochsauerlandkreis,11,Kreisliga C,Kreisliga C 2 Hochsauerland Findungsrunde · Kreis Hochsauerlandkreis,9,10,54,14,SG Giershagen-Hoppecketal/Padberg-Obermarsberg 3,6,fussball.de
031E17I7PG000003VS5489BTVUS470OH-G,Westfalen,Kreis Höxter,11,Kreisliga C,Kreisliga C Gruppe 1 · Kreis Höxter,11,8,42,22,SV Steinheim II,6,fussball.de
031E15ONIC000004VS5489BTVUS470OH-G,Westfalen,Kreis Höxter,11,Kreisliga C,Kreisliga C Gruppe 2 · Kreis Höxter,11,11,46,31,SG BKMR II,6,fussball.de
0314LUAH9400000HVS5489BTVU7GTVLE-G,Westfalen,Kreis Iserlohn,11,Kreisliga C,Kreisliga C 1 - Qualifikation · Kreis Iserlohn,8,8,53,23,SF Hüingsen III,6,fussball.de
0314LUAHIC00000JVS5489BTVU7GTVLE-G,Westfalen,Kreis Iserlohn,11,Kreisliga C,Kreisliga C 2 - Qualifikation · Kreis Iserlohn,7,4,41,12,SpVgg. Nachrodt II,3,fussball.de
031EL8JQO8000003VS5489BTVUS470OH-G,Westfalen,Kreis Iserlohn,11,Kreisliga C,Kreisliga C 3 - Qualifikation · Kreis Iserlohn,8,8,54,23,DJK VfK Iserlohn II,6,fussball.de
031BEPTQAC00000EVS5489BUVUR5FS5A-G,Westfalen,Kreis Lemgo,11,Kreisliga C,Kreisliga C Gruppe 1 Lemgo,15,21,138,61,SG Bega/Humfeld,9,fussball.de
031BEPTQIC00000DVS5489BUVUR5FS5A-G,Westfalen,Kreis Lemgo,11,Kreisliga C,Kreisliga C Gruppe 2 Lemgo,15,21,124,54,KSC Ehrsen,7,fussball.de
031H02CRL0000008VS5489BTVVG7L386-G,Westfalen,Kreis Lippstadt,11,Kreisliga C,Kreisliga C Lippstadt,13,14,73,42,TuS GW Allagen II,9,fussball.de
031F02674G000009VS5489BTVUS470OH-G,Westfalen,Kreis Lübbecke,11,Kreisliga C,Kreisliga C  K 20 Lübbecke,11,18,94,51,SG Nettelstedt I / Frotheim II,12,fussball.de
0311BQGD4C00000KVS5489BUVVARDA0V-G,Westfalen,Kreis Lüdenscheid,11,Kreisliga C,Kreisliga C 1 Lüdenscheid,10,10,47,24,TuRa Eggenscheid II,6,fussball.de
0311BQGDBG00000DVS5489BUVVARDA0V-G,Westfalen,Kreis Lüdenscheid,11,Kreisliga C,Kreisliga C 2 Lüdenscheid,9,7,24,17,TuS Versetal II,6,fussball.de
03110A5DGK000004VS5489BUVVARDA0V-G,Westfalen,Kreis Minden,11,Kreisliga C,Kreisliga C Minden,16,46,236,133,SV Hausberge II,16,fussball.de
031BT6GJ3G00000BVS5489BUVUR5FS5A-G,Westfalen,Kreis Münster,11,Kreisliga C,Kreisliga C 1 Herren · Kreis Münster,15,19,99,52,SV Bösensell II,9,fussball.de
031BT6RDA800000BVS5489BUVUR5FS5A-G,Westfalen,Kreis Münster,11,Kreisliga C,Kreisliga C 2 Herren · Kreis Münster,15,19,94,49,SV Teutonia Coerde,9,fussball.de
031BT6RDGC000008VS5489BUVUR5FS5A-G,Westfalen,Kreis Münster,11,Kreisliga C,Kreisliga C 3 Herren · Kreis Münster,14,17,95,49,1. FC Mecklenbeck II,9,fussball.de
031ILDA8GG00000CVS5489BTVSRD0UH9-G,Westfalen,Kreis Olpe,11,Kreisliga C,Kreisliga C Staffel 1 Olpe,11,8,50,24,FSV Helden,6,fussball.de
031ILDA8N000000CVS5489BTVSRD0UH9-G,Westfalen,Kreis Olpe,11,Kreisliga C,Kreisliga C Staffel 2 Olpe,11,8,46,23,SG LWL 05/Attendorn/Listerscheid II,3,fussball.de
031ILDA8SO00000CVS5489BTVSRD0UH9-G,Westfalen,Kreis Olpe,11,Kreisliga C,Kreisliga C Staffel 3 Olpe,11,8,55,24,SC Bleche/Germinghausen,6,fussball.de
0313R48U3O00000FVS5489BTVU7GTVLE-G,Westfalen,Kreis Paderborn,11,Kreisliga C,Kreisliga C1 Paderborn,13,22,140,66,FC Westerloh-Lippling,12,fussball.de
0313R4AHVK00000FVS5489BTVU7GTVLE-G,Westfalen,Kreis Paderborn,11,Kreisliga C,Kreisliga C2 Paderborn,12,18,97,53,SG Lichtenau/Kleinenberg,12,fussball.de
0313R4AI5G00000FVS5489BTVU7GTVLE-G,Westfalen,Kreis Paderborn,11,Kreisliga C,Kreisliga C3 Paderborn,13,27,127,76,SV 21 Büren II,15,fussball.de
031D419FV400000BVS5489BUVUR5FS5A-G,Westfalen,Kreis Recklinghausen,11,Kreisliga C,RE KL C 1 · Kreis Recklinghausen,16,17,92,48,Westfalia Gemen IV,6,fussball.de
031D419G7G000008VS5489BUVUR5FS5A-G,Westfalen,Kreis Recklinghausen,11,Kreisliga C,RE KL C 2 · Kreis Recklinghausen,15,14,88,41,SC Marl-Hamm II,6,fussball.de
031D419GD400000AVS5489BUVUR5FS5A-G,Westfalen,Kreis Recklinghausen,11,Kreisliga C,RE KL C 3 · Kreis Recklinghausen,15,14,68,42,SG Hillen,6,fussball.de
031D419GIS000007VS5489BUVUR5FS5A-G,Westfalen,Kreis Recklinghausen,11,Kreisliga C,RE KL C 4 · Kreis Recklinghausen,16,14,99,39,SV Borussia Ahsen II,6,fussball.de
031F13GGAC000004VS5489BTVUS470OH-G,Westfalen,Kreis Siegen-Wittgenstein,11,Kreisliga C,Kreisliga C1-SIWI · Kreis Siegen-Wittgenstein,14,12,77,36,VfL Klafeld-Geisweid,6,fussball.de
031F151AN0000004VS5489BTVUS470OH-G,Westfalen,Kreis Siegen-Wittgenstein,11,Kreisliga C,Kreisliga C2-SIWI · Kreis Siegen-Wittgenstein,13,12,65,32,FC Ebenau,6,fussball.de
031D48QCGG000008VS5489BUVUR5FS5A-G,Westfalen,Kreis Soest,11,Kreisliga C,Kreisliga C Herren · Kreis Soest,15,28,164,79,TuS Jahn Soest,12,fussball.de
031CT4QNPO000004VS5489BUVUR5FS5A-G,Westfalen,Kreis Steinfurt,11,Kreisliga C,Kreisliga C Qualigruppe 1 Kreis Steinfurt,8,9,40,26,Grün-Weiß Amisia Rheine II,6,fussball.de
031D3N85ES000004VS5489BUVUR5FS5A-G,Westfalen,Kreis Steinfurt,11,Kreisliga C,Kreisliga C Qualigruppe 2 Kreis Steinfurt,7,7,40,21,Borghorster FC IV,9,fussball.de
031D3NCH2S000004VS5489BUVUR5FS5A-G,Westfalen,Kreis Steinfurt,11,Kreisliga C,Kreisliga C Qualigruppe 3 Kreis Steinfurt,8,8,44,22,SuS Neuenkirchen IV,6,fussball.de
031D3NJR8C000004VS5489BUVUR5FS5A-G,Westfalen,Kreis Steinfurt,11,Kreisliga C,Kreisliga C Qualigruppe 4 Kreis Steinfurt,8,9,52,26,FSV Ochtrup e.V. II,6,fussball.de
031GBGONDK000004VS5489BTVVG7L386-G,Westfalen,Kreis Tecklenburg,11,Kreisliga C,Kreisliga C 1 · Kreis Tecklenburg,14,16,74,45,Grün-Weiß Steinbeck II,9,fussball.de
031GBIHK74000003VS5489BTVVG7L386-G,Westfalen,Kreis Tecklenburg,11,Kreisliga C,Kreisliga C 2 · Kreis Tecklenburg,13,12,63,35,Westfalia Westerkappeln II,6,fussball.de
030UHHNEV0000008VS5489BTVT51B5B5-G,Westfalen,Kreis Unna-Hamm,11,Kreisliga C,Kreisliga C1 Unna-Hamm,16,30,219,85,FC Bönen II,10,fussball.de
030UHHNFBG000000VS5489BTVT51B5B5-G,Westfalen,Kreis Unna-Hamm,11,Kreisliga C,Kreisliga C2 Unna-Hamm,16,32,191,94,TuS Niederaden,12,fussball.de
031EMDLEIS000004VS5489BUVUR5FS5A-G,Württemberg,Bezirk Neckar/Fils (K),11,Kreisliga C,Kreisliga C1 · Bezirk Neckar/Fils (K),13,4,33,11,TSV Notzingen II,3,fussball.de
031EMDQS0K000004VS5489BUVUR5FS5A-G,Württemberg,Bezirk Neckar/Fils (K),11,Kreisliga C,Kreisliga C3 · Bezirk Neckar/Fils (K),12,5,28,15,SV 07 Aich,3,fussball.de
031EMDU0AK000003VS5489BUVUR5FS5A-G,Württemberg,Bezirk Neckar/Fils (K),11,Kreisliga C,Kreisliga C4 · Bezirk Neckar/Fils (K),11,4,20,12,SV Nabern,3,fussball.de
031EME0MI0000004VS5489BUVUR5FS5A-G,Württemberg,Bezirk Neckar/Fils (K),11,Kreisliga C,Kreisliga C5 · Bezirk Neckar/Fils (K),12,5,34,15,TSV Hohenstaufen II,3,fussball.de
031EME2VBK000004VS5489BUVUR5FS5A-G,Württemberg,Bezirk Neckar/Fils (K),11,Kreisliga C,Kreisliga C6 · Bezirk Neckar/Fils (K),12,5,17,14,SV Croatia 2012 Geislingen II,3,fussball.de
031785KJ6K000004VS5489BUVSBBVPEU-G,Württemberg,Bezirk Schwarzwald/Zollern (K),11,Kreisliga C,Kreisliga C1 · Bezirk Schwarzwald/Zollern (K),12,0,0,0,FC Goaletics Schura zg.,0,fussball.de
031785MVDS000004VS5489BUVSBBVPEU-G,Württemberg,Bezirk Schwarzwald/Zollern (K),11,Kreisliga C,Kreisliga C2 · Bezirk Schwarzwald/Zollern (K),13,6,18,17,TSV Stetten/Hechingen,3,fussball.de
031785OKQS000004VS5489BUVSBBVPEU-G,Württemberg,Bezirk Schwarzwald/Zollern (K),11,Kreisliga C,Kreisliga C3 · Bezirk Schwarzwald/Zollern (K),13,6,22,16,SV Wurmlingen II,3,fussball.de
031785Q4L4000004VS5489BUVSBBVPEU-G,Württemberg,Bezirk Schwarzwald/Zollern (K),11,Kreisliga C,Kreisliga C4 · Bezirk Schwarzwald/Zollern (K),13,6,27,17,SGM Aichhalden/Rötenberg II,3,fussball.de
0315D4CSR800000BVS5489BTVU7GTVLE-G,Bayern,Kreis Donau/Isar,12,C Klasse,441 C-Klasse 1 · Kreis Donau/Isar,14,20,108,59,SV Buxheim II,9,fussball.de
0315D4CU3G00000OVS5489BTVU7GTVLE-G,Bayern,Kreis Donau/Isar,12,C Klasse,442 C-Klasse 2 · Kreis Donau/Isar,14,21,102,62,SpVgg Langenbruck II,10,fussball.de
0315D4CV9K00000FVS5489BTVU7GTVLE-G,Bayern,Kreis Donau/Isar,12,C Klasse,443 C-Klasse 3 · Kreis Donau/Isar,12,7,32,20,VfR Haag/Amper,6,fussball.de
0315D4D0JS00000HVS5489BTVU7GTVLE-G,Bayern,Kreis Donau/Isar,12,C Klasse,444 C-Klasse 4 · Kreis Donau/Isar,12,6,38,16,(SG) Hörlkofen/Wörth II,3,fussball.de
030UHNLO4000003NVS5489BTVT51B5B5-G,Bayern,Kreis Inn/Salzach,12,C Klasse,C-Klasse 1 · Kreis Inn/Salzach,12,7,47,20,TSV 1932 Aßling 2,3,fussball.de
030UHNLPAC000045VS5489BTVT51B5B5-G,Bayern,Kreis Inn/Salzach,12,C Klasse,C-Klasse 2 · Kreis Inn/Salzach,12,8,30,23,SV Nußdorf 2,6,fussball.de
030UHNLQI8000019VS5489BTVT51B5B5-G,Bayern,Kreis Inn/Salzach,12,C Klasse,C-Klasse 3 · Kreis Inn/Salzach,10,7,28,19,(SG) Breitbrunn 2 / Eggstätt 2,4,fussball.de
031323KA9C000056VS5489BUVSBBVPEU-G,Bayern,Kreis Inn/Salzach,12,C Klasse,C-Klasse 4 · Kreis Inn/Salzach,10,6,34,16,FC Maitenbeth 2,6,fussball.de
031323KC7O00003CVS5489BUVSBBVPEU-G,Bayern,Kreis Inn/Salzach,12,C Klasse,C-Klasse 5 · Kreis Inn/Salzach,10,5,42,14,SV Unterneukirchen 3 (9),3,fussball.de
031323KDF000003MVS5489BUVSBBVPEU-G,Bayern,Kreis Inn/Salzach,12,C Klasse,C-Klasse 6 · Kreis Inn/Salzach,11,8,31,23,(SG) Feichten 1 / Tacherting 3,6,fussball.de
031323KENG00005CVS5489BUVSBBVPEU-G,Bayern,Kreis Inn/Salzach,12,C Klasse,C-Klasse 7 · Kreis Inn/Salzach,11,5,12,13,SC Vachendorf 2,3,fussball.de
0313M3LTB4000024VS5489BUVSBBVPEU-G,Bayern,Kreis Inn/Salzach,12,C Klasse,C-Klasse 8 · Kreis Inn/Salzach,10,5,21,14,SG Scheffau-Schellenberg,3,fussball.de
031AP4P204000004VS5489BUVV628VP4-G,Bayern,Kreis München,12,C Klasse,141 C-Klasse 1 · Kreis München,13,11,64,33,SV Petershausen II,6,fussball.de
031AP50HC8000003VS5489BUVV628VP4-G,Bayern,Kreis München,12,C Klasse,142 C-Klasse 2 · Kreis München,13,10,48,27,FSV München,4,fussball.de
031AP9053G000004VS5489BUVV628VP4-G,Bayern,Kreis München,12,C Klasse,144 C-Klasse 3 · Kreis München,13,10,53,30,SpVgg Feldmoching II (9),6,fussball.de
031AP99MJ8000004VS5489BUVV628VP4-G,Bayern,Kreis München,12,C Klasse,145 C-Klasse 4 · Kreis München,12,6,34,18,FC Teutonia Mün. III,6,fussball.de
031AP9IOO0000004VS5489BUVV628VP4-G,Bayern,Kreis München,12,C Klasse,146 C-Klasse 5 · Kreis München,13,11,79,33,SC Bogenhausen II,9,fussball.de
031AP9SQ1G000004VS5489BUVV628VP4-G,Bayern,Kreis München,12,C Klasse,147 C-Klasse 6 · Kreis München,12,8,41,23,TSV Poing III,9,fussball.de
031APB51H4000004VS5489BUVV628VP4-G,Bayern,Kreis München,12,C Klasse,148 C-Klasse 7 · Kreis München,12,7,36,21,Putzbrunner SV II,3,fussball.de
031568M5D4000010VS5489BUVSBBVPEU-G,Bayern,Kreis Zugspitze,12,C Klasse,C-Klasse Gruppe 1 · Kreis Zugspitze,10,3,10,8,FC Union Landsberg,3,fussball.de
031568M7E400000JVS5489BUVSBBVPEU-G,Bayern,Kreis Zugspitze,12,C Klasse,C-Klasse Gruppe 2 · Kreis Zugspitze,10,4,36,12,(SG) SC Malching II / FSV Aufkirchen,3,fussball.de
031568M8OO000009VS5489BUVSBBVPEU-G,Bayern,Kreis Zugspitze,12,C Klasse,C-Klasse Gruppe 3 · Kreis Zugspitze,12,10,52,28,1.FC Weidach II,7,fussball.de
031568MA1G000000VS5489BUVSBBVPEU-G,Bayern,Kreis Zugspitze,12,C Klasse,C-Klasse Gruppe 4 · Kreis Zugspitze,11,5,42,15,SV Ohlstadt III,6,fussball.de
031568MBCK00000KVS5489BUVSBBVPEU-G,Bayern,Kreis Zugspitze,12,C Klasse,C-Klasse Gruppe 5 · Kreis Zugspitze,14,20,99,56,SV Herzogsägmühle,7,fussball.de
0316O963QC00000GVS5489BUVSBBVPEU-G,Brandenburg,Kreis Havelland,12,2.Kreisklasse,2. Kreisklasse A · Kreis Havelland,13,4,20,12,SV Großwudicke,3,fussball.de
0316O96478000000VS5489BUVSBBVPEU-G,Brandenburg,Kreis Havelland,12,2.Kreisklasse,2. Kreisklasse B · Kreis Havelland,11,4,14,11,TSV Wiesenburg,3,fussball.de
0316O964FS00000AVS5489BUVSBBVPEU-G,Brandenburg,Kreis Havelland,12,2.Kreisklasse,2. Kreisklasse C · Kreis Havelland,12,5,22,14,Rot-Weiß Groß Glienicke II,3,fussball.de
031AJ82NV800000AVS5489BUVV628VP4-G,Brandenburg,Kreis Niederlausitz,12,2.Kreisklasse,2.Kreisklasse · Kreis Niederlausitz,11,4,28,11,Motor Saspow II,3,fussball.de
031DRKI4SK000005VS5489BUVUR5FS5A-G,Brandenburg,Kreis Südbrandenburg,12,2.Kreisklasse,2. Kreisklasse Staffel Nord · Kreis Südbrandenburg,8,4,23,11,SV 1885 Golßen II,6,fussball.de
031DRKI51S000002VS5489BUVUR5FS5A-G,Brandenburg,Kreis Südbrandenburg,12,2.Kreisklasse,2. Kreisklasse Staffel Süd · Kreis Südbrandenburg,8,3,21,9,FSV Guteborn II,3,fussball.de
031DRKI560000005VS5489BUVUR5FS5A-G,Brandenburg,Kreis Südbrandenburg,12,2.Kreisklasse,2. Kreisklasse Staffel West · Kreis Südbrandenburg,8,3,15,8,FC Schradenland II,3,fussball.de
031B3UI53C000009VS5489BTVSK8S3O6-G,Hessen,Kreis Bergstraße,12,Kreisliga D,KLD Bergstraße Gr.1,10,14,65,42,SV Schwanheim,9,fussball.de
031B3UI594000009VS5489BTVSK8S3O6-G,Hessen,Kreis Bergstraße,12,Kreisliga D,KLD Bergstraße Gr.2,11,17,80,48,SG Reichenbach II,10,fussball.de
031999UEMC00000AVS5489BTVSK8S3O6-G,Hessen,Kreis Darmstadt,12,Kreisliga D,KLD Darmstadt,14,28,131,79,SV Erzhausen III,13,fussball.de
031APO1ODC00000BVS5489BTVSK8S3O6-G,Hessen,Kreis Dieburg,12,Kreisliga D,KLD Dieburg,15,33,189,92,SG Raibach/Umstadt,13,fussball.de
031977EB1S000004VS5489BUVV628VP4-G,Hessen,Kreis Limburg-Weilburg,12,Kreisliga D,KLD Limburg-Weilburg,16,44,231,130,SG Villmar/Arfurt/Aumenau III,15,fussball.de
0318MB41F0000006VS5489BTVSK8S3O6-G,Hessen,Kreis Wiesbaden,12,Kreisliga D,KLD Wiesbaden,18,45,316,133,SV Blauer Club Wiesbaden,15,fussball.de
0319BA6MU8000003VS5489BUVV628VP4-G,Niedersachsen,Kreis Bentheim,12,4.Kreisklasse,4.Kreisklasse Grafschaft Bentheim,14,31,157,87,SV Borussia 08 Neuenhaus III,12,fussball.de
0315LNJBGC000007VS5489BUVSBBVPEU-G,Niedersachsen,Kreis Emsland,12,4.Kreisklasse,4.Kreisklasse Emsland Mitte,11,20,126,59,Tus Haren III,12,fussball.de
0315LNJB9S000005VS5489BUVSBBVPEU-G,Niedersachsen,Kreis Emsland,12,4.Kreisklasse,4.Kreisklasse Emsland Nord,9,9,52,27,Tus Aschendorf II 9er,6,fussball.de
0315LNJBMC000006VS5489BUVSBBVPEU-G,Niedersachsen,Kreis Emsland,12,4.Kreisklasse,4.Kreisklasse Emsland Süd,10,14,76,42,VFB Lingen II 9er,9,fussball.de
03134NFVTK00000BVS5489BUVSBBVPEU-G,Niedersachsen,Kreis Göttingen-Osterode,12,4.Kreisklasse,Kleinfeld 7er Staffel A · Kreis Göttingen-Osterode,8,9,35,24,TSV Nesselröden III,6,fussball.de
03134NG06O00000BVS5489BUVSBBVPEU-G,Niedersachsen,Kreis Göttingen-Osterode,12,4.Kreisklasse,Kleinfeld 7er Staffel B · Kreis Göttingen-Osterode,9,8,52,24,Sparta Göttingen IV,9,fussball.de
031MDBF6OC000004VS5489BTVSRD0UH9-G,Niedersachsen,Kreis Hameln-Pyrmont,12,4.Kreisklasse,4. Kreisklasse Staffel 1 · Kreis Hameln-Pyrmont,10,13,76,38,SG Afferde-Hilligsfeld III,6,fussball.de
031MDCQGPO000004VS5489BTVSRD0UH9-G,Niedersachsen,Kreis Hameln-Pyrmont,12,4.Kreisklasse,4. Kreisklasse Staffel 2 · Kreis Hameln-Pyrmont,10,14,119,40,MTSV Aerzen 3,9,fussball.de
031AFTCN7C000009VS5489BUVV628VP4-G,Niedersachsen,Kreis Harburg,12,4.Kreisklasse,4.Kreisklasse Harburg,13,22,122,62,FC Este 2012 III,10,fussball.de
031AEH69KG000008VS5489BUVV628VP4-G,Niedersachsen,Kreis Heide-Wendland,12,4.Kreisklasse,4.Kreisklasse · Kreis Heide-Wendland,10,16,95,47,SC Lüchow II,9,fussball.de
031AEIFQ0000000AVS5489BUVV628VP4-G,Niedersachsen,Kreis Heide-Wendland,12,4.Kreisklasse,Herren 7er · Kreis Heide-Wendland,7,10,80,30,SV Wendisch Evern III,9,fussball.de
031FDUKCQ0000003VS5489BTVUS470OH-G,Niedersachsen,Kreis Jade-Weser-Hunte,12,4.Kreisklasse,4.Kreisklasse JWH Staffel 1 · Kreis Jade-Weser-Hunte,10,8,50,23,Heidmühler FC III,6,fussball.de
031GL6JBGG000003VS5489BTVVG7L386-G,Niedersachsen,Kreis Jade-Weser-Hunte,12,4.Kreisklasse,4.Kreisklasse JWH Staffel 2 · Kreis Jade-Weser-Hunte,10,9,64,26,SV Brake IV,6,fussball.de
031I9DNICO000004VS5489BUVVKNMR0J-G,Niedersachsen,Kreis Jade-Weser-Hunte,12,4.Kreisklasse,4.Kreisklasse JWH Staffel 3 · Kreis Jade-Weser-Hunte,9,8,49,24,Tura 76 Oldenburg,6,fussball.de
031984K97K000006VS5489BUVV628VP4-G,Niedersachsen,Kreis Jade-Weser-Hunte,12,4.Kreisklasse,4.Kreisklasse JWH Staffel 4 · Kreis Jade-Weser-Hunte,11,8,53,24,SG Augustfehn/Apen II,6,fussball.de
031E2TP2TG000004VS5489BTVUS470OH-G,Niedersachsen,Kreis Nienburg,12,4.Kreisklasse,4. Kreisklasse Nienburg Hinrunde,10,11,78,33,SC Viktoria Lavelsloh II,6,fussball.de
031C2VUR3S00000CVS5489BTVUS470OH-G,Niedersachsen,Kreis Nordharz,12,4.Kreisklasse,4. Nordharzklasse (7er) Staffel 1,11,16,86,46,FC RW Rhüden II,9,fussball.de
031C2VUR9G000006VS5489BTVUS470OH-G,Niedersachsen,Kreis Nordharz,12,4.Kreisklasse,4. Nordharzklasse (7er) Staffel 2,9,9,47,27,SG West-Elm,9,fussball.de
03173433RC000003VS5489BTVU7GTVLE-G,Niedersachsen,Kreis Oldenburg-L./Delmenhorst,12,4.Kreisklasse,4.Kreisklasse · Kreis Oldenburg-L./Delmenhorst,14,38,257,113,Delmenhorster TB III,15,fussball.de
0315F29ASO000005VS5489BUVSBBVPEU-G,Niedersachsen,Kreis Ostfriesland,12,4.Kreisklasse,Ostfrieslandklasse  D St. 6,14,26,148,74,Fortuna 70 Wirdum,12,fussball.de
0315F29A2C000005VS5489BUVSBBVPEU-G,Niedersachsen,Kreis Ostfriesland,12,4.Kreisklasse,Ostfrieslandklasse D St. 1,9,14,82,40,SG Upleward II / Loquard II 9er,9,fussball.de
0315F29A84000005VS5489BUVSBBVPEU-G,Niedersachsen,Kreis Ostfriesland,12,4.Kreisklasse,Ostfrieslandklasse D St. 2,14,30,172,88,VfB Germania Wiesmoor II,13,fussball.de
0315F29AD8000002VS5489BUVSBBVPEU-G,Niedersachsen,Kreis Ostfriesland,12,4.Kreisklasse,Ostfrieslandklasse D St. 3,11,20,126,59,SV Dornum II,12,fussball.de
0315F29AI0000006VS5489BUVSBBVPEU-G,Niedersachsen,Kreis Ostfriesland,12,4.Kreisklasse,Ostfrieslandklasse D St. 4,14,31,148,90,SG Rhauderfehn III/Rha.III/Col.III/Raj.III 9er,12,fussball.de
0315F29ANC000005VS5489BUVSBBVPEU-G,Niedersachsen,Kreis Ostfriesland,12,4.Kreisklasse,Ostfrieslandklasse D St. 5,10,17,90,50,SG Klostermoor II /Burlage II 9er,9,fussball.de
031DGRPQN800000CVS5489BTVUS470OH-G,Niedersachsen,Kreis Region Hannover,12,4.Kreisklasse,4.Kreisklasse Region Hannover St.1,10,16,86,46,VFV 87 Hainholz III,12,fussball.de
031DGRPQTK00000CVS5489BTVUS470OH-G,Niedersachsen,Kreis Region Hannover,12,4.Kreisklasse,4.Kreisklasse Region Hannover St.2,12,19,91,56,TSV Berenbostel IV,12,fussball.de
031DGRPR3C00000BVS5489BTVUS470OH-G,Niedersachsen,Kreis Region Hannover,12,4.Kreisklasse,4.Kreisklasse Region Hannover St.3,11,19,81,54,TSV Goltern III,12,fussball.de
031DGRPR9C00000CVS5489BTVUS470OH-G,Niedersachsen,Kreis Region Hannover,12,4.Kreisklasse,4.Kreisklasse Region Hannover St.4,12,24,169,72,SG Letter 05 III,12,fussball.de
0316FR6T1C000006VS5489BUVSBBVPEU-G,Niedersachsen,Kreis Rotenburg,12,4.Kreisklasse,4.Kreisklasse Mitte · Kreis Rotenburg,9,13,70,37,SV Ippensen/Wohnste III,10,fussball.de
0316FR6T78000007VS5489BUVSBBVPEU-G,Niedersachsen,Kreis Rotenburg,12,4.Kreisklasse,4.Kreisklasse Süd · Kreis Rotenburg,9,12,59,33,SV RW Scheessel III,9,fussball.de
031A8I2LIK000004VS5489BTVSK8S3O6-G,Niedersachsen,Kreis Schaumburg,12,4.Kreisklasse,4.Kreisklasse Schaumburg,7,6,34,17,SG Liekwegen/Sülbeck/Südhorsten III (7er),6,fussball.de
031BOTDQE8000006VS5489BTVUS470OH-G,Niedersachsen,Kreis Stade,12,4.Kreisklasse,4.Kreisklasse · Kreis Stade,9,11,83,33,SG Lühe III,9,fussball.de
031AV55TU4000003VS5489BTVSK8S3O6-G,Sachsen,Kreis Chemnitz,12,1.Kreisklasse,1.Kreisklasse · Kreis Chemnitz,9,8,35,22,SpG Chemnitzer Polizei/ SVLok2,6,fussball.de
03180HR1SO000009VS5489BTVU7GTVLE-G,Sachsen,Kreis Dresden,12,1.Kreisklasse,Feldschlößchen Stadtklasse Quali 1 · Kreis Dresden,10,9,77,27,SpG SV Freital 2 / SC Freital 4,6,fussball.de
03180HR260000009VS5489BTVU7GTVLE-G,Sachsen,Kreis Dresden,12,1.Kreisklasse,Feldschlößchen Stadtklasse Quali 2 · Kreis Dresden,10,8,59,22,SpVgg. Dresden-Löbtau 3,6,fussball.de
0319B78IOC000008VS5489BUVV628VP4-G,Sachsen,Kreis Erzgebirge,12,1.Kreisklasse,Privatbrauerei Specht                                      1. Kreisklasse Ost · Kreis Erzgebirge,14,17,74,48,SSV Wildenstein,9,fussball.de
0319B78IV0000007VS5489BUVV628VP4-G,Sachsen,Kreis Erzgebirge,12,1.Kreisklasse,Privatbrauerei Specht                                   1. Kreisklasse West · Kreis Erzgebirge,14,20,62,54,SC Teutonia Bockau,7,fussball.de
03168MHAO8000005VS5489BUVSBBVPEU-G,Sachsen,Kreis Leipzig,12,1.Kreisklasse,1.Kreisklasse St. 1 · Kreis Leipzig,14,20,110,54,SG Räpitz 1948 I,9,fussball.de
03168MHAUG000007VS5489BUVSBBVPEU-G,Sachsen,Kreis Leipzig,12,1.Kreisklasse,1.Kreisklasse St. 2 · Kreis Leipzig,14,24,112,71,SG Seehausen,12,fussball.de
03187DQJJO000006VS5489BUVSBBVPEU-G,Sachsen,Kreis Meißen,12,1.Kreisklasse,Sonnen-Apotheke-1.Kreisklasse · Kreis Meißen,12,6,19,17,TSV Garsebach II,3,fussball.de
031DGH7RAO000003VS5489BUVUR5FS5A-G,Sachsen,Kreis Oberlausitz,12,1.Kreisklasse,Kreisklasse Staffel 1 · Kreis Oberlausitz,7,3,24,9,SV Blau-Weiß Kromlau,3,fussball.de
031DGHCSCC000004VS5489BUVUR5FS5A-G,Sachsen,Kreis Oberlausitz,12,1.Kreisklasse,Kreisklasse Staffel 2 · Kreis Oberlausitz,7,3,20,9,SpG SV Reichenbach 9er,3,fussball.de
031DGHOL2G000001VS5489BUVUR5FS5A-G,Sachsen,Kreis Oberlausitz,12,1.Kreisklasse,Kreisklasse Staffel 3 · Kreis Oberlausitz,7,4,25,11,SpG SpVgg. Ebersbach,4,fussball.de
031IA8AROK000006VS5489BUVVKNMR0J-G,Sachsen,Kreis Sächs.Schweiz/Osterzgeb.,12,1.Kreisklasse,1.Kreisklasse - Ost · Kreis Sächs.Schweiz/Osterzgeb.,8,5,26,15,SV Aufbau Pirna-Copitz 2.,6,fussball.de
031IA8ARVS000006VS5489BUVVKNMR0J-G,Sachsen,Kreis Sächs.Schweiz/Osterzgeb.,12,1.Kreisklasse,1.Kreisklasse - West · Kreis Sächs.Schweiz/Osterzgeb.,8,6,50,17,SpG SG 90 Braunsdorf / SG Kesselsdorf 2. / SG Wurgwitz 2.,6,fussball.de
031F01ST28000009VS5489BTVUS470OH-G,Sachsen,Kreis Vogtland,12,1.Kreisklasse,Kummer Energieexperten 1.KK  Staffel 2 · Kreis Vogtland,12,14,56,40,FSV Bau Weischlitz 2,7,fussball.de
031F01SSR8000009VS5489BTVUS470OH-G,Sachsen,Kreis Vogtland,12,1.Kreisklasse,Kummer Energieexperten 1.KK Staffel 1 · Kreis Vogtland,12,12,58,34,FSV Treuen 2,6,fussball.de
0318KHQNB0000004VS5489BUVV628VP4-G,Sachsen,Kreis Westlausitz,12,1.Kreisklasse,heitech.net-Kreisklasse Staffel 1 · Kreis Westlausitz,10,10,50,30,TSV 1895 Weißenberg,6,fussball.de
0318KIFEMC000004VS5489BUVV628VP4-G,Sachsen,Kreis Westlausitz,12,1.Kreisklasse,heitech.net-Kreisklasse Staffel 2 · Kreis Westlausitz,10,10,56,29,SV Liegau-Augustusbad,6,fussball.de
0318KIHFC8000004VS5489BUVV628VP4-G,Sachsen,Kreis Westlausitz,12,1.Kreisklasse,heitech.net-Kreisklasse Staffel 3 · Kreis Westlausitz,10,8,48,23,SV Blau-Weiß Neschwitz,6,fussball.de
031625V4IK000004VS5489BTVU7GTVLE-G,Sachsen,Kreis Zwickau,12,1.Kreisklasse,1. Kreisklasse Staffel 1 · Kreis Zwickau,12,12,92,36,LSV Thierfeld,6,fussball.de
031626732O000002VS5489BTVU7GTVLE-G,Sachsen,Kreis Zwickau,12,1.Kreisklasse,1. Kreisklasse Staffel 2 · Kreis Zwickau,12,11,47,31,FSV 1990 Dennheritz,6,fussball.de
031CQMDRSK000004VS5489BTVUS470OH-G,Sachsen-Anhalt,Kreis Saalekreis,12,2.Kreisklasse,2. Kreisklasse Staffel I · Kreis Saalekreis,11,4,11,10,Spgm. SV Gutenberg /1 SV Sennewitz III,3,fussball.de
031CQMOMCK000004VS5489BTVUS470OH-G,Sachsen-Anhalt,Kreis Saalekreis,12,2.Kreisklasse,2. Kreisklasse Staffel II · Kreis Saalekreis,11,3,12,9,FSV Dieskau 05 e.V.,3,fussball.de
031CQMUOOK000004VS5489BTVUS470OH-G,Sachsen-Anhalt,Kreis Saalekreis,12,2.Kreisklasse,2. Kreisklasse Staffel III · Kreis Saalekreis,11,4,29,10,SG Spergau II,3,fussball.de
030J2DC3ES000008VS5489BTVUCDSG9E-G,Sachsen-Anhalt,Kreis Salzland,12,2.Kreisklasse,2.Kreisklasse Staffel 1 · Kreis Salzland,12,15,85,42,SG Neuborna 62 e.V.,7,fussball.de
031K77CVKG000004VS5489BTVSRD0UH9-G,Westfalen,Kreis Ahaus-Coesfeld,12,Kreisliga D,Kreisliga D 1 Ahaus-Coesfeld,12,2,11,5,FC Ottenstein III,3,fussball.de
031K77DC1G00000CVS5489BTVSRD0UH9-G,Westfalen,Kreis Ahaus-Coesfeld,12,Kreisliga D,Kreisliga D 2 Ahaus-Coesfeld,11,2,6,5,FC Vreden 52 III (9er),3,fussball.de
031K77DC6O000009VS5489BTVSRD0UH9-G,Westfalen,Kreis Ahaus-Coesfeld,12,Kreisliga D,Kreisliga D 3 Ahaus-Coesfeld,11,1,6,3,Union Lüdinghausen III,3,fussball.de
031IU83U78000009VS5489BTVSRD0UH9-G,Westfalen,Kreis Arnsberg,12,Kreisliga D,Kreisliga D Arnsberg,6,3,21,9,TuS Bruchhausen 02 II,3,fussball.de
03133VNA00000004VS5489BUVSBBVPEU-G,Westfalen,Kreis Dortmund,12,Kreisliga D,Kreisliga D1 - Dortmund,20,16,128,40,TuS Holzen-Sommerberg III,6,fussball.de
03133VSP8O000005VS5489BUVSBBVPEU-G,Westfalen,Kreis Dortmund,12,Kreisliga D,Kreisliga D2 - Dortmund,20,16,98,41,SC Husen Kurl IV,6,fussball.de
031H01QQ6C000004VS5489BTVVG7L386-G,Westfalen,Kreis Lippstadt,12,Kreisliga D,Kreisliga D Lippstadt,17,18,92,50,TuS Lipperode III,6,fussball.de
031F039CTS00000EVS5489BTVUS470OH-G,Westfalen,Kreis Lübbecke,12,Kreisliga D,Kreisliga D1 K 20 Lübbecke 11er,11,17,83,50,BSC Blasheim III,9,fussball.de
031F03UHOC000004VS5489BTVUS470OH-G,Westfalen,Kreis Lübbecke,12,Kreisliga D,Kreisliga D2 K 20 Lübbecke 9er,7,9,65,26,SuS Holzhausen III 9er,7,fussball.de
031CSNMCB4000004VS5489BUVUR5FS5A-G,Westfalen,Kreis Minden,12,Kreisliga D,Kreisliga D Minden,13,24,144,71,FC Ezidxan Minden II,10,fussball.de
0318LEOB8C00000EVS5489BUVV628VP4-G,Westfalen,Kreis Paderborn,12,Kreisliga D,Kreisliga D1 Paderborn,10,15,94,40,TuS Sennelager II,10,fussball.de
0318LEOBI400000DVS5489BUVV628VP4-G,Westfalen,Kreis Paderborn,12,Kreisliga D,Kreisliga D2 Paderborn,11,16,97,38,SV 21 Büren III,7,fussball.de
031LDKJ38K000003VS5489BTVSRD0UH9-G,Westfalen,Kreis Recklinghausen,12,Kreisliga D,RE KL D 1 · Kreis Recklinghausen,6,0,0,0,BW Westf. Langenbochum III,0,fussball.de
031F15RH8G000004VS5489BTVUS470OH-G,Westfalen,Kreis Siegen-Wittgenstein,12,Kreisliga D,Kreisliga D1-SIWI · Kreis Siegen-Wittgenstein,14,14,72,38,SpVg. Niederndorf II,6,fussball.de
031F16UJU8000004VS5489BTVUS470OH-G,Westfalen,Kreis Siegen-Wittgenstein,12,Kreisliga D,Kreisliga D2-SIWI · Kreis Siegen-Wittgenstein,14,14,104,42,Spfr. Eichen-Krombach II,6,fussball.de
031F17O30S000004VS5489BTVUS470OH-G,Westfalen,Kreis Siegen-Wittgenstein,12,Kreisliga D,Kreisliga D3-SIWI · Kreis Siegen-Wittgenstein,13,13,104,34,SpVg. Kredenbach/Müsen III,6,fussball.de
031D4ECQ80000009VS5489BUVUR5FS5A-G,Westfalen,Kreis Soest,12,Kreisliga D,Kreisliga D Herren · Kreis Soest,13,11,64,33,SC Neuengeseke II,6,fussball.de
031GBGVLDK000004VS5489BTVVG7L386-G,Westfalen,Kreis Tecklenburg,12,Kreisliga D,Kreisliga D · Kreis Tecklenburg,12,15,94,42,SV Teuto Riesenbeck IV 9er,9,fussball.de
031E4OSKIS00000JVS5489BUVUR5FS5A-G,Westfalen,Kreis Unna-Hamm,12,Kreisliga D,Kreisliga D1 Unna-Hamm,19,35,206,98,Rot-Weiß Unna III,12,fussball.de
031BHGD2S4000004VS5489BUVUR5FS5A-G,Hessen,Kreis Alsfeld,13,1.Kreisklasse/Kreisklasse,1. Kreisklasse Alsfeld / Gießen,6,7,37,20,FSG Kirtorf/Antrifttal III,9,fussball.de
031B6TQC5C000006VS5489BTVSK8S3O6-G,Hessen,Kreis Biedenkopf,13,1.Kreisklasse/Kreisklasse,1. Kreisklasse Biedenkopf,10,6,44,18,SG Obere Lahn II,6,fussball.de
0318JK176S000000VS5489BUVV628VP4-G,Hessen,Kreis Büdingen,13,1.Kreisklasse/Kreisklasse,KLA Res Büdingen,14,27,107,80,SG Nd.-Mockst./Stammh. II,10,fussball.de
0318JK170800000AVS5489BUVV628VP4-G,Hessen,Kreis Büdingen,13,1.Kreisklasse/Kreisklasse,KOL Res Büdingen,14,31,114,89,SVP Düdelsheim II,12,fussball.de
031EAKTICC00000EVS5489BTVUS470OH-G,Niedersachsen,Kreis Diepholz,13,5.Kreisklasse,5.KK 7er Vorrunde Ost · Kreis Diepholz,7,11,41,30,TSV Barrien III,12,fussball.de
031EAKTIR800000DVS5489BTVUS470OH-G,Niedersachsen,Kreis Diepholz,13,5.Kreisklasse,5.KK 7er Vorrunde West · Kreis Diepholz,6,8,45,23,SC Twistringen III,9,fussball.de
0316OA7BPK000004VS5489BUVSBBVPEU-G,Niedersachsen,Kreis Oldenburg-L./Delmenhorst,13,5.Kreisklasse,5.Kreisklasse 7/9er Staffel · Kreis Oldenburg-L./Delmenhorst,8,9,73,27,Borussia Delmenhorst II 9er,6,fussball.de
0319B9OCLG000007VS5489BUVV628VP4-G,Sachsen,Kreis Erzgebirge,13,2.Kreisklasse,Privatbrauerei Specht                                       2.Kreisklasse Ost · Kreis Erzgebirge,11,13,60,37,FC Greifenstein 04 Ehrenfriedersdorf 2,9,fussball.de
0319B9OCQO000006VS5489BUVV628VP4-G,Sachsen,Kreis Erzgebirge,13,2.Kreisklasse,Privatbrauerei Specht                                    2.Kreisklasse West · Kreis Erzgebirge,12,17,99,50,SpG Grünhain-Beierfeld 2/Waschleithe,7,fussball.de
03168MPJL0000006VS5489BUVSBBVPEU-G,Sachsen,Kreis Leipzig,13,2.Kreisklasse,2.Kreisklasse St. 1 · Kreis Leipzig,11,14,67,40,KSC 1864 Leipzig,9,fussball.de
03168MPJR4000007VS5489BUVSBBVPEU-G,Sachsen,Kreis Leipzig,13,2.Kreisklasse,2.Kreisklasse St. 2 · Kreis Leipzig,12,18,116,54,SV Victoria 90 Leipzig,9,fussball.de
03187HFPF8000006VS5489BUVSBBVPEU-G,Sachsen,Kreis Meißen,13,2.Kreisklasse,Sonnen-Apotheke-2.Kreisklasse · Kreis Meißen,10,6,43,18,Coswiger FV,3,fussball.de
031F1B2R5C000009VS5489BTVUS470OH-G,Sachsen,Kreis Vogtland,13,2.Kreisklasse,2 Peaches 2.Kreisklasse · Kreis Vogtland,10,7,47,20,VSC Mylau-Reichenbach,6,fussball.de
031626LAT8000004VS5489BTVU7GTVLE-G,Sachsen,Kreis Zwickau,13,2.Kreisklasse,2. Kreisklasse · Kreis Zwickau,13,16,82,46,SpG FSV Dennheritz 2 / FC Crimmitschau 2 / VfB Empor Glauchau 3,9,fussball.de
031E1P16ES000004VS5489BUVUR5FS5A-G,Sachsen-Anhalt,Kreis Salzland,13,3.Kreisklasse,3. Kreisklasse Kleinfeld Staffel  Süd · Kreis Salzland,8,11,115,33,1.FSV Nienburg 2,9,fussball.de
030VI75FLS000007VS5489BTVT51B5B5-G,Sachsen-Anhalt,Kreis Salzland,13,3.Kreisklasse,3.KK Kleinfeld Staffel Nord · Kreis Salzland,7,7,54,21,SG Kleinmühlingen/Zens III / Wespen II,6,fussball.de
031DO8NCD4000007VS5489BTVUS470OH-G,Hessen,Kreis Lauterbach-Hünfeld,14,2.Kreisklasse,Reserve Kreisliga B · Kreis Lauterbach-Hünfeld,6,2,10,6,SV Rot Weiß Burghaun II,3,fussball.de
031ARD8J5C00000BVS5489BTVSK8S3O6-G,Hessen,Kreis Marburg,14,2.Kreisklasse,KLB Reserve Marburg,8,4,32,12,TSV Elnhausen II,6,fussball.de
