rang_bundesweit,verein,verband,gebiet,ligastufe,spielklasse,staffel,staffel_id,platz_in_staffel,spiele,siege,unentschieden,niederlagen,tore,gegentore,tordifferenz,punkte,punkte_pro_spiel,rangaenderung_vorwoche,quelle
1,VFL Fredenbeck,Deutscher Handballbund,Deutscher Handballbund,3,3. Liga,Nord-West,14053,1,1,1,0,0,34,22,12,2,2.0,,fussball.de
2,HC Empor Rostock,Deutscher Handballbund,Deutscher Handballbund,3,3. Liga,Nord-Ost,14054,1,1,1,0,0,42,32,10,2,2.0,,fussball.de
3,TuS Vinnhorst,Deutscher Handballbund,Deutscher Handballbund,3,3. Liga,Nord-West,14053,2,1,1,0,0,38,28,10,2,2.0,,fussball.de
4,Saase3 Leutershausen Handball,Deutscher Handballbund,Deutscher Handballbund,3,3. Liga,Süd-West,14055,1,1,1,0,0,36,26,10,2,2.0,,fussball.de
5,Rhein-Neckar Löwen II,Deutscher Handballbund,Deutscher Handballbund,3,3. Liga,Süd,14056,2,1,1,0,0,35,26,9,2,2.0,,fussball.de
6,HSG Krefeld Niederrhein,Deutscher Handballbund,Deutscher Handballbund,3,3. Liga,Süd-West,14055,2,1,1,0,0,41,33,8,2,2.0,,fussball.de
7,VFL Pfullingen,Deutscher Handballbund,Deutscher Handballbund,3,3. Liga,Süd,14056,3,1,1,0,0,33,25,8,2,2.0,,fussball.de
8,SV 04 Plauen-Oberlosa,Deutscher Handballbund,Deutscher Handballbund,3,3. Liga,Nord-Ost,14054,2,1,1,0,0,38,33,5,2,2.0,,fussball.de
9,TUS Spenge,Deutscher Handballbund,Deutscher Handballbund,3,3. Liga,Nord-West,14053,3,1,1,0,0,35,30,5,2,2.0,,fussball.de
10,DHK Flensborg,Deutscher Handballbund,Deutscher Handballbund,3,3. Liga,Nord-Ost,14054,3,1,1,0,0,30,25,5,2,2.0,,fussball.de
11,HLZ Friesenheim/Hochdorf II,Deutscher Handballbund,Deutscher Handballbund,3,3. Liga,Süd-West,14055,3,1,1,0,0,28,23,5,2,2.0,,fussball.de
12,SV Salamander Kornwestheim,Deutscher Handballbund,Deutscher Handballbund,3,3. Liga,Süd,14056,4,1,1,0,0,40,36,4,2,2.0,,fussball.de
13,MT Melsungen II,Deutscher Handballbund,Deutscher Handballbund,3,3. Liga,Nord-West,14053,4,1,1,0,0,35,31,4,2,2.0,,fussball.de
14,HG Saarlouis,Deutscher Handballbund,Deutscher Handballbund,3,3. Liga,Süd-West,14055,4,1,1,0,0,32,28,4,2,2.0,,fussball.de
15,TV Kirchzell,Deutscher Handballbund,Deutscher Handballbund,3,3. Liga,Süd-West,14055,5,1,1,0,0,34,31,3,2,2.0,,fussball.de
16,TSV Altenholz,Deutscher Handballbund,Deutscher Handballbund,3,3. Liga,Nord-Ost,14054,4,1,1,0,0,32,29,3,2,2.0,,fussball.de
17,ESG Gensungen/Felsberg,Deutscher Handballbund,Deutscher Handballbund,3,3. Liga,Nord-West,14053,5,1,1,0,0,31,28,3,2,2.0,,fussball.de
18,TSB Heilbronn-Horkheim,Deutscher Handballbund,Deutscher Handballbund,3,3. Liga,Süd,14056,5,1,1,0,0,38,36,2,2,2.0,,fussball.de
19,Team HandbALL Lippe II,Deutscher Handballbund,Deutscher Handballbund,3,3. Liga,Nord-West,14053,6,1,1,0,0,35,33,2,2,2.0,,fussball.de
20,EHV AUE,Deutscher Handballbund,Deutscher Handballbund,3,3. Liga,Nord-Ost,14054,5,1,1,0,0,32,30,2,2,2.0,,fussball.de
21,TSV Burgdorf II,Deutscher Handballbund,Deutscher Handballbund,3,3. Liga,Nord-Ost,14054,6,1,1,0,0,31,29,2,2,2.0,,fussball.de
22,TSG A-H Bielefeld,Deutscher Handballbund,Deutscher Handballbund,3,3. Liga,Nord-West,14053,7,1,1,0,0,28,26,2,2,2.0,,fussball.de
23,TSV Anderten,Deutscher Handballbund,Deutscher Handballbund,3,3. Liga,Nord-West,14053,8,1,1,0,0,35,34,1,2,2.0,,fussball.de
24,TSV NEUHAUSEN/Filder,Deutscher Handballbund,Deutscher Handballbund,3,3. Liga,Süd,14056,6,1,1,0,0,34,33,1,2,2.0,,fussball.de
25,MTV Braunschweig,Deutscher Handballbund,Deutscher Handballbund,3,3. Liga,Nord-Ost,14054,7,1,1,0,0,33,32,1,2,2.0,,fussball.de
26,HC Oppenweiler/Backnang,Deutscher Handballbund,Deutscher Handballbund,3,3. Liga,Süd,14056,7,1,1,0,0,32,31,1,2,2.0,,fussball.de
27,FÜCHSE BERLIN Reinickendorf II,Deutscher Handballbund,Deutscher Handballbund,3,3. Liga,Nord-Ost,14054,8,1,1,0,0,25,24,1,2,2.0,,fussball.de
28,SG Pforzheim/Eutingen,Deutscher Handballbund,Deutscher Handballbund,3,3. Liga,Süd,14056,1,2,1,1,0,43,29,14,3,1.5,,fussball.de
29,HSG Rodgau Nieder-Roden,Deutscher Handballbund,Deutscher Handballbund,3,3. Liga,Süd-West,14055,6,1,0,1,0,30,30,0,1,1.0,,fussball.de
30,Longericher SC,Deutscher Handballbund,Deutscher Handballbund,3,3. Liga,Süd-West,14055,7,1,0,1,0,30,30,0,1,1.0,,fussball.de
31,TSG Münster,Deutscher Handballbund,Deutscher Handballbund,3,3. Liga,Süd-West,14055,8,1,0,1,0,28,28,0,1,1.0,,fussball.de
32,TSV Bayer Dormagen II,Deutscher Handballbund,Deutscher Handballbund,3,3. Liga,Süd-West,14055,9,1,0,1,0,28,28,0,1,1.0,,fussball.de
33,HSG Albstadt,Deutscher Handballbund,Deutscher Handballbund,3,3. Liga,Süd,14056,8,2,0,1,1,29,43,-14,1,0.5,,fussball.de
34,HSG Hanau,Deutscher Handballbund,Deutscher Handballbund,3,3. Liga,Süd-West,14055,10,0,0,0,0,0,0,0,0,0.0,,fussball.de
35,HSG Konstanz,Deutscher Handballbund,Deutscher Handballbund,3,3. Liga,Süd,14056,9,0,0,0,0,0,0,0,0,0.0,,fussball.de
36,TV Gelnhausen,Deutscher Handballbund,Deutscher Handballbund,3,3. Liga,Süd-West,14055,11,0,0,0,0,0,0,0,0,0.0,,fussball.de
37,Wölfe Würzburg,Deutscher Handballbund,Deutscher Handballbund,3,3. Liga,Süd,14056,10,0,0,0,0,0,0,0,0,0.0,,fussball.de
38,HC Eintracht Hildesheim,Deutscher Handballbund,Deutscher Handballbund,3,3. Liga,Nord-West,14053,9,1,0,0,1,34,35,-1,0,0.0,,fussball.de
39,HC Erlangen II,Deutscher Handballbund,Deutscher Handballbund,3,3. Liga,Süd,14056,11,1,0,0,1,33,34,-1,0,0.0,,fussball.de
40,Handball Club Hamburg II,Deutscher Handballbund,Deutscher Handballbund,3,3. Liga,Nord-Ost,14054,9,1,0,0,1,32,33,-1,0,0.0,,fussball.de
41,HBW Balingen-Weilstetten II,Deutscher Handballbund,Deutscher Handballbund,3,3. Liga,Süd,14056,12,1,0,0,1,31,32,-1,0,0.0,,fussball.de
42,HSG Eider Harde,Deutscher Handballbund,Deutscher Handballbund,3,3. Liga,Nord-Ost,14054,10,1,0,0,1,24,25,-1,0,0.0,,fussball.de
43,TV 1861 Erlangen-Bruck,Deutscher Handballbund,Deutscher Handballbund,3,3. Liga,Süd,14056,13,1,0,0,1,36,38,-2,0,0.0,,fussball.de
44,Spfr. Loxten,Deutscher Handballbund,Deutscher Handballbund,3,3. Liga,Nord-West,14053,10,1,0,0,1,33,35,-2,0,0.0,,fussball.de
45,SC Magdeburg II,Deutscher Handballbund,Deutscher Handballbund,3,3. Liga,Nord-Ost,14054,11,1,0,0,1,30,32,-2,0,0.0,,fussball.de
46,1. Männer; ORANIENBURGER HC,Deutscher Handballbund,Deutscher Handballbund,3,3. Liga,Nord-Ost,14054,12,1,0,0,1,29,31,-2,0,0.0,,fussball.de
47,Wilhelmshavener HV,Deutscher Handballbund,Deutscher Handballbund,3,3. Liga,Nord-West,14053,11,1,0,0,1,26,28,-2,0,0.0,,fussball.de
48,TUS 82 Opladen,Deutscher Handballbund,Deutscher Handballbund,3,3. Liga,Süd-West,14055,12,1,0,0,1,31,34,-3,0,0.0,,fussball.de
49,Stralsunder HV,Deutscher Handballbund,Deutscher Handballbund,3,3. Liga,Nord-Ost,14054,13,1,0,0,1,29,32,-3,0,0.0,,fussball.de
50,MTV Grossenheidorn,Deutscher Handballbund,Deutscher Handballbund,3,3. Liga,Nord-West,14053,12,1,0,0,1,28,31,-3,0,0.0,,fussball.de
51,SG Regensburg,Deutscher Handballbund,Deutscher Handballbund,3,3. Liga,Süd,14056,14,1,0,0,1,36,40,-4,0,0.0,,fussball.de
52,HSG Varel,Deutscher Handballbund,Deutscher Handballbund,3,3. Liga,Nord-West,14053,13,1,0,0,1,31,35,-4,0,0.0,,fussball.de
53,Bergische Panther,Deutscher Handballbund,Deutscher Handballbund,3,3. Liga,Süd-West,14055,13,1,0,0,1,28,32,-4,0,0.0,,fussball.de
54,HV Grün Weiß Werder,Deutscher Handballbund,Deutscher Handballbund,3,3. Liga,Nord-Ost,14054,14,1,0,0,1,33,38,-5,0,0.0,,fussball.de
55,VFL Eintracht Hagen II,Deutscher Handballbund,Deutscher Handballbund,3,3. Liga,Nord-West,14053,14,1,0,0,1,30,35,-5,0,0.0,,fussball.de
56,HG Hamburg-Barmbek,Deutscher Handballbund,Deutscher Handballbund,3,3. Liga,Nord-Ost,14054,15,1,0,0,1,25,30,-5,0,0.0,,fussball.de
57,HSG Dutenhofen Münchholzhausen II,Deutscher Handballbund,Deutscher Handballbund,3,3. Liga,Süd-West,14055,14,1,0,0,1,23,28,-5,0,0.0,,fussball.de
58,Interaktiv.Handball,Deutscher Handballbund,Deutscher Handballbund,3,3. Liga,Süd-West,14055,15,1,0,0,1,33,41,-8,0,0.0,,fussball.de
59,TSB Schwäbisch Gmünd,Deutscher Handballbund,Deutscher Handballbund,3,3. Liga,Süd,14056,15,1,0,0,1,25,33,-8,0,0.0,,fussball.de
60,TV Bittenfeld II,Deutscher Handballbund,Deutscher Handballbund,3,3. Liga,Süd,14056,16,1,0,0,1,26,35,-9,0,0.0,,fussball.de
61,NHV Concordia Delitzsch,Deutscher Handballbund,Deutscher Handballbund,3,3. Liga,Nord-Ost,14054,16,1,0,0,1,32,42,-10,0,0.0,,fussball.de
62,Ahlener SG,Deutscher Handballbund,Deutscher Handballbund,3,3. Liga,Nord-West,14053,15,1,0,0,1,28,38,-10,0,0.0,,fussball.de
63,HV Vallendar,Deutscher Handballbund,Deutscher Handballbund,3,3. Liga,Süd-West,14055,16,1,0,0,1,26,36,-10,0,0.0,,fussball.de
64,OHV Aurich,Deutscher Handballbund,Deutscher Handballbund,3,3. Liga,Nord-West,14053,16,1,0,0,1,22,34,-12,0,0.0,,fussball.de
65,TSV Ellerbek,Handballregion-Nord,Handballregion-Nord,4,Regionalliga,Meisterrunde,13540,1,1,1,0,0,38,17,21,2,2.0,,fussball.de
66,MTV Lübeck,Handballregion-Nord,Handballregion-Nord,4,Regionalliga,Meisterrunde,13540,2,1,1,0,0,32,20,12,2,2.0,,fussball.de
67,TV Homburg 1,REGIONALLIGA SüDWEST,REGIONALLIGA SüDWEST,4,Regionalliga,RLSW-M,13248,1,1,1,0,0,36,26,10,2,2.0,,fussball.de
68,HSG Schülp/Westerrönfeld/Rendsburg,Handballregion-Nord,Handballregion-Nord,4,Regionalliga,Meisterrunde,13540,3,1,1,0,0,30,22,8,2,2.0,,fussball.de
69,TG Osthofen,REGIONALLIGA SüDWEST,REGIONALLIGA SüDWEST,4,Regionalliga,RLSW-M,13248,2,1,1,0,0,33,26,7,2,2.0,,fussball.de
70,HSG Holsteinische Schweiz,Handballregion-Nord,Handballregion-Nord,4,Regionalliga,Meisterrunde,13540,4,1,1,0,0,33,30,3,2,2.0,,fussball.de
71,SF Budenheim,REGIONALLIGA SüDWEST,REGIONALLIGA SüDWEST,4,Regionalliga,RLSW-M,13248,3,1,1,0,0,29,26,3,2,2.0,,fussball.de
72,Südpfalz Tiger,REGIONALLIGA SüDWEST,REGIONALLIGA SüDWEST,4,Regionalliga,RLSW-M,13248,4,1,1,0,0,28,26,2,2,2.0,,fussball.de
73,MSG HF Illtal,REGIONALLIGA SüDWEST,REGIONALLIGA SüDWEST,4,Regionalliga,RLSW-M,13248,5,1,0,1,0,27,27,0,1,1.0,,fussball.de
74,SG Zweibrücken,REGIONALLIGA SüDWEST,REGIONALLIGA SüDWEST,4,Regionalliga,RLSW-M,13248,6,1,0,1,0,27,27,0,1,1.0,,fussball.de
75,Allgemeiner Sportverein Hamm-Westfalen e.V. II,Handballverband Westfalen,Handballverband Westfalen,4,Regionalliga,HVW Männer Regionalliga,12649,1,0,0,0,0,0,0,0,0,0.0,,fussball.de
76,BTB Aachen,Handball Nordrhein,Handball Nordrhein,4,Regionalliga,Regionalliga Männer,12902,1,0,0,0,0,0,0,0,0,0.0,,fussball.de
77,Borussia Mönchengladbach,Handball Nordrhein,Handball Nordrhein,4,Regionalliga,Regionalliga Männer,12902,2,0,0,0,0,0,0,0,0,0.0,,fussball.de
78,CVJM Rödinghausen E.V.,Handballverband Westfalen,Handballverband Westfalen,4,Regionalliga,HVW Männer Regionalliga,12649,2,0,0,0,0,0,0,0,0,0.0,,fussball.de
79,DJK Unitas HAAN E.V.,Handball Nordrhein,Handball Nordrhein,4,Regionalliga,Regionalliga Männer,12902,3,0,0,0,0,0,0,0,0,0.0,,fussball.de
80,HC Gelpe/Strombach,Handball Nordrhein,Handball Nordrhein,4,Regionalliga,Regionalliga Männer,12902,4,0,0,0,0,0,0,0,0,0.0,,fussball.de
81,HC Weiden 2018,Handball Nordrhein,Handball Nordrhein,4,Regionalliga,Regionalliga Männer,12902,5,0,0,0,0,0,0,0,0,0.0,,fussball.de
82,HC Westfalia Herne E.V.,Handballverband Westfalen,Handballverband Westfalen,4,Regionalliga,HVW Männer Regionalliga,12649,3,0,0,0,0,0,0,0,0,0.0,,fussball.de
83,HSG Kastellaun/Simmern,REGIONALLIGA SüDWEST,REGIONALLIGA SüDWEST,4,Regionalliga,RLSW-M,13248,7,0,0,0,0,0,0,0,0,0.0,,fussball.de
84,HSG Ostsee Neustadt/Grömitz,Handballregion-Nord,Handballregion-Nord,4,Regionalliga,Meisterrunde,13540,5,0,0,0,0,0,0,0,0,0.0,,fussball.de
85,HSG Refrath/Hand,Handball Nordrhein,Handball Nordrhein,4,Regionalliga,Regionalliga Männer,12902,6,0,0,0,0,0,0,0,0,0.0,,fussball.de
86,HSG Rhein-Nahe Bingen,REGIONALLIGA SüDWEST,REGIONALLIGA SüDWEST,4,Regionalliga,RLSW-M,13248,8,0,0,0,0,0,0,0,0,0.0,,fussball.de
87,HSG Siebengebirge-Thomasberg,Handball Nordrhein,Handball Nordrhein,4,Regionalliga,Regionalliga Männer,12902,7,0,0,0,0,0,0,0,0,0.0,,fussball.de
88,HSG am Hallo I Herren,Handball Nordrhein,Handball Nordrhein,4,Regionalliga,Regionalliga Männer,12902,8,0,0,0,0,0,0,0,0,0.0,,fussball.de
89,HT Norderstedt,Handballregion-Nord,Handballregion-Nord,4,Regionalliga,Meisterrunde,13540,6,0,0,0,0,0,0,0,0,0.0,,fussball.de
90,HTV Hemer,Handballverband Westfalen,Handballverband Westfalen,4,Regionalliga,HVW Männer Regionalliga,12649,4,0,0,0,0,0,0,0,0,0.0,,fussball.de
91,LIT 1912 Nordhemmern-Nettelstedt-Mindenerwald-Holzhausen II II,Handballverband Westfalen,Handballverband Westfalen,4,Regionalliga,HVW Männer Regionalliga,12649,5,0,0,0,0,0,0,0,0,0.0,,fussball.de
92,OSC Rheinhausen,Handball Nordrhein,Handball Nordrhein,4,Regionalliga,Regionalliga Männer,12902,9,0,0,0,0,0,0,0,0,0.0,,fussball.de
93,SG Flensburg-Handewitt II,Handballregion-Nord,Handballregion-Nord,4,Regionalliga,Meisterrunde,13540,7,0,0,0,0,0,0,0,0,0.0,,fussball.de
94,SG Hamburg-Nord,Handballregion-Nord,Handballregion-Nord,4,Regionalliga,Meisterrunde,13540,8,0,0,0,0,0,0,0,0,0.0,,fussball.de
95,SG Langenfeld,Handball Nordrhein,Handball Nordrhein,4,Regionalliga,Regionalliga Männer,12902,10,0,0,0,0,0,0,0,0,0.0,,fussball.de
96,SG Menden Sauerland Wölfe E.V.,Handballverband Westfalen,Handballverband Westfalen,4,Regionalliga,HVW Männer Regionalliga,12649,6,0,0,0,0,0,0,0,0,0.0,,fussball.de
97,SGSH Dragons E.V.,Handballverband Westfalen,Handballverband Westfalen,4,Regionalliga,HVW Männer Regionalliga,12649,7,0,0,0,0,0,0,0,0,0.0,,fussball.de
98,Soester TV VON 1862 E.V.,Handballverband Westfalen,Handballverband Westfalen,4,Regionalliga,HVW Männer Regionalliga,12649,8,0,0,0,0,0,0,0,0,0.0,,fussball.de
99,THW KIEL II,Handballregion-Nord,Handballregion-Nord,4,Regionalliga,Meisterrunde,13540,9,0,0,0,0,0,0,0,0,0.0,,fussball.de
100,TSG Altenhagen-Heepen II,Handballverband Westfalen,Handballverband Westfalen,4,Regionalliga,HVW Männer Regionalliga,12649,9,0,0,0,0,0,0,0,0,0.0,,fussball.de
101,TSG Harsewinkel,Handballverband Westfalen,Handballverband Westfalen,4,Regionalliga,HVW Männer Regionalliga,12649,10,0,0,0,0,0,0,0,0,0.0,,fussball.de
102,TSV Bonn rrh. 1. Männer,Handball Nordrhein,Handball Nordrhein,4,Regionalliga,Regionalliga Männer,12902,11,0,0,0,0,0,0,0,0,0.0,,fussball.de
103,TSV GWD Minden E.V. II,Handballverband Westfalen,Handballverband Westfalen,4,Regionalliga,HVW Männer Regionalliga,12649,11,0,0,0,0,0,0,0,0,0.0,,fussball.de
104,TSV Hürup,Handballregion-Nord,Handballregion-Nord,4,Regionalliga,Meisterrunde,13540,10,0,0,0,0,0,0,0,0,0.0,,fussball.de
105,TUS KL-Dansenberg,REGIONALLIGA SüDWEST,REGIONALLIGA SüDWEST,4,Regionalliga,RLSW-M,13248,9,0,0,0,0,0,0,0,0,0.0,,fussball.de
106,TUS Lintorf 1m,Handball Nordrhein,Handball Nordrhein,4,Regionalliga,Regionalliga Männer,12902,12,0,0,0,0,0,0,0,0,0.0,,fussball.de
107,TUS Volmetal 1887 E.V.,Handballverband Westfalen,Handballverband Westfalen,4,Regionalliga,HVW Männer Regionalliga,12649,12,0,0,0,0,0,0,0,0,0.0,,fussball.de
108,TV Aldekerk,Handball Nordrhein,Handball Nordrhein,4,Regionalliga,Regionalliga Männer,12902,13,0,0,0,0,0,0,0,0,0.0,,fussball.de
109,TV Korschenbroich 1. Herren,Handball Nordrhein,Handball Nordrhein,4,Regionalliga,Regionalliga Männer,12902,14,0,0,0,0,0,0,0,0,0.0,,fussball.de
110,TV Nieder-Olm,REGIONALLIGA SüDWEST,REGIONALLIGA SüDWEST,4,Regionalliga,RLSW-M,13248,10,0,0,0,0,0,0,0,0,0.0,,fussball.de
111,TuS Bommern 1. Herren Regionalliga,Handballverband Westfalen,Handballverband Westfalen,4,Regionalliga,HVW Männer Regionalliga,12649,13,0,0,0,0,0,0,0,0,0.0,,fussball.de
112,VfL Gladbeck 1921 e.V.,Handballverband Westfalen,Handballverband Westfalen,4,Regionalliga,HVW Männer Regionalliga,12649,14,0,0,0,0,0,0,0,0,0.0,,fussball.de
113,VTV Mundenheim,REGIONALLIGA SüDWEST,REGIONALLIGA SüDWEST,4,Regionalliga,RLSW-M,13248,11,1,0,0,1,26,28,-2,0,0.0,,fussball.de
114,SG Bordesholm/Brügge,Handballregion-Nord,Handballregion-Nord,4,Regionalliga,Meisterrunde,13540,11,1,0,0,1,30,33,-3,0,0.0,,fussball.de
115,TSG Haßloch,REGIONALLIGA SüDWEST,REGIONALLIGA SüDWEST,4,Regionalliga,RLSW-M,13248,12,1,0,0,1,26,29,-3,0,0.0,,fussball.de
116,Handball Mülheim-Urmitz,REGIONALLIGA SüDWEST,REGIONALLIGA SüDWEST,4,Regionalliga,RLSW-M,13248,13,1,0,0,1,26,33,-7,0,0.0,,fussball.de
117,TSV Weddingstedt,Handballregion-Nord,Handballregion-Nord,4,Regionalliga,Meisterrunde,13540,12,1,0,0,1,22,30,-8,0,0.0,,fussball.de
118,HSG Dudenhofen/Schifferstadt,REGIONALLIGA SüDWEST,REGIONALLIGA SüDWEST,4,Regionalliga,RLSW-M,13248,14,1,0,0,1,26,36,-10,0,0.0,,fussball.de
119,AMTV Hamburg,Handballregion-Nord,Handballregion-Nord,4,Regionalliga,Meisterrunde,13540,13,1,0,0,1,20,32,-12,0,0.0,,fussball.de
120,Ahrensburger TSV,Handballregion-Nord,Handballregion-Nord,4,Regionalliga,Meisterrunde,13540,14,1,0,0,1,17,38,-21,0,0.0,,fussball.de
121,HLZ Friesenheim/Hochdorf 3,Handballverband Rheinhessen-Pfalz,Handballverband Rheinhessen-Pfalz,5,Oberliga,M-OL,12401,1,1,1,0,0,38,23,15,2,2.0,,fussball.de
122,HSG Eckbachtal,Handballverband Rheinhessen-Pfalz,Handballverband Rheinhessen-Pfalz,5,Oberliga,M-OL,12401,2,1,1,0,0,23,15,8,2,2.0,,fussball.de
123,TSV Hürup II,Handballverband Schleswig-Holstein,Handballverband Schleswig-Holstein,5,Oberliga,Meisterrunde · Handballverband Schleswig-Holstein,15097,1,1,1,0,0,32,25,7,2,2.0,,fussball.de
124,HC Treia/Jübek,Handballverband Schleswig-Holstein,Handballverband Schleswig-Holstein,5,Oberliga,Meisterrunde · Handballverband Schleswig-Holstein,15097,2,1,1,0,0,37,31,6,2,2.0,,fussball.de
125,TSV Altenholz II,Handballverband Schleswig-Holstein,Handballverband Schleswig-Holstein,5,Oberliga,Meisterrunde · Handballverband Schleswig-Holstein,15097,3,1,1,0,0,34,30,4,2,2.0,,fussball.de
126,SG Saulheim,Handballverband Rheinhessen-Pfalz,Handballverband Rheinhessen-Pfalz,5,Oberliga,M-OL,12401,3,1,1,0,0,32,28,4,2,2.0,,fussball.de
127,TSV Kronshagen,Handballverband Schleswig-Holstein,Handballverband Schleswig-Holstein,5,Oberliga,Meisterrunde · Handballverband Schleswig-Holstein,15097,4,1,1,0,0,27,24,3,2,2.0,,fussball.de
128,1. HC Quickborn,Hamburger Handballverband,Hamburger Handballverband,5,Oberliga,Oberliga Männer (100),12373,1,0,0,0,0,0,0,0,0,0.0,,fussball.de
129,1.Fc KÖLN,Handball Nordrhein,Handball Nordrhein,5,Oberliga,Oberliga Männer Gr. 1,12904,1,0,0,0,0,0,0,0,0,0.0,,fussball.de
130,AMTV Hamburg Ü40,Hamburger Handballverband,Hamburger Handballverband,5,Oberliga,Oberliga Senioren (300),17158,1,0,0,0,0,0,0,0,0,0.0,,fussball.de
131,ASV Senden E.V.,Handballverband Westfalen,Handballverband Westfalen,5,Oberliga,HVW Männer Oberliga Staffel 1,12646,1,0,0,0,0,0,0,0,0,0.0,,fussball.de
132,ASV Süchteln 1M,Handball Nordrhein,Handball Nordrhein,5,Oberliga,Oberliga Männer Gr. 3,12906,1,0,0,0,0,0,0,0,0,0.0,,fussball.de
133,Adler Königshof 1M,Handball Nordrhein,Handball Nordrhein,5,Oberliga,Oberliga Männer Gr. 3,12906,2,0,0,0,0,0,0,0,0,0.0,,fussball.de
134,Ahlener SG 93 e.V. II,Handballverband Westfalen,Handballverband Westfalen,5,Oberliga,HVW Männer Oberliga Staffel 2,12647,1,0,0,0,0,0,0,0,0,0.0,,fussball.de
135,Ahrensburger TSV Ü40,Hamburger Handballverband,Hamburger Handballverband,5,Oberliga,Oberliga Senioren (300),17158,2,0,0,0,0,0,0,0,0,0.0,,fussball.de
136,BSV Limbach-O.,Handballverband Sachsen,Handballverband Sachsen,5,Oberliga,OLS MÄNNER,12542,1,0,0,0,0,0,0,0,0,0.0,,fussball.de
137,Bergische Panther II,Handball Nordrhein,Handball Nordrhein,5,Oberliga,Oberliga Männer Gr. 2,12905,1,0,0,0,0,0,0,0,0,0.0,,fussball.de
138,Bergischer HC,Handball Nordrhein,Handball Nordrhein,5,Oberliga,Oberliga Männer Gr. 2,12905,2,0,0,0,0,0,0,0,0,0.0,,fussball.de
139,Bredstedter TSV,Handballverband Schleswig-Holstein,Handballverband Schleswig-Holstein,5,Oberliga,Meisterrunde · Handballverband Schleswig-Holstein,15097,5,0,0,0,0,0,0,0,0,0.0,,fussball.de
140,DJK Marpingen,Handballverband SAAR,Handballverband SAAR,5,Oberliga,Oberliga Männer,14368,1,0,0,0,0,0,0,0,0,0.0,,fussball.de
141,DJK/MJC Trier,Handballverband Rheinland,Handballverband Rheinland,5,Oberliga,Oberliga Männer · Handballverband Rheinland,12820,1,0,0,0,0,0,0,0,0,0.0,,fussball.de
142,EHV AUE II,Handballverband Sachsen,Handballverband Sachsen,5,Oberliga,OLS MÄNNER,12542,2,0,0,0,0,0,0,0,0,0.0,,fussball.de
143,FC St. Pauli,Hamburger Handballverband,Hamburger Handballverband,5,Oberliga,Oberliga Männer (100),12373,2,0,0,0,0,0,0,0,0,0.0,,fussball.de
144,Falken (m),Handballverband SAAR,Handballverband SAAR,5,Oberliga,Oberliga Männer,14368,2,0,0,0,0,0,0,0,0,0.0,,fussball.de
145,HBD Löwen Oberberg,Handball Nordrhein,Handball Nordrhein,5,Oberliga,Oberliga Männer Gr. 1,12904,2,0,0,0,0,0,0,0,0,0.0,,fussball.de
146,HC Dillingen-Diefflen,Handballverband SAAR,Handballverband SAAR,5,Oberliga,Oberliga Männer,14368,3,0,0,0,0,0,0,0,0,0.0,,fussball.de
147,HC Gelpe/Strombach II,Handball Nordrhein,Handball Nordrhein,5,Oberliga,Oberliga Männer Gr. 1,12904,3,0,0,0,0,0,0,0,0,0.0,,fussball.de
148,HC Glauchau/Meerane,Handballverband Sachsen,Handballverband Sachsen,5,Oberliga,OLS MÄNNER,12542,3,0,0,0,0,0,0,0,0,0.0,,fussball.de
149,HC Koblenz,Handballverband Rheinland,Handballverband Rheinland,5,Oberliga,Oberliga Männer · Handballverband Rheinland,12820,2,0,0,0,0,0,0,0,0,0.0,,fussball.de
150,HC St. Ingbert- Hassel,Handballverband SAAR,Handballverband SAAR,5,Oberliga,Oberliga Männer,14368,4,0,0,0,0,0,0,0,0,0.0,,fussball.de
151,HC Weiden 2018 II,Handball Nordrhein,Handball Nordrhein,5,Oberliga,Oberliga Männer Gr. 1,12904,4,0,0,0,0,0,0,0,0,0.0,,fussball.de
152,HCE Bergkamen 1.H,Handballverband Westfalen,Handballverband Westfalen,5,Oberliga,HVW Männer Oberliga Staffel 2,12647,2,0,0,0,0,0,0,0,0,0.0,,fussball.de
153,HF Illtal 2,Handballverband SAAR,Handballverband SAAR,5,Oberliga,Oberliga Männer,14368,5,0,0,0,0,0,0,0,0,0.0,,fussball.de
154,HF Untere SAAR,Handballverband SAAR,Handballverband SAAR,5,Oberliga,Oberliga Männer,14368,6,0,0,0,0,0,0,0,0,0.0,,fussball.de
155,HF Untere Saar kann raus,Handballverband SAAR,Handballverband SAAR,5,Oberliga,Oberliga Männer,14368,7,0,0,0,0,0,0,0,0,0.0,,fussball.de
156,HG Hamburg-Barmbek II,Hamburger Handballverband,Hamburger Handballverband,5,Oberliga,Oberliga Männer (100),12373,3,0,0,0,0,0,0,0,0,0.0,,fussball.de
157,HG Hamburg-Barmbek Ü40,Hamburger Handballverband,Hamburger Handballverband,5,Oberliga,Oberliga Senioren (300),17158,3,0,0,0,0,0,0,0,0,0.0,,fussball.de
158,HG Ltg/Htv Remscheid,Handball Nordrhein,Handball Nordrhein,5,Oberliga,Oberliga Männer Gr. 2,12905,3,0,0,0,0,0,0,0,0,0.0,,fussball.de
159,HG Saarlouis 2,Handballverband SAAR,Handballverband SAAR,5,Oberliga,Oberliga Männer,14368,8,0,0,0,0,0,0,0,0,0.0,,fussball.de
160,HSC Haltern-Sythen,Handballverband Westfalen,Handballverband Westfalen,5,Oberliga,HVW Männer Oberliga Staffel 2,12647,3,0,0,0,0,0,0,0,0,0.0,,fussball.de
161,HSG Elbvororte,Hamburger Handballverband,Hamburger Handballverband,5,Oberliga,Oberliga Männer (100),12373,4,0,0,0,0,0,0,0,0,0.0,,fussball.de
162,HSG Elbvororte Ü40,Hamburger Handballverband,Hamburger Handballverband,5,Oberliga,Oberliga Senioren (300),17158,4,0,0,0,0,0,0,0,0,0.0,,fussball.de
163,HSG Gevelsberg Silschede,Handballverband Westfalen,Handballverband Westfalen,5,Oberliga,HVW Männer Oberliga Staffel 2,12647,4,0,0,0,0,0,0,0,0,0.0,,fussball.de
164,HSG Hattingen-Sprockhövel 1,Handballverband Westfalen,Handballverband Westfalen,5,Oberliga,HVW Männer Oberliga Staffel 2,12647,5,0,0,0,0,0,0,0,0,0.0,,fussball.de
165,HSG Herdecke/Ende 1,Handballverband Westfalen,Handballverband Westfalen,5,Oberliga,HVW Männer Oberliga Staffel 2,12647,6,0,0,0,0,0,0,0,0,0.0,,fussball.de
166,HSG Hiesfeld/Aldenrade,Handball Nordrhein,Handball Nordrhein,5,Oberliga,Oberliga Männer Gr. 3,12906,3,0,0,0,0,0,0,0,0,0.0,,fussball.de
167,HSG Hunsrück,Handballverband Rheinland,Handballverband Rheinland,5,Oberliga,Oberliga Männer · Handballverband Rheinland,12820,3,0,0,0,0,0,0,0,0,0.0,,fussball.de
168,HSG Kastellaun-Simmern II,Handballverband Rheinland,Handballverband Rheinland,5,Oberliga,Oberliga Männer · Handballverband Rheinland,12820,4,0,0,0,0,0,0,0,0,0.0,,fussball.de
169,HSG Mönkeberg-Schönkirchen,Handballverband Schleswig-Holstein,Handballverband Schleswig-Holstein,5,Oberliga,Meisterrunde · Handballverband Schleswig-Holstein,15097,6,0,0,0,0,0,0,0,0,0.0,,fussball.de
170,HSG Petershagen/Lahde,Handballverband Westfalen,Handballverband Westfalen,5,Oberliga,HVW Männer Oberliga Staffel 1,12646,2,0,0,0,0,0,0,0,0,0.0,,fussball.de
171,HSG Pinnau,Hamburger Handballverband,Hamburger Handballverband,5,Oberliga,Oberliga Männer (100),12373,5,0,0,0,0,0,0,0,0,0.0,,fussball.de
172,HSG Römerwall,Handballverband Rheinland,Handballverband Rheinland,5,Oberliga,Oberliga Männer · Handballverband Rheinland,12820,5,0,0,0,0,0,0,0,0,0.0,,fussball.de
173,HSG Tills Löwen 08,Handballverband Schleswig-Holstein,Handballverband Schleswig-Holstein,5,Oberliga,Meisterrunde · Handballverband Schleswig-Holstein,15097,7,0,0,0,0,0,0,0,0,0.0,,fussball.de
174,HSG Tva/Atsv Saarbrücken,Handballverband SAAR,Handballverband SAAR,5,Oberliga,Oberliga Männer,14368,9,0,0,0,0,0,0,0,0,0.0,,fussball.de
175,HSG Veruka,Handball Nordrhein,Handball Nordrhein,5,Oberliga,Oberliga Männer Gr. 3,12906,4,0,0,0,0,0,0,0,0,0.0,,fussball.de
176,HSG Völklingen,Handballverband SAAR,Handballverband SAAR,5,Oberliga,Oberliga Männer,14368,10,0,0,0,0,0,0,0,0,0.0,,fussball.de
177,HSG Werther/Borgholzhausen,Handballverband Westfalen,Handballverband Westfalen,5,Oberliga,HVW Männer Oberliga Staffel 1,12646,3,0,0,0,0,0,0,0,0,0.0,,fussball.de
178,HSG Wittlich,Handballverband Rheinland,Handballverband Rheinland,5,Oberliga,Oberliga Männer · Handballverband Rheinland,12820,6,0,0,0,0,0,0,0,0,0.0,,fussball.de
179,HSV Dresden,Handballverband Sachsen,Handballverband Sachsen,5,Oberliga,OLS MÄNNER,12542,4,0,0,0,0,0,0,0,0,0.0,,fussball.de
180,HSV Dümpten 1992,Handball Nordrhein,Handball Nordrhein,5,Oberliga,Oberliga Männer Gr. 3,12906,5,0,0,0,0,0,0,0,0,0.0,,fussball.de
181,HSV Überruhr,Handball Nordrhein,Handball Nordrhein,5,Oberliga,Oberliga Männer Gr. 2,12905,4,0,0,0,0,0,0,0,0,0.0,,fussball.de
182,HT Norderstedt II,Hamburger Handballverband,Hamburger Handballverband,5,Oberliga,Oberliga Männer (100),12373,6,0,0,0,0,0,0,0,0,0.0,,fussball.de
183,HT Norderstedt Ü40,Hamburger Handballverband,Hamburger Handballverband,5,Oberliga,Oberliga Senioren (300),17158,5,0,0,0,0,0,0,0,0,0.0,,fussball.de
184,HV Vallendar II,Handballverband Rheinland,Handballverband Rheinland,5,Oberliga,Oberliga Männer · Handballverband Rheinland,12820,7,0,0,0,0,0,0,0,0,0.0,,fussball.de
185,HVE Villigst-Ergste,Handballverband Westfalen,Handballverband Westfalen,5,Oberliga,HVW Männer Oberliga Staffel 2,12647,7,0,0,0,0,0,0,0,0,0.0,,fussball.de
186,Handball BAD Salzuflen,Handballverband Westfalen,Handballverband Westfalen,5,Oberliga,HVW Männer Oberliga Staffel 1,12646,4,0,0,0,0,0,0,0,0,0.0,,fussball.de
187,Handball Mülheim-Urmitz II,Handballverband Rheinland,Handballverband Rheinland,5,Oberliga,Oberliga Männer · Handballverband Rheinland,12820,8,0,0,0,0,0,0,0,0,0.0,,fussball.de
188,Handball Oppum,Handball Nordrhein,Handball Nordrhein,5,Oberliga,Oberliga Männer Gr. 3,12906,6,0,0,0,0,0,0,0,0,0.0,,fussball.de
189,Handball SV Westerholt E.V.,Handballverband Westfalen,Handballverband Westfalen,5,Oberliga,HVW Männer Oberliga Staffel 2,12647,8,0,0,0,0,0,0,0,0,0.0,,fussball.de
190,Interaktiv.Handball Düsseldorf/Ratingen 2m,Handball Nordrhein,Handball Nordrhein,5,Oberliga,Oberliga Männer Gr. 2,12905,5,0,0,0,0,0,0,0,0,0.0,,fussball.de
191,Koweg Görlitz,Handballverband Sachsen,Handballverband Sachsen,5,Oberliga,OLS MÄNNER,12542,5,0,0,0,0,0,0,0,0,0.0,,fussball.de
192,LHV Hoyerswerda,Handballverband Sachsen,Handballverband Sachsen,5,Oberliga,OLS MÄNNER,12542,6,0,0,0,0,0,0,0,0,0.0,,fussball.de
193,LIT 1912 Nordhemmern-Nettelstedt-Mindenerwald-Holzhausen II III,Handballverband Westfalen,Handballverband Westfalen,5,Oberliga,HVW Männer Oberliga Staffel 1,12646,5,0,0,0,0,0,0,0,0,0.0,,fussball.de
194,LTV Wuppertal,Handball Nordrhein,Handball Nordrhein,5,Oberliga,Oberliga Männer Gr. 2,12905,6,0,0,0,0,0,0,0,0,0.0,,fussball.de
195,Longericher SC II,Handball Nordrhein,Handball Nordrhein,5,Oberliga,Oberliga Männer Gr. 1,12904,5,0,0,0,0,0,0,0,0,0.0,,fussball.de
196,MSG Iggelheim/Meckenheim,Handballverband Rheinhessen-Pfalz,Handballverband Rheinhessen-Pfalz,5,Oberliga,M-OL,12401,4,0,0,0,0,0,0,0,0,0.0,,fussball.de
197,MSG Kaiserslautern/Dansenberg,Handballverband Rheinhessen-Pfalz,Handballverband Rheinhessen-Pfalz,5,Oberliga,M-OL,12401,5,0,0,0,0,0,0,0,0,0.0,,fussball.de
198,MTV Herzhorn,Handballverband Schleswig-Holstein,Handballverband Schleswig-Holstein,5,Oberliga,Meisterrunde · Handballverband Schleswig-Holstein,15097,8,0,0,0,0,0,0,0,0,0.0,,fussball.de
199,MTV KÖLN 1850,Handball Nordrhein,Handball Nordrhein,5,Oberliga,Oberliga Männer Gr. 2,12905,7,0,0,0,0,0,0,0,0,0.0,,fussball.de
200,MTV KÖLN 1850 II,Handball Nordrhein,Handball Nordrhein,5,Oberliga,Oberliga Männer Gr. 1,12904,6,0,0,0,0,0,0,0,0,0.0,,fussball.de
201,MTV Rheinw Dinslaken,Handball Nordrhein,Handball Nordrhein,5,Oberliga,Oberliga Männer Gr. 3,12906,7,0,0,0,0,0,0,0,0,0.0,,fussball.de
202,Mettmann-Sport,Handball Nordrhein,Handball Nordrhein,5,Oberliga,Oberliga Männer Gr. 2,12905,8,0,0,0,0,0,0,0,0,0.0,,fussball.de
203,NHV Concordia Delitzsch II,Handballverband Sachsen,Handballverband Sachsen,5,Oberliga,OLS MÄNNER,12542,7,0,0,0,0,0,0,0,0,0.0,,fussball.de
204,Niendorfer TSV Ü40,Hamburger Handballverband,Hamburger Handballverband,5,Oberliga,Oberliga Senioren (300),17158,6,0,0,0,0,0,0,0,0,0.0,,fussball.de
205,OSC Dortmund 1931 E.V.,Handballverband Westfalen,Handballverband Westfalen,5,Oberliga,HVW Männer Oberliga Staffel 2,12647,9,0,0,0,0,0,0,0,0,0.0,,fussball.de
206,OSC Rheinhausen II,Handball Nordrhein,Handball Nordrhein,5,Oberliga,Oberliga Männer Gr. 3,12906,8,0,0,0,0,0,0,0,0,0.0,,fussball.de
207,Ohligser TV 1,Handball Nordrhein,Handball Nordrhein,5,Oberliga,Oberliga Männer Gr. 2,12905,9,0,0,0,0,0,0,0,0,0.0,,fussball.de
208,PSV E.V. Recklinghausen,Handballverband Westfalen,Handballverband Westfalen,5,Oberliga,HVW Männer Oberliga Staffel 2,12647,10,0,0,0,0,0,0,0,0,0.0,,fussball.de
209,Preetzer TSV,Handballverband Schleswig-Holstein,Handballverband Schleswig-Holstein,5,Oberliga,Meisterrunde · Handballverband Schleswig-Holstein,15097,9,0,0,0,0,0,0,0,0,0.0,,fussball.de
210,Rellinger TV,Hamburger Handballverband,Hamburger Handballverband,5,Oberliga,Oberliga Männer (100),12373,7,0,0,0,0,0,0,0,0,0.0,,fussball.de
211,SC Fortuna Köln,Handball Nordrhein,Handball Nordrhein,5,Oberliga,Oberliga Männer Gr. 2,12905,10,0,0,0,0,0,0,0,0,0.0,,fussball.de
212,SC Rot-Weiss Oberhausen E.V.,Handball Nordrhein,Handball Nordrhein,5,Oberliga,Oberliga Männer Gr. 3,12906,9,0,0,0,0,0,0,0,0,0.0,,fussball.de
213,SG Bünde-Dünne,Handballverband Westfalen,Handballverband Westfalen,5,Oberliga,HVW Männer Oberliga Staffel 1,12646,6,0,0,0,0,0,0,0,0,0.0,,fussball.de
214,SG Hamburg-Nord II,Hamburger Handballverband,Hamburger Handballverband,5,Oberliga,Oberliga Männer (100),12373,8,0,0,0,0,0,0,0,0,0.0,,fussball.de
215,SG LVB,Handballverband Sachsen,Handballverband Sachsen,5,Oberliga,OLS MÄNNER,12542,8,0,0,0,0,0,0,0,0,0.0,,fussball.de
216,SG Langenfeld II,Handball Nordrhein,Handball Nordrhein,5,Oberliga,Oberliga Männer Gr. 2,12905,11,0,0,0,0,0,0,0,0,0.0,,fussball.de
217,SG Pirna/Heidenau II,Handballverband Sachsen,Handballverband Sachsen,5,Oberliga,OLS MÄNNER,12542,9,0,0,0,0,0,0,0,0,0.0,,fussball.de
218,SG Zweibrücken 2,Handballverband SAAR,Handballverband SAAR,5,Oberliga,Oberliga Männer,14368,11,0,0,0,0,0,0,0,0,0.0,,fussball.de
219,SSV Nümbrecht Handball,Handball Nordrhein,Handball Nordrhein,5,Oberliga,Oberliga Männer Gr. 1,12904,7,0,0,0,0,0,0,0,0,0.0,,fussball.de
220,SV 04 Plauen-O. II,Handballverband Sachsen,Handballverband Sachsen,5,Oberliga,OLS MÄNNER,12542,10,0,0,0,0,0,0,0,0,0.0,,fussball.de
221,TB Wülfrath,Handball Nordrhein,Handball Nordrhein,5,Oberliga,Oberliga Männer Gr. 2,12905,12,0,0,0,0,0,0,0,0,0.0,,fussball.de
222,TG Hörste,Handballverband Westfalen,Handballverband Westfalen,5,Oberliga,HVW Männer Oberliga Staffel 1,12646,7,0,0,0,0,0,0,0,0,0.0,,fussball.de
223,TH Eilbeck,Hamburger Handballverband,Hamburger Handballverband,5,Oberliga,Oberliga Männer (100),12373,9,0,0,0,0,0,0,0,0,0.0,,fussball.de
224,TSG MZ-Bretzenheim,Handballverband Rheinhessen-Pfalz,Handballverband Rheinhessen-Pfalz,5,Oberliga,M-OL,12401,6,0,0,0,0,0,0,0,0,0.0,,fussball.de
225,TSG Ober-Hilbersheim,Handballverband Rheinhessen-Pfalz,Handballverband Rheinhessen-Pfalz,5,Oberliga,M-OL,12401,7,0,0,0,0,0,0,0,0,0.0,,fussball.de
226,TSV Aufderhöhe,Handball Nordrhein,Handball Nordrhein,5,Oberliga,Oberliga Männer Gr. 2,12905,13,0,0,0,0,0,0,0,0,0.0,,fussball.de
227,TSV Bonn rrh. 2. Männer,Handball Nordrhein,Handball Nordrhein,5,Oberliga,Oberliga Männer Gr. 1,12904,8,0,0,0,0,0,0,0,0,0.0,,fussball.de
228,TSV Ellerbek II,Hamburger Handballverband,Hamburger Handballverband,5,Oberliga,Oberliga Männer (100),12373,10,0,0,0,0,0,0,0,0,0.0,,fussball.de
229,TSV Hahlen 1945 e.V.,Handballverband Westfalen,Handballverband Westfalen,5,Oberliga,HVW Männer Oberliga Staffel 1,12646,8,0,0,0,0,0,0,0,0,0.0,,fussball.de
230,TSV Kaldenkirchen 1M,Handball Nordrhein,Handball Nordrhein,5,Oberliga,Oberliga Männer Gr. 3,12906,10,0,0,0,0,0,0,0,0,0.0,,fussball.de
231,TSV Sieverstedt,Handballverband Schleswig-Holstein,Handballverband Schleswig-Holstein,5,Oberliga,Meisterrunde · Handballverband Schleswig-Holstein,15097,10,0,0,0,0,0,0,0,0,0.0,,fussball.de
232,TSV Uetersen,Hamburger Handballverband,Hamburger Handballverband,5,Oberliga,Oberliga Männer (100),12373,11,0,0,0,0,0,0,0,0,0.0,,fussball.de
233,TUS 05 DAUN,Handballverband Rheinland,Handballverband Rheinland,5,Oberliga,Oberliga Männer · Handballverband Rheinland,12820,9,0,0,0,0,0,0,0,0,0.0,,fussball.de
234,TUS Brockhagen,Handballverband Westfalen,Handballverband Westfalen,5,Oberliga,HVW Männer Oberliga Staffel 1,12646,9,0,0,0,0,0,0,0,0,0.0,,fussball.de
235,TUS Esingen,Hamburger Handballverband,Hamburger Handballverband,5,Oberliga,Oberliga Männer (100),12373,12,0,0,0,0,0,0,0,0,0.0,,fussball.de
236,TUS Königsdorf,Handball Nordrhein,Handball Nordrhein,5,Oberliga,Oberliga Männer Gr. 1,12904,9,0,0,0,0,0,0,0,0,0.0,,fussball.de
237,TUS Spenge E.V. II,Handballverband Westfalen,Handballverband Westfalen,5,Oberliga,HVW Männer Oberliga Staffel 1,12646,10,0,0,0,0,0,0,0,0,0.0,,fussball.de
238,TUS Weibern,Handballverband Rheinland,Handballverband Rheinland,5,Oberliga,Oberliga Männer · Handballverband Rheinland,12820,10,0,0,0,0,0,0,0,0,0.0,,fussball.de
239,TUS Westfalia Hombruch 1891 E.V.,Handballverband Westfalen,Handballverband Westfalen,5,Oberliga,HVW Männer Oberliga Staffel 2,12647,11,0,0,0,0,0,0,0,0,0.0,,fussball.de
240,TV Aldekerk II,Handball Nordrhein,Handball Nordrhein,5,Oberliga,Oberliga Männer Gr. 3,12906,11,0,0,0,0,0,0,0,0,0.0,,fussball.de
241,TV BAD EMS,Handballverband Rheinland,Handballverband Rheinland,5,Oberliga,Oberliga Männer · Handballverband Rheinland,12820,11,0,0,0,0,0,0,0,0,0.0,,fussball.de
242,TV Birkesdorf,Handball Nordrhein,Handball Nordrhein,5,Oberliga,Oberliga Männer Gr. 1,12904,10,0,0,0,0,0,0,0,0,0.0,,fussball.de
243,TV Bodenheim 1,Handballverband Rheinhessen-Pfalz,Handballverband Rheinhessen-Pfalz,5,Oberliga,M-OL,12401,8,0,0,0,0,0,0,0,0,0.0,,fussball.de
244,TV Fischbek,Hamburger Handballverband,Hamburger Handballverband,5,Oberliga,Oberliga Männer (100),12373,13,0,0,0,0,0,0,0,0,0.0,,fussball.de
245,TV Homburg 2,Handballverband SAAR,Handballverband SAAR,5,Oberliga,Oberliga Männer,14368,12,0,0,0,0,0,0,0,0,0.0,,fussball.de
246,TV Isselhorst 1,Handballverband Westfalen,Handballverband Westfalen,5,Oberliga,HVW Männer Oberliga Staffel 1,12646,11,0,0,0,0,0,0,0,0,0.0,,fussball.de
247,TV Lobberich,Handball Nordrhein,Handball Nordrhein,5,Oberliga,Oberliga Männer Gr. 3,12906,12,0,0,0,0,0,0,0,0,0.0,,fussball.de
248,TV Niederwürzbach,Handballverband SAAR,Handballverband SAAR,5,Oberliga,Oberliga Männer,14368,13,0,0,0,0,0,0,0,0,0.0,,fussball.de
249,TV Offenbach,Handballverband Rheinhessen-Pfalz,Handballverband Rheinhessen-Pfalz,5,Oberliga,M-OL,12401,9,0,0,0,0,0,0,0,0,0.0,,fussball.de
250,TV Palmersheim,Handball Nordrhein,Handball Nordrhein,5,Oberliga,Oberliga Männer Gr. 1,12904,11,0,0,0,0,0,0,0,0,0.0,,fussball.de
251,TV Welling,Handballverband Rheinland,Handballverband Rheinland,5,Oberliga,Oberliga Männer · Handballverband Rheinland,12820,12,0,0,0,0,0,0,0,0,0.0,,fussball.de
252,TV Westfalia Halingen E.V.,Handballverband Westfalen,Handballverband Westfalen,5,Oberliga,HVW Männer Oberliga Staffel 2,12647,12,0,0,0,0,0,0,0,0,0.0,,fussball.de
253,Tschft. St. Tönis,Handball Nordrhein,Handball Nordrhein,5,Oberliga,Oberliga Männer Gr. 3,12906,13,0,0,0,0,0,0,0,0,0.0,,fussball.de
254,TuS 09 Möllbergen e.V.,Handballverband Westfalen,Handballverband Westfalen,5,Oberliga,HVW Männer Oberliga Staffel 1,12646,12,0,0,0,0,0,0,0,0,0.0,,fussball.de
255,TuS 82 Opladen II,Handball Nordrhein,Handball Nordrhein,5,Oberliga,Oberliga Männer Gr. 2,12905,14,0,0,0,0,0,0,0,0,0.0,,fussball.de
256,TuS 97 Bielefeld/Jöllenbeck Herren 1,Handballverband Westfalen,Handballverband Westfalen,5,Oberliga,HVW Männer Oberliga Staffel 1,12646,13,0,0,0,0,0,0,0,0,0.0,,fussball.de
257,TuS Ferndorf 2,Handballverband Westfalen,Handballverband Westfalen,5,Oberliga,HVW Männer Oberliga Staffel 2,12647,13,0,0,0,0,0,0,0,0,0.0,,fussball.de
258,TuSEM Essen II,Handball Nordrhein,Handball Nordrhein,5,Oberliga,Oberliga Männer Gr. 3,12906,14,0,0,0,0,0,0,0,0,0.0,,fussball.de
259,VFL Bardenberg,Handball Nordrhein,Handball Nordrhein,5,Oberliga,Oberliga Männer Gr. 1,12904,12,0,0,0,0,0,0,0,0,0.0,,fussball.de
260,VFL Gummersbach II,Handball Nordrhein,Handball Nordrhein,5,Oberliga,Oberliga Männer Gr. 1,12904,13,0,0,0,0,0,0,0,0,0.0,,fussball.de
261,VFL Handball Mennighüffen E.V.,Handballverband Westfalen,Handballverband Westfalen,5,Oberliga,HVW Männer Oberliga Staffel 1,12646,14,0,0,0,0,0,0,0,0,0.0,,fussball.de
262,Walddörfer SV,Hamburger Handballverband,Hamburger Handballverband,5,Oberliga,Oberliga Männer (100),12373,14,0,0,0,0,0,0,0,0,0.0,,fussball.de
263,Wölfe Voreifel,Handball Nordrhein,Handball Nordrhein,5,Oberliga,Oberliga Männer Gr. 1,12904,14,0,0,0,0,0,0,0,0,0.0,,fussball.de
264,ZHC Grubenlampe,Handballverband Sachsen,Handballverband Sachsen,5,Oberliga,OLS MÄNNER,12542,11,0,0,0,0,0,0,0,0,0.0,,fussball.de
265,Zwönitzer HSV,Handballverband Sachsen,Handballverband Sachsen,5,Oberliga,OLS MÄNNER,12542,12,0,0,0,0,0,0,0,0,0.0,,fussball.de
266,HSG Eider Harde II,Handballverband Schleswig-Holstein,Handballverband Schleswig-Holstein,5,Oberliga,Meisterrunde · Handballverband Schleswig-Holstein,15097,11,1,0,0,1,24,27,-3,0,0.0,,fussball.de
267,TSV Mildstedt,Handballverband Schleswig-Holstein,Handballverband Schleswig-Holstein,5,Oberliga,Meisterrunde · Handballverband Schleswig-Holstein,15097,12,1,0,0,1,30,34,-4,0,0.0,,fussball.de
268,TG Waldsee,Handballverband Rheinhessen-Pfalz,Handballverband Rheinhessen-Pfalz,5,Oberliga,M-OL,12401,10,1,0,0,1,28,32,-4,0,0.0,,fussball.de
269,TUS Lübeck VON 1893,Handballverband Schleswig-Holstein,Handballverband Schleswig-Holstein,5,Oberliga,Meisterrunde · Handballverband Schleswig-Holstein,15097,13,1,0,0,1,31,37,-6,0,0.0,,fussball.de
270,SG Oeversee-Jarplund-Weding,Handballverband Schleswig-Holstein,Handballverband Schleswig-Holstein,5,Oberliga,Meisterrunde · Handballverband Schleswig-Holstein,15097,14,1,0,0,1,25,32,-7,0,0.0,,fussball.de
271,TSV Speyer,Handballverband Rheinhessen-Pfalz,Handballverband Rheinhessen-Pfalz,5,Oberliga,M-OL,12401,11,1,0,0,1,15,23,-8,0,0.0,,fussball.de
272,TV 03 Wörth,Handballverband Rheinhessen-Pfalz,Handballverband Rheinhessen-Pfalz,5,Oberliga,M-OL,12401,12,1,0,0,1,23,38,-15,0,0.0,,fussball.de
273,HSG Dudenhofen/Schifferstadt 2,Handballverband Rheinhessen-Pfalz,Handballverband Rheinhessen-Pfalz,6,Verbandsliga,VL-M,12467,1,1,1,0,0,40,23,17,2,2.0,,fussball.de
274,HSG Eckbachtal 2,Handballverband Rheinhessen-Pfalz,Handballverband Rheinhessen-Pfalz,6,Verbandsliga,VL-M,12467,2,1,1,0,0,30,21,9,2,2.0,,fussball.de
275,SF Budenheim 2,Handballverband Rheinhessen-Pfalz,Handballverband Rheinhessen-Pfalz,6,Verbandsliga,VL-M,12467,3,1,1,0,0,33,25,8,2,2.0,,fussball.de
276,TSV Schwarzenbek,Handballverband Schleswig-Holstein,Handballverband Schleswig-Holstein,6,Verbandsliga,Meisterrunde - Süd,14063,1,1,1,0,0,28,20,8,2,2.0,,fussball.de
277,HSG Marne/Brunsbüttel,Handballverband Schleswig-Holstein,Handballverband Schleswig-Holstein,6,Verbandsliga,Meisterrunde - Nord,14064,1,1,1,0,0,25,17,8,2,2.0,,fussball.de
278,TuS Aumühle-Wohltorf,Handballverband Schleswig-Holstein,Handballverband Schleswig-Holstein,6,Verbandsliga,Meisterrunde - Süd,14063,2,1,1,0,0,31,24,7,2,2.0,,fussball.de
279,MTV Dänischenhagen,Handballverband Schleswig-Holstein,Handballverband Schleswig-Holstein,6,Verbandsliga,Meisterrunde - Süd,14063,3,1,1,0,0,29,23,6,2,2.0,,fussball.de
280,HSG Szoww,Handballverband Schleswig-Holstein,Handballverband Schleswig-Holstein,6,Verbandsliga,Meisterrunde - Nord,14064,2,1,1,0,0,28,22,6,2,2.0,,fussball.de
281,MTV Lübeck II,Handballverband Schleswig-Holstein,Handballverband Schleswig-Holstein,6,Verbandsliga,Meisterrunde - Süd,14063,4,1,1,0,0,32,28,4,2,2.0,,fussball.de
282,HSG Tarp/Wanderup,Handballverband Schleswig-Holstein,Handballverband Schleswig-Holstein,6,Verbandsliga,Meisterrunde - Nord,14064,3,1,1,0,0,28,25,3,2,2.0,,fussball.de
283,HSG Landau/Land,Handballverband Rheinhessen-Pfalz,Handballverband Rheinhessen-Pfalz,6,Verbandsliga,VL-M,12467,4,1,1,0,0,36,34,2,2,2.0,,fussball.de
284,TSV Büsum,Handballverband Schleswig-Holstein,Handballverband Schleswig-Holstein,6,Verbandsliga,Meisterrunde - Nord,14064,4,1,1,0,0,25,24,1,2,2.0,,fussball.de
285,1. Herren,Handballverband Westfalen,Handballverband Westfalen,6,Verbandsliga,HVW Männer Verbandsliga Staffel 1,12653,1,0,0,0,0,0,0,0,0,0.0,,fussball.de
286,1.Fc KÖLN II,Handball Nordrhein,Handball Nordrhein,6,Verbandsliga,Verbandsliga Männer Gr. 5,12921,1,0,0,0,0,0,0,0,0,0.0,,fussball.de
287,ASC Quierschied,Handballverband SAAR,Handballverband SAAR,6,Verbandsliga,Verbandsliga Männer,14383,1,0,0,0,0,0,0,0,0,0.0,,fussball.de
288,ATSV Stockelsdorf,Handballverband Schleswig-Holstein,Handballverband Schleswig-Holstein,6,Verbandsliga,Meisterrunde - Süd,14063,5,0,0,0,0,0,0,0,0,0.0,,fussball.de
289,ATV Dorstfeld 1878 E.V.,Handballverband Westfalen,Handballverband Westfalen,6,Verbandsliga,HVW Männer Verbandsliga Staffel 3,12655,1,0,0,0,0,0,0,0,0,0.0,,fussball.de
290,ATV Hückeswagen,Handball Nordrhein,Handball Nordrhein,6,Verbandsliga,Verbandsliga Männer Gr. 4,12920,1,0,0,0,0,0,0,0,0,0.0,,fussball.de
291,Alstadener TUS,Handball Nordrhein,Handball Nordrhein,6,Verbandsliga,Verbandsliga Männer Gr. 1,12912,1,0,0,0,0,0,0,0,0,0.0,,fussball.de
292,BTB Aachen II,Handball Nordrhein,Handball Nordrhein,6,Verbandsliga,Verbandsliga Männer Gr. 5,12921,2,0,0,0,0,0,0,0,0,0.0,,fussball.de
293,BTB Aachen III,Handball Nordrhein,Handball Nordrhein,6,Verbandsliga,Verbandsliga Männer Gr. 4,12920,2,0,0,0,0,0,0,0,0,0.0,,fussball.de
294,Brühler TV,Handball Nordrhein,Handball Nordrhein,6,Verbandsliga,Verbandsliga Männer Gr. 5,12921,3,0,0,0,0,0,0,0,0,0.0,,fussball.de
295,CVJM Oberwiehl,Handball Nordrhein,Handball Nordrhein,6,Verbandsliga,Verbandsliga Männer Gr. 4,12920,3,0,0,0,0,0,0,0,0,0.0,,fussball.de
296,CVJM Rödinghausen E.V.,Handballverband Westfalen,Handballverband Westfalen,6,Verbandsliga,HVW Männer Verbandsliga Staffel 1,12653,2,0,0,0,0,0,0,0,0,0.0,,fussball.de
297,Cronenberger TG,Handball Nordrhein,Handball Nordrhein,6,Verbandsliga,Verbandsliga Männer Gr. 3,12917,1,0,0,0,0,0,0,0,0,0.0,,fussball.de
298,DIE HAIE I HSG Horst/Kiebitzreihe,Handballverband Schleswig-Holstein,Handballverband Schleswig-Holstein,6,Verbandsliga,Meisterrunde - Nord,14064,5,0,0,0,0,0,0,0,0,0.0,,fussball.de
299,DJK GRÜN Weiss Werden,Handball Nordrhein,Handball Nordrhein,6,Verbandsliga,Verbandsliga Männer Gr. 2,12914,1,0,0,0,0,0,0,0,0,0.0,,fussball.de
300,DJK Oespel-Kley Herren 1,Handballverband Westfalen,Handballverband Westfalen,6,Verbandsliga,HVW Männer Verbandsliga Staffel 3,12655,2,0,0,0,0,0,0,0,0,0.0,,fussball.de
301,DJK SG Bösperde,Handballverband Westfalen,Handballverband Westfalen,6,Verbandsliga,HVW Männer Verbandsliga Staffel 3,12655,3,0,0,0,0,0,0,0,0,0.0,,fussball.de
302,DJK St. Matthias Trier,Handballverband Rheinland,Handballverband Rheinland,6,Verbandsliga,Verbandsliga Männer · Handballverband Rheinland,12824,1,0,0,0,0,0,0,0,0,0.0,,fussball.de
303,DJK Unitas HAAN E.V. II,Handball Nordrhein,Handball Nordrhein,6,Verbandsliga,Verbandsliga Männer Gr. 3,12917,2,0,0,0,0,0,0,0,0,0.0,,fussball.de
304,DJK Unitas HAAN E.V. III,Handball Nordrhein,Handball Nordrhein,6,Verbandsliga,Verbandsliga Männer Gr. 2,12914,2,0,0,0,0,0,0,0,0,0.0,,fussball.de
305,DJK VFR Mülheim Saarn,Handball Nordrhein,Handball Nordrhein,6,Verbandsliga,Verbandsliga Männer Gr. 2,12914,3,0,0,0,0,0,0,0,0,0.0,,fussball.de
306,Die Affenadler,Handball Nordrhein,Handball Nordrhein,6,Verbandsliga,Verbandsliga Männer Gr. 2,12914,4,0,0,0,0,0,0,0,0,0.0,,fussball.de
307,ESV Dresden,Handballverband Sachsen,Handballverband Sachsen,6,Verbandsliga,Verbandsliga Ost,12571,1,0,0,0,0,0,0,0,0,0.0,,fussball.de
308,ETB SW Essen,Handball Nordrhein,Handball Nordrhein,6,Verbandsliga,Verbandsliga Männer Gr. 2,12914,5,0,0,0,0,0,0,0,0,0.0,,fussball.de
309,Elmshorner HT (FWL),Hamburger Handballverband,Hamburger Handballverband,6,Verbandsliga,Freiwurf-Liga Hamburg (910),16949,1,0,0,0,0,0,0,0,0,0.0,,fussball.de
310,Eschweiler SG,Handball Nordrhein,Handball Nordrhein,6,Verbandsliga,Verbandsliga Männer Gr. 5,12921,4,0,0,0,0,0,0,0,0,0.0,,fussball.de
311,FC St. Pauli (fwl),Hamburger Handballverband,Hamburger Handballverband,6,Verbandsliga,Freiwurf-Liga Hamburg (910),16949,2,0,0,0,0,0,0,0,0,0.0,,fussball.de
312,Germania Zwenkau,Handballverband Sachsen,Handballverband Sachsen,6,Verbandsliga,Verbandsliga West,12572,1,0,0,0,0,0,0,0,0,0.0,,fussball.de
313,Gw-Mendig,Handballverband Rheinland,Handballverband Rheinland,6,Verbandsliga,Verbandsliga Männer · Handballverband Rheinland,12824,2,0,0,0,0,0,0,0,0,0.0,,fussball.de
314,HC BSDL,Handball Nordrhein,Handball Nordrhein,6,Verbandsliga,Verbandsliga Männer Gr. 3,12917,3,0,0,0,0,0,0,0,0,0.0,,fussball.de
315,HC Essen West,Handball Nordrhein,Handball Nordrhein,6,Verbandsliga,Verbandsliga Männer Gr. 2,12914,6,0,0,0,0,0,0,0,0,0.0,,fussball.de
316,HC Fraureuth,Handballverband Sachsen,Handballverband Sachsen,6,Verbandsliga,Verbandsliga West,12572,2,0,0,0,0,0,0,0,0,0.0,,fussball.de
317,HC Glauchau/Meerane II,Handballverband Sachsen,Handballverband Sachsen,6,Verbandsliga,Verbandsliga West,12572,3,0,0,0,0,0,0,0,0,0.0,,fussball.de
318,HC Gonsenheim,Handballverband Rheinhessen-Pfalz,Handballverband Rheinhessen-Pfalz,6,Verbandsliga,VL-M,12467,5,0,0,0,0,0,0,0,0,0.0,,fussball.de
319,HC Koblenz II,Handballverband Rheinland,Handballverband Rheinland,6,Verbandsliga,Verbandsliga Männer · Handballverband Rheinland,12824,3,0,0,0,0,0,0,0,0,0.0,,fussball.de
320,HC Perl,Handballverband SAAR,Handballverband SAAR,6,Verbandsliga,Verbandsliga Männer,14383,2,0,0,0,0,0,0,0,0,0.0,,fussball.de
321,HC Pleissental,Handballverband Sachsen,Handballverband Sachsen,6,Verbandsliga,Verbandsliga West,12572,4,0,0,0,0,0,0,0,0,0.0,,fussball.de
322,HC Schmelz,Handballverband SAAR,Handballverband SAAR,6,Verbandsliga,Verbandsliga Männer,14383,3,0,0,0,0,0,0,0,0,0.0,,fussball.de
323,HC TV Rhede H1,Handball Nordrhein,Handball Nordrhein,6,Verbandsliga,Verbandsliga Männer Gr. 1,12912,2,0,0,0,0,0,0,0,0,0.0,,fussball.de
324,HC Weiden 2018 III,Handball Nordrhein,Handball Nordrhein,6,Verbandsliga,Verbandsliga Männer Gr. 5,12921,5,0,0,0,0,0,0,0,0,0.0,,fussball.de
325,HC Westfalia Herne E.V. II,Handballverband Westfalen,Handballverband Westfalen,6,Verbandsliga,HVW Männer Verbandsliga Staffel 2,12654,1,0,0,0,0,0,0,0,0,0.0,,fussball.de
326,HF Köllertal,Handballverband SAAR,Handballverband SAAR,6,Verbandsliga,Verbandsliga Männer,14383,4,0,0,0,0,0,0,0,0,0.0,,fussball.de
327,HF UNTERE SAAR 2 raus,Handballverband SAAR,Handballverband SAAR,6,Verbandsliga,Verbandsliga Männer,14383,5,0,0,0,0,0,0,0,0,0.0,,fussball.de
328,HF Untere SAAR 2,Handballverband SAAR,Handballverband SAAR,6,Verbandsliga,Verbandsliga Männer,14383,6,0,0,0,0,0,0,0,0,0.0,,fussball.de
329,HG Ltg/Htv Remscheid II,Handball Nordrhein,Handball Nordrhein,6,Verbandsliga,Verbandsliga Männer Gr. 3,12917,4,0,0,0,0,0,0,0,0,0.0,,fussball.de
330,HG Owschlag-Kropp-Tetenhusen,Handballverband Schleswig-Holstein,Handballverband Schleswig-Holstein,6,Verbandsliga,Meisterrunde - Nord,14064,6,0,0,0,0,0,0,0,0,0.0,,fussball.de
331,HG Saarlouis 3,Handballverband SAAR,Handballverband SAAR,6,Verbandsliga,Verbandsliga Männer,14383,7,0,0,0,0,0,0,0,0,0.0,,fussball.de
332,HR Göllheim/Eisenberg/Asselheim/Kindenheim,Handballverband Rheinhessen-Pfalz,Handballverband Rheinhessen-Pfalz,6,Verbandsliga,VL-M,12467,6,0,0,0,0,0,0,0,0,0.0,,fussball.de
333,HSC IGEL,Handballverband Rheinland,Handballverband Rheinland,6,Verbandsliga,Verbandsliga Männer · Handballverband Rheinland,12824,4,0,0,0,0,0,0,0,0,0.0,,fussball.de
334,HSC Schweich,Handballverband Rheinland,Handballverband Rheinland,6,Verbandsliga,Verbandsliga Männer · Handballverband Rheinland,12824,5,0,0,0,0,0,0,0,0,0.0,,fussball.de
335,HSG DJK Oberthal / RW Schaumberg,Handballverband SAAR,Handballverband SAAR,6,Verbandsliga,Verbandsliga Männer,14383,8,0,0,0,0,0,0,0,0,0.0,,fussball.de
336,HSG EGB Bielefeld,Handballverband Westfalen,Handballverband Westfalen,6,Verbandsliga,HVW Männer Verbandsliga Staffel 1,12653,3,0,0,0,0,0,0,0,0,0.0,,fussball.de
337,HSG EURO,Handballverband Westfalen,Handballverband Westfalen,6,Verbandsliga,HVW Männer Verbandsliga Staffel 1,12653,4,0,0,0,0,0,0,0,0,0.0,,fussball.de
338,HSG Euskirchen,Handball Nordrhein,Handball Nordrhein,6,Verbandsliga,Verbandsliga Männer Gr. 5,12921,6,0,0,0,0,0,0,0,0,0.0,,fussball.de
339,HSG Freiberg II,Handballverband Sachsen,Handballverband Sachsen,6,Verbandsliga,Verbandsliga West,12572,5,0,0,0,0,0,0,0,0,0.0,,fussball.de
340,HSG Geislar-Oberkassel,Handball Nordrhein,Handball Nordrhein,6,Verbandsliga,Verbandsliga Männer Gr. 4,12920,4,0,0,0,0,0,0,0,0,0.0,,fussball.de
341,HSG Hiesfeld/Aldenrade II,Handball Nordrhein,Handball Nordrhein,6,Verbandsliga,Verbandsliga Männer Gr. 1,12912,3,0,0,0,0,0,0,0,0,0.0,,fussball.de
342,HSG Hunsrück II,Handballverband Rheinland,Handballverband Rheinland,6,Verbandsliga,Verbandsliga Männer · Handballverband Rheinland,12824,6,0,0,0,0,0,0,0,0,0.0,,fussball.de
343,HSG Jörl-Doppeleiche Viöl,Handballverband Schleswig-Holstein,Handballverband Schleswig-Holstein,6,Verbandsliga,Meisterrunde - Nord,14064,7,0,0,0,0,0,0,0,0,0.0,,fussball.de
344,HSG Kremperheide/Münsterdorf,Handballverband Schleswig-Holstein,Handballverband Schleswig-Holstein,6,Verbandsliga,Meisterrunde - Nord,14064,8,0,0,0,0,0,0,0,0,0.0,,fussball.de
345,HSG Merkstein,Handball Nordrhein,Handball Nordrhein,6,Verbandsliga,Verbandsliga Männer Gr. 5,12921,7,0,0,0,0,0,0,0,0,0.0,,fussball.de
346,HSG Mertesdorf-Ruwertal,Handballverband Rheinland,Handballverband Rheinland,6,Verbandsliga,Verbandsliga Männer · Handballverband Rheinland,12824,7,0,0,0,0,0,0,0,0,0.0,,fussball.de
347,HSG Mönkeberg-Schönkirchen II,Handballverband Schleswig-Holstein,Handballverband Schleswig-Holstein,6,Verbandsliga,Meisterrunde - Süd,14063,6,0,0,0,0,0,0,0,0,0.0,,fussball.de
348,HSG Mülheim,Handball Nordrhein,Handball Nordrhein,6,Verbandsliga,Verbandsliga Männer Gr. 2,12914,7,0,0,0,0,0,0,0,0,0.0,,fussball.de
349,HSG Nahe-Glan,Handballverband Rheinhessen-Pfalz,Handballverband Rheinhessen-Pfalz,6,Verbandsliga,VL-M,12467,7,0,0,0,0,0,0,0,0,0.0,,fussball.de
350,HSG Neudorf/Döbeln,Handballverband Sachsen,Handballverband Sachsen,6,Verbandsliga,Verbandsliga West,12572,6,0,0,0,0,0,0,0,0,0.0,,fussball.de
351,HSG Refrath/Hand II,Handball Nordrhein,Handball Nordrhein,6,Verbandsliga,Verbandsliga Männer Gr. 4,12920,5,0,0,0,0,0,0,0,0,0.0,,fussball.de
352,HSG Rösrath/Forsbach,Handball Nordrhein,Handball Nordrhein,6,Verbandsliga,Verbandsliga Männer Gr. 4,12920,6,0,0,0,0,0,0,0,0,0.0,,fussball.de
353,HSG Rückmarsdorf I,Handballverband Sachsen,Handballverband Sachsen,6,Verbandsliga,Verbandsliga West,12572,7,0,0,0,0,0,0,0,0,0.0,,fussball.de
354,HSG Siebengebirge-Thomasberg II,Handball Nordrhein,Handball Nordrhein,6,Verbandsliga,Verbandsliga Männer Gr. 4,12920,7,0,0,0,0,0,0,0,0,0.0,,fussball.de
355,HSG Spradow,Handballverband Westfalen,Handballverband Westfalen,6,Verbandsliga,HVW Männer Verbandsliga Staffel 1,12653,5,0,0,0,0,0,0,0,0,0.0,,fussball.de
356,HSG Tecklenburger LAND,Handballverband Westfalen,Handballverband Westfalen,6,Verbandsliga,HVW Männer Verbandsliga Staffel 2,12654,2,0,0,0,0,0,0,0,0,0.0,,fussball.de
357,HSG Tva/Atsv Saarbrücken 2,Handballverband SAAR,Handballverband SAAR,6,Verbandsliga,Verbandsliga Männer,14383,9,0,0,0,0,0,0,0,0,0.0,,fussball.de
358,HSG VFL Solingen / BURG,Handball Nordrhein,Handball Nordrhein,6,Verbandsliga,Verbandsliga Männer Gr. 3,12917,5,0,0,0,0,0,0,0,0,0.0,,fussball.de
359,HSG Wesel,Handball Nordrhein,Handball Nordrhein,6,Verbandsliga,Verbandsliga Männer Gr. 1,12912,4,0,0,0,0,0,0,0,0,0.0,,fussball.de
360,HSV 1923 Pulsnitz,Handballverband Sachsen,Handballverband Sachsen,6,Verbandsliga,Verbandsliga Ost,12571,2,0,0,0,0,0,0,0,0,0.0,,fussball.de
361,HSV Dümpten 1992 II,Handball Nordrhein,Handball Nordrhein,6,Verbandsliga,Verbandsliga Männer Gr. 2,12914,8,0,0,0,0,0,0,0,0,0.0,,fussball.de
362,HSV Frechen,Handball Nordrhein,Handball Nordrhein,6,Verbandsliga,Verbandsliga Männer Gr. 5,12921,8,0,0,0,0,0,0,0,0,0.0,,fussball.de
363,HSV Rhein-Nette,Handballverband Rheinland,Handballverband Rheinland,6,Verbandsliga,Verbandsliga Männer · Handballverband Rheinland,12824,8,0,0,0,0,0,0,0,0,0.0,,fussball.de
364,HSV Weinböhla,Handballverband Sachsen,Handballverband Sachsen,6,Verbandsliga,Verbandsliga Ost,12571,3,0,0,0,0,0,0,0,0,0.0,,fussball.de
365,HSV Überruhr 2.M,Handball Nordrhein,Handball Nordrhein,6,Verbandsliga,Verbandsliga Männer Gr. 2,12914,9,0,0,0,0,0,0,0,0,0.0,,fussball.de
366,HT Sportfreunde Senne,Handballverband Westfalen,Handballverband Westfalen,6,Verbandsliga,HVW Männer Verbandsliga Staffel 1,12653,6,0,0,0,0,0,0,0,0,0.0,,fussball.de
367,HVO Cunewalde,Handballverband Sachsen,Handballverband Sachsen,6,Verbandsliga,Verbandsliga Ost,12571,4,0,0,0,0,0,0,0,0,0.0,,fussball.de
368,Handball Oppum II,Handball Nordrhein,Handball Nordrhein,6,Verbandsliga,Verbandsliga Männer Gr. 6,12922,1,0,0,0,0,0,0,0,0,0.0,,fussball.de
369,Kettwiger SV 70/86 1. Männer,Handball Nordrhein,Handball Nordrhein,6,Verbandsliga,Verbandsliga Männer Gr. 2,12914,10,0,0,0,0,0,0,0,0,0.0,,fussball.de
370,Kjs-Club Dresden,Handballverband Sachsen,Handballverband Sachsen,6,Verbandsliga,Verbandsliga Ost,12571,5,0,0,0,0,0,0,0,0,0.0,,fussball.de
371,LHV Hoyerswerda II,Handballverband Sachsen,Handballverband Sachsen,6,Verbandsliga,Verbandsliga Ost,12571,6,0,0,0,0,0,0,0,0,0.0,,fussball.de
372,LTV Wuppertal II,Handball Nordrhein,Handball Nordrhein,6,Verbandsliga,Verbandsliga Männer Gr. 3,12917,6,0,0,0,0,0,0,0,0,0.0,,fussball.de
373,Lüttringhauser TV,Handball Nordrhein,Handball Nordrhein,6,Verbandsliga,Verbandsliga Männer Gr. 3,12917,7,0,0,0,0,0,0,0,0,0.0,,fussball.de
374,MTG Horst Essen,Handball Nordrhein,Handball Nordrhein,6,Verbandsliga,Verbandsliga Männer Gr. 2,12914,11,0,0,0,0,0,0,0,0,0.0,,fussball.de
375,MTV 1861 Elberfeld 1,Handball Nordrhein,Handball Nordrhein,6,Verbandsliga,Verbandsliga Männer Gr. 3,12917,8,0,0,0,0,0,0,0,0,0.0,,fussball.de
376,Meerbuscher HV 1m,Handball Nordrhein,Handball Nordrhein,6,Verbandsliga,Verbandsliga Männer Gr. 6,12922,2,0,0,0,0,0,0,0,0,0.0,,fussball.de
377,Mettmann-Sport II,Handball Nordrhein,Handball Nordrhein,6,Verbandsliga,Verbandsliga Männer Gr. 2,12914,12,0,0,0,0,0,0,0,0,0.0,,fussball.de
378,Neusser HV,Handball Nordrhein,Handball Nordrhein,6,Verbandsliga,Verbandsliga Männer Gr. 5,12921,9,0,0,0,0,0,0,0,0,0.0,,fussball.de
379,OHC Bernstadt,Handballverband Sachsen,Handballverband Sachsen,6,Verbandsliga,Verbandsliga Ost,12571,7,0,0,0,0,0,0,0,0,0.0,,fussball.de
380,Osterather TV,Handball Nordrhein,Handball Nordrhein,6,Verbandsliga,Verbandsliga Männer Gr. 6,12922,3,0,0,0,0,0,0,0,0,0.0,,fussball.de
381,Polizei SV KÖLN,Handball Nordrhein,Handball Nordrhein,6,Verbandsliga,Verbandsliga Männer Gr. 4,12920,8,0,0,0,0,0,0,0,0,0.0,,fussball.de
382,Pulheimer SC,Handball Nordrhein,Handball Nordrhein,6,Verbandsliga,Verbandsliga Männer Gr. 5,12921,10,0,0,0,0,0,0,0,0,0.0,,fussball.de
383,RSV Altenbögge-Bönen 1951 e.V. 1. Herren,Handballverband Westfalen,Handballverband Westfalen,6,Verbandsliga,HVW Männer Verbandsliga Staffel 3,12655,4,0,0,0,0,0,0,0,0,0.0,,fussball.de
384,RSVE Siegen Handball E.V.,Handballverband Westfalen,Handballverband Westfalen,6,Verbandsliga,HVW Männer Verbandsliga Staffel 3,12655,5,0,0,0,0,0,0,0,0,0.0,,fussball.de
385,Radeberger SV,Handballverband Sachsen,Handballverband Sachsen,6,Verbandsliga,Verbandsliga Ost,12571,8,0,0,0,0,0,0,0,0,0.0,,fussball.de
386,Radebeuler HV,Handballverband Sachsen,Handballverband Sachsen,6,Verbandsliga,Verbandsliga Ost,12571,9,0,0,0,0,0,0,0,0,0.0,,fussball.de
387,S.V. Schwarz-Weiß-Havixbeck 1,Handballverband Westfalen,Handballverband Westfalen,6,Verbandsliga,HVW Männer Verbandsliga Staffel 2,12654,3,0,0,0,0,0,0,0,0,0.0,,fussball.de
388,SC Bottrop,Handball Nordrhein,Handball Nordrhein,6,Verbandsliga,Verbandsliga Männer Gr. 1,12912,5,0,0,0,0,0,0,0,0,0.0,,fussball.de
389,SC DHFK Leipzig III,Handballverband Sachsen,Handballverband Sachsen,6,Verbandsliga,Verbandsliga West,12572,8,0,0,0,0,0,0,0,0,0.0,,fussball.de
390,SC Münster 08 E.V.,Handballverband Westfalen,Handballverband Westfalen,6,Verbandsliga,HVW Männer Verbandsliga Staffel 2,12654,4,0,0,0,0,0,0,0,0,0.0,,fussball.de
391,SC Riesa,Handballverband Sachsen,Handballverband Sachsen,6,Verbandsliga,Verbandsliga West,12572,9,0,0,0,0,0,0,0,0,0.0,,fussball.de
392,SG Düren 1899,Handball Nordrhein,Handball Nordrhein,6,Verbandsliga,Verbandsliga Männer Gr. 5,12921,11,0,0,0,0,0,0,0,0,0.0,,fussball.de
393,SG Handball Ibbenbüren,Handballverband Westfalen,Handballverband Westfalen,6,Verbandsliga,HVW Männer Verbandsliga Staffel 2,12654,5,0,0,0,0,0,0,0,0,0.0,,fussball.de
394,SG Kurort Hartha,Handballverband Sachsen,Handballverband Sachsen,6,Verbandsliga,Verbandsliga Ost,12571,10,0,0,0,0,0,0,0,0,0.0,,fussball.de
395,SG LVB II,Handballverband Sachsen,Handballverband Sachsen,6,Verbandsliga,Verbandsliga West,12572,10,0,0,0,0,0,0,0,0,0.0,,fussball.de
396,SG Mogono Leipzig,Handballverband Sachsen,Handballverband Sachsen,6,Verbandsliga,Verbandsliga West,12572,11,0,0,0,0,0,0,0,0,0.0,,fussball.de
397,SG Monheim 1m,Handball Nordrhein,Handball Nordrhein,6,Verbandsliga,Verbandsliga Männer Gr. 4,12920,9,0,0,0,0,0,0,0,0,0.0,,fussball.de
398,SG Ruhrtal I H1,Handballverband Westfalen,Handballverband Westfalen,6,Verbandsliga,HVW Männer Verbandsliga Staffel 3,12655,6,0,0,0,0,0,0,0,0,0.0,,fussball.de
399,SGH Unna Massen,Handballverband Westfalen,Handballverband Westfalen,6,Verbandsliga,HVW Männer Verbandsliga Staffel 3,12655,7,0,0,0,0,0,0,0,0,0.0,,fussball.de
400,SGSH Dragons E.V. II,Handballverband Westfalen,Handballverband Westfalen,6,Verbandsliga,HVW Männer Verbandsliga Staffel 3,12655,8,0,0,0,0,0,0,0,0,0.0,,fussball.de
401,SPVG Steinhagen,Handballverband Westfalen,Handballverband Westfalen,6,Verbandsliga,HVW Männer Verbandsliga Staffel 1,12653,7,0,0,0,0,0,0,0,0,0.0,,fussball.de
402,SSG Wuppertal/Hsv Wuppertal,Handball Nordrhein,Handball Nordrhein,6,Verbandsliga,Verbandsliga Männer Gr. 3,12917,9,0,0,0,0,0,0,0,0,0.0,,fussball.de
403,SSV Gartenstadt,Handball Nordrhein,Handball Nordrhein,6,Verbandsliga,Verbandsliga Männer Gr. 6,12922,4,0,0,0,0,0,0,0,0,0.0,,fussball.de
404,SUS Neuenkirchen 09 E.V.,Handballverband Westfalen,Handballverband Westfalen,6,Verbandsliga,HVW Männer Verbandsliga Staffel 2,12654,6,0,0,0,0,0,0,0,0,0.0,,fussball.de
405,SUS Oberaden 1921 E.V.,Handballverband Westfalen,Handballverband Westfalen,6,Verbandsliga,HVW Männer Verbandsliga Staffel 3,12655,9,0,0,0,0,0,0,0,0,0.0,,fussball.de
406,SV BLAU Weiss Dingden,Handball Nordrhein,Handball Nordrhein,6,Verbandsliga,Verbandsliga Männer Gr. 1,12912,6,0,0,0,0,0,0,0,0,0.0,,fussball.de
407,SV Eidelstedt (fwl),Hamburger Handballverband,Hamburger Handballverband,6,Verbandsliga,Freiwurf-Liga Hamburg (910),16949,3,0,0,0,0,0,0,0,0,0.0,,fussball.de
408,SV Eilendorf,Handball Nordrhein,Handball Nordrhein,6,Verbandsliga,Verbandsliga Männer Gr. 5,12921,12,0,0,0,0,0,0,0,0,0.0,,fussball.de
409,SV Gerolstein,Handballverband Rheinland,Handballverband Rheinland,6,Verbandsliga,Verbandsliga Männer · Handballverband Rheinland,12824,9,0,0,0,0,0,0,0,0,0.0,,fussball.de
410,SV Neukirchen,Handball Nordrhein,Handball Nordrhein,6,Verbandsliga,Verbandsliga Männer Gr. 1,12912,7,0,0,0,0,0,0,0,0,0.0,,fussball.de
411,SV Niederau,Handballverband Sachsen,Handballverband Sachsen,6,Verbandsliga,Verbandsliga Ost,12571,11,0,0,0,0,0,0,0,0,0.0,,fussball.de
412,SV Straelen,Handball Nordrhein,Handball Nordrhein,6,Verbandsliga,Verbandsliga Männer Gr. 6,12922,5,0,0,0,0,0,0,0,0,0.0,,fussball.de
413,SV Teutonia Riemke 1.Herren,Handballverband Westfalen,Handballverband Westfalen,6,Verbandsliga,HVW Männer Verbandsliga Staffel 2,12654,7,0,0,0,0,0,0,0,0,0.0,,fussball.de
414,SV Vorwärts Gronau 09,Handballverband Westfalen,Handballverband Westfalen,6,Verbandsliga,HVW Männer Verbandsliga Staffel 2,12654,8,0,0,0,0,0,0,0,0,0.0,,fussball.de
415,Selbecker Turnerschaft 1896 E.V.,Handballverband Westfalen,Handballverband Westfalen,6,Verbandsliga,HVW Männer Verbandsliga Staffel 3,12655,10,0,0,0,0,0,0,0,0,0.0,,fussball.de
416,Solinger TB 1. Herren,Handball Nordrhein,Handball Nordrhein,6,Verbandsliga,Verbandsliga Männer Gr. 3,12917,10,0,0,0,0,0,0,0,0,0.0,,fussball.de
417,Stahl Rietschen,Handballverband Sachsen,Handballverband Sachsen,6,Verbandsliga,Verbandsliga Ost,12571,12,0,0,0,0,0,0,0,0,0.0,,fussball.de
418,TB Wülfrath II,Handball Nordrhein,Handball Nordrhein,6,Verbandsliga,Verbandsliga Männer Gr. 3,12917,11,0,0,0,0,0,0,0,0,0.0,,fussball.de
419,TD Lank 1. Herren,Handball Nordrhein,Handball Nordrhein,6,Verbandsliga,Verbandsliga Männer Gr. 6,12922,6,0,0,0,0,0,0,0,0,0.0,,fussball.de
420,TEAM Hamburg (fwl),Hamburger Handballverband,Hamburger Handballverband,6,Verbandsliga,Freiwurf-Liga Hamburg (910),16949,4,0,0,0,0,0,0,0,0,0.0,,fussball.de
421,TG Hörste II,Handballverband Westfalen,Handballverband Westfalen,6,Verbandsliga,HVW Männer Verbandsliga Staffel 1,12653,8,0,0,0,0,0,0,0,0,0.0,,fussball.de
422,TS Bendorf,Handballverband Rheinland,Handballverband Rheinland,6,Verbandsliga,Verbandsliga Männer · Handballverband Rheinland,12824,10,0,0,0,0,0,0,0,0,0.0,,fussball.de
423,TSG Kirchhellen,Handball Nordrhein,Handball Nordrhein,6,Verbandsliga,Verbandsliga Männer Gr. 1,12912,8,0,0,0,0,0,0,0,0,0.0,,fussball.de
424,TSV Bonn rrh. 3. Männer,Handball Nordrhein,Handball Nordrhein,6,Verbandsliga,Verbandsliga Männer Gr. 4,12920,10,0,0,0,0,0,0,0,0,0.0,,fussball.de
425,TSV Oerlinghausen V. 1863 E.V.,Handballverband Westfalen,Handballverband Westfalen,6,Verbandsliga,HVW Männer Verbandsliga Staffel 1,12653,9,0,0,0,0,0,0,0,0,0.0,,fussball.de
426,TSV Schönberg,Handballverband Schleswig-Holstein,Handballverband Schleswig-Holstein,6,Verbandsliga,Meisterrunde - Süd,14063,7,0,0,0,0,0,0,0,0,0.0,,fussball.de
427,TUS Ehrenfeld 65,Handball Nordrhein,Handball Nordrhein,6,Verbandsliga,Verbandsliga Männer Gr. 4,12920,11,0,0,0,0,0,0,0,0,0.0,,fussball.de
428,TUS Eintracht Oberlübbe E.V.,Handballverband Westfalen,Handballverband Westfalen,6,Verbandsliga,HVW Männer Verbandsliga Staffel 1,12653,10,0,0,0,0,0,0,0,0,0.0,,fussball.de
429,TUS Fortuna Saarburg,Handballverband Rheinland,Handballverband Rheinland,6,Verbandsliga,Verbandsliga Männer · Handballverband Rheinland,12824,11,0,0,0,0,0,0,0,0,0.0,,fussball.de
430,TUS Heiligenstein,Handballverband Rheinhessen-Pfalz,Handballverband Rheinhessen-Pfalz,6,Verbandsliga,VL-M,12467,8,0,0,0,0,0,0,0,0,0.0,,fussball.de
431,TUS Lintfort,Handball Nordrhein,Handball Nordrhein,6,Verbandsliga,Verbandsliga Männer Gr. 1,12912,9,0,0,0,0,0,0,0,0,0.0,,fussball.de
432,TUS Lintorf 2m,Handball Nordrhein,Handball Nordrhein,6,Verbandsliga,Verbandsliga Männer Gr. 2,12914,13,0,0,0,0,0,0,0,0,0.0,,fussball.de
433,TUS SW WEHE 1920 E.V.,Handballverband Westfalen,Handballverband Westfalen,6,Verbandsliga,HVW Männer Verbandsliga Staffel 1,12653,11,0,0,0,0,0,0,0,0,0.0,,fussball.de
434,TUS Volmetal 1887 E.V. II,Handballverband Westfalen,Handballverband Westfalen,6,Verbandsliga,HVW Männer Verbandsliga Staffel 3,12655,11,0,0,0,0,0,0,0,0,0.0,,fussball.de
435,TUS Wesseling,Handball Nordrhein,Handball Nordrhein,6,Verbandsliga,Verbandsliga Männer Gr. 5,12921,13,0,0,0,0,0,0,0,0,0.0,,fussball.de
436,TV Angermund 1m,Handball Nordrhein,Handball Nordrhein,6,Verbandsliga,Verbandsliga Männer Gr. 2,12914,14,0,0,0,0,0,0,0,0,0.0,,fussball.de
437,TV Anrath,Handball Nordrhein,Handball Nordrhein,6,Verbandsliga,Verbandsliga Männer Gr. 6,12922,7,0,0,0,0,0,0,0,0,0.0,,fussball.de
438,TV Birkenfeld,Handballverband SAAR,Handballverband SAAR,6,Verbandsliga,Verbandsliga Männer,14383,10,0,0,0,0,0,0,0,0,0.0,,fussball.de
439,TV Borken,Handball Nordrhein,Handball Nordrhein,6,Verbandsliga,Verbandsliga Männer Gr. 1,12912,10,0,0,0,0,0,0,0,0,0.0,,fussball.de
440,TV Brechten I,Handballverband Westfalen,Handballverband Westfalen,6,Verbandsliga,HVW Männer Verbandsliga Staffel 2,12654,9,0,0,0,0,0,0,0,0,0.0,,fussball.de
441,TV Dt. Eiche Ennigerloh 1899 E.V.,Handballverband Westfalen,Handballverband Westfalen,6,Verbandsliga,HVW Männer Verbandsliga Staffel 2,12654,10,0,0,0,0,0,0,0,0,0.0,,fussball.de
442,TV Geistenbeck I,Handball Nordrhein,Handball Nordrhein,6,Verbandsliga,Verbandsliga Männer Gr. 6,12922,8,0,0,0,0,0,0,0,0,0.0,,fussball.de
443,TV Issum,Handball Nordrhein,Handball Nordrhein,6,Verbandsliga,Verbandsliga Männer Gr. 1,12912,11,0,0,0,0,0,0,0,0,0.0,,fussball.de
444,TV JAHN Köln-Wahn,Handball Nordrhein,Handball Nordrhein,6,Verbandsliga,Verbandsliga Männer Gr. 4,12920,12,0,0,0,0,0,0,0,0,0.0,,fussball.de
445,TV Kapellen 1M,Handball Nordrhein,Handball Nordrhein,6,Verbandsliga,Verbandsliga Männer Gr. 1,12912,12,0,0,0,0,0,0,0,0,0.0,,fussball.de
446,TV Kirkel,Handballverband SAAR,Handballverband SAAR,6,Verbandsliga,Verbandsliga Männer,14383,11,0,0,0,0,0,0,0,0,0.0,,fussball.de
447,TV Korschenbroich 2. Herren,Handball Nordrhein,Handball Nordrhein,6,Verbandsliga,Verbandsliga Männer Gr. 6,12922,9,0,0,0,0,0,0,0,0,0.0,,fussball.de
448,TV Lobberich II,Handball Nordrhein,Handball Nordrhein,6,Verbandsliga,Verbandsliga Männer Gr. 6,12922,10,0,0,0,0,0,0,0,0,0.0,,fussball.de
449,TV Merchweiler,Handballverband SAAR,Handballverband SAAR,6,Verbandsliga,Verbandsliga Männer,14383,12,0,0,0,0,0,0,0,0,0.0,,fussball.de
450,TV OLPE 1848 E.V.,Handballverband Westfalen,Handballverband Westfalen,6,Verbandsliga,HVW Männer Verbandsliga Staffel 3,12655,12,0,0,0,0,0,0,0,0,0.0,,fussball.de
451,TV Sachsenross Hille E.V.,Handballverband Westfalen,Handballverband Westfalen,6,Verbandsliga,HVW Männer Verbandsliga Staffel 1,12653,12,0,0,0,0,0,0,0,0,0.0,,fussball.de
452,TV Schwafheim,Handball Nordrhein,Handball Nordrhein,6,Verbandsliga,Verbandsliga Männer Gr. 1,12912,13,0,0,0,0,0,0,0,0,0.0,,fussball.de
453,TV VERL,Handballverband Westfalen,Handballverband Westfalen,6,Verbandsliga,HVW Männer Verbandsliga Staffel 2,12654,11,0,0,0,0,0,0,0,0,0.0,,fussball.de
454,TV Vorst,Handball Nordrhein,Handball Nordrhein,6,Verbandsliga,Verbandsliga Männer Gr. 6,12922,11,0,0,0,0,0,0,0,0,0.0,,fussball.de
455,TV Vreden 1922 E.V.,Handballverband Westfalen,Handballverband Westfalen,6,Verbandsliga,HVW Männer Verbandsliga Staffel 2,12654,12,0,0,0,0,0,0,0,0,0.0,,fussball.de
456,TV Wahlscheid,Handball Nordrhein,Handball Nordrhein,6,Verbandsliga,Verbandsliga Männer Gr. 4,12920,13,0,0,0,0,0,0,0,0,0.0,,fussball.de
457,Tschft. Grefrath I,Handball Nordrhein,Handball Nordrhein,6,Verbandsliga,Verbandsliga Männer Gr. 6,12922,12,0,0,0,0,0,0,0,0,0.0,,fussball.de
458,Tschft. Lürrip,Handball Nordrhein,Handball Nordrhein,6,Verbandsliga,Verbandsliga Männer Gr. 6,12922,13,0,0,0,0,0,0,0,0,0.0,,fussball.de
459,Tschft. St. Tönis II,Handball Nordrhein,Handball Nordrhein,6,Verbandsliga,Verbandsliga Männer Gr. 6,12922,14,0,0,0,0,0,0,0,0,0.0,,fussball.de
460,TuS Elm-Sprengen,Handballverband SAAR,Handballverband SAAR,6,Verbandsliga,Verbandsliga Männer,14383,13,0,0,0,0,0,0,0,0,0.0,,fussball.de
461,TuS Müssen-Billinghausen,Handballverband Westfalen,Handballverband Westfalen,6,Verbandsliga,HVW Männer Verbandsliga Staffel 1,12653,13,0,0,0,0,0,0,0,0,0.0,,fussball.de
462,Turnerb. Oberhausen,Handball Nordrhein,Handball Nordrhein,6,Verbandsliga,Verbandsliga Männer Gr. 1,12912,14,0,0,0,0,0,0,0,0,0.0,,fussball.de
463,Turnerkreis Nippes 1. Herren,Handball Nordrhein,Handball Nordrhein,6,Verbandsliga,Verbandsliga Männer Gr. 4,12920,14,0,0,0,0,0,0,0,0,0.0,,fussball.de
464,Union Chemnitz,Handballverband Sachsen,Handballverband Sachsen,6,Verbandsliga,Verbandsliga West,12572,12,0,0,0,0,0,0,0,0,0.0,,fussball.de
465,VFL Eintracht Hagen E.V. III,Handballverband Westfalen,Handballverband Westfalen,6,Verbandsliga,HVW Männer Verbandsliga Staffel 3,12655,13,0,0,0,0,0,0,0,0,0.0,,fussball.de
466,VFL Gladbeck 1921 E.V.,Handballverband Westfalen,Handballverband Westfalen,6,Verbandsliga,HVW Männer Verbandsliga Staffel 2,12654,13,0,0,0,0,0,0,0,0,0.0,,fussball.de
467,VFL Lübeck-SCHWARTAU II,Handballverband Schleswig-Holstein,Handballverband Schleswig-Holstein,6,Verbandsliga,Meisterrunde - Süd,14063,8,0,0,0,0,0,0,0,0,0.0,,fussball.de
468,VFS 59 Warstein E.V.,Handballverband Westfalen,Handballverband Westfalen,6,Verbandsliga,HVW Männer Verbandsliga Staffel 3,12655,14,0,0,0,0,0,0,0,0,0.0,,fussball.de
469,VfL Herford 1. Männer,Handballverband Westfalen,Handballverband Westfalen,6,Verbandsliga,HVW Männer Verbandsliga Staffel 1,12653,14,0,0,0,0,0,0,0,0,0.0,,fussball.de
470,Vohwinkeler STV,Handball Nordrhein,Handball Nordrhein,6,Verbandsliga,Verbandsliga Männer Gr. 3,12917,12,0,0,0,0,0,0,0,0,0.0,,fussball.de
471,Wald-Merscheider TV,Handball Nordrhein,Handball Nordrhein,6,Verbandsliga,Verbandsliga Männer Gr. 3,12917,13,0,0,0,0,0,0,0,0,0.0,,fussball.de
472,Wermelskirchener TV,Handball Nordrhein,Handball Nordrhein,6,Verbandsliga,Verbandsliga Männer Gr. 3,12917,14,0,0,0,0,0,0,0,0,0.0,,fussball.de
473,Wittener TV 1877 e.V.,Handballverband Westfalen,Handballverband Westfalen,6,Verbandsliga,HVW Männer Verbandsliga Staffel 2,12654,14,0,0,0,0,0,0,0,0,0.0,,fussball.de
474,Wölfe Voreifel II,Handball Nordrhein,Handball Nordrhein,6,Verbandsliga,Verbandsliga Männer Gr. 5,12921,14,0,0,0,0,0,0,0,0,0.0,,fussball.de
475,SG Bordesholm/Brügge II,Handballverband Schleswig-Holstein,Handballverband Schleswig-Holstein,6,Verbandsliga,Meisterrunde - Nord,14064,9,1,0,0,1,24,25,-1,0,0.0,,fussball.de
476,TSV Kandel,Handballverband Rheinhessen-Pfalz,Handballverband Rheinhessen-Pfalz,6,Verbandsliga,VL-M,12467,9,1,0,0,1,34,36,-2,0,0.0,,fussball.de
477,TSV Sieverstedt II,Handballverband Schleswig-Holstein,Handballverband Schleswig-Holstein,6,Verbandsliga,Meisterrunde - Nord,14064,10,1,0,0,1,25,28,-3,0,0.0,,fussball.de
478,Kieler MTV,Handballverband Schleswig-Holstein,Handballverband Schleswig-Holstein,6,Verbandsliga,Meisterrunde - Süd,14063,9,1,0,0,1,28,32,-4,0,0.0,,fussball.de
479,TSV Kronshagen II,Handballverband Schleswig-Holstein,Handballverband Schleswig-Holstein,6,Verbandsliga,Meisterrunde - Süd,14063,10,1,0,0,1,23,29,-6,0,0.0,,fussball.de
480,Bramstedter TS,Handballverband Schleswig-Holstein,Handballverband Schleswig-Holstein,6,Verbandsliga,Meisterrunde - Nord,14064,11,1,0,0,1,22,28,-6,0,0.0,,fussball.de
481,SC Kieler Förde,Handballverband Schleswig-Holstein,Handballverband Schleswig-Holstein,6,Verbandsliga,Meisterrunde - Süd,14063,11,1,0,0,1,24,31,-7,0,0.0,,fussball.de
482,TV Nierstein,Handballverband Rheinhessen-Pfalz,Handballverband Rheinhessen-Pfalz,6,Verbandsliga,VL-M,12467,10,1,0,0,1,25,33,-8,0,0.0,,fussball.de
483,SV Henstedt-Ulzburg,Handballverband Schleswig-Holstein,Handballverband Schleswig-Holstein,6,Verbandsliga,Meisterrunde - Süd,14063,12,1,0,0,1,20,28,-8,0,0.0,,fussball.de
484,HSG Eider Harde III,Handballverband Schleswig-Holstein,Handballverband Schleswig-Holstein,6,Verbandsliga,Meisterrunde - Nord,14064,12,1,0,0,1,17,25,-8,0,0.0,,fussball.de
485,Südpfalz Tiger 2,Handballverband Rheinhessen-Pfalz,Handballverband Rheinhessen-Pfalz,6,Verbandsliga,VL-M,12467,11,1,0,0,1,21,30,-9,0,0.0,,fussball.de
486,TV Kirrweiler,Handballverband Rheinhessen-Pfalz,Handballverband Rheinhessen-Pfalz,6,Verbandsliga,VL-M,12467,12,1,0,0,1,23,40,-17,0,0.0,,fussball.de
487,AMTV Hamburg II,Hamburger Handballverband,Hamburger Handballverband,7,Landesliga,Landesliga Männer Gruppe 2 (122),13428,1,0,0,0,0,0,0,0,0,0.0,,fussball.de
488,Barmstedter MTV,Hamburger Handballverband,Hamburger Handballverband,7,Landesliga,Landesliga Männer Gruppe 1 (121),13427,1,0,0,0,0,0,0,0,0,0.0,,fussball.de
489,ETV Hamburg,Hamburger Handballverband,Hamburger Handballverband,7,Landesliga,Landesliga Männer Gruppe 2 (122),13428,2,0,0,0,0,0,0,0,0,0.0,,fussball.de
490,FC St. Pauli II,Hamburger Handballverband,Hamburger Handballverband,7,Landesliga,Landesliga Männer Gruppe 1 (121),13427,2,0,0,0,0,0,0,0,0,0.0,,fussball.de
491,FC St. Pauli III,Hamburger Handballverband,Hamburger Handballverband,7,Landesliga,Landesliga Männer Gruppe 2 (122),13428,3,0,0,0,0,0,0,0,0,0.0,,fussball.de
492,FC St. Pauli Ü40,Hamburger Handballverband,Hamburger Handballverband,7,Landesliga,Landesliga Senioren (320),17292,1,0,0,0,0,0,0,0,0,0.0,,fussball.de
493,HG Hamburg-Barmbek III,Hamburger Handballverband,Hamburger Handballverband,7,Landesliga,Landesliga Männer Gruppe 2 (122),13428,4,0,0,0,0,0,0,0,0,0.0,,fussball.de
494,HL Buchholz08-Rosengarten Ü40,Hamburger Handballverband,Hamburger Handballverband,7,Landesliga,Landesliga Senioren (320),17292,2,0,0,0,0,0,0,0,0,0.0,,fussball.de
495,HSG Bergedorf/Vm,Hamburger Handballverband,Hamburger Handballverband,7,Landesliga,Landesliga Männer Gruppe 2 (122),13428,5,0,0,0,0,0,0,0,0,0.0,,fussball.de
496,HSG Elbvororte II,Hamburger Handballverband,Hamburger Handballverband,7,Landesliga,Landesliga Männer Gruppe 1 (121),13427,3,0,0,0,0,0,0,0,0,0.0,,fussball.de
497,HT Norderstedt III,Hamburger Handballverband,Hamburger Handballverband,7,Landesliga,Landesliga Männer Gruppe 2 (122),13428,6,0,0,0,0,0,0,0,0,0.0,,fussball.de
498,HT Norderstedt Ü40 II,Hamburger Handballverband,Hamburger Handballverband,7,Landesliga,Landesliga Senioren (320),17292,3,0,0,0,0,0,0,0,0,0.0,,fussball.de
499,Hsv/Hamm 02,Hamburger Handballverband,Hamburger Handballverband,7,Landesliga,Landesliga Männer Gruppe 2 (122),13428,7,0,0,0,0,0,0,0,0,0.0,,fussball.de
500,Hsv/Hamm 02 II,Hamburger Handballverband,Hamburger Handballverband,7,Landesliga,Landesliga Männer Gruppe 1 (121),13427,4,0,0,0,0,0,0,0,0,0.0,,fussball.de
501,Hts/Bw96 Handball,Hamburger Handballverband,Hamburger Handballverband,7,Landesliga,Landesliga Männer Gruppe 1 (121),13427,5,0,0,0,0,0,0,0,0,0.0,,fussball.de
502,Niendorfer TSV,Hamburger Handballverband,Hamburger Handballverband,7,Landesliga,Landesliga Männer Gruppe 1 (121),13427,6,0,0,0,0,0,0,0,0,0.0,,fussball.de
503,Rellinger TV II,Hamburger Handballverband,Hamburger Handballverband,7,Landesliga,Landesliga Männer Gruppe 1 (121),13427,7,0,0,0,0,0,0,0,0,0.0,,fussball.de
504,SC Alstertal-Langenhorn Ü40,Hamburger Handballverband,Hamburger Handballverband,7,Landesliga,Landesliga Senioren (320),17292,4,0,0,0,0,0,0,0,0,0.0,,fussball.de
505,SG Altona,Hamburger Handballverband,Hamburger Handballverband,7,Landesliga,Landesliga Männer Gruppe 1 (121),13427,8,0,0,0,0,0,0,0,0,0.0,,fussball.de
506,SG HT16/SC Eilbek,Hamburger Handballverband,Hamburger Handballverband,7,Landesliga,Landesliga Männer Gruppe 2 (122),13428,8,0,0,0,0,0,0,0,0,0.0,,fussball.de
507,SG Hamburg-Nord III,Hamburger Handballverband,Hamburger Handballverband,7,Landesliga,Landesliga Männer Gruppe 1 (121),13427,9,0,0,0,0,0,0,0,0,0.0,,fussball.de
508,SG Hamburg-Nord IV,Hamburger Handballverband,Hamburger Handballverband,7,Landesliga,Landesliga Männer Gruppe 2 (122),13428,9,0,0,0,0,0,0,0,0,0.0,,fussball.de
509,SG Hamburg-Nord Ü40,Hamburger Handballverband,Hamburger Handballverband,7,Landesliga,Landesliga Senioren (320),17292,5,0,0,0,0,0,0,0,0,0.0,,fussball.de
510,SG Harburg,Hamburger Handballverband,Hamburger Handballverband,7,Landesliga,Landesliga Männer Gruppe 2 (122),13428,10,0,0,0,0,0,0,0,0,0.0,,fussball.de
511,TH Eilbeck II,Hamburger Handballverband,Hamburger Handballverband,7,Landesliga,Landesliga Männer Gruppe 1 (121),13427,10,0,0,0,0,0,0,0,0,0.0,,fussball.de
512,TH Eilbeck III,Hamburger Handballverband,Hamburger Handballverband,7,Landesliga,Landesliga Männer Gruppe 2 (122),13428,11,0,0,0,0,0,0,0,0,0.0,,fussball.de
513,TSC Wellingsbüttel,Hamburger Handballverband,Hamburger Handballverband,7,Landesliga,Landesliga Männer Gruppe 2 (122),13428,12,0,0,0,0,0,0,0,0,0.0,,fussball.de
514,TSC Wellingsbüttel Ü40,Hamburger Handballverband,Hamburger Handballverband,7,Landesliga,Landesliga Senioren (320),17292,6,0,0,0,0,0,0,0,0,0.0,,fussball.de
515,TSV Ellerbek III,Hamburger Handballverband,Hamburger Handballverband,7,Landesliga,Landesliga Männer Gruppe 1 (121),13427,11,0,0,0,0,0,0,0,0,0.0,,fussball.de
516,TSV Hohenhorst Ü40,Hamburger Handballverband,Hamburger Handballverband,7,Landesliga,Landesliga Senioren (320),17292,7,0,0,0,0,0,0,0,0,0.0,,fussball.de
517,TSV Uetersen II,Hamburger Handballverband,Hamburger Handballverband,7,Landesliga,Landesliga Männer Gruppe 1 (121),13427,12,0,0,0,0,0,0,0,0,0.0,,fussball.de
518,Walddörfer SV Ü40,Hamburger Handballverband,Hamburger Handballverband,7,Landesliga,Landesliga Senioren (320),17292,8,0,0,0,0,0,0,0,0,0.0,,fussball.de
519,HSG 91 Nortorf,Handball-Erwachsene DER Kreishandballverbände IN Schleswig-Holstein,Handball-Erwachsene DER Kreishandballverbände IN Schleswig-Holstein,8,Bezirksoberliga / Kreisoberliga / Regionsoberliga,Kreisoberliga Männer Nord,12961,1,1,1,0,0,33,17,16,2,2.0,,fussball.de
520,TSV Gross Grönau,Handball-Erwachsene DER Kreishandballverbände IN Schleswig-Holstein,Handball-Erwachsene DER Kreishandballverbände IN Schleswig-Holstein,8,Bezirksoberliga / Kreisoberliga / Regionsoberliga,Kreisoberliga Männer Süd,12964,1,1,1,0,0,34,19,15,2,2.0,,fussball.de
521,HSG Schülp/Westerrönfeld/Rendsburg II,Handball-Erwachsene DER Kreishandballverbände IN Schleswig-Holstein,Handball-Erwachsene DER Kreishandballverbände IN Schleswig-Holstein,8,Bezirksoberliga / Kreisoberliga / Regionsoberliga,Kreisoberliga Männer Nord,12961,2,1,1,0,0,39,29,10,2,2.0,,fussball.de
522,TUS Neuhofen,Handballverband Rheinhessen-Pfalz,Handballverband Rheinhessen-Pfalz,8,Bezirksoberliga / Kreisoberliga / Regionsoberliga,M-BOL 2,12483,1,1,1,0,0,33,23,10,2,2.0,,fussball.de
523,HSG Mutterstadt/Ruchheim,Handballverband Rheinhessen-Pfalz,Handballverband Rheinhessen-Pfalz,8,Bezirksoberliga / Kreisoberliga / Regionsoberliga,M-BOL 1,12482,2,1,1,0,0,31,23,8,2,2.0,,fussball.de
524,SG Handball Neumünster,Handball-Erwachsene DER Kreishandballverbände IN Schleswig-Holstein,Handball-Erwachsene DER Kreishandballverbände IN Schleswig-Holstein,8,Bezirksoberliga / Kreisoberliga / Regionsoberliga,Kreisoberliga Männer West,12963,1,1,1,0,0,30,22,8,2,2.0,,fussball.de
525,HSG Fockbek/Nübbel/Alt Duvenstedt,Handball-Erwachsene DER Kreishandballverbände IN Schleswig-Holstein,Handball-Erwachsene DER Kreishandballverbände IN Schleswig-Holstein,8,Bezirksoberliga / Kreisoberliga / Regionsoberliga,Kreisoberliga Männer Nord,12961,3,1,1,0,0,35,28,7,2,2.0,,fussball.de
526,MSG Iggelheim/Meckenheim 2,Handballverband Rheinhessen-Pfalz,Handballverband Rheinhessen-Pfalz,8,Bezirksoberliga / Kreisoberliga / Regionsoberliga,M-BOL 2,12483,2,1,1,0,0,34,27,7,2,2.0,,fussball.de
527,HSG WABO 2011,Handball-Erwachsene DER Kreishandballverbände IN Schleswig-Holstein,Handball-Erwachsene DER Kreishandballverbände IN Schleswig-Holstein,8,Bezirksoberliga / Kreisoberliga / Regionsoberliga,Kreisoberliga Männer Ost,12962,1,1,1,0,0,33,27,6,2,2.0,,fussball.de
528,MSG Niederfeld/Oggersheim,Handballverband Rheinhessen-Pfalz,Handballverband Rheinhessen-Pfalz,8,Bezirksoberliga / Kreisoberliga / Regionsoberliga,M-BOL 2,12483,3,1,1,0,0,31,26,5,2,2.0,,fussball.de
529,HSG Kremperheide/Münsterdorf II,Handball-Erwachsene DER Kreishandballverbände IN Schleswig-Holstein,Handball-Erwachsene DER Kreishandballverbände IN Schleswig-Holstein,8,Bezirksoberliga / Kreisoberliga / Regionsoberliga,Kreisoberliga Männer West,12963,2,1,1,0,0,28,23,5,2,2.0,,fussball.de
530,SG Kollmar/Neuendorf,Handball-Erwachsene DER Kreishandballverbände IN Schleswig-Holstein,Handball-Erwachsene DER Kreishandballverbände IN Schleswig-Holstein,8,Bezirksoberliga / Kreisoberliga / Regionsoberliga,Kreisoberliga Männer West,12963,3,1,1,0,0,32,28,4,2,2.0,,fussball.de
531,HSG Worms,Handballverband Rheinhessen-Pfalz,Handballverband Rheinhessen-Pfalz,8,Bezirksoberliga / Kreisoberliga / Regionsoberliga,M-BOL 1,12482,3,1,1,0,0,32,29,3,2,2.0,,fussball.de
532,MTV Lübeck III,Handball-Erwachsene DER Kreishandballverbände IN Schleswig-Holstein,Handball-Erwachsene DER Kreishandballverbände IN Schleswig-Holstein,8,Bezirksoberliga / Kreisoberliga / Regionsoberliga,Kreisoberliga Männer Süd,12964,2,1,1,0,0,32,29,3,2,2.0,,fussball.de
533,HSG Landau/Land 2,Handballverband Rheinhessen-Pfalz,Handballverband Rheinhessen-Pfalz,8,Bezirksoberliga / Kreisoberliga / Regionsoberliga,M-BOL 2,12483,4,1,1,0,0,24,21,3,2,2.0,,fussball.de
534,HSG 24109,Handball-Erwachsene DER Kreishandballverbände IN Schleswig-Holstein,Handball-Erwachsene DER Kreishandballverbände IN Schleswig-Holstein,8,Bezirksoberliga / Kreisoberliga / Regionsoberliga,Kreisoberliga Männer Ost,12962,2,1,1,0,0,21,18,3,2,2.0,,fussball.de
535,SG Saulheim 2,Handballverband Rheinhessen-Pfalz,Handballverband Rheinhessen-Pfalz,8,Bezirksoberliga / Kreisoberliga / Regionsoberliga,M-BOL 1,12482,1,2,2,0,0,33,28,5,4,2.0,,fussball.de
536,HSG Holsteinische Schweiz II,Handball-Erwachsene DER Kreishandballverbände IN Schleswig-Holstein,Handball-Erwachsene DER Kreishandballverbände IN Schleswig-Holstein,8,Bezirksoberliga / Kreisoberliga / Regionsoberliga,Kreisoberliga Männer Süd,12964,3,1,1,0,0,33,31,2,2,2.0,,fussball.de
537,TuS Aumühle-Wohltorf II,Handball-Erwachsene DER Kreishandballverbände IN Schleswig-Holstein,Handball-Erwachsene DER Kreishandballverbände IN Schleswig-Holstein,8,Bezirksoberliga / Kreisoberliga / Regionsoberliga,Kreisoberliga Männer Süd,12964,4,1,1,0,0,28,26,2,2,2.0,,fussball.de
538,Suchsdorfer SV,Handball-Erwachsene DER Kreishandballverbände IN Schleswig-Holstein,Handball-Erwachsene DER Kreishandballverbände IN Schleswig-Holstein,8,Bezirksoberliga / Kreisoberliga / Regionsoberliga,Kreisoberliga Männer Ost,12962,3,1,1,0,0,27,25,2,2,2.0,,fussball.de
539,SG Dithmarschen SÜD,Handball-Erwachsene DER Kreishandballverbände IN Schleswig-Holstein,Handball-Erwachsene DER Kreishandballverbände IN Schleswig-Holstein,8,Bezirksoberliga / Kreisoberliga / Regionsoberliga,Kreisoberliga Männer West,12963,4,1,1,0,0,24,22,2,2,2.0,,fussball.de
540,TSV Weddingstedt II,Handball-Erwachsene DER Kreishandballverbände IN Schleswig-Holstein,Handball-Erwachsene DER Kreishandballverbände IN Schleswig-Holstein,8,Bezirksoberliga / Kreisoberliga / Regionsoberliga,Kreisoberliga Männer West,12963,5,1,1,0,0,30,29,1,2,2.0,,fussball.de
541,TS Rodalben M1,Handballverband Rheinhessen-Pfalz,Handballverband Rheinhessen-Pfalz,8,Bezirksoberliga / Kreisoberliga / Regionsoberliga,M-BOL 2,12483,5,1,1,0,0,28,27,1,2,2.0,,fussball.de
542,HSG Rhein-Nahe Bingen 2,Handballverband Rheinhessen-Pfalz,Handballverband Rheinhessen-Pfalz,8,Bezirksoberliga / Kreisoberliga / Regionsoberliga,M-BOL 1,12482,4,1,1,0,0,26,25,1,2,2.0,,fussball.de
543,DHK Flensborg II,Handball-Erwachsene DER Kreishandballverbände IN Schleswig-Holstein,Handball-Erwachsene DER Kreishandballverbände IN Schleswig-Holstein,8,Bezirksoberliga / Kreisoberliga / Regionsoberliga,Kreisoberliga Männer Nord,12961,4,1,1,0,0,23,22,1,2,2.0,,fussball.de
544,HC Einheit Plauen II,HR Südwestsachsen,HR Südwestsachsen,8,Bezirksoberliga / Kreisoberliga / Regionsoberliga,ROL Männer · HR Südwestsachsen,12709,1,1,0,1,0,0,0,0,1,1.0,,fussball.de
545,HSV Rheydt,HK Krefeld-Grenzland,HK Krefeld-Grenzland,8,Bezirksoberliga / Kreisoberliga / Regionsoberliga,BOL Männer,15673,1,1,0,1,0,0,0,0,1,1.0,,fussball.de
546,TV Beckrath 1898 E.V.,HK Krefeld-Grenzland,HK Krefeld-Grenzland,8,Bezirksoberliga / Kreisoberliga / Regionsoberliga,BOL Männer,15673,2,1,0,1,0,0,0,0,1,1.0,,fussball.de
547,USG Chemnitz,HR Südwestsachsen,HR Südwestsachsen,8,Bezirksoberliga / Kreisoberliga / Regionsoberliga,ROL Männer · HR Südwestsachsen,12709,2,1,0,1,0,0,0,0,1,1.0,,fussball.de
548,1. HC Quickborn,Hamburger Handballverband,Hamburger Handballverband,8,Bezirksoberliga / Kreisoberliga / Regionsoberliga,Bezirksoberliga Männer Gruppe 1 (131),13431,1,0,0,0,0,0,0,0,0,0.0,,fussball.de
549,2.Herren,Hamburger Handballverband,Hamburger Handballverband,8,Bezirksoberliga / Kreisoberliga / Regionsoberliga,Bezirksoberliga Männer Gruppe 4 (134),13436,1,0,0,0,0,0,0,0,0,0.0,,fussball.de
550,ASC Dortmund II,KÜS Ruhrgebiet SÜD,KÜS Ruhrgebiet SÜD,8,Bezirksoberliga / Kreisoberliga / Regionsoberliga,KÜS Bezirksliga Mitte,14340,1,0,0,0,0,0,0,0,0,0.0,,fussball.de
551,ASV Senden II,Handballkreis Münsterland,Handballkreis Münsterland,8,Bezirksoberliga / Kreisoberliga / Regionsoberliga,Bezirksliga Münsterland Männer,13224,1,0,0,0,0,0,0,0,0,0.0,,fussball.de
552,ATV Biesel,HK Krefeld-Grenzland,HK Krefeld-Grenzland,8,Bezirksoberliga / Kreisoberliga / Regionsoberliga,BOL Männer,15673,3,0,0,0,0,0,0,0,0,0.0,,fussball.de
553,ATV Biesel II,HK Krefeld-Grenzland,HK Krefeld-Grenzland,8,Bezirksoberliga / Kreisoberliga / Regionsoberliga,BOL Männer,15673,4,0,0,0,0,0,0,0,0,0.0,,fussball.de
554,Adler Königshof 2M,HK Krefeld-Grenzland,HK Krefeld-Grenzland,8,Bezirksoberliga / Kreisoberliga / Regionsoberliga,BOL Männer,15673,5,0,0,0,0,0,0,0,0,0.0,,fussball.de
555,Ahrensburger TSV II,Hamburger Handballverband,Hamburger Handballverband,8,Bezirksoberliga / Kreisoberliga / Regionsoberliga,Bezirksoberliga Männer Staffel 3 (133),13437,1,0,0,0,0,0,0,0,0,0.0,,fussball.de
556,Allgemeiner Sportverein Hamm-Westfalen e.V. III,Handballkreis Hellweg,Handballkreis Hellweg,8,Bezirksoberliga / Kreisoberliga / Regionsoberliga,Männer Bezirksliga HKH,12662,1,0,0,0,0,0,0,0,0,0.0,,fussball.de
557,Alstadener TUS II,HK Rhein-Ruhr,HK Rhein-Ruhr,8,Bezirksoberliga / Kreisoberliga / Regionsoberliga,REGIONSOBERLIGA MÄNNER,12778,1,0,0,0,0,0,0,0,0,0.0,,fussball.de
558,BSG Wismut AUE,HR Südwestsachsen,HR Südwestsachsen,8,Bezirksoberliga / Kreisoberliga / Regionsoberliga,ROL Männer · HR Südwestsachsen,12709,3,0,0,0,0,0,0,0,0,0.0,,fussball.de
559,BSV Limbach-O. II,HR Südwestsachsen,HR Südwestsachsen,8,Bezirksoberliga / Kreisoberliga / Regionsoberliga,ROL Männer · HR Südwestsachsen,12709,4,0,0,0,0,0,0,0,0,0.0,,fussball.de
560,BTB Aachen IV,HK Aachen-Düren,HK Aachen-Düren,8,Bezirksoberliga / Kreisoberliga / Regionsoberliga,Regionsoberliga,14717,1,0,0,0,0,0,0,0,0,0.0,,fussball.de
561,Barmstedter MTV II,Hamburger Handballverband,Hamburger Handballverband,8,Bezirksoberliga / Kreisoberliga / Regionsoberliga,Bezirksoberliga Männer Gruppe 1 (131),13431,2,0,0,0,0,0,0,0,0,0.0,,fussball.de
562,Bergische Panther III,HK Essen,HK Essen,8,Bezirksoberliga / Kreisoberliga / Regionsoberliga,Staffel Süd - BEZIRKSOBERLIGA / KREISOBERLIGA / REGIONSOBERLIGA Männer ( HK Essen),16008,1,0,0,0,0,0,0,0,0,0.0,,fussball.de
563,Bergischer HC,HK Essen,HK Essen,8,Bezirksoberliga / Kreisoberliga / Regionsoberliga,Staffel Süd - BEZIRKSOBERLIGA / KREISOBERLIGA / REGIONSOBERLIGA Männer ( HK Essen),16008,2,0,0,0,0,0,0,0,0,0.0,,fussball.de
564,Burgstädter HC,HR Südwestsachsen,HR Südwestsachsen,8,Bezirksoberliga / Kreisoberliga / Regionsoberliga,ROL Männer · HR Südwestsachsen,12709,5,0,0,0,0,0,0,0,0,0.0,,fussball.de
565,CVJM Oberwiehl II,HK Oberberg,HK Oberberg,8,Bezirksoberliga / Kreisoberliga / Regionsoberliga,Regionsoberliga Männer · HK Oberberg,12955,1,0,0,0,0,0,0,0,0,0.0,,fussball.de
566,CVJM Waldbröl,HK Oberberg,HK Oberberg,8,Bezirksoberliga / Kreisoberliga / Regionsoberliga,Regionsoberliga Männer · HK Oberberg,12955,2,0,0,0,0,0,0,0,0,0.0,,fussball.de
567,Croatia Hamburg,Hamburger Handballverband,Hamburger Handballverband,8,Bezirksoberliga / Kreisoberliga / Regionsoberliga,Bezirksoberliga Männer Gruppe 4 (134),13436,2,0,0,0,0,0,0,0,0,0.0,,fussball.de
568,Cronenberger TG II,HK Essen,HK Essen,8,Bezirksoberliga / Kreisoberliga / Regionsoberliga,Staffel Nord- BEZIRKSOBERLIGA / KREISOBERLIGA / REGIONSOBERLIGA Männer ( HK Essen),16926,1,0,0,0,0,0,0,0,0,0.0,,fussball.de
569,Cronenberger TG III,HK Essen,HK Essen,8,Bezirksoberliga / Kreisoberliga / Regionsoberliga,Staffel Süd - BEZIRKSOBERLIGA / KREISOBERLIGA / REGIONSOBERLIGA Männer ( HK Essen),16008,3,0,0,0,0,0,0,0,0,0.0,,fussball.de
570,DJK GRÜN Weiss Werden 2.M,HK Essen,HK Essen,8,Bezirksoberliga / Kreisoberliga / Regionsoberliga,Staffel Nord- BEZIRKSOBERLIGA / KREISOBERLIGA / REGIONSOBERLIGA Männer ( HK Essen),16926,2,0,0,0,0,0,0,0,0,0.0,,fussball.de
571,DJK SG Boesperde II,KÜS Ruhrgebiet SÜD,KÜS Ruhrgebiet SÜD,8,Bezirksoberliga / Kreisoberliga / Regionsoberliga,KÜS Bezirksliga Mitte,14340,2,0,0,0,0,0,0,0,0,0.0,,fussball.de
572,DJK Tura 05 Dümpten,HK Rhein-Ruhr,HK Rhein-Ruhr,8,Bezirksoberliga / Kreisoberliga / Regionsoberliga,REGIONSOBERLIGA MÄNNER,12778,2,0,0,0,0,0,0,0,0,0.0,,fussball.de
573,DJK VFR Mülheim Saarn II,HK Rhein-Ruhr,HK Rhein-Ruhr,8,Bezirksoberliga / Kreisoberliga / Regionsoberliga,REGIONSOBERLIGA MÄNNER,12778,3,0,0,0,0,0,0,0,0,0.0,,fussball.de
574,DJK Welper,KÜS Ruhrgebiet SÜD,KÜS Ruhrgebiet SÜD,8,Bezirksoberliga / Kreisoberliga / Regionsoberliga,KÜS Bezirksliga Ruhrgebiet,14338,1,0,0,0,0,0,0,0,0,0.0,,fussball.de
575,DJK Winfried Huttrop,HK Essen,HK Essen,8,Bezirksoberliga / Kreisoberliga / Regionsoberliga,Staffel Nord- BEZIRKSOBERLIGA / KREISOBERLIGA / REGIONSOBERLIGA Männer ( HK Essen),16926,3,0,0,0,0,0,0,0,0,0.0,,fussball.de
576,DJK/MJC Trier II,Mosel/Eifel-Nahe/Hunsrück,Mosel/Eifel-Nahe/Hunsrück,8,Bezirksoberliga / Kreisoberliga / Regionsoberliga,Bezirksoberliga Mosel/Eifel-Nahe/Hunsrück,14543,1,0,0,0,0,0,0,0,0,0.0,,fussball.de
577,ESV Dresden II,HR Sachsen-Mitte,HR Sachsen-Mitte,8,Bezirksoberliga / Kreisoberliga / Regionsoberliga,ROL Männer,13101,1,0,0,0,0,0,0,0,0,0.0,,fussball.de
578,ETV Hamburg II,Hamburger Handballverband,Hamburger Handballverband,8,Bezirksoberliga / Kreisoberliga / Regionsoberliga,Bezirksoberliga Männer Staffel 3 (133),13437,2,0,0,0,0,0,0,0,0,0.0,,fussball.de
579,ETV Hamburg III,Hamburger Handballverband,Hamburger Handballverband,8,Bezirksoberliga / Kreisoberliga / Regionsoberliga,Bezirksoberliga Männer Gruppe 2 (132),13433,1,0,0,0,0,0,0,0,0,0.0,,fussball.de
580,Eagles Niederrhein II,HK Krefeld-Grenzland,HK Krefeld-Grenzland,8,Bezirksoberliga / Kreisoberliga / Regionsoberliga,BOL Männer,15673,6,0,0,0,0,0,0,0,0,0.0,,fussball.de
581,Elmshorner HT,Hamburger Handballverband,Hamburger Handballverband,8,Bezirksoberliga / Kreisoberliga / Regionsoberliga,Bezirksoberliga Männer Gruppe 1 (131),13431,3,0,0,0,0,0,0,0,0,0.0,,fussball.de
582,Eschweiler SG II,HK Aachen-Düren,HK Aachen-Düren,8,Bezirksoberliga / Kreisoberliga / Regionsoberliga,Regionsoberliga,14717,2,0,0,0,0,0,0,0,0,0.0,,fussball.de
583,FC St. Pauli IV,Hamburger Handballverband,Hamburger Handballverband,8,Bezirksoberliga / Kreisoberliga / Regionsoberliga,Bezirksoberliga Männer Staffel 3 (133),13437,3,0,0,0,0,0,0,0,0,0.0,,fussball.de
584,FC St. Pauli V,Hamburger Handballverband,Hamburger Handballverband,8,Bezirksoberliga / Kreisoberliga / Regionsoberliga,Bezirksoberliga Männer Gruppe 2 (132),13433,2,0,0,0,0,0,0,0,0,0.0,,fussball.de
585,FT Vorwärts KIEL,Handball-Erwachsene DER Kreishandballverbände IN Schleswig-Holstein,Handball-Erwachsene DER Kreishandballverbände IN Schleswig-Holstein,8,Bezirksoberliga / Kreisoberliga / Regionsoberliga,Kreisoberliga Männer Ost,12962,4,0,0,0,0,0,0,0,0,0.0,,fussball.de
586,Fortschritt Mittweida,HR Südwestsachsen,HR Südwestsachsen,8,Bezirksoberliga / Kreisoberliga / Regionsoberliga,ROL Männer · HR Südwestsachsen,12709,6,0,0,0,0,0,0,0,0,0.0,,fussball.de
587,GW Mendig II,Rhein/Westerwald,Rhein/Westerwald,8,Bezirksoberliga / Kreisoberliga / Regionsoberliga,Bezirksoberliga Rhein/Westerwald,13124,1,0,0,0,0,0,0,0,0,0.0,,fussball.de
588,Gettorfer TV,Handball-Erwachsene DER Kreishandballverbände IN Schleswig-Holstein,Handball-Erwachsene DER Kreishandballverbände IN Schleswig-Holstein,8,Bezirksoberliga / Kreisoberliga / Regionsoberliga,Kreisoberliga Männer Ost,12962,5,0,0,0,0,0,0,0,0,0.0,,fussball.de
589,Godesberger TV,HK Bonn-Euskirchen-Sieg,HK Bonn-Euskirchen-Sieg,8,Bezirksoberliga / Kreisoberliga / Regionsoberliga,Kreisoberliga Männer,12899,1,0,0,0,0,0,0,0,0,0.0,,fussball.de
590,HBD Löwen Oberberg II,HK Oberberg,HK Oberberg,8,Bezirksoberliga / Kreisoberliga / Regionsoberliga,Regionsoberliga Männer · HK Oberberg,12955,3,0,0,0,0,0,0,0,0,0.0,,fussball.de
591,HC Elbflorenz 2006 III,HR Sachsen-Mitte,HR Sachsen-Mitte,8,Bezirksoberliga / Kreisoberliga / Regionsoberliga,ROL Männer,13101,2,0,0,0,0,0,0,0,0,0.0,,fussball.de
592,HC Essen West II,HK Essen,HK Essen,8,Bezirksoberliga / Kreisoberliga / Regionsoberliga,Staffel Nord- BEZIRKSOBERLIGA / KREISOBERLIGA / REGIONSOBERLIGA Männer ( HK Essen),16926,4,0,0,0,0,0,0,0,0,0.0,,fussball.de
593,HC Gelpe/Strombach III,HK Oberberg,HK Oberberg,8,Bezirksoberliga / Kreisoberliga / Regionsoberliga,Regionsoberliga Männer · HK Oberberg,12955,4,0,0,0,0,0,0,0,0,0.0,,fussball.de
594,HC Grossenhain,HR Sachsen-Mitte,HR Sachsen-Mitte,8,Bezirksoberliga / Kreisoberliga / Regionsoberliga,ROL Männer,13101,3,0,0,0,0,0,0,0,0,0.0,,fussball.de
595,HC Heeren-Werve E.V.,Handballkreis Hellweg,Handballkreis Hellweg,8,Bezirksoberliga / Kreisoberliga / Regionsoberliga,Männer Bezirksliga HKH,12662,2,0,0,0,0,0,0,0,0,0.0,,fussball.de
596,HC Koblenz III,Rhein/Westerwald,Rhein/Westerwald,8,Bezirksoberliga / Kreisoberliga / Regionsoberliga,Bezirksoberliga Rhein/Westerwald,13124,2,0,0,0,0,0,0,0,0,0.0,,fussball.de
597,HC Sterkrade 75,HK Rhein-Ruhr,HK Rhein-Ruhr,8,Bezirksoberliga / Kreisoberliga / Regionsoberliga,REGIONSOBERLIGA MÄNNER,12778,4,0,0,0,0,0,0,0,0,0.0,,fussball.de
598,HC TV Rhede II,HK Wesel,HK Wesel,8,Bezirksoberliga / Kreisoberliga / Regionsoberliga,Regionsoberliga Männer,13063,1,0,0,0,0,0,0,0,0,0.0,,fussball.de
599,HC Treia/Jübek II,Handball-Erwachsene DER Kreishandballverbände IN Schleswig-Holstein,Handball-Erwachsene DER Kreishandballverbände IN Schleswig-Holstein,8,Bezirksoberliga / Kreisoberliga / Regionsoberliga,Kreisoberliga Männer Nord,12961,5,0,0,0,0,0,0,0,0,0.0,,fussball.de
600,HC Weiden IV,HK Aachen-Düren,HK Aachen-Düren,8,Bezirksoberliga / Kreisoberliga / Regionsoberliga,Regionsoberliga,14717,3,0,0,0,0,0,0,0,0,0.0,,fussball.de
601,HG Hamburg-Barmbek IV,Hamburger Handballverband,Hamburger Handballverband,8,Bezirksoberliga / Kreisoberliga / Regionsoberliga,Bezirksoberliga Männer Gruppe 4 (134),13436,3,0,0,0,0,0,0,0,0,0.0,,fussball.de
602,HG Hamburg-Barmbek IV,Hamburger Handballverband,Hamburger Handballverband,8,Bezirksoberliga / Kreisoberliga / Regionsoberliga,Bezirksoberliga Männer Staffel 3 (133),13437,4,0,0,0,0,0,0,0,0,0.0,,fussball.de
603,HG Hamburg-Barmbek IV,Hamburger Handballverband,Hamburger Handballverband,8,Bezirksoberliga / Kreisoberliga / Regionsoberliga,Bezirksoberliga Männer Staffel 3 (133),13437,5,0,0,0,0,0,0,0,0,0.0,,fussball.de
604,HG Kaarst / Büttgen,HK Krefeld-Grenzland,HK Krefeld-Grenzland,8,Bezirksoberliga / Kreisoberliga / Regionsoberliga,BOL Männer,15673,7,0,0,0,0,0,0,0,0,0.0,,fussball.de
605,HGV Hürth-Gleuel,HK Köln-Rheinberg,HK Köln-Rheinberg,8,Bezirksoberliga / Kreisoberliga / Regionsoberliga,Regionsoberliga Männer · HK Köln-Rheinberg,12887,1,0,0,0,0,0,0,0,0,0.0,,fussball.de
606,HSC Haltern-Sythen 2,KÜS Ruhrgebiet SÜD,KÜS Ruhrgebiet SÜD,8,Bezirksoberliga / Kreisoberliga / Regionsoberliga,KÜS Bezirksliga Ruhrgebiet,14338,2,0,0,0,0,0,0,0,0,0.0,,fussball.de
607,HSC IGEL II,Mosel/Eifel-Nahe/Hunsrück,Mosel/Eifel-Nahe/Hunsrück,8,Bezirksoberliga / Kreisoberliga / Regionsoberliga,Bezirksoberliga Mosel/Eifel-Nahe/Hunsrück,14543,2,0,0,0,0,0,0,0,0,0.0,,fussball.de
608,HSC Ingelheim,Handballverband Rheinhessen-Pfalz,Handballverband Rheinhessen-Pfalz,8,Bezirksoberliga / Kreisoberliga / Regionsoberliga,M-BOL 1,12482,5,0,0,0,0,0,0,0,0,0.0,,fussball.de
609,HSG AM Hallo Essen 2.M,HK Essen,HK Essen,8,Bezirksoberliga / Kreisoberliga / Regionsoberliga,Staffel Nord- BEZIRKSOBERLIGA / KREISOBERLIGA / REGIONSOBERLIGA Männer ( HK Essen),16926,5,0,0,0,0,0,0,0,0,0.0,,fussball.de
610,HSG Ascheberg/Drensteinfurt 1.Herren,Handballkreis Münsterland,Handballkreis Münsterland,8,Bezirksoberliga / Kreisoberliga / Regionsoberliga,Bezirksliga Münsterland Männer,13224,2,0,0,0,0,0,0,0,0,0.0,,fussball.de
611,HSG Bergedorf/Vm II,Hamburger Handballverband,Hamburger Handballverband,8,Bezirksoberliga / Kreisoberliga / Regionsoberliga,Bezirksoberliga Männer Gruppe 4 (134),13436,4,0,0,0,0,0,0,0,0,0.0,,fussball.de
612,HSG Duisburg-Süd Senioren,HK Rhein-Ruhr,HK Rhein-Ruhr,8,Bezirksoberliga / Kreisoberliga / Regionsoberliga,REGIONSOBERLIGA MÄNNER,12778,5,0,0,0,0,0,0,0,0,0.0,,fussball.de
613,HSG Elbvororte 3,Hamburger Handballverband,Hamburger Handballverband,8,Bezirksoberliga / Kreisoberliga / Regionsoberliga,Bezirksoberliga Männer Gruppe 1 (131),13431,4,0,0,0,0,0,0,0,0,0.0,,fussball.de
614,HSG Freiberg III,HR Südwestsachsen,HR Südwestsachsen,8,Bezirksoberliga / Kreisoberliga / Regionsoberliga,ROL Männer · HR Südwestsachsen,12709,7,0,0,0,0,0,0,0,0,0.0,,fussball.de
615,HSG Geislar-Oberkassel II,HK Bonn-Euskirchen-Sieg,HK Bonn-Euskirchen-Sieg,8,Bezirksoberliga / Kreisoberliga / Regionsoberliga,Kreisoberliga Männer,12899,2,0,0,0,0,0,0,0,0,0.0,,fussball.de
616,HSG Gevelsberg Silschede 2,KÜS Ruhrgebiet SÜD,KÜS Ruhrgebiet SÜD,8,Bezirksoberliga / Kreisoberliga / Regionsoberliga,KÜS Bezirksliga Ruhrgebiet,14338,3,0,0,0,0,0,0,0,0,0.0,,fussball.de
617,HSG Hald/Mehrh/Isselb,HK Wesel,HK Wesel,8,Bezirksoberliga / Kreisoberliga / Regionsoberliga,Regionsoberliga Männer,13063,2,0,0,0,0,0,0,0,0,0.0,,fussball.de
618,HSG Hattingen-Sprockhövel 2,KÜS Ruhrgebiet SÜD,KÜS Ruhrgebiet SÜD,8,Bezirksoberliga / Kreisoberliga / Regionsoberliga,KÜS Bezirksliga Ruhrgebiet,14338,4,0,0,0,0,0,0,0,0,0.0,,fussball.de
619,HSG Herdecke/Ende II,KÜS Ruhrgebiet SÜD,KÜS Ruhrgebiet SÜD,8,Bezirksoberliga / Kreisoberliga / Regionsoberliga,KÜS Bezirksliga Mitte,14340,3,0,0,0,0,0,0,0,0,0.0,,fussball.de
620,HSG Hiesfeld/Aldenrade III,HK Wesel,HK Wesel,8,Bezirksoberliga / Kreisoberliga / Regionsoberliga,Regionsoberliga Männer,13063,3,0,0,0,0,0,0,0,0,0.0,,fussball.de
621,HSG Hohenlimburg,KÜS Ruhrgebiet SÜD,KÜS Ruhrgebiet SÜD,8,Bezirksoberliga / Kreisoberliga / Regionsoberliga,KÜS Bezirklsliga Südwestfalen,14339,1,0,0,0,0,0,0,0,0,0.0,,fussball.de
622,HSG Horchheim/Lahnstein,Rhein/Westerwald,Rhein/Westerwald,8,Bezirksoberliga / Kreisoberliga / Regionsoberliga,Bezirksoberliga Rhein/Westerwald,13124,3,0,0,0,0,0,0,0,0,0.0,,fussball.de
623,HSG Hunsrück III,Mosel/Eifel-Nahe/Hunsrück,Mosel/Eifel-Nahe/Hunsrück,8,Bezirksoberliga / Kreisoberliga / Regionsoberliga,Bezirksoberliga Mosel/Eifel-Nahe/Hunsrück,14543,3,0,0,0,0,0,0,0,0,0.0,,fussball.de
624,HSG Kastellaun-Simmern III,Mosel/Eifel-Nahe/Hunsrück,Mosel/Eifel-Nahe/Hunsrück,8,Bezirksoberliga / Kreisoberliga / Regionsoberliga,Bezirksoberliga Mosel/Eifel-Nahe/Hunsrück,14543,4,0,0,0,0,0,0,0,0,0.0,,fussball.de
625,HSG Lüdenscheid,KÜS Ruhrgebiet SÜD,KÜS Ruhrgebiet SÜD,8,Bezirksoberliga / Kreisoberliga / Regionsoberliga,KÜS Bezirklsliga Südwestfalen,14339,2,0,0,0,0,0,0,0,0,0.0,,fussball.de
626,HSG Marienheide/Müllenbach,HK Oberberg,HK Oberberg,8,Bezirksoberliga / Kreisoberliga / Regionsoberliga,Regionsoberliga Männer · HK Oberberg,12955,5,0,0,0,0,0,0,0,0,0.0,,fussball.de
627,HSG Merkstein II,HK Aachen-Düren,HK Aachen-Düren,8,Bezirksoberliga / Kreisoberliga / Regionsoberliga,Regionsoberliga,14717,4,0,0,0,0,0,0,0,0,0.0,,fussball.de
628,HSG Mönkeberg-Schönkirchen III,Handball-Erwachsene DER Kreishandballverbände IN Schleswig-Holstein,Handball-Erwachsene DER Kreishandballverbände IN Schleswig-Holstein,8,Bezirksoberliga / Kreisoberliga / Regionsoberliga,Kreisoberliga Männer Ost,12962,6,0,0,0,0,0,0,0,0,0.0,,fussball.de
629,HSG NRG 2025,Handballkreis Münsterland,Handballkreis Münsterland,8,Bezirksoberliga / Kreisoberliga / Regionsoberliga,Bezirksliga Münsterland Männer,13224,3,0,0,0,0,0,0,0,0,0.0,,fussball.de
630,HSG Obere Nahe,Mosel/Eifel-Nahe/Hunsrück,Mosel/Eifel-Nahe/Hunsrück,8,Bezirksoberliga / Kreisoberliga / Regionsoberliga,Bezirksoberliga Mosel/Eifel-Nahe/Hunsrück,14543,5,0,0,0,0,0,0,0,0,0.0,,fussball.de
631,HSG Ostsee Neustadt/Grömitz II,Handball-Erwachsene DER Kreishandballverbände IN Schleswig-Holstein,Handball-Erwachsene DER Kreishandballverbände IN Schleswig-Holstein,8,Bezirksoberliga / Kreisoberliga / Regionsoberliga,Kreisoberliga Männer Süd,12964,5,0,0,0,0,0,0,0,0,0.0,,fussball.de
632,HSG Pinnau II,Hamburger Handballverband,Hamburger Handballverband,8,Bezirksoberliga / Kreisoberliga / Regionsoberliga,Bezirksoberliga Männer Gruppe 1 (131),13431,5,0,0,0,0,0,0,0,0,0.0,,fussball.de
633,HSG Preussen/Bor. Münster,Handballkreis Münsterland,Handballkreis Münsterland,8,Bezirksoberliga / Kreisoberliga / Regionsoberliga,Bezirksliga Münsterland Männer,13224,4,0,0,0,0,0,0,0,0,0.0,,fussball.de
634,HSG Rade/Herbeck,HK Essen,HK Essen,8,Bezirksoberliga / Kreisoberliga / Regionsoberliga,Staffel Süd - BEZIRKSOBERLIGA / KREISOBERLIGA / REGIONSOBERLIGA Männer ( HK Essen),16008,4,0,0,0,0,0,0,0,0,0.0,,fussball.de
635,HSG Re/Oe,KÜS Ruhrgebiet SÜD,KÜS Ruhrgebiet SÜD,8,Bezirksoberliga / Kreisoberliga / Regionsoberliga,KÜS Bezirksliga Ruhrgebiet,14338,5,0,0,0,0,0,0,0,0,0.0,,fussball.de
636,HSG Refrath/Hand III,HK Köln-Rheinberg,HK Köln-Rheinberg,8,Bezirksoberliga / Kreisoberliga / Regionsoberliga,Regionsoberliga Männer · HK Köln-Rheinberg,12887,2,0,0,0,0,0,0,0,0,0.0,,fussball.de
637,HSG Römerwall II,Rhein/Westerwald,Rhein/Westerwald,8,Bezirksoberliga / Kreisoberliga / Regionsoberliga,Bezirksoberliga Rhein/Westerwald,13124,4,0,0,0,0,0,0,0,0,0.0,,fussball.de
638,HSG Siebengebirge-Thomasberg III,HK Bonn-Euskirchen-Sieg,HK Bonn-Euskirchen-Sieg,8,Bezirksoberliga / Kreisoberliga / Regionsoberliga,Kreisoberliga Männer,12899,3,0,0,0,0,0,0,0,0,0.0,,fussball.de
639,HSG Sieg H1,HK Bonn-Euskirchen-Sieg,HK Bonn-Euskirchen-Sieg,8,Bezirksoberliga / Kreisoberliga / Regionsoberliga,Kreisoberliga Männer,12899,4,0,0,0,0,0,0,0,0,0.0,,fussball.de
640,HSG Siegerland,KÜS Ruhrgebiet SÜD,KÜS Ruhrgebiet SÜD,8,Bezirksoberliga / Kreisoberliga / Regionsoberliga,KÜS Bezirklsliga Südwestfalen,14339,3,0,0,0,0,0,0,0,0,0.0,,fussball.de
641,HSG Störtal Hummeln,Handball-Erwachsene DER Kreishandballverbände IN Schleswig-Holstein,Handball-Erwachsene DER Kreishandballverbände IN Schleswig-Holstein,8,Bezirksoberliga / Kreisoberliga / Regionsoberliga,Kreisoberliga Männer West,12963,6,0,0,0,0,0,0,0,0,0.0,,fussball.de
642,HSG Südtondern,Handball-Erwachsene DER Kreishandballverbände IN Schleswig-Holstein,Handball-Erwachsene DER Kreishandballverbände IN Schleswig-Holstein,8,Bezirksoberliga / Kreisoberliga / Regionsoberliga,Kreisoberliga Männer Nord,12961,6,0,0,0,0,0,0,0,0,0.0,,fussball.de
643,HSG Tecklenburger LAND II,Handballkreis Münsterland,Handballkreis Münsterland,8,Bezirksoberliga / Kreisoberliga / Regionsoberliga,Bezirksliga Münsterland Männer,13224,5,0,0,0,0,0,0,0,0,0.0,,fussball.de
644,HSG Tills Löwen 08 II,Handball-Erwachsene DER Kreishandballverbände IN Schleswig-Holstein,Handball-Erwachsene DER Kreishandballverbände IN Schleswig-Holstein,8,Bezirksoberliga / Kreisoberliga / Regionsoberliga,Kreisoberliga Männer Süd,12964,6,0,0,0,0,0,0,0,0,0.0,,fussball.de
645,HSG Velbert/Heiligenhaus,HK Essen,HK Essen,8,Bezirksoberliga / Kreisoberliga / Regionsoberliga,Staffel Nord- BEZIRKSOBERLIGA / KREISOBERLIGA / REGIONSOBERLIGA Männer ( HK Essen),16926,6,0,0,0,0,0,0,0,0,0.0,,fussball.de
646,HSG Veruka II,HK Rhein-Ruhr,HK Rhein-Ruhr,8,Bezirksoberliga / Kreisoberliga / Regionsoberliga,REGIONSOBERLIGA MÄNNER,12778,6,0,0,0,0,0,0,0,0,0.0,,fussball.de
647,HSG Westerwald,Rhein/Westerwald,Rhein/Westerwald,8,Bezirksoberliga / Kreisoberliga / Regionsoberliga,Bezirksoberliga Rhein/Westerwald,13124,5,0,0,0,0,0,0,0,0,0.0,,fussball.de
648,HSG Wetter Grundschöttel,KÜS Ruhrgebiet SÜD,KÜS Ruhrgebiet SÜD,8,Bezirksoberliga / Kreisoberliga / Regionsoberliga,KÜS Bezirksliga Mitte,14340,4,0,0,0,0,0,0,0,0,0.0,,fussball.de
649,HSG Wittlich II,Mosel/Eifel-Nahe/Hunsrück,Mosel/Eifel-Nahe/Hunsrück,8,Bezirksoberliga / Kreisoberliga / Regionsoberliga,Bezirksoberliga Mosel/Eifel-Nahe/Hunsrück,14543,6,0,0,0,0,0,0,0,0,0.0,,fussball.de
650,HSV 1923 Pulsnitz II,HR Ostsachsen,HR Ostsachsen,8,Bezirksoberliga / Kreisoberliga / Regionsoberliga,ROL Männer · HR Ostsachsen,13108,1,0,0,0,0,0,0,0,0,0.0,,fussball.de
651,HSV Alzey,Handballverband Rheinhessen-Pfalz,Handballverband Rheinhessen-Pfalz,8,Bezirksoberliga / Kreisoberliga / Regionsoberliga,M-BOL 1,12482,6,0,0,0,0,0,0,0,0,0.0,,fussball.de
652,HSV Bocklemünd,HK Köln-Rheinberg,HK Köln-Rheinberg,8,Bezirksoberliga / Kreisoberliga / Regionsoberliga,Regionsoberliga Männer · HK Köln-Rheinberg,12887,3,0,0,0,0,0,0,0,0,0.0,,fussball.de
653,HSV Dresden II,HR Sachsen-Mitte,HR Sachsen-Mitte,8,Bezirksoberliga / Kreisoberliga / Regionsoberliga,ROL Männer,13101,4,0,0,0,0,0,0,0,0,0.0,,fussball.de
654,HSV Frechen II,HK Köln-Rheinberg,HK Köln-Rheinberg,8,Bezirksoberliga / Kreisoberliga / Regionsoberliga,Regionsoberliga Männer · HK Köln-Rheinberg,12887,4,0,0,0,0,0,0,0,0,0.0,,fussball.de
655,HSV Herbede,KÜS Ruhrgebiet SÜD,KÜS Ruhrgebiet SÜD,8,Bezirksoberliga / Kreisoberliga / Regionsoberliga,KÜS Bezirksliga Ruhrgebiet,14338,6,0,0,0,0,0,0,0,0,0.0,,fussball.de
656,HSV Mölkau - Die Haie,HR Leipzig,HR Leipzig,8,Bezirksoberliga / Kreisoberliga / Regionsoberliga,ROL Männer · HR Leipzig,13114,1,0,0,0,0,0,0,0,0,0.0,,fussball.de
657,HSV Rhein-Nette II,Rhein/Westerwald,Rhein/Westerwald,8,Bezirksoberliga / Kreisoberliga / Regionsoberliga,Bezirksoberliga Rhein/Westerwald,13124,6,0,0,0,0,0,0,0,0,0.0,,fussball.de
658,HSV Sobernheim H1,Handballverband Rheinhessen-Pfalz,Handballverband Rheinhessen-Pfalz,8,Bezirksoberliga / Kreisoberliga / Regionsoberliga,M-BOL 1,12482,7,0,0,0,0,0,0,0,0,0.0,,fussball.de
659,HSV Solingen-Gräfrath 76 e.V.,HK Essen,HK Essen,8,Bezirksoberliga / Kreisoberliga / Regionsoberliga,Staffel Süd - BEZIRKSOBERLIGA / KREISOBERLIGA / REGIONSOBERLIGA Männer ( HK Essen),16008,5,0,0,0,0,0,0,0,0,0.0,,fussball.de
660,HSV Weinböhla II,HR Sachsen-Mitte,HR Sachsen-Mitte,8,Bezirksoberliga / Kreisoberliga / Regionsoberliga,ROL Männer,13101,5,0,0,0,0,0,0,0,0,0.0,,fussball.de
661,HSV Werdohl/Versetal 1972 E.V.,KÜS Ruhrgebiet SÜD,KÜS Ruhrgebiet SÜD,8,Bezirksoberliga / Kreisoberliga / Regionsoberliga,KÜS Bezirklsliga Südwestfalen,14339,4,0,0,0,0,0,0,0,0,0.0,,fussball.de
662,HT Norderstedt IV,Hamburger Handballverband,Hamburger Handballverband,8,Bezirksoberliga / Kreisoberliga / Regionsoberliga,Bezirksoberliga Männer Gruppe 2 (132),13433,3,0,0,0,0,0,0,0,0,0.0,,fussball.de
663,HTS/BW96 Handball IV,Hamburger Handballverband,Hamburger Handballverband,8,Bezirksoberliga / Kreisoberliga / Regionsoberliga,Bezirksoberliga Männer Staffel 3 (133),13437,6,0,0,0,0,0,0,0,0,0.0,,fussball.de
664,HTV Hemer II,KÜS Ruhrgebiet SÜD,KÜS Ruhrgebiet SÜD,8,Bezirksoberliga / Kreisoberliga / Regionsoberliga,KÜS Bezirklsliga Südwestfalen,14339,5,0,0,0,0,0,0,0,0,0.0,,fussball.de
665,HV BöHLEN,HR Leipzig,HR Leipzig,8,Bezirksoberliga / Kreisoberliga / Regionsoberliga,ROL Männer · HR Leipzig,13114,2,0,0,0,0,0,0,0,0,0.0,,fussball.de
666,HV Erftstadt,HK Bonn-Euskirchen-Sieg,HK Bonn-Euskirchen-Sieg,8,Bezirksoberliga / Kreisoberliga / Regionsoberliga,Kreisoberliga Männer,12899,5,0,0,0,0,0,0,0,0,0.0,,fussball.de
667,HV Grüna,HR Südwestsachsen,HR Südwestsachsen,8,Bezirksoberliga / Kreisoberliga / Regionsoberliga,ROL Männer · HR Südwestsachsen,12709,8,0,0,0,0,0,0,0,0,0.0,,fussball.de
668,HVE Villigst-Ergste II,KÜS Ruhrgebiet SÜD,KÜS Ruhrgebiet SÜD,8,Bezirksoberliga / Kreisoberliga / Regionsoberliga,KÜS Bezirksliga Mitte,14340,5,0,0,0,0,0,0,0,0,0.0,,fussball.de
669,HVH Kamenz,HR Ostsachsen,HR Ostsachsen,8,Bezirksoberliga / Kreisoberliga / Regionsoberliga,ROL Männer · HR Ostsachsen,13108,2,0,0,0,0,0,0,0,0,0.0,,fussball.de
670,HVO Cunewalde II,HR Ostsachsen,HR Ostsachsen,8,Bezirksoberliga / Kreisoberliga / Regionsoberliga,ROL Männer · HR Ostsachsen,13108,3,0,0,0,0,0,0,0,0,0.0,,fussball.de
671,Hammer SC 2008 e.V.,Handballkreis Hellweg,Handballkreis Hellweg,8,Bezirksoberliga / Kreisoberliga / Regionsoberliga,Männer Bezirksliga HKH,12662,3,0,0,0,0,0,0,0,0,0.0,,fussball.de
672,Heikendorfer SV,Handball-Erwachsene DER Kreishandballverbände IN Schleswig-Holstein,Handball-Erwachsene DER Kreishandballverbände IN Schleswig-Holstein,8,Bezirksoberliga / Kreisoberliga / Regionsoberliga,Kreisoberliga Männer Ost,12962,7,0,0,0,0,0,0,0,0,0.0,,fussball.de
673,Hildener Wölfe 1m,HK Essen,HK Essen,8,Bezirksoberliga / Kreisoberliga / Regionsoberliga,Staffel Süd - BEZIRKSOBERLIGA / KREISOBERLIGA / REGIONSOBERLIGA Männer ( HK Essen),16008,6,0,0,0,0,0,0,0,0,0.0,,fussball.de
674,Hts/Bw96 Handball II,Hamburger Handballverband,Hamburger Handballverband,8,Bezirksoberliga / Kreisoberliga / Regionsoberliga,Bezirksoberliga Männer Gruppe 2 (132),13433,4,0,0,0,0,0,0,0,0,0.0,,fussball.de
675,Hts/Bw96 Handball III,Hamburger Handballverband,Hamburger Handballverband,8,Bezirksoberliga / Kreisoberliga / Regionsoberliga,Bezirksoberliga Männer Gruppe 1 (131),13431,6,0,0,0,0,0,0,0,0,0.0,,fussball.de
676,Kaller SC 1922,HK Bonn-Euskirchen-Sieg,HK Bonn-Euskirchen-Sieg,8,Bezirksoberliga / Kreisoberliga / Regionsoberliga,Kreisoberliga Männer,12899,6,0,0,0,0,0,0,0,0,0.0,,fussball.de
677,Kevelaerer SV,HK Wesel,HK Wesel,8,Bezirksoberliga / Kreisoberliga / Regionsoberliga,Regionsoberliga Männer,13063,4,0,0,0,0,0,0,0,0,0.0,,fussball.de
678,Koweg Görlitz II,HR Ostsachsen,HR Ostsachsen,8,Bezirksoberliga / Kreisoberliga / Regionsoberliga,ROL Männer · HR Ostsachsen,13108,4,0,0,0,0,0,0,0,0,0.0,,fussball.de
679,LOK Schleife,HR Ostsachsen,HR Ostsachsen,8,Bezirksoberliga / Kreisoberliga / Regionsoberliga,ROL Männer · HR Ostsachsen,13108,5,0,0,0,0,0,0,0,0,0.0,,fussball.de
680,Letmather TV 1877 e.V. I,KÜS Ruhrgebiet SÜD,KÜS Ruhrgebiet SÜD,8,Bezirksoberliga / Kreisoberliga / Regionsoberliga,KÜS Bezirklsliga Südwestfalen,14339,6,0,0,0,0,0,0,0,0,0.0,,fussball.de
681,Longericher SC III,HK Köln-Rheinberg,HK Köln-Rheinberg,8,Bezirksoberliga / Kreisoberliga / Regionsoberliga,Regionsoberliga Männer · HK Köln-Rheinberg,12887,5,0,0,0,0,0,0,0,0,0.0,,fussball.de
682,Luchse Düsseldorf,HK Essen,HK Essen,8,Bezirksoberliga / Kreisoberliga / Regionsoberliga,Staffel Nord- BEZIRKSOBERLIGA / KREISOBERLIGA / REGIONSOBERLIGA Männer ( HK Essen),16926,7,0,0,0,0,0,0,0,0,0.0,,fussball.de
683,MSG Mundenheim/Rheingönheim,Handballverband Rheinhessen-Pfalz,Handballverband Rheinhessen-Pfalz,8,Bezirksoberliga / Kreisoberliga / Regionsoberliga,M-BOL 2,12483,6,0,0,0,0,0,0,0,0,0.0,,fussball.de
684,MSV Duisburg Handball,HK Rhein-Ruhr,HK Rhein-Ruhr,8,Bezirksoberliga / Kreisoberliga / Regionsoberliga,REGIONSOBERLIGA MÄNNER,12778,7,0,0,0,0,0,0,0,0,0.0,,fussball.de
685,MTV Dänischenhagen II,Handball-Erwachsene DER Kreishandballverbände IN Schleswig-Holstein,Handball-Erwachsene DER Kreishandballverbände IN Schleswig-Holstein,8,Bezirksoberliga / Kreisoberliga / Regionsoberliga,Kreisoberliga Männer Ost,12962,8,0,0,0,0,0,0,0,0,0.0,,fussball.de
686,MTV Herzhorn II,Handball-Erwachsene DER Kreishandballverbände IN Schleswig-Holstein,Handball-Erwachsene DER Kreishandballverbände IN Schleswig-Holstein,8,Bezirksoberliga / Kreisoberliga / Regionsoberliga,Kreisoberliga Männer West,12963,7,0,0,0,0,0,0,0,0,0.0,,fussball.de
687,MTV KÖLN 1850 III,HK Köln-Rheinberg,HK Köln-Rheinberg,8,Bezirksoberliga / Kreisoberliga / Regionsoberliga,Regionsoberliga Männer · HK Köln-Rheinberg,12887,6,0,0,0,0,0,0,0,0,0.0,,fussball.de
688,MTV Rheinw Dinslaken II,HK Wesel,HK Wesel,8,Bezirksoberliga / Kreisoberliga / Regionsoberliga,Regionsoberliga Männer,13063,5,0,0,0,0,0,0,0,0,0.0,,fussball.de
689,Medizin BAD Gottleuba,HR Sachsen-Mitte,HR Sachsen-Mitte,8,Bezirksoberliga / Kreisoberliga / Regionsoberliga,ROL Männer,13101,6,0,0,0,0,0,0,0,0,0.0,,fussball.de
690,NSV Gelb-Weiss Görlitz,HR Ostsachsen,HR Ostsachsen,8,Bezirksoberliga / Kreisoberliga / Regionsoberliga,ROL Männer · HR Ostsachsen,13108,6,0,0,0,0,0,0,0,0,0.0,,fussball.de
691,Niederbergischer HC,HK Essen,HK Essen,8,Bezirksoberliga / Kreisoberliga / Regionsoberliga,Staffel Nord- BEZIRKSOBERLIGA / KREISOBERLIGA / REGIONSOBERLIGA Männer ( HK Essen),16926,8,0,0,0,0,0,0,0,0,0.0,,fussball.de
692,Niendorfer TSV,Hamburger Handballverband,Hamburger Handballverband,8,Bezirksoberliga / Kreisoberliga / Regionsoberliga,Bezirksoberliga Männer Gruppe 2 (132),13433,5,0,0,0,0,0,0,0,0,0.0,,fussball.de
693,Ohligser TV 2,HK Essen,HK Essen,8,Bezirksoberliga / Kreisoberliga / Regionsoberliga,Staffel Süd - BEZIRKSOBERLIGA / KREISOBERLIGA / REGIONSOBERLIGA Männer ( HK Essen),16008,7,0,0,0,0,0,0,0,0,0.0,,fussball.de
694,Olympia Fischeln,HK Krefeld-Grenzland,HK Krefeld-Grenzland,8,Bezirksoberliga / Kreisoberliga / Regionsoberliga,BOL Männer,15673,8,0,0,0,0,0,0,0,0,0.0,,fussball.de
695,Polizei SV KÖLN II,HK Köln-Rheinberg,HK Köln-Rheinberg,8,Bezirksoberliga / Kreisoberliga / Regionsoberliga,Regionsoberliga Männer · HK Köln-Rheinberg,12887,7,0,0,0,0,0,0,0,0,0.0,,fussball.de
696,Pulheimer SC II,HK Köln-Rheinberg,HK Köln-Rheinberg,8,Bezirksoberliga / Kreisoberliga / Regionsoberliga,Regionsoberliga Männer · HK Köln-Rheinberg,12887,8,0,0,0,0,0,0,0,0,0.0,,fussball.de
697,RSV Altenbögge-Bönen 1951 e.V. 2. Herren,Handballkreis Hellweg,Handballkreis Hellweg,8,Bezirksoberliga / Kreisoberliga / Regionsoberliga,Männer Bezirksliga HKH,12662,4,0,0,0,0,0,0,0,0,0.0,,fussball.de
698,Radeberger SV II,HR Ostsachsen,HR Ostsachsen,8,Bezirksoberliga / Kreisoberliga / Regionsoberliga,ROL Männer · HR Ostsachsen,13108,7,0,0,0,0,0,0,0,0,0.0,,fussball.de
699,Radebeuler HV II,HR Sachsen-Mitte,HR Sachsen-Mitte,8,Bezirksoberliga / Kreisoberliga / Regionsoberliga,ROL Männer,13101,7,0,0,0,0,0,0,0,0,0.0,,fussball.de
700,Rellinger TV III,Hamburger Handballverband,Hamburger Handballverband,8,Bezirksoberliga / Kreisoberliga / Regionsoberliga,Bezirksoberliga Männer Gruppe 2 (132),13433,6,0,0,0,0,0,0,0,0,0.0,,fussball.de
701,Rellinger TV IV,Hamburger Handballverband,Hamburger Handballverband,8,Bezirksoberliga / Kreisoberliga / Regionsoberliga,Bezirksoberliga Männer Gruppe 1 (131),13431,7,0,0,0,0,0,0,0,0,0.0,,fussball.de
702,Rot-Weiss Sagar,HR Ostsachsen,HR Ostsachsen,8,Bezirksoberliga / Kreisoberliga / Regionsoberliga,ROL Männer · HR Ostsachsen,13108,8,0,0,0,0,0,0,0,0,0.0,,fussball.de
703,Rotation Weissenborn,HR Südwestsachsen,HR Südwestsachsen,8,Bezirksoberliga / Kreisoberliga / Regionsoberliga,ROL Männer · HR Südwestsachsen,12709,9,0,0,0,0,0,0,0,0,0.0,,fussball.de
704,Roter Stern Leipzig,HR Leipzig,HR Leipzig,8,Bezirksoberliga / Kreisoberliga / Regionsoberliga,ROL Männer · HR Leipzig,13114,3,0,0,0,0,0,0,0,0,0.0,,fussball.de
705,SC Alstertal-Langenhorn,Hamburger Handballverband,Hamburger Handballverband,8,Bezirksoberliga / Kreisoberliga / Regionsoberliga,Bezirksoberliga Männer Gruppe 2 (132),13433,7,0,0,0,0,0,0,0,0,0.0,,fussball.de
706,SC Arminia Ochtrup,Handballkreis Münsterland,Handballkreis Münsterland,8,Bezirksoberliga / Kreisoberliga / Regionsoberliga,Bezirksliga Münsterland Männer,13224,6,0,0,0,0,0,0,0,0,0.0,,fussball.de
707,SC BOTTROP 2. Herren,HK Rhein-Ruhr,HK Rhein-Ruhr,8,Bezirksoberliga / Kreisoberliga / Regionsoberliga,REGIONSOBERLIGA MÄNNER,12778,8,0,0,0,0,0,0,0,0,0.0,,fussball.de
708,SC Fortuna Köln II,HK Köln-Rheinberg,HK Köln-Rheinberg,8,Bezirksoberliga / Kreisoberliga / Regionsoberliga,Regionsoberliga Männer · HK Köln-Rheinberg,12887,9,0,0,0,0,0,0,0,0,0.0,,fussball.de
709,SC Ht16/Sc Eilbek II,Hamburger Handballverband,Hamburger Handballverband,8,Bezirksoberliga / Kreisoberliga / Regionsoberliga,Bezirksoberliga Männer Staffel 3 (133),13437,7,0,0,0,0,0,0,0,0,0.0,,fussball.de
710,SC Huckarde RAHM,KÜS Ruhrgebiet SÜD,KÜS Ruhrgebiet SÜD,8,Bezirksoberliga / Kreisoberliga / Regionsoberliga,KÜS Bezirksliga Mitte,14340,6,0,0,0,0,0,0,0,0,0.0,,fussball.de
711,SC Janus KÖLN,HK Köln-Rheinberg,HK Köln-Rheinberg,8,Bezirksoberliga / Kreisoberliga / Regionsoberliga,Regionsoberliga Männer · HK Köln-Rheinberg,12887,10,0,0,0,0,0,0,0,0,0.0,,fussball.de
712,SC Victoria,Hamburger Handballverband,Hamburger Handballverband,8,Bezirksoberliga / Kreisoberliga / Regionsoberliga,Bezirksoberliga Männer Gruppe 2 (132),13433,8,0,0,0,0,0,0,0,0,0.0,,fussball.de
713,SC Westfalia Kinderhaus,Handballkreis Münsterland,Handballkreis Münsterland,8,Bezirksoberliga / Kreisoberliga / Regionsoberliga,Bezirksliga Münsterland Männer,13224,7,0,0,0,0,0,0,0,0,0.0,,fussball.de
714,SG Altona II,Hamburger Handballverband,Hamburger Handballverband,8,Bezirksoberliga / Kreisoberliga / Regionsoberliga,Bezirksoberliga Männer Gruppe 2 (132),13433,9,0,0,0,0,0,0,0,0,0.0,,fussball.de
715,SG Attendorn Ennest E.V.,KÜS Ruhrgebiet SÜD,KÜS Ruhrgebiet SÜD,8,Bezirksoberliga / Kreisoberliga / Regionsoberliga,KÜS Bezirklsliga Südwestfalen,14339,7,0,0,0,0,0,0,0,0,0.0,,fussball.de
716,SG DJK A09/Phönix Essen,HK Essen,HK Essen,8,Bezirksoberliga / Kreisoberliga / Regionsoberliga,Staffel Nord- BEZIRKSOBERLIGA / KREISOBERLIGA / REGIONSOBERLIGA Männer ( HK Essen),16926,9,0,0,0,0,0,0,0,0,0.0,,fussball.de
717,SG Düren 1899 II,HK Aachen-Düren,HK Aachen-Düren,8,Bezirksoberliga / Kreisoberliga / Regionsoberliga,Regionsoberliga,14717,5,0,0,0,0,0,0,0,0,0.0,,fussball.de
718,SG Handball Ibbenbüren II,Handballkreis Münsterland,Handballkreis Münsterland,8,Bezirksoberliga / Kreisoberliga / Regionsoberliga,Bezirksliga Münsterland Männer,13224,8,0,0,0,0,0,0,0,0,0.0,,fussball.de
719,SG Handball Kamen,Handballkreis Hellweg,Handballkreis Hellweg,8,Bezirksoberliga / Kreisoberliga / Regionsoberliga,Männer Bezirksliga HKH,12662,5,0,0,0,0,0,0,0,0,0.0,,fussball.de
720,SG Harburg II,Hamburger Handballverband,Hamburger Handballverband,8,Bezirksoberliga / Kreisoberliga / Regionsoberliga,Bezirksoberliga Männer Gruppe 4 (134),13436,5,0,0,0,0,0,0,0,0,0.0,,fussball.de
721,SG Husum/Schobüll/Nordstrand,Handball-Erwachsene DER Kreishandballverbände IN Schleswig-Holstein,Handball-Erwachsene DER Kreishandballverbände IN Schleswig-Holstein,8,Bezirksoberliga / Kreisoberliga / Regionsoberliga,Kreisoberliga Männer Nord,12961,7,0,0,0,0,0,0,0,0,0.0,,fussball.de
722,SG Hüls-Scherlebeck,KÜS Ruhrgebiet SÜD,KÜS Ruhrgebiet SÜD,8,Bezirksoberliga / Kreisoberliga / Regionsoberliga,KÜS Bezirksliga Ruhrgebiet,14338,7,0,0,0,0,0,0,0,0,0.0,,fussball.de
723,SG LVB III,HR Leipzig,HR Leipzig,8,Bezirksoberliga / Kreisoberliga / Regionsoberliga,ROL Männer · HR Leipzig,13114,4,0,0,0,0,0,0,0,0,0.0,,fussball.de
724,SG Langenfeld III,HK Essen,HK Essen,8,Bezirksoberliga / Kreisoberliga / Regionsoberliga,Staffel Süd - BEZIRKSOBERLIGA / KREISOBERLIGA / REGIONSOBERLIGA Männer ( HK Essen),16008,8,0,0,0,0,0,0,0,0,0.0,,fussball.de
725,SG Menden 2,KÜS Ruhrgebiet SÜD,KÜS Ruhrgebiet SÜD,8,Bezirksoberliga / Kreisoberliga / Regionsoberliga,KÜS Bezirksliga Mitte,14340,7,0,0,0,0,0,0,0,0,0.0,,fussball.de
726,SG Osdorf/Lurup,Hamburger Handballverband,Hamburger Handballverband,8,Bezirksoberliga / Kreisoberliga / Regionsoberliga,Bezirksoberliga Männer Gruppe 4 (134),13436,6,0,0,0,0,0,0,0,0,0.0,,fussball.de
727,SG Sendenhorst,Handballkreis Münsterland,Handballkreis Münsterland,8,Bezirksoberliga / Kreisoberliga / Regionsoberliga,Bezirksliga Münsterland Männer,13224,9,0,0,0,0,0,0,0,0,0.0,,fussball.de
728,SG Sohland/Friedersdorf,HR Ostsachsen,HR Ostsachsen,8,Bezirksoberliga / Kreisoberliga / Regionsoberliga,ROL Männer · HR Ostsachsen,13108,9,0,0,0,0,0,0,0,0,0.0,,fussball.de
729,SG TURA Halden Herbeck,KÜS Ruhrgebiet SÜD,KÜS Ruhrgebiet SÜD,8,Bezirksoberliga / Kreisoberliga / Regionsoberliga,KÜS Bezirksliga Ruhrgebiet,14338,8,0,0,0,0,0,0,0,0,0.0,,fussball.de
730,SG Unterrath,HK Essen,HK Essen,8,Bezirksoberliga / Kreisoberliga / Regionsoberliga,Staffel Nord- BEZIRKSOBERLIGA / KREISOBERLIGA / REGIONSOBERLIGA Männer ( HK Essen),16926,10,0,0,0,0,0,0,0,0,0.0,,fussball.de
731,SG Wilhelmsburg,Hamburger Handballverband,Hamburger Handballverband,8,Bezirksoberliga / Kreisoberliga / Regionsoberliga,Bezirksoberliga Männer Gruppe 4 (134),13436,7,0,0,0,0,0,0,0,0,0.0,,fussball.de
732,SGH Unna Massen 2,Handballkreis Hellweg,Handballkreis Hellweg,8,Bezirksoberliga / Kreisoberliga / Regionsoberliga,Männer Bezirksliga HKH,12662,6,0,0,0,0,0,0,0,0,0.0,,fussball.de
733,SK PRÜM,Mosel/Eifel-Nahe/Hunsrück,Mosel/Eifel-Nahe/Hunsrück,8,Bezirksoberliga / Kreisoberliga / Regionsoberliga,Bezirksoberliga Mosel/Eifel-Nahe/Hunsrück,14543,7,0,0,0,0,0,0,0,0,0.0,,fussball.de
734,SPARTA Münster,Handballkreis Münsterland,Handballkreis Münsterland,8,Bezirksoberliga / Kreisoberliga / Regionsoberliga,Bezirksliga Münsterland Männer,13224,10,0,0,0,0,0,0,0,0,0.0,,fussball.de
735,SSV 95 Wissen,Rhein/Westerwald,Rhein/Westerwald,8,Bezirksoberliga / Kreisoberliga / Regionsoberliga,Bezirksoberliga Rhein/Westerwald,13124,7,0,0,0,0,0,0,0,0,0.0,,fussball.de
736,SSV Lommatzsch,HR Sachsen-Mitte,HR Sachsen-Mitte,8,Bezirksoberliga / Kreisoberliga / Regionsoberliga,ROL Männer,13101,8,0,0,0,0,0,0,0,0,0.0,,fussball.de
737,SSV Nümbrecht Handball II,HK Oberberg,HK Oberberg,8,Bezirksoberliga / Kreisoberliga / Regionsoberliga,Regionsoberliga Männer · HK Oberberg,12955,6,0,0,0,0,0,0,0,0,0.0,,fussball.de
738,SSV Overath,HK Oberberg,HK Oberberg,8,Bezirksoberliga / Kreisoberliga / Regionsoberliga,Regionsoberliga Männer · HK Oberberg,12955,7,0,0,0,0,0,0,0,0,0.0,,fussball.de
739,SUS Oberaden 1921 E.V. II,Handballkreis Hellweg,Handballkreis Hellweg,8,Bezirksoberliga / Kreisoberliga / Regionsoberliga,Männer Bezirksliga HKH,12662,7,0,0,0,0,0,0,0,0,0.0,,fussball.de
740,SUS Stadtlohn,Handballkreis Münsterland,Handballkreis Münsterland,8,Bezirksoberliga / Kreisoberliga / Regionsoberliga,Bezirksliga Münsterland Männer,13224,11,0,0,0,0,0,0,0,0,0.0,,fussball.de
741,SV 04 Plauen-O. III,HR Südwestsachsen,HR Südwestsachsen,8,Bezirksoberliga / Kreisoberliga / Regionsoberliga,ROL Männer · HR Südwestsachsen,12709,10,0,0,0,0,0,0,0,0,0.0,,fussball.de
742,SV Eintracht Dolberg 1946 E.V.,Handballkreis Hellweg,Handballkreis Hellweg,8,Bezirksoberliga / Kreisoberliga / Regionsoberliga,Männer Bezirksliga HKH,12662,8,0,0,0,0,0,0,0,0,0.0,,fussball.de
743,SV Fehmarn,Handball-Erwachsene DER Kreishandballverbände IN Schleswig-Holstein,Handball-Erwachsene DER Kreishandballverbände IN Schleswig-Holstein,8,Bezirksoberliga / Kreisoberliga / Regionsoberliga,Kreisoberliga Männer Süd,12964,7,0,0,0,0,0,0,0,0,0.0,,fussball.de
744,SV Friedrichsfeld,HK Wesel,HK Wesel,8,Bezirksoberliga / Kreisoberliga / Regionsoberliga,Regionsoberliga Männer,13063,6,0,0,0,0,0,0,0,0,0.0,,fussball.de
745,SV Heißen,HK Rhein-Ruhr,HK Rhein-Ruhr,8,Bezirksoberliga / Kreisoberliga / Regionsoberliga,REGIONSOBERLIGA MÄNNER,12778,9,0,0,0,0,0,0,0,0,0.0,,fussball.de
746,SV LOK LEIPZIG-Mitte I,HR Leipzig,HR Leipzig,8,Bezirksoberliga / Kreisoberliga / Regionsoberliga,ROL Männer · HR Leipzig,13114,5,0,0,0,0,0,0,0,0,0.0,,fussball.de
747,SV Neukirchen II,HK Wesel,HK Wesel,8,Bezirksoberliga / Kreisoberliga / Regionsoberliga,Regionsoberliga Männer,13063,7,0,0,0,0,0,0,0,0,0.0,,fussball.de
748,SV Niederau II,HR Sachsen-Mitte,HR Sachsen-Mitte,8,Bezirksoberliga / Kreisoberliga / Regionsoberliga,ROL Männer,13101,9,0,0,0,0,0,0,0,0,0.0,,fussball.de
749,SV Schermbeck,HK Wesel,HK Wesel,8,Bezirksoberliga / Kreisoberliga / Regionsoberliga,Regionsoberliga Männer,13063,8,0,0,0,0,0,0,0,0,0.0,,fussball.de
750,SV Straelen II,HK Krefeld-Grenzland,HK Krefeld-Grenzland,8,Bezirksoberliga / Kreisoberliga / Regionsoberliga,BOL Männer,15673,9,0,0,0,0,0,0,0,0,0.0,,fussball.de
751,SV Untermosel,Rhein/Westerwald,Rhein/Westerwald,8,Bezirksoberliga / Kreisoberliga / Regionsoberliga,Bezirksoberliga Rhein/Westerwald,13124,8,0,0,0,0,0,0,0,0,0.0,,fussball.de
752,Schwarz -Rot Aachen 1,HK Aachen-Düren,HK Aachen-Düren,8,Bezirksoberliga / Kreisoberliga / Regionsoberliga,Regionsoberliga,14717,6,0,0,0,0,0,0,0,0,0.0,,fussball.de
753,Schwarz -Rot Aachen 2,HK Aachen-Düren,HK Aachen-Düren,8,Bezirksoberliga / Kreisoberliga / Regionsoberliga,Regionsoberliga,14717,7,0,0,0,0,0,0,0,0,0.0,,fussball.de
754,Soester TV VON 1862 E.V. II,Handballkreis Hellweg,Handballkreis Hellweg,8,Bezirksoberliga / Kreisoberliga / Regionsoberliga,Männer Bezirksliga HKH,12662,9,0,0,0,0,0,0,0,0,0.0,,fussball.de
755,Solinger TB 2. Herren,HK Essen,HK Essen,8,Bezirksoberliga / Kreisoberliga / Regionsoberliga,Staffel Süd - BEZIRKSOBERLIGA / KREISOBERLIGA / REGIONSOBERLIGA Männer ( HK Essen),16008,9,0,0,0,0,0,0,0,0,0.0,,fussball.de
756,Sportverein Hamborn 1890 Handball E.V.,HK Rhein-Ruhr,HK Rhein-Ruhr,8,Bezirksoberliga / Kreisoberliga / Regionsoberliga,REGIONSOBERLIGA MÄNNER,12778,10,0,0,0,0,0,0,0,0,0.0,,fussball.de
757,Stahl Rietschen II,HR Ostsachsen,HR Ostsachsen,8,Bezirksoberliga / Kreisoberliga / Regionsoberliga,ROL Männer · HR Ostsachsen,13108,10,0,0,0,0,0,0,0,0,0.0,,fussball.de
758,Stolberger SV,HK Aachen-Düren,HK Aachen-Düren,8,Bezirksoberliga / Kreisoberliga / Regionsoberliga,Regionsoberliga,14717,8,0,0,0,0,0,0,0,0,0.0,,fussball.de
759,TB Wülfrath III,HK Essen,HK Essen,8,Bezirksoberliga / Kreisoberliga / Regionsoberliga,Staffel Nord- BEZIRKSOBERLIGA / KREISOBERLIGA / REGIONSOBERLIGA Männer ( HK Essen),16926,11,0,0,0,0,0,0,0,0,0.0,,fussball.de
760,TBSV Neugersdorf,HR Ostsachsen,HR Ostsachsen,8,Bezirksoberliga / Kreisoberliga / Regionsoberliga,ROL Männer · HR Ostsachsen,13108,11,0,0,0,0,0,0,0,0,0.0,,fussball.de
761,TD Lank 2. Herren,HK Krefeld-Grenzland,HK Krefeld-Grenzland,8,Bezirksoberliga / Kreisoberliga / Regionsoberliga,BOL Männer,15673,10,0,0,0,0,0,0,0,0,0.0,,fussball.de
762,TG Voerde 1. Herren,KÜS Ruhrgebiet SÜD,KÜS Ruhrgebiet SÜD,8,Bezirksoberliga / Kreisoberliga / Regionsoberliga,KÜS Bezirklsliga Südwestfalen,14339,8,0,0,0,0,0,0,0,0,0.0,,fussball.de
763,TG Waldsee 2,Handballverband Rheinhessen-Pfalz,Handballverband Rheinhessen-Pfalz,8,Bezirksoberliga / Kreisoberliga / Regionsoberliga,M-BOL 2,12483,7,0,0,0,0,0,0,0,0,0.0,,fussball.de
764,TH Eilbeck IV,Hamburger Handballverband,Hamburger Handballverband,8,Bezirksoberliga / Kreisoberliga / Regionsoberliga,Bezirksoberliga Männer Staffel 3 (133),13437,8,0,0,0,0,0,0,0,0,0.0,,fussball.de
765,THB Hamburg 03,Hamburger Handballverband,Hamburger Handballverband,8,Bezirksoberliga / Kreisoberliga / Regionsoberliga,Bezirksoberliga Männer Staffel 3 (133),13437,9,0,0,0,0,0,0,0,0,0.0,,fussball.de
766,TS Evingsen,KÜS Ruhrgebiet SÜD,KÜS Ruhrgebiet SÜD,8,Bezirksoberliga / Kreisoberliga / Regionsoberliga,KÜS Bezirklsliga Südwestfalen,14339,9,0,0,0,0,0,0,0,0,0.0,,fussball.de
767,TSC Wellingsbüttel II,Hamburger Handballverband,Hamburger Handballverband,8,Bezirksoberliga / Kreisoberliga / Regionsoberliga,Bezirksoberliga Männer Staffel 3 (133),13437,10,0,0,0,0,0,0,0,0,0.0,,fussball.de
768,TSV 1862 Radeburg,HR Sachsen-Mitte,HR Sachsen-Mitte,8,Bezirksoberliga / Kreisoberliga / Regionsoberliga,ROL Männer,13101,10,0,0,0,0,0,0,0,0,0.0,,fussball.de
769,TSV Aufderhöhe II,HK Essen,HK Essen,8,Bezirksoberliga / Kreisoberliga / Regionsoberliga,Staffel Süd - BEZIRKSOBERLIGA / KREISOBERLIGA / REGIONSOBERLIGA Männer ( HK Essen),16008,10,0,0,0,0,0,0,0,0,0.0,,fussball.de
770,TSV Bocholt,HK Wesel,HK Wesel,8,Bezirksoberliga / Kreisoberliga / Regionsoberliga,Regionsoberliga Männer,13063,9,0,0,0,0,0,0,0,0,0.0,,fussball.de
771,TSV Dresden-Bühlau,HR Sachsen-Mitte,HR Sachsen-Mitte,8,Bezirksoberliga / Kreisoberliga / Regionsoberliga,ROL Männer,13101,11,0,0,0,0,0,0,0,0,0.0,,fussball.de
772,TSV EINHEIT CLAUßNITZ 1864 e.V.,HR Südwestsachsen,HR Südwestsachsen,8,Bezirksoberliga / Kreisoberliga / Regionsoberliga,ROL Männer · HR Südwestsachsen,12709,11,0,0,0,0,0,0,0,0,0.0,,fussball.de
773,TSV Ellerbek IV,Hamburger Handballverband,Hamburger Handballverband,8,Bezirksoberliga / Kreisoberliga / Regionsoberliga,Bezirksoberliga Männer Gruppe 1 (131),13431,8,0,0,0,0,0,0,0,0,0.0,,fussball.de
774,TSV Mildstedt II,Handball-Erwachsene DER Kreishandballverbände IN Schleswig-Holstein,Handball-Erwachsene DER Kreishandballverbände IN Schleswig-Holstein,8,Bezirksoberliga / Kreisoberliga / Regionsoberliga,Kreisoberliga Männer Nord,12961,8,0,0,0,0,0,0,0,0,0.0,,fussball.de
775,TSV PLÖN,Handball-Erwachsene DER Kreishandballverbände IN Schleswig-Holstein,Handball-Erwachsene DER Kreishandballverbände IN Schleswig-Holstein,8,Bezirksoberliga / Kreisoberliga / Regionsoberliga,Kreisoberliga Männer Ost,12962,9,0,0,0,0,0,0,0,0,0.0,,fussball.de
776,TSV Travemünde,Handball-Erwachsene DER Kreishandballverbände IN Schleswig-Holstein,Handball-Erwachsene DER Kreishandballverbände IN Schleswig-Holstein,8,Bezirksoberliga / Kreisoberliga / Regionsoberliga,Kreisoberliga Männer Süd,12964,8,0,0,0,0,0,0,0,0,0.0,,fussball.de
777,TUS 05 DAUN II,Mosel/Eifel-Nahe/Hunsrück,Mosel/Eifel-Nahe/Hunsrück,8,Bezirksoberliga / Kreisoberliga / Regionsoberliga,Bezirksoberliga Mosel/Eifel-Nahe/Hunsrück,14543,8,0,0,0,0,0,0,0,0,0.0,,fussball.de
778,TUS Bommern 2,KÜS Ruhrgebiet SÜD,KÜS Ruhrgebiet SÜD,8,Bezirksoberliga / Kreisoberliga / Regionsoberliga,KÜS Bezirksliga Ruhrgebiet,14338,9,0,0,0,0,0,0,0,0,0.0,,fussball.de
779,TUS Esingen II,Hamburger Handballverband,Hamburger Handballverband,8,Bezirksoberliga / Kreisoberliga / Regionsoberliga,Bezirksoberliga Männer Gruppe 1 (131),13431,9,0,0,0,0,0,0,0,0,0.0,,fussball.de
780,TUS Ferndorf 3,KÜS Ruhrgebiet SÜD,KÜS Ruhrgebiet SÜD,8,Bezirksoberliga / Kreisoberliga / Regionsoberliga,KÜS Bezirklsliga Südwestfalen,14339,10,0,0,0,0,0,0,0,0,0.0,,fussball.de
781,TUS Finkenwerder,Hamburger Handballverband,Hamburger Handballverband,8,Bezirksoberliga / Kreisoberliga / Regionsoberliga,Bezirksoberliga Männer Gruppe 4 (134),13436,8,0,0,0,0,0,0,0,0,0.0,,fussball.de
782,TUS Königsdorf II,HK Köln-Rheinberg,HK Köln-Rheinberg,8,Bezirksoberliga / Kreisoberliga / Regionsoberliga,Regionsoberliga Männer · HK Köln-Rheinberg,12887,11,0,0,0,0,0,0,0,0,0.0,,fussball.de
783,TUS Lintfort II,HK Wesel,HK Wesel,8,Bezirksoberliga / Kreisoberliga / Regionsoberliga,Regionsoberliga Männer,13063,10,0,0,0,0,0,0,0,0,0.0,,fussball.de
784,TV 01 Wattenscheid,KÜS Ruhrgebiet SÜD,KÜS Ruhrgebiet SÜD,8,Bezirksoberliga / Kreisoberliga / Regionsoberliga,KÜS Bezirksliga Ruhrgebiet,14338,10,0,0,0,0,0,0,0,0,0.0,,fussball.de
785,TV Arnsberg H1,KÜS Ruhrgebiet SÜD,KÜS Ruhrgebiet SÜD,8,Bezirksoberliga / Kreisoberliga / Regionsoberliga,KÜS Bezirksliga Mitte,14340,8,0,0,0,0,0,0,0,0,0.0,,fussball.de
786,TV Bad Ems II,Rhein/Westerwald,Rhein/Westerwald,8,Bezirksoberliga / Kreisoberliga / Regionsoberliga,Bezirksoberliga Rhein/Westerwald,13124,9,0,0,0,0,0,0,0,0,0.0,,fussball.de
787,TV Bassenheim,Rhein/Westerwald,Rhein/Westerwald,8,Bezirksoberliga / Kreisoberliga / Regionsoberliga,Bezirksoberliga Rhein/Westerwald,13124,10,0,0,0,0,0,0,0,0,0.0,,fussball.de
788,TV Beckum 1892 E.V. II,Handballkreis Hellweg,Handballkreis Hellweg,8,Bezirksoberliga / Kreisoberliga / Regionsoberliga,Männer Bezirksliga HKH,12662,10,0,0,0,0,0,0,0,0,0.0,,fussball.de
789,TV Billstedt,Hamburger Handballverband,Hamburger Handballverband,8,Bezirksoberliga / Kreisoberliga / Regionsoberliga,Bezirksoberliga Männer Gruppe 4 (134),13436,9,0,0,0,0,0,0,0,0,0.0,,fussball.de
790,TV Birkesdorf II,HK Aachen-Düren,HK Aachen-Düren,8,Bezirksoberliga / Kreisoberliga / Regionsoberliga,Regionsoberliga,14717,9,0,0,0,0,0,0,0,0,0.0,,fussball.de
791,TV Bitburg,Mosel/Eifel-Nahe/Hunsrück,Mosel/Eifel-Nahe/Hunsrück,8,Bezirksoberliga / Kreisoberliga / Regionsoberliga,Bezirksoberliga Mosel/Eifel-Nahe/Hunsrück,14543,9,0,0,0,0,0,0,0,0,0.0,,fussball.de
792,TV Brechten II,KÜS Ruhrgebiet SÜD,KÜS Ruhrgebiet SÜD,8,Bezirksoberliga / Kreisoberliga / Regionsoberliga,KÜS Bezirksliga Mitte,14340,9,0,0,0,0,0,0,0,0,0.0,,fussball.de
793,TV Emsdetten 1898 II,Handballkreis Münsterland,Handballkreis Münsterland,8,Bezirksoberliga / Kreisoberliga / Regionsoberliga,Bezirksliga Münsterland Männer,13224,12,0,0,0,0,0,0,0,0,0.0,,fussball.de
794,TV Friesen Telgte,Handballkreis Münsterland,Handballkreis Münsterland,8,Bezirksoberliga / Kreisoberliga / Regionsoberliga,Bezirksliga Münsterland Männer,13224,13,0,0,0,0,0,0,0,0,0.0,,fussball.de
795,TV Gladbeck,KÜS Ruhrgebiet SÜD,KÜS Ruhrgebiet SÜD,8,Bezirksoberliga / Kreisoberliga / Regionsoberliga,KÜS Bezirksliga Ruhrgebiet,14338,11,0,0,0,0,0,0,0,0,0.0,,fussball.de
796,TV Hermeskeil,Mosel/Eifel-Nahe/Hunsrück,Mosel/Eifel-Nahe/Hunsrück,8,Bezirksoberliga / Kreisoberliga / Regionsoberliga,Bezirksoberliga Mosel/Eifel-Nahe/Hunsrück,14543,10,0,0,0,0,0,0,0,0,0.0,,fussball.de
797,TV Issum II,HK Wesel,HK Wesel,8,Bezirksoberliga / Kreisoberliga / Regionsoberliga,Regionsoberliga Männer,13063,11,0,0,0,0,0,0,0,0,0.0,,fussball.de
798,TV JAHN Köln-Wahn II,HK Köln-Rheinberg,HK Köln-Rheinberg,8,Bezirksoberliga / Kreisoberliga / Regionsoberliga,Regionsoberliga Männer · HK Köln-Rheinberg,12887,12,0,0,0,0,0,0,0,0,0.0,,fussball.de
799,TV Kapellen 2M,HK Wesel,HK Wesel,8,Bezirksoberliga / Kreisoberliga / Regionsoberliga,Regionsoberliga Männer,13063,12,0,0,0,0,0,0,0,0,0.0,,fussball.de
800,TV Lössel,KÜS Ruhrgebiet SÜD,KÜS Ruhrgebiet SÜD,8,Bezirksoberliga / Kreisoberliga / Regionsoberliga,KÜS Bezirklsliga Südwestfalen,14339,11,0,0,0,0,0,0,0,0,0.0,,fussball.de
801,TV Neheim H1,KÜS Ruhrgebiet SÜD,KÜS Ruhrgebiet SÜD,8,Bezirksoberliga / Kreisoberliga / Regionsoberliga,KÜS Bezirksliga Mitte,14340,10,0,0,0,0,0,0,0,0,0.0,,fussball.de
802,TV Palmersheim II,HK Bonn-Euskirchen-Sieg,HK Bonn-Euskirchen-Sieg,8,Bezirksoberliga / Kreisoberliga / Regionsoberliga,Kreisoberliga Männer,12899,7,0,0,0,0,0,0,0,0,0.0,,fussball.de
803,TV Roetgen,HK Aachen-Düren,HK Aachen-Düren,8,Bezirksoberliga / Kreisoberliga / Regionsoberliga,Regionsoberliga,14717,10,0,0,0,0,0,0,0,0,0.0,,fussball.de
804,TV Vorst II,HK Krefeld-Grenzland,HK Krefeld-Grenzland,8,Bezirksoberliga / Kreisoberliga / Regionsoberliga,BOL Männer,15673,11,0,0,0,0,0,0,0,0,0.0,,fussball.de
805,TV Wahlscheid,HK Oberberg,HK Oberberg,8,Bezirksoberliga / Kreisoberliga / Regionsoberliga,Regionsoberliga Männer · HK Oberberg,12955,8,0,0,0,0,0,0,0,0,0.0,,fussball.de
806,TV Werne 03 E.V.,Handballkreis Hellweg,Handballkreis Hellweg,8,Bezirksoberliga / Kreisoberliga / Regionsoberliga,Männer Bezirksliga HKH,12662,11,0,0,0,0,0,0,0,0,0.0,,fussball.de
807,TV Wickede H1,KÜS Ruhrgebiet SÜD,KÜS Ruhrgebiet SÜD,8,Bezirksoberliga / Kreisoberliga / Regionsoberliga,KÜS Bezirksliga Mitte,14340,11,0,0,0,0,0,0,0,0,0.0,,fussball.de
808,TV Witzhelden,HK Essen,HK Essen,8,Bezirksoberliga / Kreisoberliga / Regionsoberliga,Staffel Süd - BEZIRKSOBERLIGA / KREISOBERLIGA / REGIONSOBERLIGA Männer ( HK Essen),16008,11,0,0,0,0,0,0,0,0,0.0,,fussball.de
809,TV Witzhelden II,HK Essen,HK Essen,8,Bezirksoberliga / Kreisoberliga / Regionsoberliga,Staffel Nord- BEZIRKSOBERLIGA / KREISOBERLIGA / REGIONSOBERLIGA Männer ( HK Essen),16926,12,0,0,0,0,0,0,0,0,0.0,,fussball.de
810,TVE BAD Münstereifel,HK Bonn-Euskirchen-Sieg,HK Bonn-Euskirchen-Sieg,8,Bezirksoberliga / Kreisoberliga / Regionsoberliga,Kreisoberliga Männer,12899,8,0,0,0,0,0,0,0,0,0.0,,fussball.de
811,TuS Borussia Höchsten,KÜS Ruhrgebiet SÜD,KÜS Ruhrgebiet SÜD,8,Bezirksoberliga / Kreisoberliga / Regionsoberliga,KÜS Bezirksliga Mitte,14340,12,0,0,0,0,0,0,0,0,0.0,,fussball.de
812,TuS Niederpleis,HK Bonn-Euskirchen-Sieg,HK Bonn-Euskirchen-Sieg,8,Bezirksoberliga / Kreisoberliga / Regionsoberliga,Kreisoberliga Männer,12899,9,0,0,0,0,0,0,0,0,0.0,,fussball.de
813,TuS Niederpleis 2,HK Bonn-Euskirchen-Sieg,HK Bonn-Euskirchen-Sieg,8,Bezirksoberliga / Kreisoberliga / Regionsoberliga,Kreisoberliga Männer,12899,10,0,0,0,0,0,0,0,0,0.0,,fussball.de
814,Turnverein Biefang,HK Rhein-Ruhr,HK Rhein-Ruhr,8,Bezirksoberliga / Kreisoberliga / Regionsoberliga,REGIONSOBERLIGA MÄNNER,12778,11,0,0,0,0,0,0,0,0,0.0,,fussball.de
815,Turnverein Biefang II,HK Rhein-Ruhr,HK Rhein-Ruhr,8,Bezirksoberliga / Kreisoberliga / Regionsoberliga,REGIONSOBERLIGA MÄNNER,12778,12,0,0,0,0,0,0,0,0,0.0,,fussball.de
816,USV TU Dresden,HR Sachsen-Mitte,HR Sachsen-Mitte,8,Bezirksoberliga / Kreisoberliga / Regionsoberliga,ROL Männer,13101,12,0,0,0,0,0,0,0,0,0.0,,fussball.de
817,VFB Torgau,HR Leipzig,HR Leipzig,8,Bezirksoberliga / Kreisoberliga / Regionsoberliga,ROL Männer · HR Leipzig,13114,6,0,0,0,0,0,0,0,0,0.0,,fussball.de
818,VFL Langerwehe,HK Aachen-Düren,HK Aachen-Düren,8,Bezirksoberliga / Kreisoberliga / Regionsoberliga,Regionsoberliga,14717,11,0,0,0,0,0,0,0,0,0.0,,fussball.de
819,VFL Waldheim 54,HR Leipzig,HR Leipzig,8,Bezirksoberliga / Kreisoberliga / Regionsoberliga,ROL Männer · HR Leipzig,13114,7,0,0,0,0,0,0,0,0,0.0,,fussball.de
820,VT Kempen,HK Krefeld-Grenzland,HK Krefeld-Grenzland,8,Bezirksoberliga / Kreisoberliga / Regionsoberliga,BOL Männer,15673,12,0,0,0,0,0,0,0,0,0.0,,fussball.de
821,VTV Freier Grund,KÜS Ruhrgebiet SÜD,KÜS Ruhrgebiet SÜD,8,Bezirksoberliga / Kreisoberliga / Regionsoberliga,KÜS Bezirklsliga Südwestfalen,14339,12,0,0,0,0,0,0,0,0,0.0,,fussball.de
822,VfB Eilenburg,HR Leipzig,HR Leipzig,8,Bezirksoberliga / Kreisoberliga / Regionsoberliga,ROL Männer · HR Leipzig,13114,8,0,0,0,0,0,0,0,0,0.0,,fussball.de
823,VfB Homberg,HK Rhein-Ruhr,HK Rhein-Ruhr,8,Bezirksoberliga / Kreisoberliga / Regionsoberliga,REGIONSOBERLIGA MÄNNER,12778,13,0,0,0,0,0,0,0,0,0.0,,fussball.de
824,VfL Bad Schwartau III,Handball-Erwachsene DER Kreishandballverbände IN Schleswig-Holstein,Handball-Erwachsene DER Kreishandballverbände IN Schleswig-Holstein,8,Bezirksoberliga / Kreisoberliga / Regionsoberliga,Kreisoberliga Männer Süd,12964,9,0,0,0,0,0,0,0,0,0.0,,fussball.de
825,VfL Bardenberg 2,HK Aachen-Düren,HK Aachen-Düren,8,Bezirksoberliga / Kreisoberliga / Regionsoberliga,Regionsoberliga,14717,12,0,0,0,0,0,0,0,0,0.0,,fussball.de
826,VfL Rheinhausen,HK Rhein-Ruhr,HK Rhein-Ruhr,8,Bezirksoberliga / Kreisoberliga / Regionsoberliga,REGIONSOBERLIGA MÄNNER,12778,14,0,0,0,0,0,0,0,0,0.0,,fussball.de
827,Vohwinkeler STV II,HK Essen,HK Essen,8,Bezirksoberliga / Kreisoberliga / Regionsoberliga,Staffel Süd - BEZIRKSOBERLIGA / KREISOBERLIGA / REGIONSOBERLIGA Männer ( HK Essen),16008,12,0,0,0,0,0,0,0,0,0.0,,fussball.de
828,Waltroper HV,KÜS Ruhrgebiet SÜD,KÜS Ruhrgebiet SÜD,8,Bezirksoberliga / Kreisoberliga / Regionsoberliga,KÜS Bezirksliga Ruhrgebiet,14338,12,0,0,0,0,0,0,0,0,0.0,,fussball.de
829,Warendorfer SU,Handballkreis Münsterland,Handballkreis Münsterland,8,Bezirksoberliga / Kreisoberliga / Regionsoberliga,Bezirksliga Münsterland Männer,13224,14,0,0,0,0,0,0,0,0,0.0,,fussball.de
830,Welfia M'gladbach,HK Krefeld-Grenzland,HK Krefeld-Grenzland,8,Bezirksoberliga / Kreisoberliga / Regionsoberliga,BOL Männer,15673,13,0,0,0,0,0,0,0,0,0.0,,fussball.de
831,Werler TV VON 1894 E.V.,Handballkreis Hellweg,Handballkreis Hellweg,8,Bezirksoberliga / Kreisoberliga / Regionsoberliga,Männer Bezirksliga HKH,12662,12,0,0,0,0,0,0,0,0,0.0,,fussball.de
832,Wölfe Voreifel III,HK Bonn-Euskirchen-Sieg,HK Bonn-Euskirchen-Sieg,8,Bezirksoberliga / Kreisoberliga / Regionsoberliga,Kreisoberliga Männer,12899,11,0,0,0,0,0,0,0,0,0.0,,fussball.de
833,ZHC Grubenlampe II,HR Südwestsachsen,HR Südwestsachsen,8,Bezirksoberliga / Kreisoberliga / Regionsoberliga,ROL Männer · HR Südwestsachsen,12709,12,0,0,0,0,0,0,0,0,0.0,,fussball.de
834,HSG Kalkberg 06,Handball-Erwachsene DER Kreishandballverbände IN Schleswig-Holstein,Handball-Erwachsene DER Kreishandballverbände IN Schleswig-Holstein,8,Bezirksoberliga / Kreisoberliga / Regionsoberliga,Kreisoberliga Männer West,12963,8,1,0,0,1,29,30,-1,0,0.0,,fussball.de
835,HSG Lingenfeld/Schwegenheim,Handballverband Rheinhessen-Pfalz,Handballverband Rheinhessen-Pfalz,8,Bezirksoberliga / Kreisoberliga / Regionsoberliga,M-BOL 2,12483,8,1,0,0,1,27,28,-1,0,0.0,,fussball.de
836,GW Bingen-Büdesheim,Handballverband Rheinhessen-Pfalz,Handballverband Rheinhessen-Pfalz,8,Bezirksoberliga / Kreisoberliga / Regionsoberliga,M-BOL 1,12482,8,1,0,0,1,25,26,-1,0,0.0,,fussball.de
837,HSG Nordau,Handball-Erwachsene DER Kreishandballverbände IN Schleswig-Holstein,Handball-Erwachsene DER Kreishandballverbände IN Schleswig-Holstein,8,Bezirksoberliga / Kreisoberliga / Regionsoberliga,Kreisoberliga Männer Nord,12961,9,1,0,0,1,22,23,-1,0,0.0,,fussball.de
838,TV Nieder-Olm 2,Handballverband Rheinhessen-Pfalz,Handballverband Rheinhessen-Pfalz,8,Bezirksoberliga / Kreisoberliga / Regionsoberliga,M-BOL 1,12482,9,1,0,0,1,0,1,-1,0,0.0,,fussball.de
839,VFL Geesthacht,Handball-Erwachsene DER Kreishandballverbände IN Schleswig-Holstein,Handball-Erwachsene DER Kreishandballverbände IN Schleswig-Holstein,8,Bezirksoberliga / Kreisoberliga / Regionsoberliga,Kreisoberliga Männer Süd,12964,10,1,0,0,1,31,33,-2,0,0.0,,fussball.de
840,HSG Wagrien,Handball-Erwachsene DER Kreishandballverbände IN Schleswig-Holstein,Handball-Erwachsene DER Kreishandballverbände IN Schleswig-Holstein,8,Bezirksoberliga / Kreisoberliga / Regionsoberliga,Kreisoberliga Männer Süd,12964,11,1,0,0,1,26,28,-2,0,0.0,,fussball.de
841,Kieler Turnverein,Handball-Erwachsene DER Kreishandballverbände IN Schleswig-Holstein,Handball-Erwachsene DER Kreishandballverbände IN Schleswig-Holstein,8,Bezirksoberliga / Kreisoberliga / Regionsoberliga,Kreisoberliga Männer Ost,12962,10,1,0,0,1,25,27,-2,0,0.0,,fussball.de
842,TSV Ellerau,Handball-Erwachsene DER Kreishandballverbände IN Schleswig-Holstein,Handball-Erwachsene DER Kreishandballverbände IN Schleswig-Holstein,8,Bezirksoberliga / Kreisoberliga / Regionsoberliga,Kreisoberliga Männer West,12963,9,1,0,0,1,22,24,-2,0,0.0,,fussball.de
843,HSG Zotzenheim/St.Johann/Sprendlingen,Handballverband Rheinhessen-Pfalz,Handballverband Rheinhessen-Pfalz,8,Bezirksoberliga / Kreisoberliga / Regionsoberliga,M-BOL 1,12482,10,1,0,0,1,29,32,-3,0,0.0,,fussball.de
844,Lübecker TS,Handball-Erwachsene DER Kreishandballverbände IN Schleswig-Holstein,Handball-Erwachsene DER Kreishandballverbände IN Schleswig-Holstein,8,Bezirksoberliga / Kreisoberliga / Regionsoberliga,Kreisoberliga Männer Süd,12964,12,1,0,0,1,29,32,-3,0,0.0,,fussball.de
845,Südpfalz Tiger 3,Handballverband Rheinhessen-Pfalz,Handballverband Rheinhessen-Pfalz,8,Bezirksoberliga / Kreisoberliga / Regionsoberliga,M-BOL 2,12483,9,1,0,0,1,21,24,-3,0,0.0,,fussball.de
846,Kieler MTV II,Handball-Erwachsene DER Kreishandballverbände IN Schleswig-Holstein,Handball-Erwachsene DER Kreishandballverbände IN Schleswig-Holstein,8,Bezirksoberliga / Kreisoberliga / Regionsoberliga,Kreisoberliga Männer Ost,12962,11,1,0,0,1,18,21,-3,0,0.0,,fussball.de
847,DIE HAIE I HSG Horst/Kiebitzreihe II,Handball-Erwachsene DER Kreishandballverbände IN Schleswig-Holstein,Handball-Erwachsene DER Kreishandballverbände IN Schleswig-Holstein,8,Bezirksoberliga / Kreisoberliga / Regionsoberliga,Kreisoberliga Männer West,12963,10,1,0,0,1,28,32,-4,0,0.0,,fussball.de
848,TG Osthofen 2,Handballverband Rheinhessen-Pfalz,Handballverband Rheinhessen-Pfalz,8,Bezirksoberliga / Kreisoberliga / Regionsoberliga,M-BOL 1,12482,11,1,0,0,1,28,32,-4,0,0.0,,fussball.de
849,HSG Trifels,Handballverband Rheinhessen-Pfalz,Handballverband Rheinhessen-Pfalz,8,Bezirksoberliga / Kreisoberliga / Regionsoberliga,M-BOL 2,12483,10,1,0,0,1,26,31,-5,0,0.0,,fussball.de
850,SG Pahlhude/Tellingstedt,Handball-Erwachsene DER Kreishandballverbände IN Schleswig-Holstein,Handball-Erwachsene DER Kreishandballverbände IN Schleswig-Holstein,8,Bezirksoberliga / Kreisoberliga / Regionsoberliga,Kreisoberliga Männer West,12963,11,1,0,0,1,23,28,-5,0,0.0,,fussball.de
851,TSV Altenholz III,Handball-Erwachsene DER Kreishandballverbände IN Schleswig-Holstein,Handball-Erwachsene DER Kreishandballverbände IN Schleswig-Holstein,8,Bezirksoberliga / Kreisoberliga / Regionsoberliga,Kreisoberliga Männer Ost,12962,12,1,0,0,1,27,33,-6,0,0.0,,fussball.de
852,HSG Tarp/Wanderup II,Handball-Erwachsene DER Kreishandballverbände IN Schleswig-Holstein,Handball-Erwachsene DER Kreishandballverbände IN Schleswig-Holstein,8,Bezirksoberliga / Kreisoberliga / Regionsoberliga,Kreisoberliga Männer Nord,12961,10,1,0,0,1,28,35,-7,0,0.0,,fussball.de
853,TV Offenbach 2,Handballverband Rheinhessen-Pfalz,Handballverband Rheinhessen-Pfalz,8,Bezirksoberliga / Kreisoberliga / Regionsoberliga,M-BOL 2,12483,11,1,0,0,1,27,34,-7,0,0.0,,fussball.de
854,TSG Mz-Bretzenheim 2,Handballverband Rheinhessen-Pfalz,Handballverband Rheinhessen-Pfalz,8,Bezirksoberliga / Kreisoberliga / Regionsoberliga,M-BOL 1,12482,12,1,0,0,1,23,31,-8,0,0.0,,fussball.de
855,TuRa Meldorf,Handball-Erwachsene DER Kreishandballverbände IN Schleswig-Holstein,Handball-Erwachsene DER Kreishandballverbände IN Schleswig-Holstein,8,Bezirksoberliga / Kreisoberliga / Regionsoberliga,Kreisoberliga Männer West,12963,12,1,0,0,1,22,30,-8,0,0.0,,fussball.de
856,HFF Munkbrarup,Handball-Erwachsene DER Kreishandballverbände IN Schleswig-Holstein,Handball-Erwachsene DER Kreishandballverbände IN Schleswig-Holstein,8,Bezirksoberliga / Kreisoberliga / Regionsoberliga,Kreisoberliga Männer Nord,12961,11,1,0,0,1,29,39,-10,0,0.0,,fussball.de
857,TSV Speyer 2,Handballverband Rheinhessen-Pfalz,Handballverband Rheinhessen-Pfalz,8,Bezirksoberliga / Kreisoberliga / Regionsoberliga,M-BOL 2,12483,12,1,0,0,1,23,33,-10,0,0.0,,fussball.de
858,TUS Lübeck VON 1893 II,Handball-Erwachsene DER Kreishandballverbände IN Schleswig-Holstein,Handball-Erwachsene DER Kreishandballverbände IN Schleswig-Holstein,8,Bezirksoberliga / Kreisoberliga / Regionsoberliga,Kreisoberliga Männer Süd,12964,13,1,0,0,1,19,34,-15,0,0.0,,fussball.de
859,HSG Szoww II,Handball-Erwachsene DER Kreishandballverbände IN Schleswig-Holstein,Handball-Erwachsene DER Kreishandballverbände IN Schleswig-Holstein,8,Bezirksoberliga / Kreisoberliga / Regionsoberliga,Kreisoberliga Männer Nord,12961,12,1,0,0,1,17,33,-16,0,0.0,,fussball.de
860,TV 03 Wörth 2,Handballverband Rheinhessen-Pfalz,Handballverband Rheinhessen-Pfalz,9,Bezirksliga / Kreisliga / Regionsliga,M-BZL 2,12487,1,1,1,0,0,31,20,11,2,2.0,,fussball.de
861,SF Budenheim 3,Handballverband Rheinhessen-Pfalz,Handballverband Rheinhessen-Pfalz,9,Bezirksliga / Kreisliga / Regionsliga,M-BZL 1,12486,1,1,1,0,0,38,32,6,2,2.0,,fussball.de
862,HR Göllheim/Eisenberg/Asselheim/Kindenheim 2,Handballverband Rheinhessen-Pfalz,Handballverband Rheinhessen-Pfalz,9,Bezirksliga / Kreisliga / Regionsliga,M-BZL 2,12487,2,1,1,0,0,31,26,5,2,2.0,,fussball.de
863,TV Offenbach 3,Handballverband Rheinhessen-Pfalz,Handballverband Rheinhessen-Pfalz,9,Bezirksliga / Kreisliga / Regionsliga,M-BZL 2,12487,3,1,1,0,0,30,27,3,2,2.0,,fussball.de
864,DIE HAIE I HSG Horst/Kiebitzreihe III,Handball-Erwachsene DER Kreishandballverbände IN Schleswig-Holstein,Handball-Erwachsene DER Kreishandballverbände IN Schleswig-Holstein,9,Bezirksliga / Kreisliga / Regionsliga,Kreisliga Männer - Staffel E,12973,1,1,1,0,0,27,24,3,2,2.0,,fussball.de
865,SC Bobenheim-Roxheim,Handballverband Rheinhessen-Pfalz,Handballverband Rheinhessen-Pfalz,9,Bezirksliga / Kreisliga / Regionsliga,M-BZL 2,12487,4,1,1,0,0,30,29,1,2,2.0,,fussball.de
866,TV Nieder-Olm 3,Handballverband Rheinhessen-Pfalz,Handballverband Rheinhessen-Pfalz,9,Bezirksliga / Kreisliga / Regionsliga,M-BZL 1,12486,2,1,1,0,0,27,26,1,2,2.0,,fussball.de
867,Handball Oppum III,HK Krefeld-Grenzland,HK Krefeld-Grenzland,9,Bezirksliga / Kreisliga / Regionsliga,BL Männer,15675,1,1,0,1,0,0,0,0,1,1.0,,fussball.de
868,SV Heissen II,HK Rhein-Ruhr,HK Rhein-Ruhr,9,Bezirksliga / Kreisliga / Regionsliga,REGIONSLIGA MÄNNER,13017,1,1,0,1,0,0,0,0,1,1.0,,fussball.de
869,Spfr. Hamborn 07,HK Rhein-Ruhr,HK Rhein-Ruhr,9,Bezirksliga / Kreisliga / Regionsliga,REGIONSLIGA MÄNNER,13017,2,1,0,1,0,0,0,0,1,1.0,,fussball.de
870,TV Aldekerk III,HK Krefeld-Grenzland,HK Krefeld-Grenzland,9,Bezirksliga / Kreisliga / Regionsliga,BL Männer,15675,2,1,0,1,0,0,0,0,1,1.0,,fussball.de
871,2. Herren,Handballkreis Hellweg,Handballkreis Hellweg,9,Bezirksliga / Kreisliga / Regionsliga,Männer Kreisliga HKH,12689,1,0,0,0,0,0,0,0,0,0.0,,fussball.de
872,AMTV Hamburg III,Hamburger Handballverband,Hamburger Handballverband,9,Bezirksliga / Kreisliga / Regionsliga,Kreisliga Männer Gruppe 2 (142),13442,1,0,0,0,0,0,0,0,0,0.0,,fussball.de
873,ASV Rurtal Hückelhoven,HK Krefeld-Grenzland,HK Krefeld-Grenzland,9,Bezirksliga / Kreisliga / Regionsliga,BL Männer,15675,3,0,0,0,0,0,0,0,0,0.0,,fussball.de
874,ASV Süchteln 2M,HK Krefeld-Grenzland,HK Krefeld-Grenzland,9,Bezirksliga / Kreisliga / Regionsliga,BL Männer,15675,4,0,0,0,0,0,0,0,0,0.0,,fussball.de
875,ASV Wuppertal,HK Essen,HK Essen,9,Bezirksliga / Kreisliga / Regionsliga,Regionsliga Männer Süd,14914,1,0,0,0,0,0,0,0,0,0.0,,fussball.de
876,ATSV Stockelsdorf II,Handball-Erwachsene DER Kreishandballverbände IN Schleswig-Holstein,Handball-Erwachsene DER Kreishandballverbände IN Schleswig-Holstein,9,Bezirksliga / Kreisliga / Regionsliga,Kreisliga Männer - Staffel G,12975,1,0,0,0,0,0,0,0,0,0.0,,fussball.de
877,ATSV Stockelsdorf III,Handball-Erwachsene DER Kreishandballverbände IN Schleswig-Holstein,Handball-Erwachsene DER Kreishandballverbände IN Schleswig-Holstein,9,Bezirksliga / Kreisliga / Regionsliga,Kreisliga Männer - Staffel F,12974,1,0,0,0,0,0,0,0,0,0.0,,fussball.de
878,ATV Hückeswagen II,HK Essen,HK Essen,9,Bezirksliga / Kreisliga / Regionsliga,Regionsliga Männer Süd,14914,2,0,0,0,0,0,0,0,0,0.0,,fussball.de
879,Adler Königshof 3M,HK Krefeld-Grenzland,HK Krefeld-Grenzland,9,Bezirksliga / Kreisliga / Regionsliga,BL Männer,15675,5,0,0,0,0,0,0,0,0,0.0,,fussball.de
880,Allgemeiner Sportverein Hamm-Westfalen e.V. IV,Handballkreis Hellweg,Handballkreis Hellweg,9,Bezirksliga / Kreisliga / Regionsliga,Männer Kreisliga HKH,12689,2,0,0,0,0,0,0,0,0,0.0,,fussball.de
881,Alstadener TUS III,HK Rhein-Ruhr,HK Rhein-Ruhr,9,Bezirksliga / Kreisliga / Regionsliga,REGIONSLIGA MÄNNER,13017,3,0,0,0,0,0,0,0,0,0.0,,fussball.de
882,BSV Roxel,Handballkreis Münsterland,Handballkreis Münsterland,9,Bezirksliga / Kreisliga / Regionsliga,Kreisliga Münsterland Männer,13227,1,0,0,0,0,0,0,0,0,0.0,,fussball.de
883,Beecker Turnverein,HK Rhein-Ruhr,HK Rhein-Ruhr,9,Bezirksliga / Kreisliga / Regionsliga,REGIONSLIGA MÄNNER,13017,4,0,0,0,0,0,0,0,0,0.0,,fussball.de
884,Blue-White-Dynamite VfL Gummersbach e.V.,HK Oberberg,HK Oberberg,9,Bezirksliga / Kreisliga / Regionsliga,Regionsliga Männer · HK Oberberg,12960,1,0,0,0,0,0,0,0,0,0.0,,fussball.de
885,Bornaer HV 09,HR Leipzig,HR Leipzig,9,Bezirksliga / Kreisliga / Regionsliga,RL Männer · HR Leipzig,13116,1,0,0,0,0,0,0,0,0,0.0,,fussball.de
886,Brühler TV II,HK Köln-Rheinberg,HK Köln-Rheinberg,9,Bezirksliga / Kreisliga / Regionsliga,Regionsliga Männer · HK Köln-Rheinberg,12889,1,0,0,0,0,0,0,0,0,0.0,,fussball.de
887,CVJM Gevelsberg,Handballkreis Hagen/Ennepe-Ruhr,Handballkreis Hagen/Ennepe-Ruhr,9,Bezirksliga / Kreisliga / Regionsliga,MÄNNER KREISLIGA HKHR,13011,1,0,0,0,0,0,0,0,0,0.0,,fussball.de
888,CVJM Oberwiehl III,HK Oberberg,HK Oberberg,9,Bezirksliga / Kreisliga / Regionsliga,Regionsliga Männer · HK Oberberg,12960,2,0,0,0,0,0,0,0,0,0.0,,fussball.de
889,DJK Adler 07 Bottrop,HK Rhein-Ruhr,HK Rhein-Ruhr,9,Bezirksliga / Kreisliga / Regionsliga,REGIONSLIGA MÄNNER,13017,5,0,0,0,0,0,0,0,0,0.0,,fussball.de
890,DJK Betzdorf,Rhein/Westerwald,Rhein/Westerwald,9,Bezirksliga / Kreisliga / Regionsliga,Bezirksliga Männer Rhein/Westerwald,15020,1,0,0,0,0,0,0,0,0,0.0,,fussball.de
891,DJK Eintracht Coesfeld,Handballkreis Münsterland,Handballkreis Münsterland,9,Bezirksliga / Kreisliga / Regionsliga,Kreisliga Münsterland Männer,13227,2,0,0,0,0,0,0,0,0,0.0,,fussball.de
892,DJK Eintracht Hiltrup,Handballkreis Münsterland,Handballkreis Münsterland,9,Bezirksliga / Kreisliga / Regionsliga,Kreisliga Münsterland Männer,13227,3,0,0,0,0,0,0,0,0,0.0,,fussball.de
893,DJK Ewaldi Aplerbeck H1,Handballkreis Dortmund,Handballkreis Dortmund,9,Bezirksliga / Kreisliga / Regionsliga,HKDO-KL-M,12777,1,0,0,0,0,0,0,0,0,0.0,,fussball.de
894,DJK Marpingen 2,Handballverband SAAR,Handballverband SAAR,9,Bezirksliga / Kreisliga / Regionsliga,Bezirksliga Männer,14382,1,0,0,0,0,0,0,0,0,0.0,,fussball.de
895,DJK Oespel-Kley Herren 2,Handballkreis Dortmund,Handballkreis Dortmund,9,Bezirksliga / Kreisliga / Regionsliga,HKDO-KL-M,12777,2,0,0,0,0,0,0,0,0,0.0,,fussball.de
896,DJK SG Tackenberg,HK Rhein-Ruhr,HK Rhein-Ruhr,9,Bezirksliga / Kreisliga / Regionsliga,REGIONSLIGA MÄNNER,13017,6,0,0,0,0,0,0,0,0,0.0,,fussball.de
897,DJK St. Matthias Trier II,Mosel/Eifel-Nahe/Hunsrück,Mosel/Eifel-Nahe/Hunsrück,9,Bezirksliga / Kreisliga / Regionsliga,Bezirksliga Männer Mosel/Eifel-Nahe/Hunsrück,14548,1,0,0,0,0,0,0,0,0,0.0,,fussball.de
898,DJK Styrum 06,HK Rhein-Ruhr,HK Rhein-Ruhr,9,Bezirksliga / Kreisliga / Regionsliga,REGIONSLIGA MÄNNER,13017,7,0,0,0,0,0,0,0,0,0.0,,fussball.de
899,DJK Westfalia Hörde,Handballkreis Dortmund,Handballkreis Dortmund,9,Bezirksliga / Kreisliga / Regionsliga,HKDO-KL-M,12777,3,0,0,0,0,0,0,0,0,0.0,,fussball.de
900,DJK Westfalia Welper E.V. II,Handballkreis Industrie,Handballkreis Industrie,9,Bezirksliga / Kreisliga / Regionsliga,HKI-M-Kreisliga,12710,1,0,0,0,0,0,0,0,0,0.0,,fussball.de
901,DJK Winfried Huttrop 2.M,HK Essen,HK Essen,9,Bezirksliga / Kreisliga / Regionsliga,Regionsliga Männer Nord,16078,1,0,0,0,0,0,0,0,0,0.0,,fussball.de
902,DJK-Saxonia Dortmund,Handballkreis Dortmund,Handballkreis Dortmund,9,Bezirksliga / Kreisliga / Regionsliga,HKDO-KL-M,12777,4,0,0,0,0,0,0,0,0,0.0,,fussball.de
903,Dünnwalder TV,HK Köln-Rheinberg,HK Köln-Rheinberg,9,Bezirksliga / Kreisliga / Regionsliga,Regionsliga Männer · HK Köln-Rheinberg,12889,2,0,0,0,0,0,0,0,0,0.0,,fussball.de
904,ESV Dresden III,HR Sachsen-Mitte,HR Sachsen-Mitte,9,Bezirksliga / Kreisliga / Regionsliga,RL Männer,13103,1,0,0,0,0,0,0,0,0,0.0,,fussball.de
905,ETB SW Essen II,HK Essen,HK Essen,9,Bezirksliga / Kreisliga / Regionsliga,Regionsliga Männer Nord,16078,2,0,0,0,0,0,0,0,0,0.0,,fussball.de
906,ETUS Wedau,HK Rhein-Ruhr,HK Rhein-Ruhr,9,Bezirksliga / Kreisliga / Regionsliga,REGIONSLIGA MÄNNER,13017,8,0,0,0,0,0,0,0,0,0.0,,fussball.de
907,Eckernförder MTV,Handball-Erwachsene DER Kreishandballverbände IN Schleswig-Holstein,Handball-Erwachsene DER Kreishandballverbände IN Schleswig-Holstein,9,Bezirksliga / Kreisliga / Regionsliga,Kreisliga Männer - Staffel C,12971,1,0,0,0,0,0,0,0,0,0.0,,fussball.de
908,Eschweiler SG III,HK Aachen-Düren,HK Aachen-Düren,9,Bezirksliga / Kreisliga / Regionsliga,Regionsliga,14819,1,0,0,0,0,0,0,0,0,0.0,,fussball.de
909,FC Greffen,Handballkreis Gütersloh,Handballkreis Gütersloh,9,Bezirksliga / Kreisliga / Regionsliga,HBKGT Männer Kreisliga,12456,1,0,0,0,0,0,0,0,0,0.0,,fussball.de
910,FC Schalke 04,Handballkreis Industrie,Handballkreis Industrie,9,Bezirksliga / Kreisliga / Regionsliga,HKI-M-Kreisliga,12710,2,0,0,0,0,0,0,0,0,0.0,,fussball.de
911,FC St. Pauli VI,Hamburger Handballverband,Hamburger Handballverband,9,Bezirksliga / Kreisliga / Regionsliga,Kreisliga Männer Gruppe 1 (141),13440,1,0,0,0,0,0,0,0,0,0.0,,fussball.de
912,FC Stukenbrock,Handballkreis Lippe,Handballkreis Lippe,9,Bezirksliga / Kreisliga / Regionsliga,HBKLIP Kreisliga Männer,13126,1,0,0,0,0,0,0,0,0,0.0,,fussball.de
913,FT Adler KIEL,Handball-Erwachsene DER Kreishandballverbände IN Schleswig-Holstein,Handball-Erwachsene DER Kreishandballverbände IN Schleswig-Holstein,9,Bezirksliga / Kreisliga / Regionsliga,Kreisliga Männer - Staffel C,12971,2,0,0,0,0,0,0,0,0,0.0,,fussball.de
914,FT Adler KIEL II,Handball-Erwachsene DER Kreishandballverbände IN Schleswig-Holstein,Handball-Erwachsene DER Kreishandballverbände IN Schleswig-Holstein,9,Bezirksliga / Kreisliga / Regionsliga,Kreisliga Männer - Staffel D,12972,1,0,0,0,0,0,0,0,0,0.0,,fussball.de
915,Falken 2 (m),Handballverband SAAR,Handballverband SAAR,9,Bezirksliga / Kreisliga / Regionsliga,Bezirksliga Männer,14382,2,0,0,0,0,0,0,0,0,0.0,,fussball.de
916,GHG Hahnheide,Handball-Erwachsene DER Kreishandballverbände IN Schleswig-Holstein,Handball-Erwachsene DER Kreishandballverbände IN Schleswig-Holstein,9,Bezirksliga / Kreisliga / Regionsliga,Kreisliga Männer - Staffel G,12975,2,0,0,0,0,0,0,0,0,0.0,,fussball.de
917,Gürzenicher TV,HK Aachen-Düren,HK Aachen-Düren,9,Bezirksliga / Kreisliga / Regionsliga,Regionsliga,14819,2,0,0,0,0,0,0,0,0,0.0,,fussball.de
918,HBD Löwen Oberberg III,HK Oberberg,HK Oberberg,9,Bezirksliga / Kreisliga / Regionsliga,Regionsliga Männer · HK Oberberg,12960,3,0,0,0,0,0,0,0,0,0.0,,fussball.de
919,"HC ""leipziger City""",HR Leipzig,HR Leipzig,9,Bezirksliga / Kreisliga / Regionsliga,RL Männer · HR Leipzig,13116,2,0,0,0,0,0,0,0,0,0.0,,fussball.de
920,HC Annaberg-B.,HR Südwestsachsen,HR Südwestsachsen,9,Bezirksliga / Kreisliga / Regionsliga,RL Männer · HR Südwestsachsen,13096,1,0,0,0,0,0,0,0,0,0.0,,fussball.de
921,HC Cologne Kangaroos,HK Köln-Rheinberg,HK Köln-Rheinberg,9,Bezirksliga / Kreisliga / Regionsliga,Regionsliga Männer · HK Köln-Rheinberg,12889,3,0,0,0,0,0,0,0,0,0.0,,fussball.de
922,HC Dillingen-Diefflen 2,Handballverband SAAR,Handballverband SAAR,9,Bezirksliga / Kreisliga / Regionsliga,Bezirksliga Männer,14382,3,0,0,0,0,0,0,0,0,0.0,,fussball.de
923,HC Ennepetal,Handballkreis Hagen/Ennepe-Ruhr,Handballkreis Hagen/Ennepe-Ruhr,9,Bezirksliga / Kreisliga / Regionsliga,MÄNNER KREISLIGA HKHR,13011,2,0,0,0,0,0,0,0,0,0.0,,fussball.de
924,HC Gonsenheim 2,Handballverband Rheinhessen-Pfalz,Handballverband Rheinhessen-Pfalz,9,Bezirksliga / Kreisliga / Regionsliga,M-BZL 1,12486,3,0,0,0,0,0,0,0,0,0.0,,fussball.de
925,HC Koblenz IV,Rhein/Westerwald,Rhein/Westerwald,9,Bezirksliga / Kreisliga / Regionsliga,Bezirksliga Männer Rhein/Westerwald,15020,2,0,0,0,0,0,0,0,0,0.0,,fussball.de
926,HC St. Ingbert- Hassel 2,Handballverband SAAR,Handballverband SAAR,9,Bezirksliga / Kreisliga / Regionsliga,Bezirksliga Männer,14382,4,0,0,0,0,0,0,0,0,0.0,,fussball.de
927,HC TV Rhede III,HK Wesel,HK Wesel,9,Bezirksliga / Kreisliga / Regionsliga,Regionsliga Männer,13065,1,0,0,0,0,0,0,0,0,0.0,,fussball.de
928,HC Weiden 2018 V,HK Aachen-Düren,HK Aachen-Düren,9,Bezirksliga / Kreisliga / Regionsliga,Regionsliga,14819,3,0,0,0,0,0,0,0,0,0.0,,fussball.de
929,HCE BAD Oeynhausen,KÜS Ostwestfalenlippe,KÜS Ostwestfalenlippe,9,Bezirksliga / Kreisliga / Regionsliga,OWL Männer Bezirksliga Staffel 1,12671,1,0,0,0,0,0,0,0,0,0.0,,fussball.de
930,HCE Bergkamen 2.H,Handballkreis Hellweg,Handballkreis Hellweg,9,Bezirksliga / Kreisliga / Regionsliga,Männer Kreisliga HKH,12689,3,0,0,0,0,0,0,0,0,0.0,,fussball.de
931,HCS Neustadt-S.,HR Sachsen-Mitte,HR Sachsen-Mitte,9,Bezirksliga / Kreisliga / Regionsliga,RL Männer,13103,2,0,0,0,0,0,0,0,0,0.0,,fussball.de
932,HF Illtal 3,Handballverband SAAR,Handballverband SAAR,9,Bezirksliga / Kreisliga / Regionsliga,Bezirksliga Männer,14382,5,0,0,0,0,0,0,0,0,0.0,,fussball.de
933,HF Köllertal 2,Handballverband SAAR,Handballverband SAAR,9,Bezirksliga / Kreisliga / Regionsliga,Bezirksliga Männer,14382,6,0,0,0,0,0,0,0,0,0.0,,fussball.de
934,HF UNTERE SAAR 3 raus,Handballverband SAAR,Handballverband SAAR,9,Bezirksliga / Kreisliga / Regionsliga,Bezirksliga Männer,14382,7,0,0,0,0,0,0,0,0,0.0,,fussball.de
935,HF Untere Saar 3,Handballverband SAAR,Handballverband SAAR,9,Bezirksliga / Kreisliga / Regionsliga,Bezirksliga Männer,14382,8,0,0,0,0,0,0,0,0,0.0,,fussball.de
936,HFF Munkbrarup II,Handball-Erwachsene DER Kreishandballverbände IN Schleswig-Holstein,Handball-Erwachsene DER Kreishandballverbände IN Schleswig-Holstein,9,Bezirksliga / Kreisliga / Regionsliga,Kreisliga Männer - Staffel A,12969,1,0,0,0,0,0,0,0,0,0.0,,fussball.de
937,HG Owschlag-Kropp-Tetenhusen,Handball-Erwachsene DER Kreishandballverbände IN Schleswig-Holstein,Handball-Erwachsene DER Kreishandballverbände IN Schleswig-Holstein,9,Bezirksliga / Kreisliga / Regionsliga,Kreisliga Männer - Staffel B,12970,1,0,0,0,0,0,0,0,0,0.0,,fussball.de
938,HSC Haltern-Sythen,Handballkreis Industrie,Handballkreis Industrie,9,Bezirksliga / Kreisliga / Regionsliga,HKI-M-Kreisliga,12710,3,0,0,0,0,0,0,0,0,0.0,,fussball.de
939,HSG 24109 II,Handball-Erwachsene DER Kreishandballverbände IN Schleswig-Holstein,Handball-Erwachsene DER Kreishandballverbände IN Schleswig-Holstein,9,Bezirksliga / Kreisliga / Regionsliga,Kreisliga Männer - Staffel C,12971,3,0,0,0,0,0,0,0,0,0.0,,fussball.de
940,HSG AM Hallo Essen III,HK Essen,HK Essen,9,Bezirksliga / Kreisliga / Regionsliga,Regionsliga Männer Nord,16078,3,0,0,0,0,0,0,0,0,0.0,,fussball.de
941,HSG Altenbeken/Buke,KÜS Ostwestfalenlippe,KÜS Ostwestfalenlippe,9,Bezirksliga / Kreisliga / Regionsliga,OWL Männer Bezirksliga Staffel 2,12672,1,0,0,0,0,0,0,0,0,0.0,,fussball.de
942,HSG Altenbeken/Buke 2,Handballkreis Lippe,Handballkreis Lippe,9,Bezirksliga / Kreisliga / Regionsliga,HBKLIP Kreisliga Männer,13126,2,0,0,0,0,0,0,0,0,0.0,,fussball.de
943,HSG Angeln,Handball-Erwachsene DER Kreishandballverbände IN Schleswig-Holstein,Handball-Erwachsene DER Kreishandballverbände IN Schleswig-Holstein,9,Bezirksliga / Kreisliga / Regionsliga,Kreisliga Männer - Staffel C,12971,4,0,0,0,0,0,0,0,0,0.0,,fussball.de
944,HSG Annen-Rüdinghausen | 1. Herren,Handballkreis Dortmund,Handballkreis Dortmund,9,Bezirksliga / Kreisliga / Regionsliga,HKDO-KL-M,12777,5,0,0,0,0,0,0,0,0,0.0,,fussball.de
945,HSG Bergedorf Vier- und Marschlande II,Hamburger Handballverband,Hamburger Handballverband,9,Bezirksliga / Kreisliga / Regionsliga,Kreisliga Männer Gruppe 1 (141),13440,2,0,0,0,0,0,0,0,0,0.0,,fussball.de
946,HSG Beste Trave,Handball-Erwachsene DER Kreishandballverbände IN Schleswig-Holstein,Handball-Erwachsene DER Kreishandballverbände IN Schleswig-Holstein,9,Bezirksliga / Kreisliga / Regionsliga,Kreisliga Männer - Staffel G,12975,3,0,0,0,0,0,0,0,0,0.0,,fussball.de
947,HSG Blomberg-Lippe 1,Handballkreis Lippe,Handballkreis Lippe,9,Bezirksliga / Kreisliga / Regionsliga,HBKLIP Kreisliga Männer,13126,3,0,0,0,0,0,0,0,0,0.0,,fussball.de
948,HSG Büchen/Siebeneichen,Handball-Erwachsene DER Kreishandballverbände IN Schleswig-Holstein,Handball-Erwachsene DER Kreishandballverbände IN Schleswig-Holstein,9,Bezirksliga / Kreisliga / Regionsliga,Kreisliga Männer - Staffel G,12975,4,0,0,0,0,0,0,0,0,0.0,,fussball.de
949,HSG DJK Oberthal / RW Schaumberg 2,Handballverband SAAR,Handballverband SAAR,9,Bezirksliga / Kreisliga / Regionsliga,Bezirksliga Männer,14382,9,0,0,0,0,0,0,0,0,0.0,,fussball.de
950,HSG DJK Rauxel-Schwerin E.V.,Handballkreis Industrie,Handballkreis Industrie,9,Bezirksliga / Kreisliga / Regionsliga,HKI-M-Kreisliga,12710,4,0,0,0,0,0,0,0,0,0.0,,fussball.de
951,HSG ECD Hagen 1,Handballkreis Hagen/Ennepe-Ruhr,Handballkreis Hagen/Ennepe-Ruhr,9,Bezirksliga / Kreisliga / Regionsliga,MÄNNER KREISLIGA HKHR,13011,3,0,0,0,0,0,0,0,0,0.0,,fussball.de
952,HSG ECD Hagen 2,Handballkreis Hagen/Ennepe-Ruhr,Handballkreis Hagen/Ennepe-Ruhr,9,Bezirksliga / Kreisliga / Regionsliga,MÄNNER KREISLIGA HKHR,13011,4,0,0,0,0,0,0,0,0,0.0,,fussball.de
953,HSG EGB Bielefeld II,Handballkreis Bielefeld-Herford,Handballkreis Bielefeld-Herford,9,Bezirksliga / Kreisliga / Regionsliga,Männer Kreisliga Bielefeld-Herford,13295,1,0,0,0,0,0,0,0,0,0.0,,fussball.de
954,HSG EURO 2,Handballkreis Minden-Lübbecke,Handballkreis Minden-Lübbecke,9,Bezirksliga / Kreisliga / Regionsliga,HBKML Männer Kreisliga,13016,1,0,0,0,0,0,0,0,0,0.0,,fussball.de
955,HSG Eckbachtal 3,Handballverband Rheinhessen-Pfalz,Handballverband Rheinhessen-Pfalz,9,Bezirksliga / Kreisliga / Regionsliga,M-BZL 2,12487,5,0,0,0,0,0,0,0,0,0.0,,fussball.de
956,HSG Eider Harde IV,Handball-Erwachsene DER Kreishandballverbände IN Schleswig-Holstein,Handball-Erwachsene DER Kreishandballverbände IN Schleswig-Holstein,9,Bezirksliga / Kreisliga / Regionsliga,Kreisliga Männer - Staffel B,12970,2,0,0,0,0,0,0,0,0,0.0,,fussball.de
957,HSG Eiderstedt,Handball-Erwachsene DER Kreishandballverbände IN Schleswig-Holstein,Handball-Erwachsene DER Kreishandballverbände IN Schleswig-Holstein,9,Bezirksliga / Kreisliga / Regionsliga,Kreisliga Männer - Staffel B,12970,3,0,0,0,0,0,0,0,0,0.0,,fussball.de
958,HSG Euskirchen II,HK Bonn-Euskirchen-Sieg,HK Bonn-Euskirchen-Sieg,9,Bezirksliga / Kreisliga / Regionsliga,Kreisliga Männer,12897,1,0,0,0,0,0,0,0,0,0.0,,fussball.de
959,HSG Geislar-Oberkassel III,HK Bonn-Euskirchen-Sieg,HK Bonn-Euskirchen-Sieg,9,Bezirksliga / Kreisliga / Regionsliga,Kreisliga Männer,12897,2,0,0,0,0,0,0,0,0,0.0,,fussball.de
960,HSG Gevelsberg Silschede 3,Handballkreis Hagen/Ennepe-Ruhr,Handballkreis Hagen/Ennepe-Ruhr,9,Bezirksliga / Kreisliga / Regionsliga,MÄNNER KREISLIGA HKHR,13011,5,0,0,0,0,0,0,0,0,0.0,,fussball.de
961,HSG Handball Lemgo 3,KÜS Ostwestfalenlippe,KÜS Ostwestfalenlippe,9,Bezirksliga / Kreisliga / Regionsliga,OWL Männer Bezirksliga Staffel 1,12671,2,0,0,0,0,0,0,0,0,0.0,,fussball.de
962,HSG Handball Lemgo 4,Handballkreis Lippe,Handballkreis Lippe,9,Bezirksliga / Kreisliga / Regionsliga,HBKLIP Kreisliga Männer,13126,4,0,0,0,0,0,0,0,0,0.0,,fussball.de
963,HSG Hüllhorst,KÜS Ostwestfalenlippe,KÜS Ostwestfalenlippe,9,Bezirksliga / Kreisliga / Regionsliga,OWL Männer Bezirksliga Staffel 1,12671,3,0,0,0,0,0,0,0,0,0.0,,fussball.de
964,HSG Hüllhorst 2,Handballkreis Minden-Lübbecke,Handballkreis Minden-Lübbecke,9,Bezirksliga / Kreisliga / Regionsliga,HBKML Männer Kreisliga,13016,2,0,0,0,0,0,0,0,0,0.0,,fussball.de
965,HSG Jörl-Doppeleiche Viöl II,Handball-Erwachsene DER Kreishandballverbände IN Schleswig-Holstein,Handball-Erwachsene DER Kreishandballverbände IN Schleswig-Holstein,9,Bezirksliga / Kreisliga / Regionsliga,Kreisliga Männer - Staffel A,12969,2,0,0,0,0,0,0,0,0,0.0,,fussball.de
966,HSG Kalkberg 06 II,Handball-Erwachsene DER Kreishandballverbände IN Schleswig-Holstein,Handball-Erwachsene DER Kreishandballverbände IN Schleswig-Holstein,9,Bezirksliga / Kreisliga / Regionsliga,Kreisliga Männer - Staffel F,12974,2,0,0,0,0,0,0,0,0,0.0,,fussball.de
967,HSG Kremperheide/Münsterdorf III,Handball-Erwachsene DER Kreishandballverbände IN Schleswig-Holstein,Handball-Erwachsene DER Kreishandballverbände IN Schleswig-Holstein,9,Bezirksliga / Kreisliga / Regionsliga,Kreisliga Männer - Staffel E,12973,2,0,0,0,0,0,0,0,0,0.0,,fussball.de
968,HSG Lübecker Bucht,Handball-Erwachsene DER Kreishandballverbände IN Schleswig-Holstein,Handball-Erwachsene DER Kreishandballverbände IN Schleswig-Holstein,9,Bezirksliga / Kreisliga / Regionsliga,Kreisliga Männer - Staffel F,12974,3,0,0,0,0,0,0,0,0,0.0,,fussball.de
969,HSG Lüdenscheid E.V. III,Handballkreis Lenne-Sieg,Handballkreis Lenne-Sieg,9,Bezirksliga / Kreisliga / Regionsliga,Kreisliga B Nord,13093,1,0,0,0,0,0,0,0,0,0.0,,fussball.de
970,HSG Lüdenscheid e.V. II,Handballkreis Lenne-Sieg,Handballkreis Lenne-Sieg,9,Bezirksliga / Kreisliga / Regionsliga,HKLesi Kreisliga A Männer,15898,1,0,0,0,0,0,0,0,0,0.0,,fussball.de
971,HSG Marienheide/Müllenbach,HK Oberberg,HK Oberberg,9,Bezirksliga / Kreisliga / Regionsliga,Regionsliga Männer · HK Oberberg,12960,4,0,0,0,0,0,0,0,0,0.0,,fussball.de
972,HSG Mertesdorf-Ruwertal II,Mosel/Eifel-Nahe/Hunsrück,Mosel/Eifel-Nahe/Hunsrück,9,Bezirksliga / Kreisliga / Regionsliga,Bezirksliga Männer Mosel/Eifel-Nahe/Hunsrück,14548,2,0,0,0,0,0,0,0,0,0.0,,fussball.de
973,HSG NRG 2025 II,Handballkreis Münsterland,Handballkreis Münsterland,9,Bezirksliga / Kreisliga / Regionsliga,Kreisliga Münsterland Männer,13227,4,0,0,0,0,0,0,0,0,0.0,,fussball.de
974,HSG Neudorf/Döbeln II,HR Leipzig,HR Leipzig,9,Bezirksliga / Kreisliga / Regionsliga,RL Männer · HR Leipzig,13116,3,0,0,0,0,0,0,0,0,0.0,,fussball.de
975,HSG Nordau II,Handball-Erwachsene DER Kreishandballverbände IN Schleswig-Holstein,Handball-Erwachsene DER Kreishandballverbände IN Schleswig-Holstein,9,Bezirksliga / Kreisliga / Regionsliga,Kreisliga Männer - Staffel A,12969,3,0,0,0,0,0,0,0,0,0.0,,fussball.de
976,HSG Ohlau,Handball-Erwachsene DER Kreishandballverbände IN Schleswig-Holstein,Handball-Erwachsene DER Kreishandballverbände IN Schleswig-Holstein,9,Bezirksliga / Kreisliga / Regionsliga,Kreisliga Männer - Staffel E,12973,3,0,0,0,0,0,0,0,0,0.0,,fussball.de
977,HSG Ostsee Neustadt/Grömitz III,Handball-Erwachsene DER Kreishandballverbände IN Schleswig-Holstein,Handball-Erwachsene DER Kreishandballverbände IN Schleswig-Holstein,9,Bezirksliga / Kreisliga / Regionsliga,Kreisliga Männer - Staffel F,12974,4,0,0,0,0,0,0,0,0,0.0,,fussball.de
978,HSG Petershagen/Lahde 2,Handballkreis Minden-Lübbecke,Handballkreis Minden-Lübbecke,9,Bezirksliga / Kreisliga / Regionsliga,HBKML Männer Kreisliga,13016,3,0,0,0,0,0,0,0,0,0.0,,fussball.de
979,HSG Porta Hr. 1,KÜS Ostwestfalenlippe,KÜS Ostwestfalenlippe,9,Bezirksliga / Kreisliga / Regionsliga,OWL Männer Bezirksliga Staffel 1,12671,4,0,0,0,0,0,0,0,0,0.0,,fussball.de
980,HSG Porta Hr. 2,Handballkreis Minden-Lübbecke,Handballkreis Minden-Lübbecke,9,Bezirksliga / Kreisliga / Regionsliga,HBKML Männer Kreisliga,13016,4,0,0,0,0,0,0,0,0,0.0,,fussball.de
981,HSG Refrath/Hand IV,HK Köln-Rheinberg,HK Köln-Rheinberg,9,Bezirksliga / Kreisliga / Regionsliga,Regionsliga Männer · HK Köln-Rheinberg,12889,4,0,0,0,0,0,0,0,0,0.0,,fussball.de
982,HSG Rietberg-Mastholte,Handballkreis Gütersloh,Handballkreis Gütersloh,9,Bezirksliga / Kreisliga / Regionsliga,HBKGT Männer Kreisliga,12456,2,0,0,0,0,0,0,0,0,0.0,,fussball.de
983,HSG Rösrath/Forsbach II,HK Köln-Rheinberg,HK Köln-Rheinberg,9,Bezirksliga / Kreisliga / Regionsliga,Regionsliga Männer · HK Köln-Rheinberg,12889,5,0,0,0,0,0,0,0,0,0.0,,fussball.de
984,HSG Sachsenring,HR Südwestsachsen,HR Südwestsachsen,9,Bezirksliga / Kreisliga / Regionsliga,RL Männer · HR Südwestsachsen,13096,2,0,0,0,0,0,0,0,0,0.0,,fussball.de
985,HSG Schleswig,Handball-Erwachsene DER Kreishandballverbände IN Schleswig-Holstein,Handball-Erwachsene DER Kreishandballverbände IN Schleswig-Holstein,9,Bezirksliga / Kreisliga / Regionsliga,Kreisliga Männer - Staffel C,12971,5,0,0,0,0,0,0,0,0,0.0,,fussball.de
986,HSG Schwerte Westhofen 1.H,Handballkreis Iserlohn-Arnsberg,Handballkreis Iserlohn-Arnsberg,9,Bezirksliga / Kreisliga / Regionsliga,HKISAR Kreisliga MÄNNER,15069,1,0,0,0,0,0,0,0,0,0.0,,fussball.de
987,HSG Schülp/Westerrönfeld/Rendsburg III,Handball-Erwachsene DER Kreishandballverbände IN Schleswig-Holstein,Handball-Erwachsene DER Kreishandballverbände IN Schleswig-Holstein,9,Bezirksliga / Kreisliga / Regionsliga,Kreisliga Männer - Staffel B,12970,4,0,0,0,0,0,0,0,0,0.0,,fussball.de
988,HSG Sieg H2,HK Bonn-Euskirchen-Sieg,HK Bonn-Euskirchen-Sieg,9,Bezirksliga / Kreisliga / Regionsliga,Kreisliga Männer,12897,3,0,0,0,0,0,0,0,0,0.0,,fussball.de
989,HSG Siegerland II,Handballkreis Lenne-Sieg,Handballkreis Lenne-Sieg,9,Bezirksliga / Kreisliga / Regionsliga,KLB Süd 3 Runde,15787,1,0,0,0,0,0,0,0,0,0.0,,fussball.de
990,HSG Siegerland II,Handballkreis Lenne-Sieg,Handballkreis Lenne-Sieg,9,Bezirksliga / Kreisliga / Regionsliga,Kreisliga B Süd,13094,1,0,0,0,0,0,0,0,0,0.0,,fussball.de
991,HSG Soest Herren,Handballkreis Hellweg,Handballkreis Hellweg,9,Bezirksliga / Kreisliga / Regionsliga,Männer Kreisliga HKH,12689,4,0,0,0,0,0,0,0,0,0.0,,fussball.de
992,HSG Spradow 2,Handballkreis Bielefeld-Herford,Handballkreis Bielefeld-Herford,9,Bezirksliga / Kreisliga / Regionsliga,Männer Kreisliga Bielefeld-Herford,13295,2,0,0,0,0,0,0,0,0,0.0,,fussball.de
993,HSG Störtal Hummeln II,Handball-Erwachsene DER Kreishandballverbände IN Schleswig-Holstein,Handball-Erwachsene DER Kreishandballverbände IN Schleswig-Holstein,9,Bezirksliga / Kreisliga / Regionsliga,Kreisliga Männer - Staffel E,12973,4,0,0,0,0,0,0,0,0,0.0,,fussball.de
994,HSG Tecklenburger LAND III,Handballkreis Münsterland,Handballkreis Münsterland,9,Bezirksliga / Kreisliga / Regionsliga,Kreisliga Münsterland Männer,13227,5,0,0,0,0,0,0,0,0,0.0,,fussball.de
995,HSG Trifels II,Handballverband Rheinhessen-Pfalz,Handballverband Rheinhessen-Pfalz,9,Bezirksliga / Kreisliga / Regionsliga,M-BZL 2,12487,6,0,0,0,0,0,0,0,0,0.0,,fussball.de
996,HSG Tva/Atsv Saarbrücken 3,Handballverband SAAR,Handballverband SAAR,9,Bezirksliga / Kreisliga / Regionsliga,Bezirksliga Männer,14382,10,0,0,0,0,0,0,0,0,0.0,,fussball.de
997,HSG Wagrien II,Handball-Erwachsene DER Kreishandballverbände IN Schleswig-Holstein,Handball-Erwachsene DER Kreishandballverbände IN Schleswig-Holstein,9,Bezirksliga / Kreisliga / Regionsliga,Kreisliga Männer - Staffel F,12974,5,0,0,0,0,0,0,0,0,0.0,,fussball.de
998,HSG Werther/Borgholzhausen II,Handballkreis Gütersloh,Handballkreis Gütersloh,9,Bezirksliga / Kreisliga / Regionsliga,HBKGT Männer Kreisliga,12456,3,0,0,0,0,0,0,0,0,0.0,,fussball.de
999,HSG Wesel II,HK Wesel,HK Wesel,9,Bezirksliga / Kreisliga / Regionsliga,Regionsliga Männer,13065,2,0,0,0,0,0,0,0,0,0.0,,fussball.de
1000,HSG Westerwald II,Rhein/Westerwald,Rhein/Westerwald,9,Bezirksliga / Kreisliga / Regionsliga,Bezirksliga Männer Rhein/Westerwald,15020,3,0,0,0,0,0,0,0,0,0.0,,fussball.de
1001,HSG Wittgenstein,Handballkreis Lenne-Sieg,Handballkreis Lenne-Sieg,9,Bezirksliga / Kreisliga / Regionsliga,HKLesi Kreisliga A Männer,15898,2,0,0,0,0,0,0,0,0,0.0,,fussball.de
1002,HSV 1923 Pulsnitz III,HR Ostsachsen,HR Ostsachsen,9,Bezirksliga / Kreisliga / Regionsliga,RL Männer · HR Ostsachsen,13110,1,0,0,0,0,0,0,0,0,0.0,,fussball.de
1003,HSV Dresden III,HR Sachsen-Mitte,HR Sachsen-Mitte,9,Bezirksliga / Kreisliga / Regionsliga,RL Männer,13103,3,0,0,0,0,0,0,0,0,0.0,,fussball.de
1004,HSV Minden-Nord,Handballkreis Minden-Lübbecke,Handballkreis Minden-Lübbecke,9,Bezirksliga / Kreisliga / Regionsliga,HBKML Männer Kreisliga,13016,5,0,0,0,0,0,0,0,0,0.0,,fussball.de
1005,HSV Rhein-Nette III,Rhein/Westerwald,Rhein/Westerwald,9,Bezirksliga / Kreisliga / Regionsliga,Bezirksliga Männer Rhein/Westerwald,15020,4,0,0,0,0,0,0,0,0,0.0,,fussball.de
1006,HSV Wegberg,HK Krefeld-Grenzland,HK Krefeld-Grenzland,9,Bezirksliga / Kreisliga / Regionsliga,BL Männer,15675,6,0,0,0,0,0,0,0,0,0.0,,fussball.de
1007,HSV Werdohl/Versetal 1972 E.V. 2,Handballkreis Lenne-Sieg,Handballkreis Lenne-Sieg,9,Bezirksliga / Kreisliga / Regionsliga,Kreisliga B Nord,13093,2,0,0,0,0,0,0,0,0,0.0,,fussball.de
1008,HTSF Senne II,Handballkreis Bielefeld-Herford,Handballkreis Bielefeld-Herford,9,Bezirksliga / Kreisliga / Regionsliga,Männer Kreisliga Bielefeld-Herford,13295,3,0,0,0,0,0,0,0,0,0.0,,fussball.de
1009,HV Eibau,HR Ostsachsen,HR Ostsachsen,9,Bezirksliga / Kreisliga / Regionsliga,RL Männer · HR Ostsachsen,13110,2,0,0,0,0,0,0,0,0,0.0,,fussball.de
1010,HV Sundern H1,Handballkreis Iserlohn-Arnsberg,Handballkreis Iserlohn-Arnsberg,9,Bezirksliga / Kreisliga / Regionsliga,HKISAR Kreisliga MÄNNER,15069,2,0,0,0,0,0,0,0,0,0.0,,fussball.de
1011,HV Vallendar III,Rhein/Westerwald,Rhein/Westerwald,9,Bezirksliga / Kreisliga / Regionsliga,Bezirksliga Männer Rhein/Westerwald,15020,5,0,0,0,0,0,0,0,0,0.0,,fussball.de
1012,HV Weisenau,Handballverband Rheinhessen-Pfalz,Handballverband Rheinhessen-Pfalz,9,Bezirksliga / Kreisliga / Regionsliga,M-BZL 1,12486,4,0,0,0,0,0,0,0,0,0.0,,fussball.de
1013,Hammer SC 2008 E.V. II,Handballkreis Hellweg,Handballkreis Hellweg,9,Bezirksliga / Kreisliga / Regionsliga,Männer Kreisliga HKH,12689,5,0,0,0,0,0,0,0,0,0.0,,fussball.de
1014,Handball BAD Salzuflen 2,KÜS Ostwestfalenlippe,KÜS Ostwestfalenlippe,9,Bezirksliga / Kreisliga / Regionsliga,OWL Männer Bezirksliga Staffel 1,12671,5,0,0,0,0,0,0,0,0,0.0,,fussball.de
1015,Handball BAD Salzuflen 3,Handballkreis Lippe,Handballkreis Lippe,9,Bezirksliga / Kreisliga / Regionsliga,HBKLIP Kreisliga Männer,13126,5,0,0,0,0,0,0,0,0,0.0,,fussball.de
1016,Handball SV Westerholt E.V. II,Handballkreis Industrie,Handballkreis Industrie,9,Bezirksliga / Kreisliga / Regionsliga,HKI-M-Kreisliga,12710,5,0,0,0,0,0,0,0,0,0.0,,fussball.de
1017,Herzebrocker SV,Handballkreis Gütersloh,Handballkreis Gütersloh,9,Bezirksliga / Kreisliga / Regionsliga,HBKGT Männer Kreisliga,12456,4,0,0,0,0,0,0,0,0,0.0,,fussball.de
1018,Hildener Wölfe 2m,HK Essen,HK Essen,9,Bezirksliga / Kreisliga / Regionsliga,Regionsliga Männer Süd,14914,3,0,0,0,0,0,0,0,0,0.0,,fussball.de
1019,Hsv/Hamm 02 III,Hamburger Handballverband,Hamburger Handballverband,9,Bezirksliga / Kreisliga / Regionsliga,Kreisliga Männer Gruppe 2 (142),13442,2,0,0,0,0,0,0,0,0,0.0,,fussball.de
1020,Husen-Kurl 1. Männer,Handballkreis Dortmund,Handballkreis Dortmund,9,Bezirksliga / Kreisliga / Regionsliga,HKDO-KL-M,12777,6,0,0,0,0,0,0,0,0,0.0,,fussball.de
1021,IF Stjernen Flensborg,Handball-Erwachsene DER Kreishandballverbände IN Schleswig-Holstein,Handball-Erwachsene DER Kreishandballverbände IN Schleswig-Holstein,9,Bezirksliga / Kreisliga / Regionsliga,Kreisliga Männer - Staffel A,12969,4,0,0,0,0,0,0,0,0,0.0,,fussball.de
1022,JAHN Bockum,HK Krefeld-Grenzland,HK Krefeld-Grenzland,9,Bezirksliga / Kreisliga / Regionsliga,BL Männer,15675,7,0,0,0,0,0,0,0,0,0.0,,fussball.de
1023,Jülicher TV,HK Aachen-Düren,HK Aachen-Düren,9,Bezirksliga / Kreisliga / Regionsliga,Regionsliga,14819,4,0,0,0,0,0,0,0,0,0.0,,fussball.de
1024,Koweg Görlitz III,HR Ostsachsen,HR Ostsachsen,9,Bezirksliga / Kreisliga / Regionsliga,RL Männer · HR Ostsachsen,13110,3,0,0,0,0,0,0,0,0,0.0,,fussball.de
1025,LHV Hoyerswerda III,HR Ostsachsen,HR Ostsachsen,9,Bezirksliga / Kreisliga / Regionsliga,RL Männer · HR Ostsachsen,13110,4,0,0,0,0,0,0,0,0,0.0,,fussball.de
1026,LIT 1912 5,Handballkreis Minden-Lübbecke,Handballkreis Minden-Lübbecke,9,Bezirksliga / Kreisliga / Regionsliga,HBKML Männer Kreisliga,13016,6,0,0,0,0,0,0,0,0,0.0,,fussball.de
1027,LIT 1912 IV,KÜS Ostwestfalenlippe,KÜS Ostwestfalenlippe,9,Bezirksliga / Kreisliga / Regionsliga,OWL Männer Bezirksliga Staffel 1,12671,6,0,0,0,0,0,0,0,0,0.0,,fussball.de
1028,Lauenburger SV,Handball-Erwachsene DER Kreishandballverbände IN Schleswig-Holstein,Handball-Erwachsene DER Kreishandballverbände IN Schleswig-Holstein,9,Bezirksliga / Kreisliga / Regionsliga,Kreisliga Männer - Staffel G,12975,5,0,0,0,0,0,0,0,0,0.0,,fussball.de
1029,Leipziger SV Südwest,HR Leipzig,HR Leipzig,9,Bezirksliga / Kreisliga / Regionsliga,RL Männer · HR Leipzig,13116,4,0,0,0,0,0,0,0,0,0.0,,fussball.de
1030,Lennestadt Würdinghausen,Handballkreis Lenne-Sieg,Handballkreis Lenne-Sieg,9,Bezirksliga / Kreisliga / Regionsliga,HKLesi Kreisliga A Männer,15898,3,0,0,0,0,0,0,0,0,0.0,,fussball.de
1031,Letmather TV H2,Handballkreis Iserlohn-Arnsberg,Handballkreis Iserlohn-Arnsberg,9,Bezirksliga / Kreisliga / Regionsliga,HKISAR Kreisliga MÄNNER,15069,3,0,0,0,0,0,0,0,0,0.0,,fussball.de
1032,Luchse Düsseldorf 2M,HK Essen,HK Essen,9,Bezirksliga / Kreisliga / Regionsliga,Regionsliga Männer Süd,14914,4,0,0,0,0,0,0,0,0,0.0,,fussball.de
1033,Lübecker SV GUT HEIL V. 1876,Handball-Erwachsene DER Kreishandballverbände IN Schleswig-Holstein,Handball-Erwachsene DER Kreishandballverbände IN Schleswig-Holstein,9,Bezirksliga / Kreisliga / Regionsliga,Kreisliga Männer - Staffel G,12975,6,0,0,0,0,0,0,0,0,0.0,,fussball.de
1034,Lüttringhauser TV II,HK Essen,HK Essen,9,Bezirksliga / Kreisliga / Regionsliga,Regionsliga Männer Süd,14914,5,0,0,0,0,0,0,0,0,0.0,,fussball.de
1035,MAINZER TV v. 1817,Handballverband Rheinhessen-Pfalz,Handballverband Rheinhessen-Pfalz,9,Bezirksliga / Kreisliga / Regionsliga,M-BZL 1,12486,5,0,0,0,0,0,0,0,0,0.0,,fussball.de
1036,MTV Ahrensbök,Handball-Erwachsene DER Kreishandballverbände IN Schleswig-Holstein,Handball-Erwachsene DER Kreishandballverbände IN Schleswig-Holstein,9,Bezirksliga / Kreisliga / Regionsliga,Kreisliga Männer - Staffel F,12974,6,0,0,0,0,0,0,0,0,0.0,,fussball.de
1037,MTV Ahrensbök II,Handball-Erwachsene DER Kreishandballverbände IN Schleswig-Holstein,Handball-Erwachsene DER Kreishandballverbände IN Schleswig-Holstein,9,Bezirksliga / Kreisliga / Regionsliga,Kreisliga Männer - Staffel F,12974,7,0,0,0,0,0,0,0,0,0.0,,fussball.de
1038,MTV Dänischenhagen III,Handball-Erwachsene DER Kreishandballverbände IN Schleswig-Holstein,Handball-Erwachsene DER Kreishandballverbände IN Schleswig-Holstein,9,Bezirksliga / Kreisliga / Regionsliga,Kreisliga Männer - Staffel C,12971,6,0,0,0,0,0,0,0,0,0.0,,fussball.de
1039,MTV Heide,Handball-Erwachsene DER Kreishandballverbände IN Schleswig-Holstein,Handball-Erwachsene DER Kreishandballverbände IN Schleswig-Holstein,9,Bezirksliga / Kreisliga / Regionsliga,Kreisliga Männer - Staffel B,12970,5,0,0,0,0,0,0,0,0,0.0,,fussball.de
1040,Meerbuscher HV 2m,HK Essen,HK Essen,9,Bezirksliga / Kreisliga / Regionsliga,Regionsliga Männer Süd,14914,6,0,0,0,0,0,0,0,0,0.0,,fussball.de
1041,Mettmann-Sport III,HK Essen,HK Essen,9,Bezirksliga / Kreisliga / Regionsliga,Regionsliga Männer Nord,16078,4,0,0,0,0,0,0,0,0,0.0,,fussball.de
1042,Moorreger SV,Hamburger Handballverband,Hamburger Handballverband,9,Bezirksliga / Kreisliga / Regionsliga,Kreisliga Männer Gruppe 1 (141),13440,3,0,0,0,0,0,0,0,0,0.0,,fussball.de
1043,Neusser HV 2m,HK Essen,HK Essen,9,Bezirksliga / Kreisliga / Regionsliga,Regionsliga Männer Süd,14914,7,0,0,0,0,0,0,0,0,0.0,,fussball.de
1044,Niederbergischer HC II,HK Essen,HK Essen,9,Bezirksliga / Kreisliga / Regionsliga,Regionsliga Männer Nord,16078,5,0,0,0,0,0,0,0,0,0.0,,fussball.de
1045,Niendorfer TSV III,Hamburger Handballverband,Hamburger Handballverband,9,Bezirksliga / Kreisliga / Regionsliga,Kreisliga Männer Gruppe 1 (141),13440,4,0,0,0,0,0,0,0,0,0.0,,fussball.de
1046,OHC Bernstadt II,HR Ostsachsen,HR Ostsachsen,9,Bezirksliga / Kreisliga / Regionsliga,RL Männer · HR Ostsachsen,13110,5,0,0,0,0,0,0,0,0,0.0,,fussball.de
1047,OSC Rheinhausen III,HK Rhein-Ruhr,HK Rhein-Ruhr,9,Bezirksliga / Kreisliga / Regionsliga,REGIONSLIGA MÄNNER,13017,9,0,0,0,0,0,0,0,0,0.0,,fussball.de
1048,OSV Zittau,HR Ostsachsen,HR Ostsachsen,9,Bezirksliga / Kreisliga / Regionsliga,RL Männer · HR Ostsachsen,13110,6,0,0,0,0,0,0,0,0,0.0,,fussball.de
1049,PSV E.V. Recklinghausen II,Handballkreis Industrie,Handballkreis Industrie,9,Bezirksliga / Kreisliga / Regionsliga,HKI-M-Kreisliga,12710,6,0,0,0,0,0,0,0,0,0.0,,fussball.de
1050,Polizei SV KIEL,Handball-Erwachsene DER Kreishandballverbände IN Schleswig-Holstein,Handball-Erwachsene DER Kreishandballverbände IN Schleswig-Holstein,9,Bezirksliga / Kreisliga / Regionsliga,Kreisliga Männer - Staffel C,12971,7,0,0,0,0,0,0,0,0,0.0,,fussball.de
1051,Polizei SV KÖLN III,HK Köln-Rheinberg,HK Köln-Rheinberg,9,Bezirksliga / Kreisliga / Regionsliga,Regionsliga Männer · HK Köln-Rheinberg,12889,6,0,0,0,0,0,0,0,0,0.0,,fussball.de
1052,Poppelsdorfer HV,HK Bonn-Euskirchen-Sieg,HK Bonn-Euskirchen-Sieg,9,Bezirksliga / Kreisliga / Regionsliga,Kreisliga Männer,12897,4,0,0,0,0,0,0,0,0,0.0,,fussball.de
1053,Preetzer TSV II,Handball-Erwachsene DER Kreishandballverbände IN Schleswig-Holstein,Handball-Erwachsene DER Kreishandballverbände IN Schleswig-Holstein,9,Bezirksliga / Kreisliga / Regionsliga,Kreisliga Männer - Staffel D,12972,2,0,0,0,0,0,0,0,0,0.0,,fussball.de
1054,RE Schwelm 1,Handballkreis Hagen/Ennepe-Ruhr,Handballkreis Hagen/Ennepe-Ruhr,9,Bezirksliga / Kreisliga / Regionsliga,MÄNNER KREISLIGA HKHR,13011,6,0,0,0,0,0,0,0,0,0.0,,fussball.de
1055,RSV Rath-Heumar,HK Köln-Rheinberg,HK Köln-Rheinberg,9,Bezirksliga / Kreisliga / Regionsliga,Regionsliga Männer · HK Köln-Rheinberg,12889,7,0,0,0,0,0,0,0,0,0.0,,fussball.de
1056,RSVE Siegen Handball E.V. II,Handballkreis Lenne-Sieg,Handballkreis Lenne-Sieg,9,Bezirksliga / Kreisliga / Regionsliga,KLB Süd 3 Runde,15787,2,0,0,0,0,0,0,0,0,0.0,,fussball.de
1057,RSVE Siegen Handball E.V. II,Handballkreis Lenne-Sieg,Handballkreis Lenne-Sieg,9,Bezirksliga / Kreisliga / Regionsliga,Kreisliga B Süd,13094,2,0,0,0,0,0,0,0,0,0.0,,fussball.de
1058,Radeberger SV III,HR Ostsachsen,HR Ostsachsen,9,Bezirksliga / Kreisliga / Regionsliga,RL Männer · HR Ostsachsen,13110,7,0,0,0,0,0,0,0,0,0.0,,fussball.de
1059,Raisdorfer TSV,Handball-Erwachsene DER Kreishandballverbände IN Schleswig-Holstein,Handball-Erwachsene DER Kreishandballverbände IN Schleswig-Holstein,9,Bezirksliga / Kreisliga / Regionsliga,Kreisliga Männer - Staffel D,12972,3,0,0,0,0,0,0,0,0,0.0,,fussball.de
1060,Rodewischer Hb-Wölfe,HR Südwestsachsen,HR Südwestsachsen,9,Bezirksliga / Kreisliga / Regionsliga,RL Männer · HR Südwestsachsen,13096,3,0,0,0,0,0,0,0,0,0.0,,fussball.de
1061,Rotation Borstendorf,HR Südwestsachsen,HR Südwestsachsen,9,Bezirksliga / Kreisliga / Regionsliga,RL Männer · HR Südwestsachsen,13096,4,0,0,0,0,0,0,0,0,0.0,,fussball.de
1062,Rotation Weissenborn II,HR Südwestsachsen,HR Südwestsachsen,9,Bezirksliga / Kreisliga / Regionsliga,RL Männer · HR Südwestsachsen,13096,5,0,0,0,0,0,0,0,0,0.0,,fussball.de
1063,S.S.D. Nikola Tesla,Hamburger Handballverband,Hamburger Handballverband,9,Bezirksliga / Kreisliga / Regionsliga,Kreisliga Männer Gruppe 2 (142),13442,3,0,0,0,0,0,0,0,0,0.0,,fussball.de
1064,SC Alstertal-Langenhorn,Hamburger Handballverband,Hamburger Handballverband,9,Bezirksliga / Kreisliga / Regionsliga,Kreisliga Männer Gruppe 2 (142),13442,4,0,0,0,0,0,0,0,0,0.0,,fussball.de
1065,SC Buntekuh Lübeck,Handball-Erwachsene DER Kreishandballverbände IN Schleswig-Holstein,Handball-Erwachsene DER Kreishandballverbände IN Schleswig-Holstein,9,Bezirksliga / Kreisliga / Regionsliga,Kreisliga Männer - Staffel G,12975,7,0,0,0,0,0,0,0,0,0.0,,fussball.de
1066,SC Fortuna Köln III,HK Köln-Rheinberg,HK Köln-Rheinberg,9,Bezirksliga / Kreisliga / Regionsliga,Regionsliga Männer · HK Köln-Rheinberg,12889,8,0,0,0,0,0,0,0,0,0.0,,fussball.de
1067,SC Fortuna Wellsee,Handball-Erwachsene DER Kreishandballverbände IN Schleswig-Holstein,Handball-Erwachsene DER Kreishandballverbände IN Schleswig-Holstein,9,Bezirksliga / Kreisliga / Regionsliga,Kreisliga Männer - Staffel D,12972,4,0,0,0,0,0,0,0,0,0.0,,fussball.de
1068,SC Kieler Förde II,Handball-Erwachsene DER Kreishandballverbände IN Schleswig-Holstein,Handball-Erwachsene DER Kreishandballverbände IN Schleswig-Holstein,9,Bezirksliga / Kreisliga / Regionsliga,Kreisliga Männer - Staffel D,12972,5,0,0,0,0,0,0,0,0,0.0,,fussball.de
1069,SC Münster 08 II,Handballkreis Münsterland,Handballkreis Münsterland,9,Bezirksliga / Kreisliga / Regionsliga,Kreisliga Münsterland Männer,13227,6,0,0,0,0,0,0,0,0,0.0,,fussball.de
1070,SC Teutonia 10,Hamburger Handballverband,Hamburger Handballverband,9,Bezirksliga / Kreisliga / Regionsliga,Kreisliga Männer Gruppe 1 (141),13440,5,0,0,0,0,0,0,0,0,0.0,,fussball.de
1071,SC Victoria II,Hamburger Handballverband,Hamburger Handballverband,9,Bezirksliga / Kreisliga / Regionsliga,Kreisliga Männer Gruppe 1 (141),13440,6,0,0,0,0,0,0,0,0,0.0,,fussball.de
1072,SC Westfalia Kinderhaus II,Handballkreis Münsterland,Handballkreis Münsterland,9,Bezirksliga / Kreisliga / Regionsliga,Kreisliga Münsterland Männer,13227,7,0,0,0,0,0,0,0,0,0.0,,fussball.de
1073,SF 01 Dresden,HR Sachsen-Mitte,HR Sachsen-Mitte,9,Bezirksliga / Kreisliga / Regionsliga,RL Männer,13103,4,0,0,0,0,0,0,0,0,0.0,,fussball.de
1074,SF Neustadt/Wied,Rhein/Westerwald,Rhein/Westerwald,9,Bezirksliga / Kreisliga / Regionsliga,Bezirksliga Männer Rhein/Westerwald,15020,6,0,0,0,0,0,0,0,0,0.0,,fussball.de
1075,SF Puderbach 09,Rhein/Westerwald,Rhein/Westerwald,9,Bezirksliga / Kreisliga / Regionsliga,Bezirksliga Männer Rhein/Westerwald,15020,7,0,0,0,0,0,0,0,0,0.0,,fussball.de
1076,SG Altona III,Hamburger Handballverband,Hamburger Handballverband,9,Bezirksliga / Kreisliga / Regionsliga,Kreisliga Männer Gruppe 1 (141),13440,7,0,0,0,0,0,0,0,0,0.0,,fussball.de
1077,SG Attendorn Ennest E.V. II,Handballkreis Lenne-Sieg,Handballkreis Lenne-Sieg,9,Bezirksliga / Kreisliga / Regionsliga,KLB Süd 3 Runde,15787,3,0,0,0,0,0,0,0,0,0.0,,fussball.de
1078,SG Attendorn Ennest E.V. II,Handballkreis Lenne-Sieg,Handballkreis Lenne-Sieg,9,Bezirksliga / Kreisliga / Regionsliga,Kreisliga B Süd,13094,3,0,0,0,0,0,0,0,0,0.0,,fussball.de
1079,SG Bünde-Dünne II,KÜS Ostwestfalenlippe,KÜS Ostwestfalenlippe,9,Bezirksliga / Kreisliga / Regionsliga,OWL Männer Bezirksliga Staffel 1,12671,7,0,0,0,0,0,0,0,0,0.0,,fussball.de
1080,SG DJK A09/Phönix Essen II,HK Essen,HK Essen,9,Bezirksliga / Kreisliga / Regionsliga,Regionsliga Männer Nord,16078,6,0,0,0,0,0,0,0,0,0.0,,fussball.de
1081,SG Dippoldiswalde-Ruppendorf,HR Sachsen-Mitte,HR Sachsen-Mitte,9,Bezirksliga / Kreisliga / Regionsliga,RL Männer,13103,5,0,0,0,0,0,0,0,0,0.0,,fussball.de
1082,SG Glinde/Reinbek,Handball-Erwachsene DER Kreishandballverbände IN Schleswig-Holstein,Handball-Erwachsene DER Kreishandballverbände IN Schleswig-Holstein,9,Bezirksliga / Kreisliga / Regionsliga,Kreisliga Männer - Staffel G,12975,8,0,0,0,0,0,0,0,0,0.0,,fussball.de
1083,SG HSC Chemnitz,HR Südwestsachsen,HR Südwestsachsen,9,Bezirksliga / Kreisliga / Regionsliga,RL Männer · HR Südwestsachsen,13096,6,0,0,0,0,0,0,0,0,0.0,,fussball.de
1084,SG Handball Detmold,KÜS Ostwestfalenlippe,KÜS Ostwestfalenlippe,9,Bezirksliga / Kreisliga / Regionsliga,OWL Männer Bezirksliga Staffel 2,12672,2,0,0,0,0,0,0,0,0,0.0,,fussball.de
1085,SG Handball Detmold 2,Handballkreis Lippe,Handballkreis Lippe,9,Bezirksliga / Kreisliga / Regionsliga,HBKLIP Kreisliga Männer,13126,6,0,0,0,0,0,0,0,0,0.0,,fussball.de
1086,SG Handball Eidertal,Handball-Erwachsene DER Kreishandballverbände IN Schleswig-Holstein,Handball-Erwachsene DER Kreishandballverbände IN Schleswig-Holstein,9,Bezirksliga / Kreisliga / Regionsliga,Kreisliga Männer - Staffel D,12972,6,0,0,0,0,0,0,0,0,0.0,,fussball.de
1087,SG Handball Kamen II,Handballkreis Hellweg,Handballkreis Hellweg,9,Bezirksliga / Kreisliga / Regionsliga,Männer Kreisliga HKH,12689,6,0,0,0,0,0,0,0,0,0.0,,fussball.de
1088,SG Handball Neumünster II,Handball-Erwachsene DER Kreishandballverbände IN Schleswig-Holstein,Handball-Erwachsene DER Kreishandballverbände IN Schleswig-Holstein,9,Bezirksliga / Kreisliga / Regionsliga,Kreisliga Männer - Staffel D,12972,7,0,0,0,0,0,0,0,0,0.0,,fussball.de
1089,SG Handball Neumünster III,Handball-Erwachsene DER Kreishandballverbände IN Schleswig-Holstein,Handball-Erwachsene DER Kreishandballverbände IN Schleswig-Holstein,9,Bezirksliga / Kreisliga / Regionsliga,Kreisliga Männer - Staffel E,12973,5,0,0,0,0,0,0,0,0,0.0,,fussball.de
1090,SG Handball Paderborn,Handballkreis Lippe,Handballkreis Lippe,9,Bezirksliga / Kreisliga / Regionsliga,HBKLIP Kreisliga Männer,13126,7,0,0,0,0,0,0,0,0,0.0,,fussball.de
1091,SG Handball Steinfurt,Handballkreis Münsterland,Handballkreis Münsterland,9,Bezirksliga / Kreisliga / Regionsliga,Kreisliga Münsterland Männer,13227,8,0,0,0,0,0,0,0,0,0.0,,fussball.de
1092,SG Harburg III,Hamburger Handballverband,Hamburger Handballverband,9,Bezirksliga / Kreisliga / Regionsliga,Kreisliga Männer Gruppe 1 (141),13440,8,0,0,0,0,0,0,0,0,0.0,,fussball.de
1093,SG Hörnerkirchen/Hohenfelde,Handball-Erwachsene DER Kreishandballverbände IN Schleswig-Holstein,Handball-Erwachsene DER Kreishandballverbände IN Schleswig-Holstein,9,Bezirksliga / Kreisliga / Regionsliga,Kreisliga Männer - Staffel E,12973,6,0,0,0,0,0,0,0,0,0.0,,fussball.de
1094,SG Hüls-Scherlebeck II,Handballkreis Industrie,Handballkreis Industrie,9,Bezirksliga / Kreisliga / Regionsliga,HKI-M-Kreisliga,12710,7,0,0,0,0,0,0,0,0,0.0,,fussball.de
1095,SG Iserlohn-Sümmern H1,Handballkreis Iserlohn-Arnsberg,Handballkreis Iserlohn-Arnsberg,9,Bezirksliga / Kreisliga / Regionsliga,HKISAR Kreisliga MÄNNER,15069,4,0,0,0,0,0,0,0,0,0.0,,fussball.de
1096,SG Kierspe-Meinerzhagen,Handballkreis Lenne-Sieg,Handballkreis Lenne-Sieg,9,Bezirksliga / Kreisliga / Regionsliga,HKLesi Kreisliga A Männer,15898,4,0,0,0,0,0,0,0,0,0.0,,fussball.de
1097,SG Kierspe-Meinerzhagen II,Handballkreis Lenne-Sieg,Handballkreis Lenne-Sieg,9,Bezirksliga / Kreisliga / Regionsliga,KLB Süd 3 Runde,15787,4,0,0,0,0,0,0,0,0,0.0,,fussball.de
1098,SG Kierspe-Meinerzhagen II,Handballkreis Lenne-Sieg,Handballkreis Lenne-Sieg,9,Bezirksliga / Kreisliga / Regionsliga,Kreisliga B Süd,13094,4,0,0,0,0,0,0,0,0,0.0,,fussball.de
1099,SG Klotzsche,HR Sachsen-Mitte,HR Sachsen-Mitte,9,Bezirksliga / Kreisliga / Regionsliga,RL Männer,13103,6,0,0,0,0,0,0,0,0,0.0,,fussball.de
1100,SG Kollmar/Neuendorf II,Handball-Erwachsene DER Kreishandballverbände IN Schleswig-Holstein,Handball-Erwachsene DER Kreishandballverbände IN Schleswig-Holstein,9,Bezirksliga / Kreisliga / Regionsliga,Kreisliga Männer - Staffel E,12973,7,0,0,0,0,0,0,0,0,0.0,,fussball.de
1101,SG LiDa 1.Männer,Handballkreis Industrie,Handballkreis Industrie,9,Bezirksliga / Kreisliga / Regionsliga,HKI-M-Kreisliga,12710,8,0,0,0,0,0,0,0,0,0.0,,fussball.de
1102,SG Mittelangeln,Handball-Erwachsene DER Kreishandballverbände IN Schleswig-Holstein,Handball-Erwachsene DER Kreishandballverbände IN Schleswig-Holstein,9,Bezirksliga / Kreisliga / Regionsliga,Kreisliga Männer - Staffel A,12969,5,0,0,0,0,0,0,0,0,0.0,,fussball.de
1103,SG Mogono Leipzig II,HR Leipzig,HR Leipzig,9,Bezirksliga / Kreisliga / Regionsliga,RL Männer · HR Leipzig,13116,5,0,0,0,0,0,0,0,0,0.0,,fussball.de
1104,SG Neuenkirchen/Varensell,KÜS Ostwestfalenlippe,KÜS Ostwestfalenlippe,9,Bezirksliga / Kreisliga / Regionsliga,OWL Männer Bezirksliga Staffel 2,12672,3,0,0,0,0,0,0,0,0,0.0,,fussball.de
1105,SG Oberlichtenau,HR Ostsachsen,HR Ostsachsen,9,Bezirksliga / Kreisliga / Regionsliga,RL Männer · HR Ostsachsen,13110,8,0,0,0,0,0,0,0,0,0.0,,fussball.de
1106,SG Oeversee-Jarplund-Weding II,Handball-Erwachsene DER Kreishandballverbände IN Schleswig-Holstein,Handball-Erwachsene DER Kreishandballverbände IN Schleswig-Holstein,9,Bezirksliga / Kreisliga / Regionsliga,Kreisliga Männer - Staffel A,12969,6,0,0,0,0,0,0,0,0,0.0,,fussball.de
1107,SG Pirna/Heidenau III,HR Sachsen-Mitte,HR Sachsen-Mitte,9,Bezirksliga / Kreisliga / Regionsliga,RL Männer,13103,7,0,0,0,0,0,0,0,0,0.0,,fussball.de
1108,SG Ruhrtal H2,Handballkreis Iserlohn-Arnsberg,Handballkreis Iserlohn-Arnsberg,9,Bezirksliga / Kreisliga / Regionsliga,HKISAR Kreisliga MÄNNER,15069,5,0,0,0,0,0,0,0,0,0.0,,fussball.de
1109,SG TURA Halden Herbeck 2,Handballkreis Hagen/Ennepe-Ruhr,Handballkreis Hagen/Ennepe-Ruhr,9,Bezirksliga / Kreisliga / Regionsliga,MÄNNER KREISLIGA HKHR,13011,7,0,0,0,0,0,0,0,0,0.0,,fussball.de
1110,SG TURA Halden Herbeck 3,Handballkreis Hagen/Ennepe-Ruhr,Handballkreis Hagen/Ennepe-Ruhr,9,Bezirksliga / Kreisliga / Regionsliga,MÄNNER KREISLIGA HKHR,13011,8,0,0,0,0,0,0,0,0,0.0,,fussball.de
1111,SG Unterrath 2m,HK Essen,HK Essen,9,Bezirksliga / Kreisliga / Regionsliga,Regionsliga Männer Süd,14914,8,0,0,0,0,0,0,0,0,0.0,,fussball.de
1112,SG Weixdorf,HR Sachsen-Mitte,HR Sachsen-Mitte,9,Bezirksliga / Kreisliga / Regionsliga,RL Männer,13103,8,0,0,0,0,0,0,0,0,0.0,,fussball.de
1113,SG Wilhelmsburg II,Hamburger Handballverband,Hamburger Handballverband,9,Bezirksliga / Kreisliga / Regionsliga,Kreisliga Männer Gruppe 2 (142),13442,5,0,0,0,0,0,0,0,0,0.0,,fussball.de
1114,SG Zschopautal,HR Südwestsachsen,HR Südwestsachsen,9,Bezirksliga / Kreisliga / Regionsliga,RL Männer · HR Südwestsachsen,13096,7,0,0,0,0,0,0,0,0,0.0,,fussball.de
1115,SGS Augustdorf-Hövelhof,KÜS Ostwestfalenlippe,KÜS Ostwestfalenlippe,9,Bezirksliga / Kreisliga / Regionsliga,OWL Männer Bezirksliga Staffel 2,12672,4,0,0,0,0,0,0,0,0,0.0,,fussball.de
1116,SGSH Dragons E.V. III,Handballkreis Lenne-Sieg,Handballkreis Lenne-Sieg,9,Bezirksliga / Kreisliga / Regionsliga,HKLesi Kreisliga A Männer,15898,5,0,0,0,0,0,0,0,0,0.0,,fussball.de
1117,SGSH Dragons E.V. IV,Handballkreis Lenne-Sieg,Handballkreis Lenne-Sieg,9,Bezirksliga / Kreisliga / Regionsliga,Kreisliga B Nord,13093,3,0,0,0,0,0,0,0,0,0.0,,fussball.de
1118,SSG Wuppertal/Hsv Wuppertal II,HK Essen,HK Essen,9,Bezirksliga / Kreisliga / Regionsliga,Regionsliga Männer Süd,14914,9,0,0,0,0,0,0,0,0,0.0,,fussball.de
1119,SSV Meschede H1,Handballkreis Iserlohn-Arnsberg,Handballkreis Iserlohn-Arnsberg,9,Bezirksliga / Kreisliga / Regionsliga,HKISAR Kreisliga MÄNNER,15069,6,0,0,0,0,0,0,0,0,0.0,,fussball.de
1120,SSV Nümbrecht Handball III,HK Oberberg,HK Oberberg,9,Bezirksliga / Kreisliga / Regionsliga,Regionsliga Männer · HK Oberberg,12960,5,0,0,0,0,0,0,0,0,0.0,,fussball.de
1121,SUS Essen-Haarzopf,HK Essen,HK Essen,9,Bezirksliga / Kreisliga / Regionsliga,Regionsliga Männer Nord,16078,7,0,0,0,0,0,0,0,0,0.0,,fussball.de
1122,SV Adler Münster,Handballkreis Münsterland,Handballkreis Münsterland,9,Bezirksliga / Kreisliga / Regionsliga,Kreisliga Münsterland Männer,13227,9,0,0,0,0,0,0,0,0,0.0,,fussball.de
1123,SV BOUS,Handballverband SAAR,Handballverband SAAR,9,Bezirksliga / Kreisliga / Regionsliga,Bezirksliga Männer,14382,11,0,0,0,0,0,0,0,0,0.0,,fussball.de
1124,SV Beierfeld,HR Südwestsachsen,HR Südwestsachsen,9,Bezirksliga / Kreisliga / Regionsliga,RL Männer · HR Südwestsachsen,13096,8,0,0,0,0,0,0,0,0,0.0,,fussball.de
1125,SV Eilendorf II,HK Aachen-Düren,HK Aachen-Düren,9,Bezirksliga / Kreisliga / Regionsliga,Regionsliga,14819,5,0,0,0,0,0,0,0,0,0.0,,fussball.de
1126,SV Eintracht Dolberg II,Handballkreis Hellweg,Handballkreis Hellweg,9,Bezirksliga / Kreisliga / Regionsliga,Männer Kreisliga HKH,12689,7,0,0,0,0,0,0,0,0,0.0,,fussball.de
1127,SV Frielingsdorf,HK Oberberg,HK Oberberg,9,Bezirksliga / Kreisliga / Regionsliga,Regionsliga Männer · HK Oberberg,12960,6,0,0,0,0,0,0,0,0,0.0,,fussball.de
1128,SV Henstedt-Ulzburg II,Handball-Erwachsene DER Kreishandballverbände IN Schleswig-Holstein,Handball-Erwachsene DER Kreishandballverbände IN Schleswig-Holstein,9,Bezirksliga / Kreisliga / Regionsliga,Kreisliga Männer - Staffel E,12973,8,0,0,0,0,0,0,0,0,0.0,,fussball.de
1129,SV LOK Königsbrück,HR Ostsachsen,HR Ostsachsen,9,Bezirksliga / Kreisliga / Regionsliga,RL Männer · HR Ostsachsen,13110,9,0,0,0,0,0,0,0,0,0.0,,fussball.de
1130,SV LOK LEIPZIG-Mitte II,HR Leipzig,HR Leipzig,9,Bezirksliga / Kreisliga / Regionsliga,RL Männer · HR Leipzig,13116,6,0,0,0,0,0,0,0,0,0.0,,fussball.de
1131,SV Leisnig 90,HR Leipzig,HR Leipzig,9,Bezirksliga / Kreisliga / Regionsliga,RL Männer · HR Leipzig,13116,7,0,0,0,0,0,0,0,0,0.0,,fussball.de
1132,SV Neuerburg,Mosel/Eifel-Nahe/Hunsrück,Mosel/Eifel-Nahe/Hunsrück,9,Bezirksliga / Kreisliga / Regionsliga,Bezirksliga Männer Mosel/Eifel-Nahe/Hunsrück,14548,3,0,0,0,0,0,0,0,0,0.0,,fussball.de
1133,SV Regis-Breitingen,HR Leipzig,HR Leipzig,9,Bezirksliga / Kreisliga / Regionsliga,RL Männer · HR Leipzig,13116,8,0,0,0,0,0,0,0,0,0.0,,fussball.de
1134,SV Schermbeck II,HK Wesel,HK Wesel,9,Bezirksliga / Kreisliga / Regionsliga,Regionsliga Männer,13065,3,0,0,0,0,0,0,0,0,0.0,,fussball.de
1135,SV Spexard,Handballkreis Gütersloh,Handballkreis Gütersloh,9,Bezirksliga / Kreisliga / Regionsliga,HBKGT Männer Kreisliga,12456,5,0,0,0,0,0,0,0,0,0.0,,fussball.de
1136,SV Straelen III,HK Krefeld-Grenzland,HK Krefeld-Grenzland,9,Bezirksliga / Kreisliga / Regionsliga,BL Männer,15675,8,0,0,0,0,0,0,0,0,0.0,,fussball.de
1137,SV Teutonia Riemke 2.Herren,Handballkreis Industrie,Handballkreis Industrie,9,Bezirksliga / Kreisliga / Regionsliga,HKI-M-Kreisliga,12710,9,0,0,0,0,0,0,0,0,0.0,,fussball.de
1138,Sachsen 90 Werdau,HR Südwestsachsen,HR Südwestsachsen,9,Bezirksliga / Kreisliga / Regionsliga,RL Männer · HR Südwestsachsen,13096,9,0,0,0,0,0,0,0,0,0.0,,fussball.de
1139,Schwarz -Rot Aachen 3,HK Aachen-Düren,HK Aachen-Düren,9,Bezirksliga / Kreisliga / Regionsliga,Regionsliga,14819,6,0,0,0,0,0,0,0,0,0.0,,fussball.de
1140,Selbecker Turnerschaft 2,Handballkreis Hagen/Ennepe-Ruhr,Handballkreis Hagen/Ennepe-Ruhr,9,Bezirksliga / Kreisliga / Regionsliga,MÄNNER KREISLIGA HKHR,13011,9,0,0,0,0,0,0,0,0,0.0,,fussball.de
1141,Sparta Münster II,Handballkreis Münsterland,Handballkreis Münsterland,9,Bezirksliga / Kreisliga / Regionsliga,Kreisliga Münsterland Männer,13227,10,0,0,0,0,0,0,0,0,0.0,,fussball.de
1142,Spfr. Loxten II,KÜS Ostwestfalenlippe,KÜS Ostwestfalenlippe,9,Bezirksliga / Kreisliga / Regionsliga,OWL Männer Bezirksliga Staffel 2,12672,5,0,0,0,0,0,0,0,0,0.0,,fussball.de
1143,Spfr. Loxten III,Handballkreis Gütersloh,Handballkreis Gütersloh,9,Bezirksliga / Kreisliga / Regionsliga,HBKGT Männer Kreisliga,12456,6,0,0,0,0,0,0,0,0,0.0,,fussball.de
1144,Spvg. Hesselteich,Handballkreis Gütersloh,Handballkreis Gütersloh,9,Bezirksliga / Kreisliga / Regionsliga,HBKGT Männer Kreisliga,12456,7,0,0,0,0,0,0,0,0,0.0,,fussball.de
1145,Spvg. Versmold,KÜS Ostwestfalenlippe,KÜS Ostwestfalenlippe,9,Bezirksliga / Kreisliga / Regionsliga,OWL Männer Bezirksliga Staffel 2,12672,6,0,0,0,0,0,0,0,0,0.0,,fussball.de
1146,Spvgg Lülsdorf-Ranzel,HK Köln-Rheinberg,HK Köln-Rheinberg,9,Bezirksliga / Kreisliga / Regionsliga,Regionsliga Männer · HK Köln-Rheinberg,12889,9,0,0,0,0,0,0,0,0,0.0,,fussball.de
1147,Stolberger SV II,HK Aachen-Düren,HK Aachen-Düren,9,Bezirksliga / Kreisliga / Regionsliga,Regionsliga,14819,7,0,0,0,0,0,0,0,0,0.0,,fussball.de
1148,Surendorfer TS,Handball-Erwachsene DER Kreishandballverbände IN Schleswig-Holstein,Handball-Erwachsene DER Kreishandballverbände IN Schleswig-Holstein,9,Bezirksliga / Kreisliga / Regionsliga,Kreisliga Männer - Staffel C,12971,8,0,0,0,0,0,0,0,0,0.0,,fussball.de
1149,TB Wülfrath IV,HK Essen,HK Essen,9,Bezirksliga / Kreisliga / Regionsliga,Regionsliga Männer Nord,16078,8,0,0,0,0,0,0,0,0,0.0,,fussball.de
1150,TBSV Neugersdorf,HR Ostsachsen,HR Ostsachsen,9,Bezirksliga / Kreisliga / Regionsliga,RL Männer · HR Ostsachsen,13110,10,0,0,0,0,0,0,0,0,0.0,,fussball.de
1151,TG Herford 1,KÜS Ostwestfalenlippe,KÜS Ostwestfalenlippe,9,Bezirksliga / Kreisliga / Regionsliga,OWL Männer Bezirksliga Staffel 1,12671,8,0,0,0,0,0,0,0,0,0.0,,fussball.de
1152,TG Osthofen 3,Handballverband Rheinhessen-Pfalz,Handballverband Rheinhessen-Pfalz,9,Bezirksliga / Kreisliga / Regionsliga,M-BZL 1,12486,6,0,0,0,0,0,0,0,0,0.0,,fussball.de
1153,TG Voerde 2. Herren,Handballkreis Hagen/Ennepe-Ruhr,Handballkreis Hagen/Ennepe-Ruhr,9,Bezirksliga / Kreisliga / Regionsliga,MÄNNER KREISLIGA HKHR,13011,10,0,0,0,0,0,0,0,0,0.0,,fussball.de
1154,TH Eilbeck V,Hamburger Handballverband,Hamburger Handballverband,9,Bezirksliga / Kreisliga / Regionsliga,Kreisliga Männer Gruppe 1 (141),13440,9,0,0,0,0,0,0,0,0,0.0,,fussball.de
1155,TH Eilbeck VI,Hamburger Handballverband,Hamburger Handballverband,9,Bezirksliga / Kreisliga / Regionsliga,Kreisliga Männer Gruppe 2 (142),13442,6,0,0,0,0,0,0,0,0,0.0,,fussball.de
1156,THB Hamburg 03 II,Hamburger Handballverband,Hamburger Handballverband,9,Bezirksliga / Kreisliga / Regionsliga,Kreisliga Männer Gruppe 2 (142),13442,7,0,0,0,0,0,0,0,0,0.0,,fussball.de
1157,THW KIEL III,Handball-Erwachsene DER Kreishandballverbände IN Schleswig-Holstein,Handball-Erwachsene DER Kreishandballverbände IN Schleswig-Holstein,9,Bezirksliga / Kreisliga / Regionsliga,Kreisliga Männer - Staffel C,12971,9,0,0,0,0,0,0,0,0,0.0,,fussball.de
1158,THW KIEL IV,Handball-Erwachsene DER Kreishandballverbände IN Schleswig-Holstein,Handball-Erwachsene DER Kreishandballverbände IN Schleswig-Holstein,9,Bezirksliga / Kreisliga / Regionsliga,Kreisliga Männer - Staffel D,12972,8,0,0,0,0,0,0,0,0,0.0,,fussball.de
1159,TS Evingsen 1887 E.V. 2,Handballkreis Lenne-Sieg,Handballkreis Lenne-Sieg,9,Bezirksliga / Kreisliga / Regionsliga,Kreisliga B Nord,13093,4,0,0,0,0,0,0,0,0,0.0,,fussball.de
1160,TSG 1861 Taucha,HR Leipzig,HR Leipzig,9,Bezirksliga / Kreisliga / Regionsliga,RL Männer · HR Leipzig,13116,9,0,0,0,0,0,0,0,0,0.0,,fussball.de
1161,TSG Altenhagen Heepen IV,Handballkreis Bielefeld-Herford,Handballkreis Bielefeld-Herford,9,Bezirksliga / Kreisliga / Regionsliga,Männer Kreisliga Bielefeld-Herford,13295,4,0,0,0,0,0,0,0,0,0.0,,fussball.de
1162,TSG Altenhagen-Heepen III,KÜS Ostwestfalenlippe,KÜS Ostwestfalenlippe,9,Bezirksliga / Kreisliga / Regionsliga,OWL Männer Bezirksliga Staffel 2,12672,7,0,0,0,0,0,0,0,0,0.0,,fussball.de
1163,TSG Benrath 81 1m,HK Essen,HK Essen,9,Bezirksliga / Kreisliga / Regionsliga,Regionsliga Männer Süd,14914,10,0,0,0,0,0,0,0,0,0.0,,fussball.de
1164,TSG Harsewinkel II,KÜS Ostwestfalenlippe,KÜS Ostwestfalenlippe,9,Bezirksliga / Kreisliga / Regionsliga,OWL Männer Bezirksliga Staffel 2,12672,8,0,0,0,0,0,0,0,0,0.0,,fussball.de
1165,TSG Kirchhellen II,HK Rhein-Ruhr,HK Rhein-Ruhr,9,Bezirksliga / Kreisliga / Regionsliga,REGIONSLIGA MÄNNER,13017,10,0,0,0,0,0,0,0,0,0.0,,fussball.de
1166,TSG Ober-Hilbersheim 2,Handballverband Rheinhessen-Pfalz,Handballverband Rheinhessen-Pfalz,9,Bezirksliga / Kreisliga / Regionsliga,M-BZL 1,12486,7,0,0,0,0,0,0,0,0,0.0,,fussball.de
1167,TSG Schüren,Handballkreis Dortmund,Handballkreis Dortmund,9,Bezirksliga / Kreisliga / Regionsliga,HKDO-KL-M,12777,7,0,0,0,0,0,0,0,0,0.0,,fussball.de
1168,TSV 1862 Radeburg II,HR Sachsen-Mitte,HR Sachsen-Mitte,9,Bezirksliga / Kreisliga / Regionsliga,RL Männer,13103,9,0,0,0,0,0,0,0,0,0.0,,fussball.de
1169,TSV Bargteheide,Handball-Erwachsene DER Kreishandballverbände IN Schleswig-Holstein,Handball-Erwachsene DER Kreishandballverbände IN Schleswig-Holstein,9,Bezirksliga / Kreisliga / Regionsliga,Kreisliga Männer - Staffel G,12975,9,0,0,0,0,0,0,0,0,0.0,,fussball.de
1170,TSV Bigge-Olsberg H1,Handballkreis Iserlohn-Arnsberg,Handballkreis Iserlohn-Arnsberg,9,Bezirksliga / Kreisliga / Regionsliga,HKISAR Kreisliga MÄNNER,15069,7,0,0,0,0,0,0,0,0,0.0,,fussball.de
1171,TSV Bonn rrh. 4. Männer,HK Bonn-Euskirchen-Sieg,HK Bonn-Euskirchen-Sieg,9,Bezirksliga / Kreisliga / Regionsliga,Kreisliga Männer,12897,5,0,0,0,0,0,0,0,0,0.0,,fussball.de
1172,TSV Bonn rrh. 5. Männer,HK Bonn-Euskirchen-Sieg,HK Bonn-Euskirchen-Sieg,9,Bezirksliga / Kreisliga / Regionsliga,Kreisliga Männer,12897,6,0,0,0,0,0,0,0,0,0.0,,fussball.de
1173,TSV Bärenstein,HR Sachsen-Mitte,HR Sachsen-Mitte,9,Bezirksliga / Kreisliga / Regionsliga,RL Männer,13103,10,0,0,0,0,0,0,0,0,0.0,,fussball.de
1174,TSV Bösingfeld,KÜS Ostwestfalenlippe,KÜS Ostwestfalenlippe,9,Bezirksliga / Kreisliga / Regionsliga,OWL Männer Bezirksliga Staffel 1,12671,9,0,0,0,0,0,0,0,0,0.0,,fussball.de
1175,TSV Büsum II,Handball-Erwachsene DER Kreishandballverbände IN Schleswig-Holstein,Handball-Erwachsene DER Kreishandballverbände IN Schleswig-Holstein,9,Bezirksliga / Kreisliga / Regionsliga,Kreisliga Männer - Staffel B,12970,6,0,0,0,0,0,0,0,0,0.0,,fussball.de
1176,TSV Dresden-Bühlau II,HR Sachsen-Mitte,HR Sachsen-Mitte,9,Bezirksliga / Kreisliga / Regionsliga,RL Männer,13103,11,0,0,0,0,0,0,0,0,0.0,,fussball.de
1177,TSV Ellerau II,Handball-Erwachsene DER Kreishandballverbände IN Schleswig-Holstein,Handball-Erwachsene DER Kreishandballverbände IN Schleswig-Holstein,9,Bezirksliga / Kreisliga / Regionsliga,Kreisliga Männer - Staffel E,12973,9,0,0,0,0,0,0,0,0,0.0,,fussball.de
1178,TSV Feytal,HK Bonn-Euskirchen-Sieg,HK Bonn-Euskirchen-Sieg,9,Bezirksliga / Kreisliga / Regionsliga,Kreisliga Männer,12897,7,0,0,0,0,0,0,0,0,0.0,,fussball.de
1179,TSV Glücksburg 09,Handball-Erwachsene DER Kreishandballverbände IN Schleswig-Holstein,Handball-Erwachsene DER Kreishandballverbände IN Schleswig-Holstein,9,Bezirksliga / Kreisliga / Regionsliga,Kreisliga Männer - Staffel A,12969,7,0,0,0,0,0,0,0,0,0.0,,fussball.de
1180,TSV Hahlen 2,Handballkreis Minden-Lübbecke,Handballkreis Minden-Lübbecke,9,Bezirksliga / Kreisliga / Regionsliga,HBKML Männer Kreisliga,13016,7,0,0,0,0,0,0,0,0,0.0,,fussball.de
1181,TSV Hillentrup,Handballkreis Lippe,Handballkreis Lippe,9,Bezirksliga / Kreisliga / Regionsliga,HBKLIP Kreisliga Männer,13126,8,0,0,0,0,0,0,0,0,0.0,,fussball.de
1182,TSV Hürup III,Handball-Erwachsene DER Kreishandballverbände IN Schleswig-Holstein,Handball-Erwachsene DER Kreishandballverbände IN Schleswig-Holstein,9,Bezirksliga / Kreisliga / Regionsliga,Kreisliga Männer - Staffel A,12969,8,0,0,0,0,0,0,0,0,0.0,,fussball.de
1183,TSV Markkleeberg,HR Leipzig,HR Leipzig,9,Bezirksliga / Kreisliga / Regionsliga,RL Männer · HR Leipzig,13116,10,0,0,0,0,0,0,0,0,0.0,,fussball.de
1184,TSV Oelsnitz,HR Südwestsachsen,HR Südwestsachsen,9,Bezirksliga / Kreisliga / Regionsliga,RL Männer · HR Südwestsachsen,13096,10,0,0,0,0,0,0,0,0,0.0,,fussball.de
1185,TSV PLÖN II,Handball-Erwachsene DER Kreishandballverbände IN Schleswig-Holstein,Handball-Erwachsene DER Kreishandballverbände IN Schleswig-Holstein,9,Bezirksliga / Kreisliga / Regionsliga,Kreisliga Männer - Staffel F,12974,8,0,0,0,0,0,0,0,0,0.0,,fussball.de
1186,TSV Schloss Neuhaus,KÜS Ostwestfalenlippe,KÜS Ostwestfalenlippe,9,Bezirksliga / Kreisliga / Regionsliga,OWL Männer Bezirksliga Staffel 2,12672,9,0,0,0,0,0,0,0,0,0.0,,fussball.de
1187,TSV Schloss Neuhaus 2,Handballkreis Lippe,Handballkreis Lippe,9,Bezirksliga / Kreisliga / Regionsliga,HBKLIP Kreisliga Männer,13126,9,0,0,0,0,0,0,0,0,0.0,,fussball.de
1188,TSV Vineta Audorf,Handball-Erwachsene DER Kreishandballverbände IN Schleswig-Holstein,Handball-Erwachsene DER Kreishandballverbände IN Schleswig-Holstein,9,Bezirksliga / Kreisliga / Regionsliga,Kreisliga Männer - Staffel B,12970,7,0,0,0,0,0,0,0,0,0.0,,fussball.de
1189,TSV Weddingstedt III,Handball-Erwachsene DER Kreishandballverbände IN Schleswig-Holstein,Handball-Erwachsene DER Kreishandballverbände IN Schleswig-Holstein,9,Bezirksliga / Kreisliga / Regionsliga,Kreisliga Männer - Staffel B,12970,8,0,0,0,0,0,0,0,0,0.0,,fussball.de
1190,TSV Westerland,Handball-Erwachsene DER Kreishandballverbände IN Schleswig-Holstein,Handball-Erwachsene DER Kreishandballverbände IN Schleswig-Holstein,9,Bezirksliga / Kreisliga / Regionsliga,Kreisliga Männer - Staffel A,12969,9,0,0,0,0,0,0,0,0,0.0,,fussball.de
1191,TSVE 1890 Bielefeld,Handballkreis Bielefeld-Herford,Handballkreis Bielefeld-Herford,9,Bezirksliga / Kreisliga / Regionsliga,Männer Kreisliga Bielefeld-Herford,13295,5,0,0,0,0,0,0,0,0,0.0,,fussball.de
1192,TUS Brake II,KÜS Ostwestfalenlippe,KÜS Ostwestfalenlippe,9,Bezirksliga / Kreisliga / Regionsliga,OWL Männer Bezirksliga Staffel 2,12672,10,0,0,0,0,0,0,0,0,0.0,,fussball.de
1193,TUS Brake/Lippe,Handballkreis Lippe,Handballkreis Lippe,9,Bezirksliga / Kreisliga / Regionsliga,HBKLIP Kreisliga Männer,13126,10,0,0,0,0,0,0,0,0,0.0,,fussball.de
1194,TUS Brockhagen II,KÜS Ostwestfalenlippe,KÜS Ostwestfalenlippe,9,Bezirksliga / Kreisliga / Regionsliga,OWL Männer Bezirksliga Staffel 2,12672,11,0,0,0,0,0,0,0,0,0.0,,fussball.de
1195,TUS Ehrenfeld 65 II,HK Köln-Rheinberg,HK Köln-Rheinberg,9,Bezirksliga / Kreisliga / Regionsliga,Regionsliga Männer · HK Köln-Rheinberg,12889,10,0,0,0,0,0,0,0,0,0.0,,fussball.de
1196,TUS Eintracht Oberlübbe 2,Handballkreis Minden-Lübbecke,Handballkreis Minden-Lübbecke,9,Bezirksliga / Kreisliga / Regionsliga,HBKML Männer Kreisliga,13016,8,0,0,0,0,0,0,0,0,0.0,,fussball.de
1197,TUS Fellinghausen E.V. VON 1920,Handballkreis Lenne-Sieg,Handballkreis Lenne-Sieg,9,Bezirksliga / Kreisliga / Regionsliga,HKLesi Kreisliga A Männer,15898,6,0,0,0,0,0,0,0,0,0.0,,fussball.de
1198,TUS Fellinghausen E.V. VON 1920 II,Handballkreis Lenne-Sieg,Handballkreis Lenne-Sieg,9,Bezirksliga / Kreisliga / Regionsliga,KLB Süd 3 Runde,15787,5,0,0,0,0,0,0,0,0,0.0,,fussball.de
1199,TUS Fellinghausen E.V. VON 1920 II,Handballkreis Lenne-Sieg,Handballkreis Lenne-Sieg,9,Bezirksliga / Kreisliga / Regionsliga,Kreisliga B Süd,13094,5,0,0,0,0,0,0,0,0,0.0,,fussball.de
1200,TUS Fortuna Saarburg II,Mosel/Eifel-Nahe/Hunsrück,Mosel/Eifel-Nahe/Hunsrück,9,Bezirksliga / Kreisliga / Regionsliga,Bezirksliga Männer Mosel/Eifel-Nahe/Hunsrück,14548,4,0,0,0,0,0,0,0,0,0.0,,fussball.de
1201,TUS Hartum,KÜS Ostwestfalenlippe,KÜS Ostwestfalenlippe,9,Bezirksliga / Kreisliga / Regionsliga,OWL Männer Bezirksliga Staffel 1,12671,10,0,0,0,0,0,0,0,0,0.0,,fussball.de
1202,TUS JAHN Dellwig E.V.,Handballkreis Hellweg,Handballkreis Hellweg,9,Bezirksliga / Kreisliga / Regionsliga,Männer Kreisliga HKH,12689,8,0,0,0,0,0,0,0,0,0.0,,fussball.de
1203,TUS Kaisersesch,Rhein/Westerwald,Rhein/Westerwald,9,Bezirksliga / Kreisliga / Regionsliga,Bezirksliga Männer Rhein/Westerwald,15020,8,0,0,0,0,0,0,0,0,0.0,,fussball.de
1204,TUS Königsdorf III,HK Köln-Rheinberg,HK Köln-Rheinberg,9,Bezirksliga / Kreisliga / Regionsliga,Regionsliga Männer · HK Köln-Rheinberg,12889,11,0,0,0,0,0,0,0,0,0.0,,fussball.de
1205,TUS Linscheid-Heedfeld 1914 E.V.,Handballkreis Lenne-Sieg,Handballkreis Lenne-Sieg,9,Bezirksliga / Kreisliga / Regionsliga,Kreisliga B Nord,13093,5,0,0,0,0,0,0,0,0,0.0,,fussball.de
1206,TUS Lübeck VON 1893 III,Handball-Erwachsene DER Kreishandballverbände IN Schleswig-Holstein,Handball-Erwachsene DER Kreishandballverbände IN Schleswig-Holstein,9,Bezirksliga / Kreisliga / Regionsliga,Kreisliga Männer - Staffel G,12975,10,0,0,0,0,0,0,0,0,0.0,,fussball.de
1207,TUS MÖLLBERGEN e.V. 2,KÜS Ostwestfalenlippe,KÜS Ostwestfalenlippe,9,Bezirksliga / Kreisliga / Regionsliga,OWL Männer Bezirksliga Staffel 1,12671,11,0,0,0,0,0,0,0,0,0.0,,fussball.de
1208,TUS Müssen-Billinghausen 3,Handballkreis Lippe,Handballkreis Lippe,9,Bezirksliga / Kreisliga / Regionsliga,HBKLIP Kreisliga Männer,13126,11,0,0,0,0,0,0,0,0,0.0,,fussball.de
1209,TUS Niederpleis III,HK Bonn-Euskirchen-Sieg,HK Bonn-Euskirchen-Sieg,9,Bezirksliga / Kreisliga / Regionsliga,Kreisliga Männer,12897,8,0,0,0,0,0,0,0,0,0.0,,fussball.de
1210,TUS Porta Barkhausen,Handballkreis Minden-Lübbecke,Handballkreis Minden-Lübbecke,9,Bezirksliga / Kreisliga / Regionsliga,HBKML Männer Kreisliga,13016,9,0,0,0,0,0,0,0,0,0.0,,fussball.de
1211,TUS SW WEHE 2,Handballkreis Minden-Lübbecke,Handballkreis Minden-Lübbecke,9,Bezirksliga / Kreisliga / Regionsliga,HBKML Männer Kreisliga,13016,10,0,0,0,0,0,0,0,0,0.0,,fussball.de
1212,TUS Vlotho-Uffeln 2,Handballkreis Minden-Lübbecke,Handballkreis Minden-Lübbecke,9,Bezirksliga / Kreisliga / Regionsliga,HBKML Männer Kreisliga,13016,11,0,0,0,0,0,0,0,0,0.0,,fussball.de
1213,TUS Volmetal 3,Handballkreis Hagen/Ennepe-Ruhr,Handballkreis Hagen/Ennepe-Ruhr,9,Bezirksliga / Kreisliga / Regionsliga,MÄNNER KREISLIGA HKHR,13011,11,0,0,0,0,0,0,0,0,0.0,,fussball.de
1214,TUS Wesseling II,HK Köln-Rheinberg,HK Köln-Rheinberg,9,Bezirksliga / Kreisliga / Regionsliga,Regionsliga Männer · HK Köln-Rheinberg,12889,12,0,0,0,0,0,0,0,0,0.0,,fussball.de
1215,TUS Westfalia Vlotho-Uffeln,KÜS Ostwestfalenlippe,KÜS Ostwestfalenlippe,9,Bezirksliga / Kreisliga / Regionsliga,OWL Männer Bezirksliga Staffel 1,12671,12,0,0,0,0,0,0,0,0,0.0,,fussball.de
1216,TUS Wiebelskirchen,Handballverband SAAR,Handballverband SAAR,9,Bezirksliga / Kreisliga / Regionsliga,Bezirksliga Männer,14382,12,0,0,0,0,0,0,0,0,0.0,,fussball.de
1217,TUS Wörrstadt,Handballverband Rheinhessen-Pfalz,Handballverband Rheinhessen-Pfalz,9,Bezirksliga / Kreisliga / Regionsliga,M-BZL 1,12486,8,0,0,0,0,0,0,0,0,0.0,,fussball.de
1218,TUS Xanten,HK Wesel,HK Wesel,9,Bezirksliga / Kreisliga / Regionsliga,Regionsliga Männer,13065,4,0,0,0,0,0,0,0,0,0.0,,fussball.de
1219,TUSPO Meißen,KÜS Ostwestfalenlippe,KÜS Ostwestfalenlippe,9,Bezirksliga / Kreisliga / Regionsliga,OWL Männer Bezirksliga Staffel 1,12671,13,0,0,0,0,0,0,0,0,0.0,,fussball.de
1220,TUSPO Meißen 2,Handballkreis Minden-Lübbecke,Handballkreis Minden-Lübbecke,9,Bezirksliga / Kreisliga / Regionsliga,HBKML Männer Kreisliga,13016,12,0,0,0,0,0,0,0,0,0.0,,fussball.de
1221,TV 1848 Mönchengladbach 1M,HK Krefeld-Grenzland,HK Krefeld-Grenzland,9,Bezirksliga / Kreisliga / Regionsliga,BL Männer,15675,9,0,0,0,0,0,0,0,0,0.0,,fussball.de
1222,TV 1890 Schmallenberg E.V.,Handballkreis Lenne-Sieg,Handballkreis Lenne-Sieg,9,Bezirksliga / Kreisliga / Regionsliga,HKLesi Kreisliga A Männer,15898,7,0,0,0,0,0,0,0,0,0.0,,fussball.de
1223,TV Anrath II,HK Krefeld-Grenzland,HK Krefeld-Grenzland,9,Bezirksliga / Kreisliga / Regionsliga,BL Männer,15675,10,0,0,0,0,0,0,0,0,0.0,,fussball.de
1224,TV Arnsberg H2,Handballkreis Iserlohn-Arnsberg,Handballkreis Iserlohn-Arnsberg,9,Bezirksliga / Kreisliga / Regionsliga,HKISAR Kreisliga MÄNNER,15069,8,0,0,0,0,0,0,0,0,0.0,,fussball.de
1225,TV Asseln,Handballkreis Dortmund,Handballkreis Dortmund,9,Bezirksliga / Kreisliga / Regionsliga,HKDO-KL-M,12777,8,0,0,0,0,0,0,0,0,0.0,,fussball.de
1226,TV Bodenheim 2,Handballverband Rheinhessen-Pfalz,Handballverband Rheinhessen-Pfalz,9,Bezirksliga / Kreisliga / Regionsliga,M-BZL 1,12486,9,0,0,0,0,0,0,0,0,0.0,,fussball.de
1227,TV Boisheim,HK Krefeld-Grenzland,HK Krefeld-Grenzland,9,Bezirksliga / Kreisliga / Regionsliga,BL Männer,15675,11,0,0,0,0,0,0,0,0,0.0,,fussball.de
1228,TV Borken II,HK Wesel,HK Wesel,9,Bezirksliga / Kreisliga / Regionsliga,Regionsliga Männer,13065,5,0,0,0,0,0,0,0,0,0.0,,fussball.de
1229,TV Brechten 3,Handballkreis Dortmund,Handballkreis Dortmund,9,Bezirksliga / Kreisliga / Regionsliga,HKDO-KL-M,12777,9,0,0,0,0,0,0,0,0,0.0,,fussball.de
1230,TV DAHN Herren,Handballverband Rheinhessen-Pfalz,Handballverband Rheinhessen-Pfalz,9,Bezirksliga / Kreisliga / Regionsliga,M-BZL 2,12487,7,0,0,0,0,0,0,0,0,0.0,,fussball.de
1231,TV Edigheim,Handballverband Rheinhessen-Pfalz,Handballverband Rheinhessen-Pfalz,9,Bezirksliga / Kreisliga / Regionsliga,M-BZL 2,12487,8,0,0,0,0,0,0,0,0,0.0,,fussball.de
1232,TV Fischbek III,Hamburger Handballverband,Hamburger Handballverband,9,Bezirksliga / Kreisliga / Regionsliga,Kreisliga Männer Gruppe 2 (142),13442,8,0,0,0,0,0,0,0,0,0.0,,fussball.de
1233,TV Gladbeck 1912 e.V. II,Handballkreis Industrie,Handballkreis Industrie,9,Bezirksliga / Kreisliga / Regionsliga,HKI-M-Kreisliga,12710,10,0,0,0,0,0,0,0,0,0.0,,fussball.de
1234,TV Hille 2,Handballkreis Minden-Lübbecke,Handballkreis Minden-Lübbecke,9,Bezirksliga / Kreisliga / Regionsliga,HBKML Männer Kreisliga,13016,13,0,0,0,0,0,0,0,0,0.0,,fussball.de
1235,TV Horn-Bad Meinberg,Handballkreis Lippe,Handballkreis Lippe,9,Bezirksliga / Kreisliga / Regionsliga,HBKLIP Kreisliga Männer,13126,12,0,0,0,0,0,0,0,0,0.0,,fussball.de
1236,TV Häver,Handballkreis Bielefeld-Herford,Handballkreis Bielefeld-Herford,9,Bezirksliga / Kreisliga / Regionsliga,Männer Kreisliga Bielefeld-Herford,13295,6,0,0,0,0,0,0,0,0,0.0,,fussball.de
1237,TV Isselhorst II,KÜS Ostwestfalenlippe,KÜS Ostwestfalenlippe,9,Bezirksliga / Kreisliga / Regionsliga,OWL Männer Bezirksliga Staffel 2,12672,12,0,0,0,0,0,0,0,0,0.0,,fussball.de
1238,TV Isselhorst III,Handballkreis Gütersloh,Handballkreis Gütersloh,9,Bezirksliga / Kreisliga / Regionsliga,HBKGT Männer Kreisliga,12456,8,0,0,0,0,0,0,0,0,0.0,,fussball.de
1239,TV JAHN Oelde,Handballkreis Gütersloh,Handballkreis Gütersloh,9,Bezirksliga / Kreisliga / Regionsliga,HBKGT Männer Kreisliga,12456,9,0,0,0,0,0,0,0,0,0.0,,fussball.de
1240,TV Mengede,Handballkreis Dortmund,Handballkreis Dortmund,9,Bezirksliga / Kreisliga / Regionsliga,HKDO-KL-M,12777,10,0,0,0,0,0,0,0,0,0.0,,fussball.de
1241,TV Merchweiler 2,Handballverband SAAR,Handballverband SAAR,9,Bezirksliga / Kreisliga / Regionsliga,Bezirksliga Männer,14382,13,0,0,0,0,0,0,0,0,0.0,,fussball.de
1242,TV Morbach,Mosel/Eifel-Nahe/Hunsrück,Mosel/Eifel-Nahe/Hunsrück,9,Bezirksliga / Kreisliga / Regionsliga,Bezirksliga Männer Mosel/Eifel-Nahe/Hunsrück,14548,5,0,0,0,0,0,0,0,0,0.0,,fussball.de
1243,TV Nierstein 2,Handballverband Rheinhessen-Pfalz,Handballverband Rheinhessen-Pfalz,9,Bezirksliga / Kreisliga / Regionsliga,M-BZL 1,12486,10,0,0,0,0,0,0,0,0,0.0,,fussball.de
1244,TV OLPE 1848 E.V.,Handballkreis Lenne-Sieg,Handballkreis Lenne-Sieg,9,Bezirksliga / Kreisliga / Regionsliga,HKLesi Kreisliga A Männer,15898,8,0,0,0,0,0,0,0,0,0.0,,fussball.de
1245,TV Schwafheim II,HK Wesel,HK Wesel,9,Bezirksliga / Kreisliga / Regionsliga,Regionsliga Männer,13065,6,0,0,0,0,0,0,0,0,0.0,,fussball.de
1246,TV VERL II,Handballkreis Gütersloh,Handballkreis Gütersloh,9,Bezirksliga / Kreisliga / Regionsliga,HBKGT Männer Kreisliga,12456,10,0,0,0,0,0,0,0,0,0.0,,fussball.de
1247,TV Voerde,HK Wesel,HK Wesel,9,Bezirksliga / Kreisliga / Regionsliga,Regionsliga Männer,13065,7,0,0,0,0,0,0,0,0,0.0,,fussball.de
1248,TV Vreden II,Handballkreis Münsterland,Handballkreis Münsterland,9,Bezirksliga / Kreisliga / Regionsliga,Kreisliga Münsterland Männer,13227,11,0,0,0,0,0,0,0,0,0.0,,fussball.de
1249,TV Wahlscheid III,HK Oberberg,HK Oberberg,9,Bezirksliga / Kreisliga / Regionsliga,Regionsliga Männer · HK Oberberg,12960,7,0,0,0,0,0,0,0,0,0.0,,fussball.de
1250,TV Wahlscheid V,HK Oberberg,HK Oberberg,9,Bezirksliga / Kreisliga / Regionsliga,Regionsliga Männer · HK Oberberg,12960,8,0,0,0,0,0,0,0,0,0.0,,fussball.de
1251,TV Westfalia Halingen H2,Handballkreis Iserlohn-Arnsberg,Handballkreis Iserlohn-Arnsberg,9,Bezirksliga / Kreisliga / Regionsliga,HKISAR Kreisliga MÄNNER,15069,9,0,0,0,0,0,0,0,0,0.0,,fussball.de
1252,TVC Enger,Handballkreis Bielefeld-Herford,Handballkreis Bielefeld-Herford,9,Bezirksliga / Kreisliga / Regionsliga,Männer Kreisliga Bielefeld-Herford,13295,7,0,0,0,0,0,0,0,0,0.0,,fussball.de
1253,TVE BAD Münstereifel II,HK Bonn-Euskirchen-Sieg,HK Bonn-Euskirchen-Sieg,9,Bezirksliga / Kreisliga / Regionsliga,Kreisliga Männer,12897,9,0,0,0,0,0,0,0,0,0.0,,fussball.de
1254,TVE Röcke,Handballkreis Minden-Lübbecke,Handballkreis Minden-Lübbecke,9,Bezirksliga / Kreisliga / Regionsliga,HBKML Männer Kreisliga,13016,14,0,0,0,0,0,0,0,0,0.0,,fussball.de
1255,Tschft. Grefrath II,HK Krefeld-Grenzland,HK Krefeld-Grenzland,9,Bezirksliga / Kreisliga / Regionsliga,BL Männer,15675,12,0,0,0,0,0,0,0,0,0.0,,fussball.de
1256,TuS 97 Bielefeld/Jöllenbeck II,Handballkreis Bielefeld-Herford,Handballkreis Bielefeld-Herford,9,Bezirksliga / Kreisliga / Regionsliga,Männer Kreisliga Bielefeld-Herford,13295,8,0,0,0,0,0,0,0,0,0.0,,fussball.de
1257,TuS 97 Bielefeld/Jöllenbeck III,Handballkreis Bielefeld-Herford,Handballkreis Bielefeld-Herford,9,Bezirksliga / Kreisliga / Regionsliga,Männer Kreisliga Bielefeld-Herford,13295,9,0,0,0,0,0,0,0,0,0.0,,fussball.de
1258,TuS Grünenbaum 1895 e.V.,Handballkreis Lenne-Sieg,Handballkreis Lenne-Sieg,9,Bezirksliga / Kreisliga / Regionsliga,HKLesi Kreisliga A Männer,15898,9,0,0,0,0,0,0,0,0,0.0,,fussball.de
1259,TuS Grünenbaum 2,Handballkreis Lenne-Sieg,Handballkreis Lenne-Sieg,9,Bezirksliga / Kreisliga / Regionsliga,Kreisliga B Nord,13093,6,0,0,0,0,0,0,0,0,0.0,,fussball.de
1260,TuS Ickern 1912 e.V.,Handballkreis Industrie,Handballkreis Industrie,9,Bezirksliga / Kreisliga / Regionsliga,HKI-M-Kreisliga,12710,11,0,0,0,0,0,0,0,0,0.0,,fussball.de
1261,TuS Müssen-Billinghausen 2,KÜS Ostwestfalenlippe,KÜS Ostwestfalenlippe,9,Bezirksliga / Kreisliga / Regionsliga,OWL Männer Bezirksliga Staffel 2,12672,13,0,0,0,0,0,0,0,0,0.0,,fussball.de
1262,TuS Rheindorf (M),HK Köln-Rheinberg,HK Köln-Rheinberg,9,Bezirksliga / Kreisliga / Regionsliga,Regionsliga Männer · HK Köln-Rheinberg,12889,13,0,0,0,0,0,0,0,0,0.0,,fussball.de
1263,TuS v. 1989 Leopoldshöhe e.V.,Handballkreis Bielefeld-Herford,Handballkreis Bielefeld-Herford,9,Bezirksliga / Kreisliga / Regionsliga,Männer Kreisliga Bielefeld-Herford,13295,10,0,0,0,0,0,0,0,0,0.0,,fussball.de
1264,TuSEM Essen III,HK Essen,HK Essen,9,Bezirksliga / Kreisliga / Regionsliga,Regionsliga Männer Nord,16078,9,0,0,0,0,0,0,0,0,0.0,,fussball.de
1265,Turbine Leipzig,HR Leipzig,HR Leipzig,9,Bezirksliga / Kreisliga / Regionsliga,RL Männer · HR Leipzig,13116,11,0,0,0,0,0,0,0,0,0.0,,fussball.de
1266,Turnerb. Oberhausen II,HK Rhein-Ruhr,HK Rhein-Ruhr,9,Bezirksliga / Kreisliga / Regionsliga,REGIONSLIGA MÄNNER,13017,11,0,0,0,0,0,0,0,0,0.0,,fussball.de
1267,Turnerkreis Nippes 2. Herren,HK Köln-Rheinberg,HK Köln-Rheinberg,9,Bezirksliga / Kreisliga / Regionsliga,Regionsliga Männer · HK Köln-Rheinberg,12889,14,0,0,0,0,0,0,0,0,0.0,,fussball.de
1268,Turnerschaft Lürrip 1901 E.V. II,HK Krefeld-Grenzland,HK Krefeld-Grenzland,9,Bezirksliga / Kreisliga / Regionsliga,BL Männer,15675,13,0,0,0,0,0,0,0,0,0.0,,fussball.de
1269,Turnerschaft Lürrip 1901 E.V. III,HK Krefeld-Grenzland,HK Krefeld-Grenzland,9,Bezirksliga / Kreisliga / Regionsliga,BL Männer,15675,14,0,0,0,0,0,0,0,0,0.0,,fussball.de
1270,Turnverein Biefang III,HK Rhein-Ruhr,HK Rhein-Ruhr,9,Bezirksliga / Kreisliga / Regionsliga,REGIONSLIGA MÄNNER,13017,12,0,0,0,0,0,0,0,0,0.0,,fussball.de
1271,Turnverein Ratingen 1m,HK Essen,HK Essen,9,Bezirksliga / Kreisliga / Regionsliga,Regionsliga Männer Süd,14914,11,0,0,0,0,0,0,0,0,0.0,,fussball.de
1272,Turnverein Ratingen 2m,HK Essen,HK Essen,9,Bezirksliga / Kreisliga / Regionsliga,Regionsliga Männer Nord,16078,10,0,0,0,0,0,0,0,0,0.0,,fussball.de
1273,Uedemer TUS,HK Wesel,HK Wesel,9,Bezirksliga / Kreisliga / Regionsliga,Regionsliga Männer,13065,8,0,0,0,0,0,0,0,0,0.0,,fussball.de
1274,Union 92 Halle,Handballkreis Gütersloh,Handballkreis Gütersloh,9,Bezirksliga / Kreisliga / Regionsliga,HBKGT Männer Kreisliga,12456,11,0,0,0,0,0,0,0,0,0.0,,fussball.de
1275,Union 92 Halle II,Handballkreis Gütersloh,Handballkreis Gütersloh,9,Bezirksliga / Kreisliga / Regionsliga,HBKGT Männer Kreisliga,12456,12,0,0,0,0,0,0,0,0,0.0,,fussball.de
1276,Union Chemnitz II,HR Südwestsachsen,HR Südwestsachsen,9,Bezirksliga / Kreisliga / Regionsliga,RL Männer · HR Südwestsachsen,13096,11,0,0,0,0,0,0,0,0,0.0,,fussball.de
1277,VFB Lohberg,HK Wesel,HK Wesel,9,Bezirksliga / Kreisliga / Regionsliga,Regionsliga Männer,13065,9,0,0,0,0,0,0,0,0,0.0,,fussball.de
1278,VFL Bochum 1848 Handball E.V.,Handballkreis Industrie,Handballkreis Industrie,9,Bezirksliga / Kreisliga / Regionsliga,HKI-M-Kreisliga,12710,12,0,0,0,0,0,0,0,0,0.0,,fussball.de
1279,VFL Eintracht Mettingen,Handballkreis Münsterland,Handballkreis Münsterland,9,Bezirksliga / Kreisliga / Regionsliga,Kreisliga Münsterland Männer,13227,12,0,0,0,0,0,0,0,0,0.0,,fussball.de
1280,VFL Handball Mennighüffen II,KÜS Ostwestfalenlippe,KÜS Ostwestfalenlippe,9,Bezirksliga / Kreisliga / Regionsliga,OWL Männer Bezirksliga Staffel 1,12671,14,0,0,0,0,0,0,0,0,0.0,,fussball.de
1281,VFL Schlangen,KÜS Ostwestfalenlippe,KÜS Ostwestfalenlippe,9,Bezirksliga / Kreisliga / Regionsliga,OWL Männer Bezirksliga Staffel 2,12672,14,0,0,0,0,0,0,0,0,0.0,,fussball.de
1282,VFR Übach-Palenberg Handball E.V.,HK Aachen-Düren,HK Aachen-Düren,9,Bezirksliga / Kreisliga / Regionsliga,Regionsliga,14819,8,0,0,0,0,0,0,0,0,0.0,,fussball.de
1283,VFS Warstein H2,Handballkreis Iserlohn-Arnsberg,Handballkreis Iserlohn-Arnsberg,9,Bezirksliga / Kreisliga / Regionsliga,HKISAR Kreisliga MÄNNER,15069,10,0,0,0,0,0,0,0,0,0.0,,fussball.de
1284,VTV Freier Grund 2016 e.V. II,Handballkreis Lenne-Sieg,Handballkreis Lenne-Sieg,9,Bezirksliga / Kreisliga / Regionsliga,HKLesi Kreisliga A Männer,15898,10,0,0,0,0,0,0,0,0,0.0,,fussball.de
1285,VfL Bardenberg 3,HK Aachen-Düren,HK Aachen-Düren,9,Bezirksliga / Kreisliga / Regionsliga,Regionsliga,14819,9,0,0,0,0,0,0,0,0,0.0,,fussball.de
1286,VfL Brambauer 1925 e.V.,Handballkreis Hellweg,Handballkreis Hellweg,9,Bezirksliga / Kreisliga / Regionsliga,Männer Kreisliga HKH,12689,9,0,0,0,0,0,0,0,0,0.0,,fussball.de
1287,VfL Gladbeck 1921 e.V. III,Handballkreis Industrie,Handballkreis Industrie,9,Bezirksliga / Kreisliga / Regionsliga,HKI-M-Kreisliga,12710,13,0,0,0,0,0,0,0,0,0.0,,fussball.de
1288,Victoria Naunhof,HR Leipzig,HR Leipzig,9,Bezirksliga / Kreisliga / Regionsliga,RL Männer · HR Leipzig,13116,12,0,0,0,0,0,0,0,0,0.0,,fussball.de
1289,Walddörfer SV II,Hamburger Handballverband,Hamburger Handballverband,9,Bezirksliga / Kreisliga / Regionsliga,Kreisliga Männer Gruppe 2 (142),13442,9,0,0,0,0,0,0,0,0,0.0,,fussball.de
1290,Wellingdorfer TV,Handball-Erwachsene DER Kreishandballverbände IN Schleswig-Holstein,Handball-Erwachsene DER Kreishandballverbände IN Schleswig-Holstein,9,Bezirksliga / Kreisliga / Regionsliga,Kreisliga Männer - Staffel D,12972,9,0,0,0,0,0,0,0,0,0.0,,fussball.de
1291,Wellingdorfer TV II,Handball-Erwachsene DER Kreishandballverbände IN Schleswig-Holstein,Handball-Erwachsene DER Kreishandballverbände IN Schleswig-Holstein,9,Bezirksliga / Kreisliga / Regionsliga,Kreisliga Männer - Staffel C,12971,10,0,0,0,0,0,0,0,0,0.0,,fussball.de
1292,Wölfe Voreifel IV,HK Bonn-Euskirchen-Sieg,HK Bonn-Euskirchen-Sieg,9,Bezirksliga / Kreisliga / Regionsliga,Kreisliga Männer,12897,10,0,0,0,0,0,0,0,0,0.0,,fussball.de
1293,Zwönitzer HSV II,HR Südwestsachsen,HR Südwestsachsen,9,Bezirksliga / Kreisliga / Regionsliga,RL Männer · HR Südwestsachsen,13096,12,0,0,0,0,0,0,0,0,0.0,,fussball.de
1294,tus Berne,Hamburger Handballverband,Hamburger Handballverband,9,Bezirksliga / Kreisliga / Regionsliga,Kreisliga Männer Gruppe 2 (142),13442,10,0,0,0,0,0,0,0,0,0.0,,fussball.de
1295,HSG Landau/Land 3,Handballverband Rheinhessen-Pfalz,Handballverband Rheinhessen-Pfalz,9,Bezirksliga / Kreisliga / Regionsliga,M-BZL 2,12487,9,1,0,0,1,29,30,-1,0,0.0,,fussball.de
1296,TSG Mz-Bretzenheim 3,Handballverband Rheinhessen-Pfalz,Handballverband Rheinhessen-Pfalz,9,Bezirksliga / Kreisliga / Regionsliga,M-BZL 1,12486,11,1,0,0,1,26,27,-1,0,0.0,,fussball.de
1297,HSG Dudenhofen/Schifferstadt 3,Handballverband Rheinhessen-Pfalz,Handballverband Rheinhessen-Pfalz,9,Bezirksliga / Kreisliga / Regionsliga,M-BZL 2,12487,10,1,0,0,1,27,30,-3,0,0.0,,fussball.de
1298,TSV Hardebek,Handball-Erwachsene DER Kreishandballverbände IN Schleswig-Holstein,Handball-Erwachsene DER Kreishandballverbände IN Schleswig-Holstein,9,Bezirksliga / Kreisliga / Regionsliga,Kreisliga Männer - Staffel E,12973,10,1,0,0,1,24,27,-3,0,0.0,,fussball.de
1299,TSG Hassloch 2,Handballverband Rheinhessen-Pfalz,Handballverband Rheinhessen-Pfalz,9,Bezirksliga / Kreisliga / Regionsliga,M-BZL 2,12487,11,1,0,0,1,26,31,-5,0,0.0,,fussball.de
1300,HSV Sobernheim 2,Handballverband Rheinhessen-Pfalz,Handballverband Rheinhessen-Pfalz,9,Bezirksliga / Kreisliga / Regionsliga,M-BZL 1,12486,12,1,0,0,1,32,38,-6,0,0.0,,fussball.de
1301,HSG Worms 2,Handballverband Rheinhessen-Pfalz,Handballverband Rheinhessen-Pfalz,9,Bezirksliga / Kreisliga / Regionsliga,M-BZL 2,12487,12,1,0,0,1,20,31,-11,0,0.0,,fussball.de
1302,HSG Grethen/Maxdorf,Handballverband Rheinhessen-Pfalz,Handballverband Rheinhessen-Pfalz,10,Bezirksklasse / Kreisklasse / Regionsklasse,M-BZK 2,12583,1,1,1,0,0,33,25,8,2,2.0,,fussball.de
1303,TV Kirrweiler 2,Handballverband Rheinhessen-Pfalz,Handballverband Rheinhessen-Pfalz,10,Bezirksklasse / Kreisklasse / Regionsklasse,M-BZK 2,12583,2,1,1,0,0,35,28,7,2,2.0,,fussball.de
1304,TSV Schönberg II,Handball-Erwachsene DER Kreishandballverbände IN Schleswig-Holstein,Handball-Erwachsene DER Kreishandballverbände IN Schleswig-Holstein,10,Bezirksklasse / Kreisklasse / Regionsklasse,Kreisklasse Männer Plön,12987,1,1,1,0,0,33,26,7,2,2.0,,fussball.de
1305,SG LaFt - Herren,Handballverband Rheinhessen-Pfalz,Handballverband Rheinhessen-Pfalz,10,Bezirksklasse / Kreisklasse / Regionsklasse,M-BZK 2,12583,3,1,1,0,0,37,35,2,2,2.0,,fussball.de
1306,TV THALEISCHWEILER Herren,Handballverband Rheinhessen-Pfalz,Handballverband Rheinhessen-Pfalz,10,Bezirksklasse / Kreisklasse / Regionsklasse,M-BZK 2,12583,4,1,1,0,0,22,20,2,2,2.0,,fussball.de
1307,TSV Kandel 2,Handballverband Rheinhessen-Pfalz,Handballverband Rheinhessen-Pfalz,10,Bezirksklasse / Kreisklasse / Regionsklasse,M-BZK 2,12583,5,1,1,0,0,31,30,1,2,2.0,,fussball.de
1308,HC Gonsenheim 3,Handballverband Rheinhessen-Pfalz,Handballverband Rheinhessen-Pfalz,10,Bezirksklasse / Kreisklasse / Regionsklasse,M-BZK 1,12582,1,1,1,0,0,29,28,1,2,2.0,,fussball.de
1309,HSV Alzey 3,Handballverband Rheinhessen-Pfalz,Handballverband Rheinhessen-Pfalz,10,Bezirksklasse / Kreisklasse / Regionsklasse,M-BZK 1,12582,2,1,1,0,0,29,28,1,2,2.0,,fussball.de
1310,Letmather TV H3,Handballkreis Iserlohn-Arnsberg,Handballkreis Iserlohn-Arnsberg,10,Bezirksklasse / Kreisklasse / Regionsklasse,HKISAR 1. Kreisklasse MÄNNER,15392,1,1,0,1,0,0,0,0,1,1.0,,fussball.de
1311,SG Iserlohn-Sümmern H2,Handballkreis Iserlohn-Arnsberg,Handballkreis Iserlohn-Arnsberg,10,Bezirksklasse / Kreisklasse / Regionsklasse,HKISAR 1. Kreisklasse MÄNNER,15392,2,1,0,1,0,0,0,0,1,1.0,,fussball.de
1312,1.Fc KÖLN III,HK Köln-Rheinberg,HK Köln-Rheinberg,10,Bezirksklasse / Kreisklasse / Regionsklasse,Regionsklasse Männer,12894,1,0,0,0,0,0,0,0,0,0.0,,fussball.de
1313,ASC 09 Dortmund 3,Handballkreis Dortmund,Handballkreis Dortmund,10,Bezirksklasse / Kreisklasse / Regionsklasse,HKDO-1. KK-M,12784,1,0,0,0,0,0,0,0,0,0.0,,fussball.de
1314,ASC Quierschied 2,Handballverband SAAR,Handballverband SAAR,10,Bezirksklasse / Kreisklasse / Regionsklasse,A-Liga Männer Staffel Ost,14384,1,0,0,0,0,0,0,0,0,0.0,,fussball.de
1315,ASV Süchteln 3M,HK Krefeld-Grenzland,HK Krefeld-Grenzland,10,Bezirksklasse / Kreisklasse / Regionsklasse,BK Männer,15676,1,0,0,0,0,0,0,0,0,0.0,,fussball.de
1316,ATV Dorstfeld 2,Handballkreis Dortmund,Handballkreis Dortmund,10,Bezirksklasse / Kreisklasse / Regionsklasse,HKDO-1. KK-M,12784,2,0,0,0,0,0,0,0,0,0.0,,fussball.de
1317,Ahlener SG 93 E.V. III,Handballkreis Hellweg,Handballkreis Hellweg,10,Bezirksklasse / Kreisklasse / Regionsklasse,Männer 1. Kreisklasse HKH,12715,1,0,0,0,0,0,0,0,0,0.0,,fussball.de
1318,Ahrensburger TSV III,Hamburger Handballverband,Hamburger Handballverband,10,Bezirksklasse / Kreisklasse / Regionsklasse,Kreisklasse Männer Gruppe 2 (152),13446,1,0,0,0,0,0,0,0,0,0.0,,fussball.de
1319,BSC Setterich,HK Aachen-Düren,HK Aachen-Düren,10,Bezirksklasse / Kreisklasse / Regionsklasse,Regionsklasse,14820,1,0,0,0,0,0,0,0,0,0.0,,fussball.de
1320,BSG Wismut AUE II,HR Südwestsachsen,HR Südwestsachsen,10,Bezirksklasse / Kreisklasse / Regionsklasse,RK Männer West,13099,1,0,0,0,0,0,0,0,0,0.0,,fussball.de
1321,BTB Aachen V,HK Aachen-Düren,HK Aachen-Düren,10,Bezirksklasse / Kreisklasse / Regionsklasse,Regionsklasse,14820,2,0,0,0,0,0,0,0,0,0.0,,fussball.de
1322,Bergischer HC,Bergischer HK,Bergischer HK,10,Bezirksklasse / Kreisklasse / Regionsklasse,1. Regionsklasse Männer BHK,14417,1,0,0,0,0,0,0,0,0,0.0,,fussball.de
1323,Berliner SC/SH,Handball-Erwachsene DER Kreishandballverbände IN Schleswig-Holstein,Handball-Erwachsene DER Kreishandballverbände IN Schleswig-Holstein,10,Bezirksklasse / Kreisklasse / Regionsklasse,Kreisklasse Männer Plön,12987,2,0,0,0,0,0,0,0,0,0.0,,fussball.de
1324,Blau-Weiss Gröditz,HR Sachsen-Mitte,HR Sachsen-Mitte,10,Bezirksklasse / Kreisklasse / Regionsklasse,RK Männer St. 2,13107,1,0,0,0,0,0,0,0,0,0.0,,fussball.de
1325,Boizenburger HV,Handball-Erwachsene DER Kreishandballverbände IN Schleswig-Holstein,Handball-Erwachsene DER Kreishandballverbände IN Schleswig-Holstein,10,Bezirksklasse / Kreisklasse / Regionsklasse,Kreisklasse Männer LauSto,12990,1,0,0,0,0,0,0,0,0,0.0,,fussball.de
1326,Borussia VFL 1900 Mönchengladbach 2,HK Krefeld-Grenzland,HK Krefeld-Grenzland,10,Bezirksklasse / Kreisklasse / Regionsklasse,BK Männer,15676,2,0,0,0,0,0,0,0,0,0.0,,fussball.de
1327,Bredstedter TSV II,Handball-Erwachsene DER Kreishandballverbände IN Schleswig-Holstein,Handball-Erwachsene DER Kreishandballverbände IN Schleswig-Holstein,10,Bezirksklasse / Kreisklasse / Regionsklasse,Kreisklasse Männer Nord A,12985,1,0,0,0,0,0,0,0,0,0.0,,fussball.de
1328,Burgstädter HC II,HR Südwestsachsen,HR Südwestsachsen,10,Bezirksklasse / Kreisklasse / Regionsklasse,RK Männer Ost,13100,1,0,0,0,0,0,0,0,0,0.0,,fussball.de
1329,Büdelsdorfer TSV,Handball-Erwachsene DER Kreishandballverbände IN Schleswig-Holstein,Handball-Erwachsene DER Kreishandballverbände IN Schleswig-Holstein,10,Bezirksklasse / Kreisklasse / Regionsklasse,Kreisklasse Männer Kiel/RD,12988,1,0,0,0,0,0,0,0,0,0.0,,fussball.de
1330,Cronenberger TG IV,HK Essen,HK Essen,10,Bezirksklasse / Kreisklasse / Regionsklasse,Regionsklasse Wuppertal Männer,16080,1,0,0,0,0,0,0,0,0,0.0,,fussball.de
1331,DGF Flensborg,Handball-Erwachsene DER Kreishandballverbände IN Schleswig-Holstein,Handball-Erwachsene DER Kreishandballverbände IN Schleswig-Holstein,10,Bezirksklasse / Kreisklasse / Regionsklasse,Kreisklasse Männer Nord A,12985,2,0,0,0,0,0,0,0,0,0.0,,fussball.de
1332,DHG Sandesneben,Handball-Erwachsene DER Kreishandballverbände IN Schleswig-Holstein,Handball-Erwachsene DER Kreishandballverbände IN Schleswig-Holstein,10,Bezirksklasse / Kreisklasse / Regionsklasse,Kreisklasse Männer LauSto,12990,2,0,0,0,0,0,0,0,0,0.0,,fussball.de
1333,DHK Flensborg III,Handball-Erwachsene DER Kreishandballverbände IN Schleswig-Holstein,Handball-Erwachsene DER Kreishandballverbände IN Schleswig-Holstein,10,Bezirksklasse / Kreisklasse / Regionsklasse,Kreisklasse Männer Nord A,12985,3,0,0,0,0,0,0,0,0,0.0,,fussball.de
1334,DJK Adler 07 Bottrop II,HK Rhein-Ruhr,HK Rhein-Ruhr,10,Bezirksklasse / Kreisklasse / Regionsklasse,REGIONSKLASSE MÄNNER,13019,1,0,0,0,0,0,0,0,0,0.0,,fussball.de
1335,DJK Eintracht Hiltrup II,Handballkreis Münsterland,Handballkreis Münsterland,10,Bezirksklasse / Kreisklasse / Regionsklasse,Kreisklasse 1 Münsterland Männer,13229,1,0,0,0,0,0,0,0,0,0.0,,fussball.de
1336,DJK Ewaldi Aplerbeck H2,Handballkreis Dortmund,Handballkreis Dortmund,10,Bezirksklasse / Kreisklasse / Regionsklasse,HKDO-1. KK-M,12784,3,0,0,0,0,0,0,0,0,0.0,,fussball.de
1337,DJK GRÜN Weiss Werden 3.M,HK Essen,HK Essen,10,Bezirksklasse / Kreisklasse / Regionsklasse,Regionsklasse Essen Männer,16888,1,0,0,0,0,0,0,0,0,0.0,,fussball.de
1338,DJK Hansa Dortmund,Handballkreis Dortmund,Handballkreis Dortmund,10,Bezirksklasse / Kreisklasse / Regionsklasse,HKDO-1. KK-M,12784,4,0,0,0,0,0,0,0,0,0.0,,fussball.de
1339,DJK Oespel-Kley Herren 3,Handballkreis Dortmund,Handballkreis Dortmund,10,Bezirksklasse / Kreisklasse / Regionsklasse,HKDO-1. KK-M,12784,5,0,0,0,0,0,0,0,0,0.0,,fussball.de
1340,DJK SG Bösperde H3,Handballkreis Iserlohn-Arnsberg,Handballkreis Iserlohn-Arnsberg,10,Bezirksklasse / Kreisklasse / Regionsklasse,HKISAR 1. Kreisklasse MÄNNER,15392,3,0,0,0,0,0,0,0,0,0.0,,fussball.de
1341,DJK TUS Ruhrtal Witten,Handballkreis Dortmund,Handballkreis Dortmund,10,Bezirksklasse / Kreisklasse / Regionsklasse,HKDO-1. KK-M,12784,6,0,0,0,0,0,0,0,0,0.0,,fussball.de
1342,DJK Tura 05 Dümpten II,HK Rhein-Ruhr,HK Rhein-Ruhr,10,Bezirksklasse / Kreisklasse / Regionsklasse,REGIONSKLASSE MÄNNER,13019,2,0,0,0,0,0,0,0,0,0.0,,fussball.de
1343,DJK Tura 05 Dümpten III,HK Rhein-Ruhr,HK Rhein-Ruhr,10,Bezirksklasse / Kreisklasse / Regionsklasse,REGIONSKLASSE MÄNNER,13019,3,0,0,0,0,0,0,0,0,0.0,,fussball.de
1344,DJK Westfalia Welper e.V. III,Handballkreis Industrie,Handballkreis Industrie,10,Bezirksklasse / Kreisklasse / Regionsklasse,HKI-M-1. Kreisklasse,13048,1,0,0,0,0,0,0,0,0,0.0,,fussball.de
1345,DSC Wanne-Eickel Handball E.V.,Handballkreis Industrie,Handballkreis Industrie,10,Bezirksklasse / Kreisklasse / Regionsklasse,HKI-M-1. Kreisklasse,13048,2,0,0,0,0,0,0,0,0,0.0,,fussball.de
1346,ETB SW Essen III,HK Essen,HK Essen,10,Bezirksklasse / Kreisklasse / Regionsklasse,Regionsklasse Essen Männer,16888,2,0,0,0,0,0,0,0,0,0.0,,fussball.de
1347,ETB SW Essen IV,HK Essen,HK Essen,10,Bezirksklasse / Kreisklasse / Regionsklasse,Regionsklasse Essen Männer,16888,3,0,0,0,0,0,0,0,0,0.0,,fussball.de
1348,ETUS Wedau II,HK Rhein-Ruhr,HK Rhein-Ruhr,10,Bezirksklasse / Kreisklasse / Regionsklasse,REGIONSKLASSE MÄNNER,13019,4,0,0,0,0,0,0,0,0,0.0,,fussball.de
1349,Eichholzer SV,Handball-Erwachsene DER Kreishandballverbände IN Schleswig-Holstein,Handball-Erwachsene DER Kreishandballverbände IN Schleswig-Holstein,10,Bezirksklasse / Kreisklasse / Regionsklasse,Kreisklasse Männer Ostsee,12989,1,0,0,0,0,0,0,0,0,0.0,,fussball.de
1350,Eichholzer SV II,Handball-Erwachsene DER Kreishandballverbände IN Schleswig-Holstein,Handball-Erwachsene DER Kreishandballverbände IN Schleswig-Holstein,10,Bezirksklasse / Kreisklasse / Regionsklasse,Kreisklasse Männer Ostsee,12989,2,0,0,0,0,0,0,0,0,0.0,,fussball.de
1351,Elmshorner HT II,Hamburger Handballverband,Hamburger Handballverband,10,Bezirksklasse / Kreisklasse / Regionsklasse,Kreisklasse Männer Gruppe 1 (151),13445,1,0,0,0,0,0,0,0,0,0.0,,fussball.de
1352,Eschweiler SG IV,HK Aachen-Düren,HK Aachen-Düren,10,Bezirksklasse / Kreisklasse / Regionsklasse,Regionsklasse,14820,3,0,0,0,0,0,0,0,0,0.0,,fussball.de
1353,Fortschritt Mylau-Reichenb.,HR Südwestsachsen,HR Südwestsachsen,10,Bezirksklasse / Kreisklasse / Regionsklasse,RK Männer West,13099,2,0,0,0,0,0,0,0,0,0.0,,fussball.de
1354,GW Bingen-Büdesheim 2,Handballverband Rheinhessen-Pfalz,Handballverband Rheinhessen-Pfalz,10,Bezirksklasse / Kreisklasse / Regionsklasse,M-BZK 1,12582,3,0,0,0,0,0,0,0,0,0.0,,fussball.de
1355,Germania Zwenkau II,HR Leipzig,HR Leipzig,10,Bezirksklasse / Kreisklasse / Regionsklasse,RK Männer,13118,1,0,0,0,0,0,0,0,0,0.0,,fussball.de
1356,Gettorfer TV II,Handball-Erwachsene DER Kreishandballverbände IN Schleswig-Holstein,Handball-Erwachsene DER Kreishandballverbände IN Schleswig-Holstein,10,Bezirksklasse / Kreisklasse / Regionsklasse,Kreisklasse Männer Kiel/RD,12988,2,0,0,0,0,0,0,0,0,0.0,,fussball.de
1357,Godesberger TV II,HK Bonn-Euskirchen-Sieg,HK Bonn-Euskirchen-Sieg,10,Bezirksklasse / Kreisklasse / Regionsklasse,Kreisklasse Männer,17301,1,0,0,0,0,0,0,0,0,0.0,,fussball.de
1358,Gürzenicher TV II,HK Aachen-Düren,HK Aachen-Düren,10,Bezirksklasse / Kreisklasse / Regionsklasse,Regionsklasse,14820,4,0,0,0,0,0,0,0,0,0.0,,fussball.de
1359,HC Dillingen-Diefflen 3,Handballverband SAAR,Handballverband SAAR,10,Bezirksklasse / Kreisklasse / Regionsklasse,A-Liga Männer Staffel West,14385,1,0,0,0,0,0,0,0,0,0.0,,fussball.de
1360,HC Einheit Plauen III,HR Südwestsachsen,HR Südwestsachsen,10,Bezirksklasse / Kreisklasse / Regionsklasse,RK Männer West,13099,3,0,0,0,0,0,0,0,0,0.0,,fussball.de
1361,HC Elbflorenz 2006  IV,HR Sachsen-Mitte,HR Sachsen-Mitte,10,Bezirksklasse / Kreisklasse / Regionsklasse,RK Männer St. 2,13107,2,0,0,0,0,0,0,0,0,0.0,,fussball.de
1362,HC Essen West III,HK Essen,HK Essen,10,Bezirksklasse / Kreisklasse / Regionsklasse,Regionsklasse Essen Männer,16888,4,0,0,0,0,0,0,0,0,0.0,,fussball.de
1363,HC Glauchau/Meerane III,HR Südwestsachsen,HR Südwestsachsen,10,Bezirksklasse / Kreisklasse / Regionsklasse,RK Männer West,13099,4,0,0,0,0,0,0,0,0,0.0,,fussball.de
1364,HC Schmelz 2,Handballverband SAAR,Handballverband SAAR,10,Bezirksklasse / Kreisklasse / Regionsklasse,A-Liga Männer Staffel West,14385,2,0,0,0,0,0,0,0,0,0.0,,fussball.de
1365,HC St. Ingbert- Hassel 3,Handballverband SAAR,Handballverband SAAR,10,Bezirksklasse / Kreisklasse / Regionsklasse,A-Liga Männer Staffel Ost,14384,2,0,0,0,0,0,0,0,0,0.0,,fussball.de
1366,HC St. Johann,Handballverband SAAR,Handballverband SAAR,10,Bezirksklasse / Kreisklasse / Regionsklasse,A-Liga Männer Staffel West,14385,3,0,0,0,0,0,0,0,0,0.0,,fussball.de
1367,HC Sterkrade 75 II,HK Rhein-Ruhr,HK Rhein-Ruhr,10,Bezirksklasse / Kreisklasse / Regionsklasse,REGIONSKLASSE MÄNNER,13019,5,0,0,0,0,0,0,0,0,0.0,,fussball.de
1368,HCE BAD Oeynhausen 2,Handballkreis Minden-Lübbecke,Handballkreis Minden-Lübbecke,10,Bezirksklasse / Kreisklasse / Regionsklasse,HBKML Männer Kreisklasse Staffel 2,14377,1,0,0,0,0,0,0,0,0,0.0,,fussball.de
1369,HF UNTERE SAAR 4 raus,Handballverband SAAR,Handballverband SAAR,10,Bezirksklasse / Kreisklasse / Regionsklasse,A-Liga Männer Staffel West,14385,4,0,0,0,0,0,0,0,0,0.0,,fussball.de
1370,HF Untere SAAR 4,Handballverband SAAR,Handballverband SAAR,10,Bezirksklasse / Kreisklasse / Regionsklasse,A-Liga Männer Staffel West,14385,5,0,0,0,0,0,0,0,0,0.0,,fussball.de
1371,HG Hamburg-Barmbek VII,Hamburger Handballverband,Hamburger Handballverband,10,Bezirksklasse / Kreisklasse / Regionsklasse,Kreisklasse Männer Gruppe 2 (152),13446,2,0,0,0,0,0,0,0,0,0.0,,fussball.de
1372,HG Itzenplitz,Handballverband SAAR,Handballverband SAAR,10,Bezirksklasse / Kreisklasse / Regionsklasse,A-Liga Männer Staffel Ost,14384,3,0,0,0,0,0,0,0,0,0.0,,fussball.de
1373,HG Owschlag-Kropp-Tetenhusen III,Handball-Erwachsene DER Kreishandballverbände IN Schleswig-Holstein,Handball-Erwachsene DER Kreishandballverbände IN Schleswig-Holstein,10,Bezirksklasse / Kreisklasse / Regionsklasse,Kreisklasse Männer Kiel/RD,12988,3,0,0,0,0,0,0,0,0,0.0,,fussball.de
1374,HG Saarlouis 4,Handballverband SAAR,Handballverband SAAR,10,Bezirksklasse / Kreisklasse / Regionsklasse,A-Liga Männer Staffel West,14385,6,0,0,0,0,0,0,0,0,0.0,,fussball.de
1375,HGV Hürth-Gleuel II,HK Köln-Rheinberg,HK Köln-Rheinberg,10,Bezirksklasse / Kreisklasse / Regionsklasse,Regionsklasse Männer,12894,2,0,0,0,0,0,0,0,0,0.0,,fussball.de
1376,HSC Ingelheim 2,Handballverband Rheinhessen-Pfalz,Handballverband Rheinhessen-Pfalz,10,Bezirksklasse / Kreisklasse / Regionsklasse,M-BZK 1,12582,4,0,0,0,0,0,0,0,0,0.0,,fussball.de
1377,HSG 24109 III,Handball-Erwachsene DER Kreishandballverbände IN Schleswig-Holstein,Handball-Erwachsene DER Kreishandballverbände IN Schleswig-Holstein,10,Bezirksklasse / Kreisklasse / Regionsklasse,Kreisklasse Männer Kiel/RD,12988,4,0,0,0,0,0,0,0,0,0.0,,fussball.de
1378,HSG 91 Nortorf II,Handball-Erwachsene DER Kreishandballverbände IN Schleswig-Holstein,Handball-Erwachsene DER Kreishandballverbände IN Schleswig-Holstein,10,Bezirksklasse / Kreisklasse / Regionsklasse,Kreisklasse Männer Plön,12987,3,0,0,0,0,0,0,0,0,0.0,,fussball.de
1379,HSG Angeln II,Handball-Erwachsene DER Kreishandballverbände IN Schleswig-Holstein,Handball-Erwachsene DER Kreishandballverbände IN Schleswig-Holstein,10,Bezirksklasse / Kreisklasse / Regionsklasse,Kreisklasse Männer Nord A,12985,4,0,0,0,0,0,0,0,0,0.0,,fussball.de
1380,HSG Blomberg-Lippe 2,Handballkreis Lippe,Handballkreis Lippe,10,Bezirksklasse / Kreisklasse / Regionsklasse,HBKLIP Kreisklasse Männer,15837,1,0,0,0,0,0,0,0,0,0.0,,fussball.de
1381,HSG Büchen/Siebeneichen II,Handball-Erwachsene DER Kreishandballverbände IN Schleswig-Holstein,Handball-Erwachsene DER Kreishandballverbände IN Schleswig-Holstein,10,Bezirksklasse / Kreisklasse / Regionsklasse,Kreisklasse Männer LauSto,12990,3,0,0,0,0,0,0,0,0,0.0,,fussball.de
1382,HSG DJK Oberthal / RW Schaumberg 3,Handballverband SAAR,Handballverband SAAR,10,Bezirksklasse / Kreisklasse / Regionsklasse,A-Liga Männer Staffel Ost,14384,4,0,0,0,0,0,0,0,0,0.0,,fussball.de
1383,HSG Dudweiler-Fischbach,Handballverband SAAR,Handballverband SAAR,10,Bezirksklasse / Kreisklasse / Regionsklasse,A-Liga Männer Staffel Ost,14384,5,0,0,0,0,0,0,0,0,0.0,,fussball.de
1384,HSG ECD Hagen 3,Handballkreis Hagen/Ennepe-Ruhr,Handballkreis Hagen/Ennepe-Ruhr,10,Bezirksklasse / Kreisklasse / Regionsklasse,MÄNNER KREISklasse HKHR,13009,1,0,0,0,0,0,0,0,0,0.0,,fussball.de
1385,HSG EURO 3,Handballkreis Minden-Lübbecke,Handballkreis Minden-Lübbecke,10,Bezirksklasse / Kreisklasse / Regionsklasse,HBKML Männer Kreisklasse Staffel 1,14376,1,0,0,0,0,0,0,0,0,0.0,,fussball.de
1386,HSG Elbvororte IV,Hamburger Handballverband,Hamburger Handballverband,10,Bezirksklasse / Kreisklasse / Regionsklasse,Kreisklasse Männer Gruppe 1 (151),13445,2,0,0,0,0,0,0,0,0,0.0,,fussball.de
1387,HSG FC Schwarzerden - TV Kusel,Handballverband SAAR,Handballverband SAAR,10,Bezirksklasse / Kreisklasse / Regionsklasse,A-Liga Männer Staffel Ost,14384,6,0,0,0,0,0,0,0,0,0.0,,fussball.de
1388,HSG Fockbek/Nübbel/Alt Duvenstedt II,Handball-Erwachsene DER Kreishandballverbände IN Schleswig-Holstein,Handball-Erwachsene DER Kreishandballverbände IN Schleswig-Holstein,10,Bezirksklasse / Kreisklasse / Regionsklasse,Kreisklasse Männer Kiel/RD,12988,5,0,0,0,0,0,0,0,0,0.0,,fussball.de
1389,HSG Gevelsberg Silschede 4,Handballkreis Hagen/Ennepe-Ruhr,Handballkreis Hagen/Ennepe-Ruhr,10,Bezirksklasse / Kreisklasse / Regionsklasse,MÄNNER KREISklasse HKHR,13009,2,0,0,0,0,0,0,0,0,0.0,,fussball.de
1390,HSG Gremmendorf/Angelmodde,Handballkreis Münsterland,Handballkreis Münsterland,10,Bezirksklasse / Kreisklasse / Regionsklasse,Kreisklasse 1 Münsterland Männer,13229,2,0,0,0,0,0,0,0,0,0.0,,fussball.de
1391,HSG HANDBALL LEMGO 5 (abgem. 14.08.26),Handballkreis Lippe,Handballkreis Lippe,10,Bezirksklasse / Kreisklasse / Regionsklasse,HBKLIP Kreisklasse Männer,15837,2,0,0,0,0,0,0,0,0,0.0,,fussball.de
1392,HSG Hattingen-Sprockhövel IV,Handballkreis Industrie,Handballkreis Industrie,10,Bezirksklasse / Kreisklasse / Regionsklasse,HKI-M-1. Kreisklasse,13048,3,0,0,0,0,0,0,0,0,0.0,,fussball.de
1393,HSG Herdecke/Ende 3,Handballkreis Hagen/Ennepe-Ruhr,Handballkreis Hagen/Ennepe-Ruhr,10,Bezirksklasse / Kreisklasse / Regionsklasse,MÄNNER KREISklasse HKHR,13009,3,0,0,0,0,0,0,0,0,0.0,,fussball.de
1394,HSG Hiesfeld/Aldenrade IV,HK Wesel,HK Wesel,10,Bezirksklasse / Kreisklasse / Regionsklasse,Regionsklasse Männer · HK Wesel,13067,1,0,0,0,0,0,0,0,0,0.0,,fussball.de
1395,HSG Hohenlimburg H2,Handballkreis Iserlohn-Arnsberg,Handballkreis Iserlohn-Arnsberg,10,Bezirksklasse / Kreisklasse / Regionsklasse,HKISAR 1. Kreisklasse MÄNNER,15392,4,0,0,0,0,0,0,0,0,0.0,,fussball.de
1396,HSG Holsteinische Schweiz III,Handball-Erwachsene DER Kreishandballverbände IN Schleswig-Holstein,Handball-Erwachsene DER Kreishandballverbände IN Schleswig-Holstein,10,Bezirksklasse / Kreisklasse / Regionsklasse,Kreisklasse Männer Plön,12987,4,0,0,0,0,0,0,0,0,0.0,,fussball.de
1397,HSG Hüllhorst 3,Handballkreis Minden-Lübbecke,Handballkreis Minden-Lübbecke,10,Bezirksklasse / Kreisklasse / Regionsklasse,HBKML Männer Kreisklasse Staffel 1,14376,2,0,0,0,0,0,0,0,0,0.0,,fussball.de
1398,HSG JAHN 05/Sc WEST 1m,HK Düsseldorf,HK Düsseldorf,10,Bezirksklasse / Kreisklasse / Regionsklasse,1. Regionsklasse Männer (HK Düsseldorf),15941,1,0,0,0,0,0,0,0,0,0.0,,fussball.de
1399,HSG Löhne-Obernbeck,Handballkreis Bielefeld-Herford,Handballkreis Bielefeld-Herford,10,Bezirksklasse / Kreisklasse / Regionsklasse,Männer 1. Kreisklasse,13293,1,0,0,0,0,0,0,0,0,0.0,,fussball.de
1400,HSG Merkstein III,HK Aachen-Düren,HK Aachen-Düren,10,Bezirksklasse / Kreisklasse / Regionsklasse,Regionsklasse,14820,5,0,0,0,0,0,0,0,0,0.0,,fussball.de
1401,HSG Nahe-Glan 2,Handballverband Rheinhessen-Pfalz,Handballverband Rheinhessen-Pfalz,10,Bezirksklasse / Kreisklasse / Regionsklasse,M-BZK 1,12582,5,0,0,0,0,0,0,0,0,0.0,,fussball.de
1402,HSG Nordau III,Handball-Erwachsene DER Kreishandballverbände IN Schleswig-Holstein,Handball-Erwachsene DER Kreishandballverbände IN Schleswig-Holstein,10,Bezirksklasse / Kreisklasse / Regionsklasse,Kreisklasse Männer Nord A,12985,5,0,0,0,0,0,0,0,0,0.0,,fussball.de
1403,HSG Nordau IV,Handball-Erwachsene DER Kreishandballverbände IN Schleswig-Holstein,Handball-Erwachsene DER Kreishandballverbände IN Schleswig-Holstein,10,Bezirksklasse / Kreisklasse / Regionsklasse,Kreisklasse Männer Nord B,12986,1,0,0,0,0,0,0,0,0,0.0,,fussball.de
1404,HSG Ottweiler/Steinbach,Handballverband SAAR,Handballverband SAAR,10,Bezirksklasse / Kreisklasse / Regionsklasse,A-Liga Männer Staffel Ost,14384,7,0,0,0,0,0,0,0,0,0.0,,fussball.de
1405,HSG Porta Hr. 3,Handballkreis Minden-Lübbecke,Handballkreis Minden-Lübbecke,10,Bezirksklasse / Kreisklasse / Regionsklasse,HBKML Männer Kreisklasse Staffel 2,14377,2,0,0,0,0,0,0,0,0,0.0,,fussball.de
1406,HSG Preussen/Bor. Münster II,Handballkreis Münsterland,Handballkreis Münsterland,10,Bezirksklasse / Kreisklasse / Regionsklasse,Kreisklasse 1 Münsterland Männer,13229,3,0,0,0,0,0,0,0,0,0.0,,fussball.de
1407,HSG Re/Oe II,Handballkreis Industrie,Handballkreis Industrie,10,Bezirksklasse / Kreisklasse / Regionsklasse,HKI-M-1. Kreisklasse,13048,4,0,0,0,0,0,0,0,0,0.0,,fussball.de
1408,HSG Rietberg-Mastholte II,Handballkreis Gütersloh,Handballkreis Gütersloh,10,Bezirksklasse / Kreisklasse / Regionsklasse,HBKGT Männer 1. Kreisklasse,12686,1,0,0,0,0,0,0,0,0,0.0,,fussball.de
1409,HSG Rückmarsdorf II,HR Leipzig,HR Leipzig,10,Bezirksklasse / Kreisklasse / Regionsklasse,RK Männer,13118,2,0,0,0,0,0,0,0,0,0.0,,fussball.de
1410,HSG Sachsenring II,HR Südwestsachsen,HR Südwestsachsen,10,Bezirksklasse / Kreisklasse / Regionsklasse,RK Männer Ost,13100,2,0,0,0,0,0,0,0,0,0.0,,fussball.de
1411,HSG Siebengebirge-Thomasberg IV,HK Bonn-Euskirchen-Sieg,HK Bonn-Euskirchen-Sieg,10,Bezirksklasse / Kreisklasse / Regionsklasse,Kreisklasse Männer,17301,2,0,0,0,0,0,0,0,0,0.0,,fussball.de
1412,HSG Sieg H3,HK Bonn-Euskirchen-Sieg,HK Bonn-Euskirchen-Sieg,10,Bezirksklasse / Kreisklasse / Regionsklasse,Kreisklasse Männer,17301,3,0,0,0,0,0,0,0,0,0.0,,fussball.de
1413,HSG Spradow 3,Handballkreis Bielefeld-Herford,Handballkreis Bielefeld-Herford,10,Bezirksklasse / Kreisklasse / Regionsklasse,Männer 1. Kreisklasse,13293,2,0,0,0,0,0,0,0,0,0.0,,fussball.de
1414,HSG Szoww III,Handball-Erwachsene DER Kreishandballverbände IN Schleswig-Holstein,Handball-Erwachsene DER Kreishandballverbände IN Schleswig-Holstein,10,Bezirksklasse / Kreisklasse / Regionsklasse,Kreisklasse Männer Nord A,12985,6,0,0,0,0,0,0,0,0,0.0,,fussball.de
1415,HSG Südtondern II,Handball-Erwachsene DER Kreishandballverbände IN Schleswig-Holstein,Handball-Erwachsene DER Kreishandballverbände IN Schleswig-Holstein,10,Bezirksklasse / Kreisklasse / Regionsklasse,Kreisklasse Männer Nord A,12985,7,0,0,0,0,0,0,0,0,0.0,,fussball.de
1416,HSG Südtondern III,Handball-Erwachsene DER Kreishandballverbände IN Schleswig-Holstein,Handball-Erwachsene DER Kreishandballverbände IN Schleswig-Holstein,10,Bezirksklasse / Kreisklasse / Regionsklasse,Kreisklasse Männer Nord B,12986,2,0,0,0,0,0,0,0,0,0.0,,fussball.de
1417,HSG Tarp/Wanderup III,Handball-Erwachsene DER Kreishandballverbände IN Schleswig-Holstein,Handball-Erwachsene DER Kreishandballverbände IN Schleswig-Holstein,10,Bezirksklasse / Kreisklasse / Regionsklasse,Kreisklasse Männer Nord B,12986,3,0,0,0,0,0,0,0,0,0.0,,fussball.de
1418,HSG Tills Löwen 08 III,Handball-Erwachsene DER Kreishandballverbände IN Schleswig-Holstein,Handball-Erwachsene DER Kreishandballverbände IN Schleswig-Holstein,10,Bezirksklasse / Kreisklasse / Regionsklasse,Kreisklasse Männer LauSto,12990,4,0,0,0,0,0,0,0,0,0.0,,fussball.de
1419,HSG VFL Solingen / BURG II,Bergischer HK,Bergischer HK,10,Bezirksklasse / Kreisklasse / Regionsklasse,1. Regionsklasse Männer BHK,14417,2,0,0,0,0,0,0,0,0,0.0,,fussball.de
1420,HSG Velbert/Heiligenhaus II,HK Essen,HK Essen,10,Bezirksklasse / Kreisklasse / Regionsklasse,Regionsklasse Wuppertal Männer,16080,2,0,0,0,0,0,0,0,0,0.0,,fussball.de
1421,HSG Werther/Borgholzhausen III,Handballkreis Gütersloh,Handballkreis Gütersloh,10,Bezirksklasse / Kreisklasse / Regionsklasse,HBKGT Männer 1. Kreisklasse,12686,2,0,0,0,0,0,0,0,0,0.0,,fussball.de
1422,HSG Wesel III,HK Wesel,HK Wesel,10,Bezirksklasse / Kreisklasse / Regionsklasse,Regionsklasse Männer · HK Wesel,13067,2,0,0,0,0,0,0,0,0,0.0,,fussball.de
1423,HSG Wetter/Grundschöttel 2,Handballkreis Hagen/Ennepe-Ruhr,Handballkreis Hagen/Ennepe-Ruhr,10,Bezirksklasse / Kreisklasse / Regionsklasse,MÄNNER KREISklasse HKHR,13009,4,0,0,0,0,0,0,0,0,0.0,,fussball.de
1424,HSG Wetter/Grundschöttel 3,Handballkreis Hagen/Ennepe-Ruhr,Handballkreis Hagen/Ennepe-Ruhr,10,Bezirksklasse / Kreisklasse / Regionsklasse,MÄNNER KREISklasse HKHR,13009,5,0,0,0,0,0,0,0,0,0.0,,fussball.de
1425,HSG Wetter/Grundschöttel 4,Handballkreis Hagen/Ennepe-Ruhr,Handballkreis Hagen/Ennepe-Ruhr,10,Bezirksklasse / Kreisklasse / Regionsklasse,MÄNNER KREISklasse HKHR,13009,6,0,0,0,0,0,0,0,0,0.0,,fussball.de
1426,HSG Zwönitztal,HR Südwestsachsen,HR Südwestsachsen,10,Bezirksklasse / Kreisklasse / Regionsklasse,RK Männer Ost,13100,3,0,0,0,0,0,0,0,0,0.0,,fussball.de
1427,HSV Alzey 2,Handballverband Rheinhessen-Pfalz,Handballverband Rheinhessen-Pfalz,10,Bezirksklasse / Kreisklasse / Regionsklasse,M-BZK 1,12582,6,0,0,0,0,0,0,0,0,0.0,,fussball.de
1428,HSV Bocklemünd II,HK Köln-Rheinberg,HK Köln-Rheinberg,10,Bezirksklasse / Kreisklasse / Regionsklasse,Regionsklasse Männer,12894,3,0,0,0,0,0,0,0,0,0.0,,fussball.de
1429,HSV Dümpten 1992 III,HK Rhein-Ruhr,HK Rhein-Ruhr,10,Bezirksklasse / Kreisklasse / Regionsklasse,REGIONSKLASSE MÄNNER,13019,6,0,0,0,0,0,0,0,0,0.0,,fussball.de
1430,HSV Frechen III,HK Köln-Rheinberg,HK Köln-Rheinberg,10,Bezirksklasse / Kreisklasse / Regionsklasse,Regionsklasse Männer,12894,4,0,0,0,0,0,0,0,0,0.0,,fussball.de
1431,HSV Herbede II,Handballkreis Industrie,Handballkreis Industrie,10,Bezirksklasse / Kreisklasse / Regionsklasse,HKI-M-1. Kreisklasse,13048,5,0,0,0,0,0,0,0,0,0.0,,fussball.de
1432,HSV Minden-Nord 2,Handballkreis Minden-Lübbecke,Handballkreis Minden-Lübbecke,10,Bezirksklasse / Kreisklasse / Regionsklasse,HBKML Männer Kreisklasse Staffel 2,14377,3,0,0,0,0,0,0,0,0,0.0,,fussball.de
1433,HSV Mölkau - DIE HAIE II,HR Leipzig,HR Leipzig,10,Bezirksklasse / Kreisklasse / Regionsklasse,RK Männer,13118,3,0,0,0,0,0,0,0,0,0.0,,fussball.de
1434,HSV Solingen-Gräfrath 76 E.V. II,Bergischer HK,Bergischer HK,10,Bezirksklasse / Kreisklasse / Regionsklasse,1. Regionsklasse Männer BHK,14417,3,0,0,0,0,0,0,0,0,0.0,,fussball.de
1435,HSV Troisdorf,HK Bonn-Euskirchen-Sieg,HK Bonn-Euskirchen-Sieg,10,Bezirksklasse / Kreisklasse / Regionsklasse,Kreisklasse Männer,17301,4,0,0,0,0,0,0,0,0,0.0,,fussball.de
1436,HSV Waldmohr,Handballverband SAAR,Handballverband SAAR,10,Bezirksklasse / Kreisklasse / Regionsklasse,A-Liga Männer Staffel Ost,14384,8,0,0,0,0,0,0,0,0,0.0,,fussball.de
1437,HSV Weinböhla III,HR Sachsen-Mitte,HR Sachsen-Mitte,10,Bezirksklasse / Kreisklasse / Regionsklasse,RK Männer St. 1,13106,1,0,0,0,0,0,0,0,0,0.0,,fussball.de
1438,HSV Überruhr III,HK Essen,HK Essen,10,Bezirksklasse / Kreisklasse / Regionsklasse,Regionsklasse Essen Männer,16888,5,0,0,0,0,0,0,0,0,0.0,,fussball.de
1439,HT Norderstedt V,Hamburger Handballverband,Hamburger Handballverband,10,Bezirksklasse / Kreisklasse / Regionsklasse,Kreisklasse Männer Gruppe 1 (151),13445,3,0,0,0,0,0,0,0,0,0.0,,fussball.de
1440,HTS/BW96 Handball V,Hamburger Handballverband,Hamburger Handballverband,10,Bezirksklasse / Kreisklasse / Regionsklasse,Kreisklasse Männer Gruppe 1 (151),13445,4,0,0,0,0,0,0,0,0,0.0,,fussball.de
1441,HTV Hemer III,Handballkreis Iserlohn-Arnsberg,Handballkreis Iserlohn-Arnsberg,10,Bezirksklasse / Kreisklasse / Regionsklasse,HKISAR 1. Kreisklasse MÄNNER,15392,5,0,0,0,0,0,0,0,0,0.0,,fussball.de
1442,HV Böhlen II,HR Leipzig,HR Leipzig,10,Bezirksklasse / Kreisklasse / Regionsklasse,RK Männer,13118,4,0,0,0,0,0,0,0,0,0.0,,fussball.de
1443,HV Erftstadt II,HK Bonn-Euskirchen-Sieg,HK Bonn-Euskirchen-Sieg,10,Bezirksklasse / Kreisklasse / Regionsklasse,Kreisklasse Männer,17301,5,0,0,0,0,0,0,0,0,0.0,,fussball.de
1444,HV Glesien,HR Leipzig,HR Leipzig,10,Bezirksklasse / Kreisklasse / Regionsklasse,RK Männer,13118,5,0,0,0,0,0,0,0,0,0.0,,fussball.de
1445,HV Grüna II,HR Südwestsachsen,HR Südwestsachsen,10,Bezirksklasse / Kreisklasse / Regionsklasse,RK Männer Ost,13100,4,0,0,0,0,0,0,0,0,0.0,,fussball.de
1446,HVE Villigst-Ergste H3,Handballkreis Iserlohn-Arnsberg,Handballkreis Iserlohn-Arnsberg,10,Bezirksklasse / Kreisklasse / Regionsklasse,HKISAR 1. Kreisklasse MÄNNER,15392,6,0,0,0,0,0,0,0,0,0.0,,fussball.de
1447,Handball BAD Salzuflen 4,Handballkreis Lippe,Handballkreis Lippe,10,Bezirksklasse / Kreisklasse / Regionsklasse,HBKLIP Kreisklasse Männer,15837,3,0,0,0,0,0,0,0,0,0.0,,fussball.de
1448,Handball Ruhrbogen Hattingen,Handballkreis Industrie,Handballkreis Industrie,10,Bezirksklasse / Kreisklasse / Regionsklasse,HKI-M-1. Kreisklasse,13048,6,0,0,0,0,0,0,0,0,0.0,,fussball.de
1449,IF Stjernen Flensborg II,Handball-Erwachsene DER Kreishandballverbände IN Schleswig-Holstein,Handball-Erwachsene DER Kreishandballverbände IN Schleswig-Holstein,10,Bezirksklasse / Kreisklasse / Regionsklasse,Kreisklasse Männer Nord B,12986,4,0,0,0,0,0,0,0,0,0.0,,fussball.de
1450,Interaktiv.Handball Düsseldorf/Ratingen 3m,HK Düsseldorf,HK Düsseldorf,10,Bezirksklasse / Kreisklasse / Regionsklasse,1. Regionsklasse Männer (HK Düsseldorf),15941,2,0,0,0,0,0,0,0,0,0.0,,fussball.de
1451,Kettwiger SV 70/86 2. Männer,HK Essen,HK Essen,10,Bezirksklasse / Kreisklasse / Regionsklasse,Regionsklasse Essen Männer,16888,6,0,0,0,0,0,0,0,0,0.0,,fussball.de
1452,Kevelaerer SV II,HK Wesel,HK Wesel,10,Bezirksklasse / Kreisklasse / Regionsklasse,Regionsklasse Männer · HK Wesel,13067,3,0,0,0,0,0,0,0,0,0.0,,fussball.de
1453,Kieler MTV IV,Handball-Erwachsene DER Kreishandballverbände IN Schleswig-Holstein,Handball-Erwachsene DER Kreishandballverbände IN Schleswig-Holstein,10,Bezirksklasse / Kreisklasse / Regionsklasse,Kreisklasse Männer Kiel/RD,12988,6,0,0,0,0,0,0,0,0,0.0,,fussball.de
1454,LHV Hoyerswerda IV,HR Ostsachsen,HR Ostsachsen,10,Bezirksklasse / Kreisklasse / Regionsklasse,Freizeitklasse Staffel B,15188,1,0,0,0,0,0,0,0,0,0.0,,fussball.de
1455,LIT 1912 6,Handballkreis Minden-Lübbecke,Handballkreis Minden-Lübbecke,10,Bezirksklasse / Kreisklasse / Regionsklasse,HBKML Männer Kreisklasse Staffel 1,14376,3,0,0,0,0,0,0,0,0,0.0,,fussball.de
1456,LTV Wuppertal III,HK Essen,HK Essen,10,Bezirksklasse / Kreisklasse / Regionsklasse,Regionsklasse Wuppertal Männer,16080,3,0,0,0,0,0,0,0,0,0.0,,fussball.de
1457,Leezener SC,Handball-Erwachsene DER Kreishandballverbände IN Schleswig-Holstein,Handball-Erwachsene DER Kreishandballverbände IN Schleswig-Holstein,10,Bezirksklasse / Kreisklasse / Regionsklasse,Kreisklasse Männer Ostsee,12989,3,0,0,0,0,0,0,0,0,0.0,,fussball.de
1458,Longericher SC IV,HK Köln-Rheinberg,HK Köln-Rheinberg,10,Bezirksklasse / Kreisklasse / Regionsklasse,Regionsklasse Männer,12894,5,0,0,0,0,0,0,0,0,0.0,,fussball.de
1459,Luchse Düsseldorf 3M,HK Düsseldorf,HK Düsseldorf,10,Bezirksklasse / Kreisklasse / Regionsklasse,1. Regionsklasse Männer (HK Düsseldorf),15941,3,0,0,0,0,0,0,0,0,0.0,,fussball.de
1460,MSG Kaiserslautern/Dansenberg 2,Handballverband Rheinhessen-Pfalz,Handballverband Rheinhessen-Pfalz,10,Bezirksklasse / Kreisklasse / Regionsklasse,M-BZK 2,12583,6,0,0,0,0,0,0,0,0,0.0,,fussball.de
1461,MSV Bautzen 04,HR Ostsachsen,HR Ostsachsen,10,Bezirksklasse / Kreisklasse / Regionsklasse,Freizeitklasse Staffel A,13113,1,0,0,0,0,0,0,0,0,0.0,,fussball.de
1462,MTG Horst Essen II,HK Essen,HK Essen,10,Bezirksklasse / Kreisklasse / Regionsklasse,Regionsklasse Essen Männer,16888,7,0,0,0,0,0,0,0,0,0.0,,fussball.de
1463,MTG Horst Essen III,HK Essen,HK Essen,10,Bezirksklasse / Kreisklasse / Regionsklasse,Regionsklasse Essen Männer,16888,8,0,0,0,0,0,0,0,0,0.0,,fussball.de
1464,MTV 61 Elberfeld II,HK Essen,HK Essen,10,Bezirksklasse / Kreisklasse / Regionsklasse,Regionsklasse Wuppertal Männer,16080,4,0,0,0,0,0,0,0,0,0.0,,fussball.de
1465,MTV Gelting 08,Handball-Erwachsene DER Kreishandballverbände IN Schleswig-Holstein,Handball-Erwachsene DER Kreishandballverbände IN Schleswig-Holstein,10,Bezirksklasse / Kreisklasse / Regionsklasse,Kreisklasse Männer Nord A,12985,8,0,0,0,0,0,0,0,0,0.0,,fussball.de
1466,MTV Lübeck IV,Handball-Erwachsene DER Kreishandballverbände IN Schleswig-Holstein,Handball-Erwachsene DER Kreishandballverbände IN Schleswig-Holstein,10,Bezirksklasse / Kreisklasse / Regionsklasse,Kreisklasse Männer Ostsee,12989,4,0,0,0,0,0,0,0,0,0.0,,fussball.de
1467,MTV Lübeck V,Handball-Erwachsene DER Kreishandballverbände IN Schleswig-Holstein,Handball-Erwachsene DER Kreishandballverbände IN Schleswig-Holstein,10,Bezirksklasse / Kreisklasse / Regionsklasse,Kreisklasse Männer Ostsee,12989,5,0,0,0,0,0,0,0,0,0.0,,fussball.de
1468,MTV Schwabstedt,Handball-Erwachsene DER Kreishandballverbände IN Schleswig-Holstein,Handball-Erwachsene DER Kreishandballverbände IN Schleswig-Holstein,10,Bezirksklasse / Kreisklasse / Regionsklasse,Kreisklasse Männer Nord B,12986,5,0,0,0,0,0,0,0,0,0.0,,fussball.de
1469,Mainzer TV V. 1817 2,Handballverband Rheinhessen-Pfalz,Handballverband Rheinhessen-Pfalz,10,Bezirksklasse / Kreisklasse / Regionsklasse,M-BZK 1,12582,7,0,0,0,0,0,0,0,0,0.0,,fussball.de
1470,Medizin BAD Gottleuba II,HR Sachsen-Mitte,HR Sachsen-Mitte,10,Bezirksklasse / Kreisklasse / Regionsklasse,RK Männer St. 2,13107,3,0,0,0,0,0,0,0,0,0.0,,fussball.de
1471,Niederbergischer HC III,HK Essen,HK Essen,10,Bezirksklasse / Kreisklasse / Regionsklasse,Regionsklasse Wuppertal Männer,16080,5,0,0,0,0,0,0,0,0,0.0,,fussball.de
1472,OSC Rheinhausen IV,HK Rhein-Ruhr,HK Rhein-Ruhr,10,Bezirksklasse / Kreisklasse / Regionsklasse,REGIONSKLASSE MÄNNER,13019,7,0,0,0,0,0,0,0,0,0.0,,fussball.de
1473,Ohligser TV III,Bergischer HK,Bergischer HK,10,Bezirksklasse / Kreisklasse / Regionsklasse,1. Regionsklasse Männer BHK,14417,4,0,0,0,0,0,0,0,0,0.0,,fussball.de
1474,Olympia Fischeln II,HK Krefeld-Grenzland,HK Krefeld-Grenzland,10,Bezirksklasse / Kreisklasse / Regionsklasse,BK Männer,15676,3,0,0,0,0,0,0,0,0,0.0,,fussball.de
1475,Osterather TV II,HK Krefeld-Grenzland,HK Krefeld-Grenzland,10,Bezirksklasse / Kreisklasse / Regionsklasse,BK Männer,15676,4,0,0,0,0,0,0,0,0,0.0,,fussball.de
1476,PSV Aachen H1,HK Aachen-Düren,HK Aachen-Düren,10,Bezirksklasse / Kreisklasse / Regionsklasse,Regionsklasse,14820,6,0,0,0,0,0,0,0,0,0.0,,fussball.de
1477,PSV Aachen H2,HK Aachen-Düren,HK Aachen-Düren,10,Bezirksklasse / Kreisklasse / Regionsklasse,Regionsklasse,14820,7,0,0,0,0,0,0,0,0,0.0,,fussball.de
1478,Polizei SV KÖLN IV,HK Köln-Rheinberg,HK Köln-Rheinberg,10,Bezirksklasse / Kreisklasse / Regionsklasse,Regionsklasse Männer,12894,6,0,0,0,0,0,0,0,0,0.0,,fussball.de
1479,Preetzer TSV III,Handball-Erwachsene DER Kreishandballverbände IN Schleswig-Holstein,Handball-Erwachsene DER Kreishandballverbände IN Schleswig-Holstein,10,Bezirksklasse / Kreisklasse / Regionsklasse,Kreisklasse Männer Plön,12987,5,0,0,0,0,0,0,0,0,0.0,,fussball.de
1480,Pulheimer SC III,HK Köln-Rheinberg,HK Köln-Rheinberg,10,Bezirksklasse / Kreisklasse / Regionsklasse,Regionsklasse Männer,12894,7,0,0,0,0,0,0,0,0,0.0,,fussball.de
1481,ROßWEINER SV II,HR Südwestsachsen,HR Südwestsachsen,10,Bezirksklasse / Kreisklasse / Regionsklasse,RK Männer Ost,13100,5,0,0,0,0,0,0,0,0,0.0,,fussball.de
1482,RSV Altenbögge-Bönen 1951 e.V. 3. Herren,Handballkreis Hellweg,Handballkreis Hellweg,10,Bezirksklasse / Kreisklasse / Regionsklasse,Männer 1. Kreisklasse HKH,12715,2,0,0,0,0,0,0,0,0,0.0,,fussball.de
1483,Radebeuler HV III,HR Sachsen-Mitte,HR Sachsen-Mitte,10,Bezirksklasse / Kreisklasse / Regionsklasse,RK Männer St. 2,13107,4,0,0,0,0,0,0,0,0,0.0,,fussball.de
1484,Remscheider TV,Bergischer HK,Bergischer HK,10,Bezirksklasse / Kreisklasse / Regionsklasse,1. Regionsklasse Männer BHK,14417,5,0,0,0,0,0,0,0,0,0.0,,fussball.de
1485,Rheydter TV 1847,HK Krefeld-Grenzland,HK Krefeld-Grenzland,10,Bezirksklasse / Kreisklasse / Regionsklasse,BK Männer,15676,5,0,0,0,0,0,0,0,0,0.0,,fussball.de
1486,Rossweiner SV,HR Südwestsachsen,HR Südwestsachsen,10,Bezirksklasse / Kreisklasse / Regionsklasse,RK Männer Ost,13100,6,0,0,0,0,0,0,0,0,0.0,,fussball.de
1487,Rot-Weiß Sagar e.V. II,HR Ostsachsen,HR Ostsachsen,10,Bezirksklasse / Kreisklasse / Regionsklasse,Freizeitklasse Staffel B,15188,2,0,0,0,0,0,0,0,0,0.0,,fussball.de
1488,Roter Stern Leipzig II,HR Leipzig,HR Leipzig,10,Bezirksklasse / Kreisklasse / Regionsklasse,RK Männer,13118,6,0,0,0,0,0,0,0,0,0.0,,fussball.de
1489,S.V. Schwarz-Weiss Havixbeck 2,Handballkreis Münsterland,Handballkreis Münsterland,10,Bezirksklasse / Kreisklasse / Regionsklasse,Kreisklasse 1 Münsterland Männer,13229,4,0,0,0,0,0,0,0,0,0.0,,fussball.de
1490,SC Arminia Ochtrup II,Handballkreis Münsterland,Handballkreis Münsterland,10,Bezirksklasse / Kreisklasse / Regionsklasse,Kreisklasse 1 Münsterland Männer,13229,5,0,0,0,0,0,0,0,0,0.0,,fussball.de
1491,SC Bottrop III,HK Rhein-Ruhr,HK Rhein-Ruhr,10,Bezirksklasse / Kreisklasse / Regionsklasse,REGIONSKLASSE MÄNNER,13019,8,0,0,0,0,0,0,0,0,0.0,,fussball.de
1492,SC Huckarde-Rahm 2,Handballkreis Dortmund,Handballkreis Dortmund,10,Bezirksklasse / Kreisklasse / Regionsklasse,HKDO-1. KK-M,12784,7,0,0,0,0,0,0,0,0,0.0,,fussball.de
1493,SC Krefeld 05,HK Krefeld-Grenzland,HK Krefeld-Grenzland,10,Bezirksklasse / Kreisklasse / Regionsklasse,BK Männer,15676,6,0,0,0,0,0,0,0,0,0.0,,fussball.de
1494,SC Lippstadt,Handballkreis Gütersloh,Handballkreis Gütersloh,10,Bezirksklasse / Kreisklasse / Regionsklasse,HBKGT Männer 1. Kreisklasse,12686,3,0,0,0,0,0,0,0,0,0.0,,fussball.de
1495,SC Rot-Weiss Oberhausen E.V. II,HK Rhein-Ruhr,HK Rhein-Ruhr,10,Bezirksklasse / Kreisklasse / Regionsklasse,REGIONSKLASSE MÄNNER,13019,9,0,0,0,0,0,0,0,0,0.0,,fussball.de
1496,SC Unterbach 1m,HK Düsseldorf,HK Düsseldorf,10,Bezirksklasse / Kreisklasse / Regionsklasse,1. Regionsklasse Männer (HK Düsseldorf),15941,4,0,0,0,0,0,0,0,0,0.0,,fussball.de
1497,SC Waldniel,HK Krefeld-Grenzland,HK Krefeld-Grenzland,10,Bezirksklasse / Kreisklasse / Regionsklasse,BK Männer,15676,7,0,0,0,0,0,0,0,0,0.0,,fussball.de
1498,SC kieler Förde 3. Männer,Handball-Erwachsene DER Kreishandballverbände IN Schleswig-Holstein,Handball-Erwachsene DER Kreishandballverbände IN Schleswig-Holstein,10,Bezirksklasse / Kreisklasse / Regionsklasse,Kreisklasse Männer Kiel/RD,12988,7,0,0,0,0,0,0,0,0,0.0,,fussball.de
1499,SF 01 Dresden II,HR Sachsen-Mitte,HR Sachsen-Mitte,10,Bezirksklasse / Kreisklasse / Regionsklasse,RK Männer St. 2,13107,5,0,0,0,0,0,0,0,0,0.0,,fussball.de
1500,SF Rilchingen-Hanweiler,Handballverband SAAR,Handballverband SAAR,10,Bezirksklasse / Kreisklasse / Regionsklasse,A-Liga Männer Staffel West,14385,7,0,0,0,0,0,0,0,0,0.0,,fussball.de
1501,SG 1899 Striegistal,HR Südwestsachsen,HR Südwestsachsen,10,Bezirksklasse / Kreisklasse / Regionsklasse,RK Männer Ost,13100,7,0,0,0,0,0,0,0,0,0.0,,fussball.de
1502,SG Bordesholm/Brügge III,Handball-Erwachsene DER Kreishandballverbände IN Schleswig-Holstein,Handball-Erwachsene DER Kreishandballverbände IN Schleswig-Holstein,10,Bezirksklasse / Kreisklasse / Regionsklasse,Kreisklasse Männer Plön,12987,6,0,0,0,0,0,0,0,0,0.0,,fussball.de
1503,SG Bünde-Dünne III,Handballkreis Bielefeld-Herford,Handballkreis Bielefeld-Herford,10,Bezirksklasse / Kreisklasse / Regionsklasse,Männer 1. Kreisklasse,13293,3,0,0,0,0,0,0,0,0,0.0,,fussball.de
1504,SG DJK Altendorf 09/SC Phönix Essen 1920 III,HK Essen,HK Essen,10,Bezirksklasse / Kreisklasse / Regionsklasse,Regionsklasse Essen Männer,16888,9,0,0,0,0,0,0,0,0,0.0,,fussball.de
1505,SG Dippoldiswalde-Ruppendorf II,HR Sachsen-Mitte,HR Sachsen-Mitte,10,Bezirksklasse / Kreisklasse / Regionsklasse,RK Männer St. 2,13107,6,0,0,0,0,0,0,0,0,0.0,,fussball.de
1506,SG Flensburg-Handewitt III,Handball-Erwachsene DER Kreishandballverbände IN Schleswig-Holstein,Handball-Erwachsene DER Kreishandballverbände IN Schleswig-Holstein,10,Bezirksklasse / Kreisklasse / Regionsklasse,Kreisklasse Männer Nord B,12986,6,0,0,0,0,0,0,0,0,0.0,,fussball.de
1507,SG Gescher/Legden,Handballkreis Münsterland,Handballkreis Münsterland,10,Bezirksklasse / Kreisklasse / Regionsklasse,Kreisklasse 1 Münsterland Männer,13229,6,0,0,0,0,0,0,0,0,0.0,,fussball.de
1508,SG Glinde/Reinbek II,Handball-Erwachsene DER Kreishandballverbände IN Schleswig-Holstein,Handball-Erwachsene DER Kreishandballverbände IN Schleswig-Holstein,10,Bezirksklasse / Kreisklasse / Regionsklasse,Kreisklasse Männer LauSto,12990,5,0,0,0,0,0,0,0,0,0.0,,fussball.de
1509,SG Handball Detmold 3,Handballkreis Lippe,Handballkreis Lippe,10,Bezirksklasse / Kreisklasse / Regionsklasse,HBKLIP Kreisklasse Männer,15837,4,0,0,0,0,0,0,0,0,0.0,,fussball.de
1510,SG Handball Ibbenbüren III,Handballkreis Münsterland,Handballkreis Münsterland,10,Bezirksklasse / Kreisklasse / Regionsklasse,Kreisklasse 1 Münsterland Männer,13229,7,0,0,0,0,0,0,0,0,0.0,,fussball.de
1511,SG Handball Kamen III,Handballkreis Hellweg,Handballkreis Hellweg,10,Bezirksklasse / Kreisklasse / Regionsklasse,Männer 1. Kreisklasse HKH,12715,3,0,0,0,0,0,0,0,0,0.0,,fussball.de
1512,SG Handball Oberland,HR Südwestsachsen,HR Südwestsachsen,10,Bezirksklasse / Kreisklasse / Regionsklasse,RK Männer West,13099,5,0,0,0,0,0,0,0,0,0.0,,fussball.de
1513,SG Handball Steinfurt II,Handballkreis Münsterland,Handballkreis Münsterland,10,Bezirksklasse / Kreisklasse / Regionsklasse,Kreisklasse 1 Münsterland Männer,13229,8,0,0,0,0,0,0,0,0,0.0,,fussball.de
1514,SG Harburg IV,Hamburger Handballverband,Hamburger Handballverband,10,Bezirksklasse / Kreisklasse / Regionsklasse,Kreisklasse Männer Gruppe 2 (152),13446,3,0,0,0,0,0,0,0,0,0.0,,fussball.de
1515,SG Hüls-Scherlebeck III,Handballkreis Industrie,Handballkreis Industrie,10,Bezirksklasse / Kreisklasse / Regionsklasse,HKI-M-1. Kreisklasse,13048,7,0,0,0,0,0,0,0,0,0.0,,fussball.de
1516,SG Klotzsche II,HR Sachsen-Mitte,HR Sachsen-Mitte,10,Bezirksklasse / Kreisklasse / Regionsklasse,RK Männer St. 1,13106,2,0,0,0,0,0,0,0,0,0.0,,fussball.de
1517,SG Kurort Hartha II,HR Sachsen-Mitte,HR Sachsen-Mitte,10,Bezirksklasse / Kreisklasse / Regionsklasse,RK Männer St. 1,13106,3,0,0,0,0,0,0,0,0,0.0,,fussball.de
1518,SG Kurort Hartha III,HR Sachsen-Mitte,HR Sachsen-Mitte,10,Bezirksklasse / Kreisklasse / Regionsklasse,RK Männer St. 2,13107,7,0,0,0,0,0,0,0,0,0.0,,fussball.de
1519,SG LVB IV,HR Leipzig,HR Leipzig,10,Bezirksklasse / Kreisklasse / Regionsklasse,RK Männer,13118,7,0,0,0,0,0,0,0,0,0.0,,fussball.de
1520,SG LiDa 2.Männer,Handballkreis Industrie,Handballkreis Industrie,10,Bezirksklasse / Kreisklasse / Regionsklasse,HKI-M-1. Kreisklasse,13048,8,0,0,0,0,0,0,0,0,0.0,,fussball.de
1521,SG Ltv/Ntv,HK Köln-Rheinberg,HK Köln-Rheinberg,10,Bezirksklasse / Kreisklasse / Regionsklasse,Regionsklasse Männer,12894,8,0,0,0,0,0,0,0,0,0.0,,fussball.de
1522,SG Motor Gohlis-Nord Leipzig III,HR Leipzig,HR Leipzig,10,Bezirksklasse / Kreisklasse / Regionsklasse,RK Männer,13118,8,0,0,0,0,0,0,0,0,0.0,,fussball.de
1523,SG Oeversee-Jarplund-Weding III,Handball-Erwachsene DER Kreishandballverbände IN Schleswig-Holstein,Handball-Erwachsene DER Kreishandballverbände IN Schleswig-Holstein,10,Bezirksklasse / Kreisklasse / Regionsklasse,Kreisklasse Männer Nord B,12986,7,0,0,0,0,0,0,0,0,0.0,,fussball.de
1524,SG Osdorf/Lurup II,Hamburger Handballverband,Hamburger Handballverband,10,Bezirksklasse / Kreisklasse / Regionsklasse,Kreisklasse Männer Gruppe 1 (151),13445,5,0,0,0,0,0,0,0,0,0.0,,fussball.de
1525,SG Sohland/Friedersdorf II,HR Ostsachsen,HR Ostsachsen,10,Bezirksklasse / Kreisklasse / Regionsklasse,Freizeitklasse Staffel A,13113,2,0,0,0,0,0,0,0,0,0.0,,fussball.de
1526,SG TURA Halden-Herbeck 4,Handballkreis Hagen/Ennepe-Ruhr,Handballkreis Hagen/Ennepe-Ruhr,10,Bezirksklasse / Kreisklasse / Regionsklasse,MÄNNER KREISklasse HKHR,13009,7,0,0,0,0,0,0,0,0,0.0,,fussball.de
1527,SG Zschopautal II,HR Südwestsachsen,HR Südwestsachsen,10,Bezirksklasse / Kreisklasse / Regionsklasse,RK Männer Ost,13100,8,0,0,0,0,0,0,0,0,0.0,,fussball.de
1528,SG Zweibrücken 3,Handballverband SAAR,Handballverband SAAR,10,Bezirksklasse / Kreisklasse / Regionsklasse,A-Liga Männer Staffel Ost,14384,9,0,0,0,0,0,0,0,0,0.0,,fussball.de
1529,SGH Unna Massen 3,Handballkreis Hellweg,Handballkreis Hellweg,10,Bezirksklasse / Kreisklasse / Regionsklasse,Männer 1. Kreisklasse HKH,12715,4,0,0,0,0,0,0,0,0,0.0,,fussball.de
1530,SGS Augustdorf-Hövelhof 2,Handballkreis Lippe,Handballkreis Lippe,10,Bezirksklasse / Kreisklasse / Regionsklasse,HBKLIP Kreisklasse Männer,15837,5,0,0,0,0,0,0,0,0,0.0,,fussball.de
1531,SPVG Steinhagen II,Handballkreis Gütersloh,Handballkreis Gütersloh,10,Bezirksklasse / Kreisklasse / Regionsklasse,HBKGT Männer 1. Kreisklasse,12686,4,0,0,0,0,0,0,0,0,0.0,,fussball.de
1532,SSG Wuppertal/Hsv Wuppertal III,HK Essen,HK Essen,10,Bezirksklasse / Kreisklasse / Regionsklasse,Regionsklasse Wuppertal Männer,16080,6,0,0,0,0,0,0,0,0,0.0,,fussball.de
1533,SSK Kerpen II,HK Köln-Rheinberg,HK Köln-Rheinberg,10,Bezirksklasse / Kreisklasse / Regionsklasse,Regionsklasse Männer,12894,9,0,0,0,0,0,0,0,0,0.0,,fussball.de
1534,SSV Lommatzsch II,HR Sachsen-Mitte,HR Sachsen-Mitte,10,Bezirksklasse / Kreisklasse / Regionsklasse,RK Männer St. 1,13106,4,0,0,0,0,0,0,0,0,0.0,,fussball.de
1535,SSV Stahl Rietschen e.V. III,HR Ostsachsen,HR Ostsachsen,10,Bezirksklasse / Kreisklasse / Regionsklasse,Freizeitklasse Staffel B,15188,3,0,0,0,0,0,0,0,0,0.0,,fussball.de
1536,SUS Essen-Haarzopf 2.M,HK Essen,HK Essen,10,Bezirksklasse / Kreisklasse / Regionsklasse,Regionsklasse Essen Männer,16888,10,0,0,0,0,0,0,0,0,0.0,,fussball.de
1537,SV 04 Plauen-O. IV,HR Südwestsachsen,HR Südwestsachsen,10,Bezirksklasse / Kreisklasse / Regionsklasse,RK Männer West,13099,6,0,0,0,0,0,0,0,0,0.0,,fussball.de
1538,SV Friedrichsfeld II,HK Wesel,HK Wesel,10,Bezirksklasse / Kreisklasse / Regionsklasse,Regionsklasse Männer · HK Wesel,13067,4,0,0,0,0,0,0,0,0,0.0,,fussball.de
1539,SV Heissen III,HK Rhein-Ruhr,HK Rhein-Ruhr,10,Bezirksklasse / Kreisklasse / Regionsklasse,REGIONSKLASSE MÄNNER,13019,10,0,0,0,0,0,0,0,0,0.0,,fussball.de
1540,SV Lok Schleife e.V. II,HR Ostsachsen,HR Ostsachsen,10,Bezirksklasse / Kreisklasse / Regionsklasse,Freizeitklasse Staffel B,15188,4,0,0,0,0,0,0,0,0,0.0,,fussball.de
1541,SV Niederau III,HR Sachsen-Mitte,HR Sachsen-Mitte,10,Bezirksklasse / Kreisklasse / Regionsklasse,RK Männer St. 1,13106,5,0,0,0,0,0,0,0,0,0.0,,fussball.de
1542,SV Rähnitz,HR Sachsen-Mitte,HR Sachsen-Mitte,10,Bezirksklasse / Kreisklasse / Regionsklasse,RK Männer St. 1,13106,6,0,0,0,0,0,0,0,0,0.0,,fussball.de
1543,SV Rähnitz II,HR Sachsen-Mitte,HR Sachsen-Mitte,10,Bezirksklasse / Kreisklasse / Regionsklasse,RK Männer St. 2,13107,8,0,0,0,0,0,0,0,0,0.0,,fussball.de
1544,SV Teutonia Riemke 3.Herren,Handballkreis Industrie,Handballkreis Industrie,10,Bezirksklasse / Kreisklasse / Regionsklasse,HKI-M-1. Kreisklasse,13048,9,0,0,0,0,0,0,0,0,0.0,,fussball.de
1545,SV Vorwärts Gronau 09,Handballkreis Münsterland,Handballkreis Münsterland,10,Bezirksklasse / Kreisklasse / Regionsklasse,Kreisklasse 1 Münsterland Männer,13229,9,0,0,0,0,0,0,0,0,0.0,,fussball.de
1546,SV Wipperfürth,Bergischer HK,Bergischer HK,10,Bezirksklasse / Kreisklasse / Regionsklasse,1. Regionsklasse Männer BHK,14417,6,0,0,0,0,0,0,0,0,0.0,,fussball.de
1547,Sachsen 90 Werdau II,HR Südwestsachsen,HR Südwestsachsen,10,Bezirksklasse / Kreisklasse / Regionsklasse,RK Männer West,13099,7,0,0,0,0,0,0,0,0,0.0,,fussball.de
1548,Schönheider Handballer,HR Südwestsachsen,HR Südwestsachsen,10,Bezirksklasse / Kreisklasse / Regionsklasse,RK Männer West,13099,8,0,0,0,0,0,0,0,0,0.0,,fussball.de
1549,Soester TV VON 1862 E.V. III,Handballkreis Hellweg,Handballkreis Hellweg,10,Bezirksklasse / Kreisklasse / Regionsklasse,Männer 1. Kreisklasse HKH,12715,5,0,0,0,0,0,0,0,0,0.0,,fussball.de
1550,Solinger TB III,Bergischer HK,Bergischer HK,10,Bezirksklasse / Kreisklasse / Regionsklasse,1. Regionsklasse Männer BHK,14417,7,0,0,0,0,0,0,0,0,0.0,,fussball.de
1551,Sparta Münster III,Handballkreis Münsterland,Handballkreis Münsterland,10,Bezirksklasse / Kreisklasse / Regionsklasse,Kreisklasse 1 Münsterland Männer,13229,10,0,0,0,0,0,0,0,0,0.0,,fussball.de
1552,Sportverein Hamborn 1890 Handball E.V. II,HK Rhein-Ruhr,HK Rhein-Ruhr,10,Bezirksklasse / Kreisklasse / Regionsklasse,REGIONSKLASSE MÄNNER,13019,11,0,0,0,0,0,0,0,0,0.0,,fussball.de
1553,Spvg. Versmold II,Handballkreis Gütersloh,Handballkreis Gütersloh,10,Bezirksklasse / Kreisklasse / Regionsklasse,HBKGT Männer 1. Kreisklasse,12686,5,0,0,0,0,0,0,0,0,0.0,,fussball.de
1554,Stolberger SV III,HK Aachen-Düren,HK Aachen-Düren,10,Bezirksklasse / Kreisklasse / Regionsklasse,Regionsklasse,14820,8,0,0,0,0,0,0,0,0,0.0,,fussball.de
1555,SuS Neuenkirchen 09 II,Handballkreis Münsterland,Handballkreis Münsterland,10,Bezirksklasse / Kreisklasse / Regionsklasse,Kreisklasse 1 Münsterland Männer,13229,11,0,0,0,0,0,0,0,0,0.0,,fussball.de
1556,Suchsdorfer SV II,Handball-Erwachsene DER Kreishandballverbände IN Schleswig-Holstein,Handball-Erwachsene DER Kreishandballverbände IN Schleswig-Holstein,10,Bezirksklasse / Kreisklasse / Regionsklasse,Kreisklasse Männer Kiel/RD,12988,8,0,0,0,0,0,0,0,0,0.0,,fussball.de
1557,TB Beckhausen 1928 E.V.,Handballkreis Industrie,Handballkreis Industrie,10,Bezirksklasse / Kreisklasse / Regionsklasse,HKI-M-1. Kreisklasse,13048,10,0,0,0,0,0,0,0,0,0.0,,fussball.de
1558,TBSV Neugersdorf 1990 E.V. III,HR Ostsachsen,HR Ostsachsen,10,Bezirksklasse / Kreisklasse / Regionsklasse,Freizeitklasse Staffel A,13113,3,0,0,0,0,0,0,0,0,0.0,,fussball.de
1559,TEAM Cdg/Dav Wuppertal,HK Essen,HK Essen,10,Bezirksklasse / Kreisklasse / Regionsklasse,Regionsklasse Wuppertal Männer,16080,7,0,0,0,0,0,0,0,0,0.0,,fussball.de
1560,TG Herford II,Handballkreis Bielefeld-Herford,Handballkreis Bielefeld-Herford,10,Bezirksklasse / Kreisklasse / Regionsklasse,Männer 1. Kreisklasse,13293,4,0,0,0,0,0,0,0,0,0.0,,fussball.de
1561,TG Schildesche,Handballkreis Bielefeld-Herford,Handballkreis Bielefeld-Herford,10,Bezirksklasse / Kreisklasse / Regionsklasse,Männer 1. Kreisklasse,13293,5,0,0,0,0,0,0,0,0,0.0,,fussball.de
1562,TH Eilbeck VII,Hamburger Handballverband,Hamburger Handballverband,10,Bezirksklasse / Kreisklasse / Regionsklasse,Kreisklasse Männer Gruppe 2 (152),13446,4,0,0,0,0,0,0,0,0,0.0,,fussball.de
1563,TSC Wellingsbüttel III,Hamburger Handballverband,Hamburger Handballverband,10,Bezirksklasse / Kreisklasse / Regionsklasse,Kreisklasse Männer Gruppe 1 (151),13445,6,0,0,0,0,0,0,0,0,0.0,,fussball.de
1564,TSG Harsewinkel III,Handballkreis Gütersloh,Handballkreis Gütersloh,10,Bezirksklasse / Kreisklasse / Regionsklasse,HBKGT Männer 1. Kreisklasse,12686,6,0,0,0,0,0,0,0,0,0.0,,fussball.de
1565,TSG Hohenhausen,Handballkreis Lippe,Handballkreis Lippe,10,Bezirksklasse / Kreisklasse / Regionsklasse,HBKLIP Kreisklasse Männer,15837,6,0,0,0,0,0,0,0,0,0.0,,fussball.de
1566,TSG Kirchhellen III,HK Rhein-Ruhr,HK Rhein-Ruhr,10,Bezirksklasse / Kreisklasse / Regionsklasse,REGIONSKLASSE MÄNNER,13019,12,0,0,0,0,0,0,0,0,0.0,,fussball.de
1567,TSG Mz-Bretzenheim 4,Handballverband Rheinhessen-Pfalz,Handballverband Rheinhessen-Pfalz,10,Bezirksklasse / Kreisklasse / Regionsklasse,M-BZK 1,12582,8,0,0,0,0,0,0,0,0,0.0,,fussball.de
1568,TSG Rheda,Handballkreis Gütersloh,Handballkreis Gütersloh,10,Bezirksklasse / Kreisklasse / Regionsklasse,HBKGT Männer 1. Kreisklasse,12686,7,0,0,0,0,0,0,0,0,0.0,,fussball.de
1569,TSG Schüren 2,Handballkreis Dortmund,Handballkreis Dortmund,10,Bezirksklasse / Kreisklasse / Regionsklasse,HKDO-1. KK-M,12784,8,0,0,0,0,0,0,0,0,0.0,,fussball.de
1570,TSV Aufderhöhe III,Bergischer HK,Bergischer HK,10,Bezirksklasse / Kreisklasse / Regionsklasse,1. Regionsklasse Männer BHK,14417,8,0,0,0,0,0,0,0,0,0.0,,fussball.de
1571,TSV Bargteheide II,Handball-Erwachsene DER Kreishandballverbände IN Schleswig-Holstein,Handball-Erwachsene DER Kreishandballverbände IN Schleswig-Holstein,10,Bezirksklasse / Kreisklasse / Regionsklasse,Kreisklasse Männer LauSto,12990,6,0,0,0,0,0,0,0,0,0.0,,fussball.de
1572,TSV Bocholt II,HK Wesel,HK Wesel,10,Bezirksklasse / Kreisklasse / Regionsklasse,Regionsklasse Männer · HK Wesel,13067,5,0,0,0,0,0,0,0,0,0.0,,fussball.de
1573,TSV Bocholt III,HK Wesel,HK Wesel,10,Bezirksklasse / Kreisklasse / Regionsklasse,Regionsklasse Männer · HK Wesel,13067,6,0,0,0,0,0,0,0,0,0.0,,fussball.de
1574,TSV Bösingfeld 2,Handballkreis Lippe,Handballkreis Lippe,10,Bezirksklasse / Kreisklasse / Regionsklasse,HBKLIP Kreisklasse Männer,15837,7,0,0,0,0,0,0,0,0,0.0,,fussball.de
1575,TSV Bösingfeld 3,Handballkreis Lippe,Handballkreis Lippe,10,Bezirksklasse / Kreisklasse / Regionsklasse,HBKLIP Kreisklasse Männer,15837,8,0,0,0,0,0,0,0,0,0.0,,fussball.de
1576,TSV EINHEIT CLAUßNITZ 1864 E.V.,HR Südwestsachsen,HR Südwestsachsen,10,Bezirksklasse / Kreisklasse / Regionsklasse,RK Männer Ost,13100,9,0,0,0,0,0,0,0,0,0.0,,fussball.de
1577,TSV Eller 04 1m,HK Düsseldorf,HK Düsseldorf,10,Bezirksklasse / Kreisklasse / Regionsklasse,1. Regionsklasse Männer (HK Düsseldorf),15941,5,0,0,0,0,0,0,0,0,0.0,,fussball.de
1578,TSV Ellerbek V,Hamburger Handballverband,Hamburger Handballverband,10,Bezirksklasse / Kreisklasse / Regionsklasse,Kreisklasse Männer Gruppe 1 (151),13445,7,0,0,0,0,0,0,0,0,0.0,,fussball.de
1579,TSV GWD Minden 3,Handballkreis Minden-Lübbecke,Handballkreis Minden-Lübbecke,10,Bezirksklasse / Kreisklasse / Regionsklasse,HBKML Männer Kreisklasse Staffel 2,14377,4,0,0,0,0,0,0,0,0,0.0,,fussball.de
1580,TSV Gross Grönau II,Handball-Erwachsene DER Kreishandballverbände IN Schleswig-Holstein,Handball-Erwachsene DER Kreishandballverbände IN Schleswig-Holstein,10,Bezirksklasse / Kreisklasse / Regionsklasse,Kreisklasse Männer Ostsee,12989,6,0,0,0,0,0,0,0,0,0.0,,fussball.de
1581,TSV Hahlen 3,Handballkreis Minden-Lübbecke,Handballkreis Minden-Lübbecke,10,Bezirksklasse / Kreisklasse / Regionsklasse,HBKML Männer Kreisklasse Staffel 2,14377,5,0,0,0,0,0,0,0,0,0.0,,fussball.de
1582,TSV Hillentrup 2,Handballkreis Lippe,Handballkreis Lippe,10,Bezirksklasse / Kreisklasse / Regionsklasse,HBKLIP Kreisklasse Männer,15837,9,0,0,0,0,0,0,0,0,0.0,,fussball.de
1583,TSV Hochdahl 64 1m,HK Düsseldorf,HK Düsseldorf,10,Bezirksklasse / Kreisklasse / Regionsklasse,1. Regionsklasse Männer (HK Düsseldorf),15941,6,0,0,0,0,0,0,0,0,0.0,,fussball.de
1584,TSV Hohenhorst,Hamburger Handballverband,Hamburger Handballverband,10,Bezirksklasse / Kreisklasse / Regionsklasse,Kreisklasse Männer Gruppe 2 (152),13446,5,0,0,0,0,0,0,0,0,0.0,,fussball.de
1585,TSV Mildstedt III,Handball-Erwachsene DER Kreishandballverbände IN Schleswig-Holstein,Handball-Erwachsene DER Kreishandballverbände IN Schleswig-Holstein,10,Bezirksklasse / Kreisklasse / Regionsklasse,Kreisklasse Männer Nord A,12985,9,0,0,0,0,0,0,0,0,0.0,,fussball.de
1586,TSV NORD Harrislee,Handball-Erwachsene DER Kreishandballverbände IN Schleswig-Holstein,Handball-Erwachsene DER Kreishandballverbände IN Schleswig-Holstein,10,Bezirksklasse / Kreisklasse / Regionsklasse,Kreisklasse Männer Nord B,12986,8,0,0,0,0,0,0,0,0,0.0,,fussball.de
1587,TSV Nord Harrislee II,Handball-Erwachsene DER Kreishandballverbände IN Schleswig-Holstein,Handball-Erwachsene DER Kreishandballverbände IN Schleswig-Holstein,10,Bezirksklasse / Kreisklasse / Regionsklasse,Kreisklasse Männer Nord A,12985,10,0,0,0,0,0,0,0,0,0.0,,fussball.de
1588,TSV Oelsnitz II,HR Südwestsachsen,HR Südwestsachsen,10,Bezirksklasse / Kreisklasse / Regionsklasse,RK Männer West,13099,9,0,0,0,0,0,0,0,0,0.0,,fussball.de
1589,TSV Oerlinghausen II,Handballkreis Bielefeld-Herford,Handballkreis Bielefeld-Herford,10,Bezirksklasse / Kreisklasse / Regionsklasse,Männer 1. Kreisklasse,13293,6,0,0,0,0,0,0,0,0,0.0,,fussball.de
1590,TSV Penig,HR Südwestsachsen,HR Südwestsachsen,10,Bezirksklasse / Kreisklasse / Regionsklasse,RK Männer Ost,13100,10,0,0,0,0,0,0,0,0,0.0,,fussball.de
1591,TSV Schloss Neuhaus 3,Handballkreis Lippe,Handballkreis Lippe,10,Bezirksklasse / Kreisklasse / Regionsklasse,HBKLIP Kreisklasse Männer,15837,10,0,0,0,0,0,0,0,0,0.0,,fussball.de
1592,TSV Schott/Mainz,Handballverband Rheinhessen-Pfalz,Handballverband Rheinhessen-Pfalz,10,Bezirksklasse / Kreisklasse / Regionsklasse,M-BZK 1,12582,9,0,0,0,0,0,0,0,0,0.0,,fussball.de
1593,TSV Sielbeck,Handball-Erwachsene DER Kreishandballverbände IN Schleswig-Holstein,Handball-Erwachsene DER Kreishandballverbände IN Schleswig-Holstein,10,Bezirksklasse / Kreisklasse / Regionsklasse,Kreisklasse Männer Plön,12987,7,0,0,0,0,0,0,0,0,0.0,,fussball.de
1594,TSV Stellingen 88,Hamburger Handballverband,Hamburger Handballverband,10,Bezirksklasse / Kreisklasse / Regionsklasse,Kreisklasse Männer Gruppe 1 (151),13445,8,0,0,0,0,0,0,0,0,0.0,,fussball.de
1595,TSV Travemünde II,Handball-Erwachsene DER Kreishandballverbände IN Schleswig-Holstein,Handball-Erwachsene DER Kreishandballverbände IN Schleswig-Holstein,10,Bezirksklasse / Kreisklasse / Regionsklasse,Kreisklasse Männer Ostsee,12989,7,0,0,0,0,0,0,0,0,0.0,,fussball.de
1596,TURNERKREIS NIPPES 3.Herren,HK Köln-Rheinberg,HK Köln-Rheinberg,10,Bezirksklasse / Kreisklasse / Regionsklasse,Regionsklasse Männer,12894,10,0,0,0,0,0,0,0,0,0.0,,fussball.de
1597,TUS 06 Westf. Eiche Anröchte E.V.,Handballkreis Hellweg,Handballkreis Hellweg,10,Bezirksklasse / Kreisklasse / Regionsklasse,Männer 1. Kreisklasse HKH,12715,6,0,0,0,0,0,0,0,0,0.0,,fussball.de
1598,TUS 09 MÖLLBERGEN e.V. 3,Handballkreis Minden-Lübbecke,Handballkreis Minden-Lübbecke,10,Bezirksklasse / Kreisklasse / Regionsklasse,HBKML Männer Kreisklasse Staffel 2,14377,6,0,0,0,0,0,0,0,0,0.0,,fussball.de
1599,TUS Borussia Höchsten 2,Handballkreis Dortmund,Handballkreis Dortmund,10,Bezirksklasse / Kreisklasse / Regionsklasse,HKDO-1. KK-M,12784,9,0,0,0,0,0,0,0,0,0.0,,fussball.de
1600,TUS Brockhagen III,Handballkreis Gütersloh,Handballkreis Gütersloh,10,Bezirksklasse / Kreisklasse / Regionsklasse,HBKGT Männer 1. Kreisklasse,12686,8,0,0,0,0,0,0,0,0,0.0,,fussball.de
1601,TUS Chlodwig Zülpich,HK Bonn-Euskirchen-Sieg,HK Bonn-Euskirchen-Sieg,10,Bezirksklasse / Kreisklasse / Regionsklasse,Kreisklasse Männer,17301,6,0,0,0,0,0,0,0,0,0.0,,fussball.de
1602,TUS Ehrenfeld 65 III,HK Köln-Rheinberg,HK Köln-Rheinberg,10,Bezirksklasse / Kreisklasse / Regionsklasse,Regionsklasse Männer,12894,11,0,0,0,0,0,0,0,0,0.0,,fussball.de
1603,TUS Eintracht Oberlübbe 3,Handballkreis Minden-Lübbecke,Handballkreis Minden-Lübbecke,10,Bezirksklasse / Kreisklasse / Regionsklasse,HBKML Männer Kreisklasse Staffel 1,14376,4,0,0,0,0,0,0,0,0,0.0,,fussball.de
1604,TUS Eintracht Oberlübbe 4,Handballkreis Minden-Lübbecke,Handballkreis Minden-Lübbecke,10,Bezirksklasse / Kreisklasse / Regionsklasse,HBKML Männer Kreisklasse Staffel 2,14377,7,0,0,0,0,0,0,0,0,0.0,,fussball.de
1605,TUS Elm-Sprengen 2,Handballverband SAAR,Handballverband SAAR,10,Bezirksklasse / Kreisklasse / Regionsklasse,A-Liga Männer Staffel West,14385,8,0,0,0,0,0,0,0,0,0.0,,fussball.de
1606,TUS Erkrath 1m,HK Düsseldorf,HK Düsseldorf,10,Bezirksklasse / Kreisklasse / Regionsklasse,1. Regionsklasse Männer (HK Düsseldorf),15941,7,0,0,0,0,0,0,0,0,0.0,,fussball.de
1607,TUS Gehlenbeck,Handballkreis Minden-Lübbecke,Handballkreis Minden-Lübbecke,10,Bezirksklasse / Kreisklasse / Regionsklasse,HBKML Männer Kreisklasse Staffel 1,14376,5,0,0,0,0,0,0,0,0,0.0,,fussball.de
1608,TUS Hartum 2,Handballkreis Minden-Lübbecke,Handballkreis Minden-Lübbecke,10,Bezirksklasse / Kreisklasse / Regionsklasse,HBKML Männer Kreisklasse Staffel 2,14377,8,0,0,0,0,0,0,0,0,0.0,,fussball.de
1609,TUS Leipzig-Mockau,HR Leipzig,HR Leipzig,10,Bezirksklasse / Kreisklasse / Regionsklasse,RK Männer,13118,9,0,0,0,0,0,0,0,0,0.0,,fussball.de
1610,TUS Lintorf 3m,HK Düsseldorf,HK Düsseldorf,10,Bezirksklasse / Kreisklasse / Regionsklasse,1. Regionsklasse Männer (HK Düsseldorf),15941,8,0,0,0,0,0,0,0,0,0.0,,fussball.de
1611,TUS SW WEHE 3,Handballkreis Minden-Lübbecke,Handballkreis Minden-Lübbecke,10,Bezirksklasse / Kreisklasse / Regionsklasse,HBKML Männer Kreisklasse Staffel 1,14376,6,0,0,0,0,0,0,0,0,0.0,,fussball.de
1612,TUS Spenge IV,Handballkreis Bielefeld-Herford,Handballkreis Bielefeld-Herford,10,Bezirksklasse / Kreisklasse / Regionsklasse,Männer 1. Kreisklasse,13293,7,0,0,0,0,0,0,0,0,0.0,,fussball.de
1613,TUS WELLINGHOFEN Erwachsene männlich,Handballkreis Dortmund,Handballkreis Dortmund,10,Bezirksklasse / Kreisklasse / Regionsklasse,HKDO-1. KK-M,12784,10,0,0,0,0,0,0,0,0,0.0,,fussball.de
1614,TUS Wiebelskirchen 2,Handballverband SAAR,Handballverband SAAR,10,Bezirksklasse / Kreisklasse / Regionsklasse,A-Liga Männer Staffel Ost,14384,10,0,0,0,0,0,0,0,0,0.0,,fussball.de
1615,TV 1848 Mönchengladbach 2M,HK Krefeld-Grenzland,HK Krefeld-Grenzland,10,Bezirksklasse / Kreisklasse / Regionsklasse,BK Männer,15676,8,0,0,0,0,0,0,0,0,0.0,,fussball.de
1616,TV Angermund 2m,HK Düsseldorf,HK Düsseldorf,10,Bezirksklasse / Kreisklasse / Regionsklasse,1. Regionsklasse Männer (HK Düsseldorf),15941,9,0,0,0,0,0,0,0,0,0.0,,fussball.de
1617,TV Beckrath 1898 E.V. II,HK Krefeld-Grenzland,HK Krefeld-Grenzland,10,Bezirksklasse / Kreisklasse / Regionsklasse,BK Männer,15676,9,0,0,0,0,0,0,0,0,0.0,,fussball.de
1618,TV Billstedt II,Hamburger Handballverband,Hamburger Handballverband,10,Bezirksklasse / Kreisklasse / Regionsklasse,Kreisklasse Männer Gruppe 2 (152),13446,6,0,0,0,0,0,0,0,0,0.0,,fussball.de
1619,TV Birkesdorf III,HK Aachen-Düren,HK Aachen-Düren,10,Bezirksklasse / Kreisklasse / Regionsklasse,Regionsklasse,14820,9,0,0,0,0,0,0,0,0,0.0,,fussball.de
1620,TV Dt. Eiche Ennigerloh 1899 E.V. II,Handballkreis Hellweg,Handballkreis Hellweg,10,Bezirksklasse / Kreisklasse / Regionsklasse,Männer 1. Kreisklasse HKH,12715,7,0,0,0,0,0,0,0,0,0.0,,fussball.de
1621,TV Eiche 02 BAD Honnef,HK Bonn-Euskirchen-Sieg,HK Bonn-Euskirchen-Sieg,10,Bezirksklasse / Kreisklasse / Regionsklasse,Kreisklasse Männer,17301,7,0,0,0,0,0,0,0,0,0.0,,fussball.de
1622,TV Flittard,HK Köln-Rheinberg,HK Köln-Rheinberg,10,Bezirksklasse / Kreisklasse / Regionsklasse,Regionsklasse Männer,12894,12,0,0,0,0,0,0,0,0,0.0,,fussball.de
1623,TV Germania Marterloh,Handballkreis Dortmund,Handballkreis Dortmund,10,Bezirksklasse / Kreisklasse / Regionsklasse,HKDO-1. KK-M,12784,11,0,0,0,0,0,0,0,0,0.0,,fussball.de
1624,TV Huchem-Stammeln,HK Aachen-Düren,HK Aachen-Düren,10,Bezirksklasse / Kreisklasse / Regionsklasse,Regionsklasse,14820,10,0,0,0,0,0,0,0,0,0.0,,fussball.de
1625,TV Issum III,HK Wesel,HK Wesel,10,Bezirksklasse / Kreisklasse / Regionsklasse,Regionsklasse Männer · HK Wesel,13067,7,0,0,0,0,0,0,0,0,0.0,,fussball.de
1626,TV JAHN Köln-Wahn III,HK Köln-Rheinberg,HK Köln-Rheinberg,10,Bezirksklasse / Kreisklasse / Regionsklasse,Regionsklasse Männer,12894,13,0,0,0,0,0,0,0,0,0.0,,fussball.de
1627,TV JAHN Oelde II,Handballkreis Gütersloh,Handballkreis Gütersloh,10,Bezirksklasse / Kreisklasse / Regionsklasse,HBKGT Männer 1. Kreisklasse,12686,9,0,0,0,0,0,0,0,0,0.0,,fussball.de
1628,TV Kapellen 3M,HK Wesel,HK Wesel,10,Bezirksklasse / Kreisklasse / Regionsklasse,Regionsklasse Männer · HK Wesel,13067,8,0,0,0,0,0,0,0,0,0.0,,fussball.de
1629,TV Kirkel 2,Handballverband SAAR,Handballverband SAAR,10,Bezirksklasse / Kreisklasse / Regionsklasse,A-Liga Männer Staffel Ost,14384,11,0,0,0,0,0,0,0,0,0.0,,fussball.de
1630,TV Lobberich III,HK Krefeld-Grenzland,HK Krefeld-Grenzland,10,Bezirksklasse / Kreisklasse / Regionsklasse,BK Männer,15676,10,0,0,0,0,0,0,0,0,0.0,,fussball.de
1631,TV Losheim,Handballverband SAAR,Handballverband SAAR,10,Bezirksklasse / Kreisklasse / Regionsklasse,A-Liga Männer Staffel West,14385,9,0,0,0,0,0,0,0,0,0.0,,fussball.de
1632,TV Neheim H2,Handballkreis Iserlohn-Arnsberg,Handballkreis Iserlohn-Arnsberg,10,Bezirksklasse / Kreisklasse / Regionsklasse,HKISAR 1. Kreisklasse MÄNNER,15392,7,0,0,0,0,0,0,0,0,0.0,,fussball.de
1633,TV Offenbach 4,Handballverband Rheinhessen-Pfalz,Handballverband Rheinhessen-Pfalz,10,Bezirksklasse / Kreisklasse / Regionsklasse,M-BZK 2,12583,7,0,0,0,0,0,0,0,0,0.0,,fussball.de
1634,TV Roetgen II,HK Aachen-Düren,HK Aachen-Düren,10,Bezirksklasse / Kreisklasse / Regionsklasse,Regionsklasse,14820,11,0,0,0,0,0,0,0,0,0.0,,fussball.de
1635,TV Sachsenross Hille 3,Handballkreis Minden-Lübbecke,Handballkreis Minden-Lübbecke,10,Bezirksklasse / Kreisklasse / Regionsklasse,HBKML Männer Kreisklasse Staffel 1,14376,7,0,0,0,0,0,0,0,0,0.0,,fussball.de
1636,TV Schiefbahn,HK Krefeld-Grenzland,HK Krefeld-Grenzland,10,Bezirksklasse / Kreisklasse / Regionsklasse,BK Männer,15676,11,0,0,0,0,0,0,0,0,0.0,,fussball.de
1637,TV Schwafheim III,HK Wesel,HK Wesel,10,Bezirksklasse / Kreisklasse / Regionsklasse,Regionsklasse Männer · HK Wesel,13067,9,0,0,0,0,0,0,0,0,0.0,,fussball.de
1638,TV Trappenkamp,Handball-Erwachsene DER Kreishandballverbände IN Schleswig-Holstein,Handball-Erwachsene DER Kreishandballverbände IN Schleswig-Holstein,10,Bezirksklasse / Kreisklasse / Regionsklasse,Kreisklasse Männer Plön,12987,8,0,0,0,0,0,0,0,0,0.0,,fussball.de
1639,TV VERL III,Handballkreis Gütersloh,Handballkreis Gütersloh,10,Bezirksklasse / Kreisklasse / Regionsklasse,HBKGT Männer 1. Kreisklasse,12686,10,0,0,0,0,0,0,0,0,0.0,,fussball.de
1640,TV Vorst III,HK Krefeld-Grenzland,HK Krefeld-Grenzland,10,Bezirksklasse / Kreisklasse / Regionsklasse,BK Männer,15676,12,0,0,0,0,0,0,0,0,0.0,,fussball.de
1641,TV Werne 03 E.V. II,Handballkreis Hellweg,Handballkreis Hellweg,10,Bezirksklasse / Kreisklasse / Regionsklasse,Männer 1. Kreisklasse HKH,12715,8,0,0,0,0,0,0,0,0,0.0,,fussball.de
1642,TV Wickede H2,Handballkreis Iserlohn-Arnsberg,Handballkreis Iserlohn-Arnsberg,10,Bezirksklasse / Kreisklasse / Regionsklasse,HKISAR 1. Kreisklasse MÄNNER,15392,8,0,0,0,0,0,0,0,0,0.0,,fussball.de
1643,TVD Velbert,HK Essen,HK Essen,10,Bezirksklasse / Kreisklasse / Regionsklasse,Regionsklasse Wuppertal Männer,16080,8,0,0,0,0,0,0,0,0,0.0,,fussball.de
1644,TVE Röcke 2,Handballkreis Minden-Lübbecke,Handballkreis Minden-Lübbecke,10,Bezirksklasse / Kreisklasse / Regionsklasse,HBKML Männer Kreisklasse Staffel 2,14377,9,0,0,0,0,0,0,0,0,0.0,,fussball.de
1645,Tschft. St. Tönis III,HK Krefeld-Grenzland,HK Krefeld-Grenzland,10,Bezirksklasse / Kreisklasse / Regionsklasse,BK Männer,15676,13,0,0,0,0,0,0,0,0,0.0,,fussball.de
1646,TuS 97 Bielefeld/Jöllenbeck IV,Handballkreis Bielefeld-Herford,Handballkreis Bielefeld-Herford,10,Bezirksklasse / Kreisklasse / Regionsklasse,Männer 1. Kreisklasse,13293,8,0,0,0,0,0,0,0,0,0.0,,fussball.de
1647,TuS Aumühle-Wohltorf III,Handball-Erwachsene DER Kreishandballverbände IN Schleswig-Holstein,Handball-Erwachsene DER Kreishandballverbände IN Schleswig-Holstein,10,Bezirksklasse / Kreisklasse / Regionsklasse,Kreisklasse Männer LauSto,12990,7,0,0,0,0,0,0,0,0,0.0,,fussball.de
1648,TuS Bommern 3. Herren 1. Kreisklasse,Handballkreis Industrie,Handballkreis Industrie,10,Bezirksklasse / Kreisklasse / Regionsklasse,HKI-M-1. Kreisklasse,13048,11,0,0,0,0,0,0,0,0,0.0,,fussball.de
1649,TuS Gaarden,Handball-Erwachsene DER Kreishandballverbände IN Schleswig-Holstein,Handball-Erwachsene DER Kreishandballverbände IN Schleswig-Holstein,10,Bezirksklasse / Kreisklasse / Regionsklasse,Kreisklasse Männer Kiel/RD,12988,9,0,0,0,0,0,0,0,0,0.0,,fussball.de
1650,TuS Niederpleis IV,HK Bonn-Euskirchen-Sieg,HK Bonn-Euskirchen-Sieg,10,Bezirksklasse / Kreisklasse / Regionsklasse,Kreisklasse Männer,17301,8,0,0,0,0,0,0,0,0,0.0,,fussball.de
1651,TuS Rheindorf II (M),HK Köln-Rheinberg,HK Köln-Rheinberg,10,Bezirksklasse / Kreisklasse / Regionsklasse,Regionsklasse Männer,12894,14,0,0,0,0,0,0,0,0,0.0,,fussball.de
1652,TuS Südhemmern,Handballkreis Minden-Lübbecke,Handballkreis Minden-Lübbecke,10,Bezirksklasse / Kreisklasse / Regionsklasse,HBKML Männer Kreisklasse Staffel 1,14376,8,0,0,0,0,0,0,0,0,0.0,,fussball.de
1653,USC Saar,Handballverband SAAR,Handballverband SAAR,10,Bezirksklasse / Kreisklasse / Regionsklasse,A-Liga Männer Staffel West,14385,10,0,0,0,0,0,0,0,0,0.0,,fussball.de
1654,USG Chemnitz II,HR Südwestsachsen,HR Südwestsachsen,10,Bezirksklasse / Kreisklasse / Regionsklasse,RK Männer Ost,13100,11,0,0,0,0,0,0,0,0,0.0,,fussball.de
1655,USV TU Dresden II,HR Sachsen-Mitte,HR Sachsen-Mitte,10,Bezirksklasse / Kreisklasse / Regionsklasse,RK Männer St. 1,13106,7,0,0,0,0,0,0,0,0,0.0,,fussball.de
1656,Union 92 Halle III,Handballkreis Gütersloh,Handballkreis Gütersloh,10,Bezirksklasse / Kreisklasse / Regionsklasse,HBKGT Männer 1. Kreisklasse,12686,11,0,0,0,0,0,0,0,0,0.0,,fussball.de
1657,Union Chemnitz III,HR Südwestsachsen,HR Südwestsachsen,10,Bezirksklasse / Kreisklasse / Regionsklasse,RK Männer Ost,13100,12,0,0,0,0,0,0,0,0,0.0,,fussball.de
1658,VFB Schleiden,HK Bonn-Euskirchen-Sieg,HK Bonn-Euskirchen-Sieg,10,Bezirksklasse / Kreisklasse / Regionsklasse,Kreisklasse Männer,17301,9,0,0,0,0,0,0,0,0,0.0,,fussball.de
1659,VFL Bochum 1848 Handball E.V. II,Handballkreis Industrie,Handballkreis Industrie,10,Bezirksklasse / Kreisklasse / Regionsklasse,HKI-M-1. Kreisklasse,13048,12,0,0,0,0,0,0,0,0,0.0,,fussball.de
1660,VFL Eintracht Hagen E.V. 4,Handballkreis Hagen/Ennepe-Ruhr,Handballkreis Hagen/Ennepe-Ruhr,10,Bezirksklasse / Kreisklasse / Regionsklasse,MÄNNER KREISklasse HKHR,13009,8,0,0,0,0,0,0,0,0,0.0,,fussball.de
1661,VFL Geesthacht II,Handball-Erwachsene DER Kreishandballverbände IN Schleswig-Holstein,Handball-Erwachsene DER Kreishandballverbände IN Schleswig-Holstein,10,Bezirksklasse / Kreisklasse / Regionsklasse,Kreisklasse Männer LauSto,12990,8,0,0,0,0,0,0,0,0,0.0,,fussball.de
1662,VFL Handball Mennighüffen III,Handballkreis Bielefeld-Herford,Handballkreis Bielefeld-Herford,10,Bezirksklasse / Kreisklasse / Regionsklasse,Männer 1. Kreisklasse,13293,9,0,0,0,0,0,0,0,0,0.0,,fussball.de
1663,VFL Meissen,HR Sachsen-Mitte,HR Sachsen-Mitte,10,Bezirksklasse / Kreisklasse / Regionsklasse,RK Männer St. 1,13106,8,0,0,0,0,0,0,0,0,0.0,,fussball.de
1664,VFL Sassenberg,Handballkreis Münsterland,Handballkreis Münsterland,10,Bezirksklasse / Kreisklasse / Regionsklasse,Kreisklasse 1 Münsterland Männer,13229,12,0,0,0,0,0,0,0,0,0.0,,fussball.de
1665,VFL Schlangen 2,Handballkreis Lippe,Handballkreis Lippe,10,Bezirksklasse / Kreisklasse / Regionsklasse,HBKLIP Kreisklasse Männer,15837,11,0,0,0,0,0,0,0,0,0.0,,fussball.de
1666,VfB Lübeck,Handball-Erwachsene DER Kreishandballverbände IN Schleswig-Holstein,Handball-Erwachsene DER Kreishandballverbände IN Schleswig-Holstein,10,Bezirksklasse / Kreisklasse / Regionsklasse,Kreisklasse Männer Ostsee,12989,8,0,0,0,0,0,0,0,0,0.0,,fussball.de
1667,VfL Aplerbeckermark 1. Herren,Handballkreis Dortmund,Handballkreis Dortmund,10,Bezirksklasse / Kreisklasse / Regionsklasse,HKDO-1. KK-M,12784,12,0,0,0,0,0,0,0,0,0.0,,fussball.de
1668,VfL Bad Schwartau IV,Handball-Erwachsene DER Kreishandballverbände IN Schleswig-Holstein,Handball-Erwachsene DER Kreishandballverbände IN Schleswig-Holstein,10,Bezirksklasse / Kreisklasse / Regionsklasse,Kreisklasse Männer Ostsee,12989,9,0,0,0,0,0,0,0,0,0.0,,fussball.de
1669,VfL Herford 2. Männer,Handballkreis Bielefeld-Herford,Handballkreis Bielefeld-Herford,10,Bezirksklasse / Kreisklasse / Regionsklasse,Männer 1. Kreisklasse,13293,10,0,0,0,0,0,0,0,0,0.0,,fussball.de
1670,VfL Welfia Mönchengladbach 1929 e.V. II,HK Krefeld-Grenzland,HK Krefeld-Grenzland,10,Bezirksklasse / Kreisklasse / Regionsklasse,BK Männer,15676,14,0,0,0,0,0,0,0,0,0.0,,fussball.de
1671,Vohwinkeler STV III,HK Essen,HK Essen,10,Bezirksklasse / Kreisklasse / Regionsklasse,Regionsklasse Wuppertal Männer,16080,9,0,0,0,0,0,0,0,0,0.0,,fussball.de
1672,Wald-Merscheider TV II,Bergischer HK,Bergischer HK,10,Bezirksklasse / Kreisklasse / Regionsklasse,1. Regionsklasse Männer BHK,14417,9,0,0,0,0,0,0,0,0,0.0,,fussball.de
1673,Wandsbeker TSV Concordia,Hamburger Handballverband,Hamburger Handballverband,10,Bezirksklasse / Kreisklasse / Regionsklasse,Kreisklasse Männer Gruppe 2 (152),13446,7,0,0,0,0,0,0,0,0,0.0,,fussball.de
1674,Wermelskirchener TV II,Bergischer HK,Bergischer HK,10,Bezirksklasse / Kreisklasse / Regionsklasse,1. Regionsklasse Männer BHK,14417,10,0,0,0,0,0,0,0,0,0.0,,fussball.de
1675,Wiedenbrücker TV,Handballkreis Gütersloh,Handballkreis Gütersloh,10,Bezirksklasse / Kreisklasse / Regionsklasse,HBKGT Männer 1. Kreisklasse,12686,12,0,0,0,0,0,0,0,0,0.0,,fussball.de
1676,Wyker TB,Handball-Erwachsene DER Kreishandballverbände IN Schleswig-Holstein,Handball-Erwachsene DER Kreishandballverbände IN Schleswig-Holstein,10,Bezirksklasse / Kreisklasse / Regionsklasse,Kreisklasse Männer Nord B,12986,9,0,0,0,0,0,0,0,0,0.0,,fussball.de
1677,Zwönitzer HSV III,HR Südwestsachsen,HR Südwestsachsen,10,Bezirksklasse / Kreisklasse / Regionsklasse,RK Männer West,13099,10,0,0,0,0,0,0,0,0,0.0,,fussball.de
1678,HSV Lingenfeld/Schwegenheim 2,Handballverband Rheinhessen-Pfalz,Handballverband Rheinhessen-Pfalz,10,Bezirksklasse / Kreisklasse / Regionsklasse,M-BZK 2,12583,8,1,0,0,1,30,31,-1,0,0.0,,fussball.de
1679,HC Gonsenheim 4,Handballverband Rheinhessen-Pfalz,Handballverband Rheinhessen-Pfalz,10,Bezirksklasse / Kreisklasse / Regionsklasse,M-BZK 1,12582,10,1,0,0,1,28,29,-1,0,0.0,,fussball.de
1680,SG Saulheim 3,Handballverband Rheinhessen-Pfalz,Handballverband Rheinhessen-Pfalz,10,Bezirksklasse / Kreisklasse / Regionsklasse,M-BZK 1,12582,11,1,0,0,1,28,29,-1,0,0.0,,fussball.de
1681,TUS Heiligenstein 2,Handballverband Rheinhessen-Pfalz,Handballverband Rheinhessen-Pfalz,10,Bezirksklasse / Kreisklasse / Regionsklasse,M-BZK 2,12583,9,1,0,0,1,35,37,-2,0,0.0,,fussball.de
1682,HSG Mutterstadt/Ruchheim 2,Handballverband Rheinhessen-Pfalz,Handballverband Rheinhessen-Pfalz,10,Bezirksklasse / Kreisklasse / Regionsklasse,M-BZK 2,12583,10,1,0,0,1,20,22,-2,0,0.0,,fussball.de
1683,TUS Neuhofen 2,Handballverband Rheinhessen-Pfalz,Handballverband Rheinhessen-Pfalz,10,Bezirksklasse / Kreisklasse / Regionsklasse,M-BZK 2,12583,11,1,0,0,1,28,35,-7,0,0.0,,fussball.de
1684,SG PLÖN,Handball-Erwachsene DER Kreishandballverbände IN Schleswig-Holstein,Handball-Erwachsene DER Kreishandballverbände IN Schleswig-Holstein,10,Bezirksklasse / Kreisklasse / Regionsklasse,Kreisklasse Männer Plön,12987,9,1,0,0,1,26,33,-7,0,0.0,,fussball.de
1685,MSG Iggelheim/Meckenheim 3,Handballverband Rheinhessen-Pfalz,Handballverband Rheinhessen-Pfalz,10,Bezirksklasse / Kreisklasse / Regionsklasse,M-BZK 2,12583,12,1,0,0,1,25,33,-8,0,0.0,,fussball.de
1686,SV Regis-Breitingen II,HR Leipzig,HR Leipzig,11,2. Bezirksklasse / 2. Kreisklasse / 2. Regionsklasse,2. RK Männer,13119,1,1,0,1,0,0,0,0,1,1.0,,fussball.de
1687,TSG 1861 Taucha II,HR Leipzig,HR Leipzig,11,2. Bezirksklasse / 2. Kreisklasse / 2. Regionsklasse,2. RK Männer,13119,2,1,0,1,0,0,0,0,1,1.0,,fussball.de
1688,ASC Quierschied 3,Handballverband SAAR,Handballverband SAAR,11,2. Bezirksklasse / 2. Kreisklasse / 2. Regionsklasse,B-Liga Männer,14397,1,0,0,0,0,0,0,0,0,0.0,,fussball.de
1689,ASV Rurtal Hückelhoven E.V. II,HK Krefeld-Grenzland,HK Krefeld-Grenzland,11,2. Bezirksklasse / 2. Kreisklasse / 2. Regionsklasse,2. BK Männer,15677,1,0,0,0,0,0,0,0,0,0.0,,fussball.de
1690,ASV Süchteln 4M,HK Krefeld-Grenzland,HK Krefeld-Grenzland,11,2. Bezirksklasse / 2. Kreisklasse / 2. Regionsklasse,2. BK Männer,15677,2,0,0,0,0,0,0,0,0,0.0,,fussball.de
1691,ATV Hückeswagen III,Bergischer HK,Bergischer HK,11,2. Bezirksklasse / 2. Kreisklasse / 2. Regionsklasse,2. Regionsklasse Männer BHK,14739,1,0,0,0,0,0,0,0,0,0.0,,fussball.de
1692,Adler Königshof 4M,HK Krefeld-Grenzland,HK Krefeld-Grenzland,11,2. Bezirksklasse / 2. Kreisklasse / 2. Regionsklasse,2. BK Männer,15677,3,0,0,0,0,0,0,0,0,0.0,,fussball.de
1693,BSV Roxel II,Handballkreis Münsterland,Handballkreis Münsterland,11,2. Bezirksklasse / 2. Kreisklasse / 2. Regionsklasse,Kreisklasse 2 Münsterland Männer Staffel 2,13232,1,0,0,0,0,0,0,0,0,0.0,,fussball.de
1694,Brühler TV III,HK Köln-Rheinberg,HK Köln-Rheinberg,11,2. Bezirksklasse / 2. Kreisklasse / 2. Regionsklasse,2.Regionsklasse Männer,14329,1,0,0,0,0,0,0,0,0,0.0,,fussball.de
1695,CVJM Rödinghausen III,Handballkreis Bielefeld-Herford,Handballkreis Bielefeld-Herford,11,2. Bezirksklasse / 2. Kreisklasse / 2. Regionsklasse,Männer 2.Kreisklasse,13297,1,0,0,0,0,0,0,0,0,0.0,,fussball.de
1696,DJK Normannia Dortmund,Handballkreis Dortmund,Handballkreis Dortmund,11,2. Bezirksklasse / 2. Kreisklasse / 2. Regionsklasse,hkdo-2. KK-M,12785,1,0,0,0,0,0,0,0,0,0.0,,fussball.de
1697,DJK Saxonia Dortmund,Handballkreis Dortmund,Handballkreis Dortmund,11,2. Bezirksklasse / 2. Kreisklasse / 2. Regionsklasse,hkdo-2. KK-M,12785,2,0,0,0,0,0,0,0,0,0.0,,fussball.de
1698,DJK Sportfreunde Leverkusen,HK Köln-Rheinberg,HK Köln-Rheinberg,11,2. Bezirksklasse / 2. Kreisklasse / 2. Regionsklasse,2.Regionsklasse Männer,14329,2,0,0,0,0,0,0,0,0,0.0,,fussball.de
1699,DJK Unitas Haan e.V. IV,Bergischer HK,Bergischer HK,11,2. Bezirksklasse / 2. Kreisklasse / 2. Regionsklasse,2. Regionsklasse Männer BHK,14739,2,0,0,0,0,0,0,0,0,0.0,,fussball.de
1700,Eagles Niederrhein III,HK Krefeld-Grenzland,HK Krefeld-Grenzland,11,2. Bezirksklasse / 2. Kreisklasse / 2. Regionsklasse,2. BK Männer,15677,4,0,0,0,0,0,0,0,0,0.0,,fussball.de
1701,Elmar Herne 22 E.V.,Handballkreis Industrie,Handballkreis Industrie,11,2. Bezirksklasse / 2. Kreisklasse / 2. Regionsklasse,HKI-M-2. Kreisklasse,13037,1,0,0,0,0,0,0,0,0,0.0,,fussball.de
1702,FC Schalke 04 Herren2,Handballkreis Industrie,Handballkreis Industrie,11,2. Bezirksklasse / 2. Kreisklasse / 2. Regionsklasse,HKI-M-2. Kreisklasse,13037,2,0,0,0,0,0,0,0,0,0.0,,fussball.de
1703,Falken 3 (m),Handballverband SAAR,Handballverband SAAR,11,2. Bezirksklasse / 2. Kreisklasse / 2. Regionsklasse,B-Liga Männer,14397,2,0,0,0,0,0,0,0,0,0.0,,fussball.de
1704,HC Cologne Kangaroos II,HK Köln-Rheinberg,HK Köln-Rheinberg,11,2. Bezirksklasse / 2. Kreisklasse / 2. Regionsklasse,2.Regionsklasse Männer,14329,3,0,0,0,0,0,0,0,0,0.0,,fussball.de
1705,HC Heeren-Werve E.V. II,Handballkreis Hellweg,Handballkreis Hellweg,11,2. Bezirksklasse / 2. Kreisklasse / 2. Regionsklasse,Männer 2 Kreisklasse HKH,12714,1,0,0,0,0,0,0,0,0,0.0,,fussball.de
1706,HC St. Johann 2,Handballverband SAAR,Handballverband SAAR,11,2. Bezirksklasse / 2. Kreisklasse / 2. Regionsklasse,B-Liga Männer,14397,3,0,0,0,0,0,0,0,0,0.0,,fussball.de
1707,HCE Bergkamen 3.H,Handballkreis Hellweg,Handballkreis Hellweg,11,2. Bezirksklasse / 2. Kreisklasse / 2. Regionsklasse,Männer 2 Kreisklasse HKH,12714,2,0,0,0,0,0,0,0,0,0.0,,fussball.de
1708,HF Illtal 4,Handballverband SAAR,Handballverband SAAR,11,2. Bezirksklasse / 2. Kreisklasse / 2. Regionsklasse,B-Liga Männer,14397,4,0,0,0,0,0,0,0,0,0.0,,fussball.de
1709,HF Köllertal 3,Handballverband SAAR,Handballverband SAAR,11,2. Bezirksklasse / 2. Kreisklasse / 2. Regionsklasse,B-Liga Männer,14397,5,0,0,0,0,0,0,0,0,0.0,,fussball.de
1710,HG Ltg/Htv Remscheid III,Bergischer HK,Bergischer HK,11,2. Bezirksklasse / 2. Kreisklasse / 2. Regionsklasse,2. Regionsklasse Männer BHK,14739,3,0,0,0,0,0,0,0,0,0.0,,fussball.de
1711,HGV Hürth-Gleuel III,HK Köln-Rheinberg,HK Köln-Rheinberg,11,2. Bezirksklasse / 2. Kreisklasse / 2. Regionsklasse,2.Regionsklasse Männer,14329,4,0,0,0,0,0,0,0,0,0.0,,fussball.de
1712,HSC Haltern-Sythen,Handballkreis Industrie,Handballkreis Industrie,11,2. Bezirksklasse / 2. Kreisklasse / 2. Regionsklasse,HKI-M-2. Kreisklasse,13037,3,0,0,0,0,0,0,0,0,0.0,,fussball.de
1713,HSG Annen-Rüdinghausen | 2. Herren,Handballkreis Dortmund,Handballkreis Dortmund,11,2. Bezirksklasse / 2. Kreisklasse / 2. Regionsklasse,hkdo-2. KK-M,12785,3,0,0,0,0,0,0,0,0,0.0,,fussball.de
1714,HSG Ascheberg/Drensteinf. II,Handballkreis Münsterland,Handballkreis Münsterland,11,2. Bezirksklasse / 2. Kreisklasse / 2. Regionsklasse,Kreisklasse 2 Münsterland Männer Staffel 2,13232,2,0,0,0,0,0,0,0,0,0.0,,fussball.de
1715,HSG DJK Rauxel-Schwerin E.V. II,Handballkreis Industrie,Handballkreis Industrie,11,2. Bezirksklasse / 2. Kreisklasse / 2. Regionsklasse,HKI-M-2. Kreisklasse,13037,4,0,0,0,0,0,0,0,0,0.0,,fussball.de
1716,HSG EGB Bielefeld 3 III,Handballkreis Bielefeld-Herford,Handballkreis Bielefeld-Herford,11,2. Bezirksklasse / 2. Kreisklasse / 2. Regionsklasse,Männer 2.Kreisklasse,13297,2,0,0,0,0,0,0,0,0,0.0,,fussball.de
1717,HSG NRG 2025 III,Handballkreis Münsterland,Handballkreis Münsterland,11,2. Bezirksklasse / 2. Kreisklasse / 2. Regionsklasse,Kreisklasse 2 Münsterland Männer Staffel 1,13231,1,0,0,0,0,0,0,0,0,0.0,,fussball.de
1718,HSG Quelle/Ummeln,Handballkreis Bielefeld-Herford,Handballkreis Bielefeld-Herford,11,2. Bezirksklasse / 2. Kreisklasse / 2. Regionsklasse,Männer 2.Kreisklasse,13297,3,0,0,0,0,0,0,0,0,0.0,,fussball.de
1719,HSG Refrath/Hand V,HK Köln-Rheinberg,HK Köln-Rheinberg,11,2. Bezirksklasse / 2. Kreisklasse / 2. Regionsklasse,2.Regionsklasse Männer,14329,5,0,0,0,0,0,0,0,0,0.0,,fussball.de
1720,HSG Rietberg-Mastholte III,Handballkreis Gütersloh,Handballkreis Gütersloh,11,2. Bezirksklasse / 2. Kreisklasse / 2. Regionsklasse,HBKGT Männer 2. Kreisklasse,12682,1,0,0,0,0,0,0,0,0,0.0,,fussball.de
1721,HSG Rösrath/Forsbach III,HK Köln-Rheinberg,HK Köln-Rheinberg,11,2. Bezirksklasse / 2. Kreisklasse / 2. Regionsklasse,2.Regionsklasse Männer,14329,6,0,0,0,0,0,0,0,0,0.0,,fussball.de
1722,HSG Tecklenburger LAND IV,Handballkreis Münsterland,Handballkreis Münsterland,11,2. Bezirksklasse / 2. Kreisklasse / 2. Regionsklasse,Kreisklasse 2 Münsterland Männer Staffel 1,13231,2,0,0,0,0,0,0,0,0,0.0,,fussball.de
1723,HSG VFL Solingen / BURG III,Bergischer HK,Bergischer HK,11,2. Bezirksklasse / 2. Kreisklasse / 2. Regionsklasse,2. Regionsklasse Männer BHK,14739,4,0,0,0,0,0,0,0,0,0.0,,fussball.de
1724,HSG Werschweiler/St.Wendel,Handballverband SAAR,Handballverband SAAR,11,2. Bezirksklasse / 2. Kreisklasse / 2. Regionsklasse,B-Liga Männer,14397,6,0,0,0,0,0,0,0,0,0.0,,fussball.de
1725,HSG Werther/Borgholzhausen IV,Handballkreis Gütersloh,Handballkreis Gütersloh,11,2. Bezirksklasse / 2. Kreisklasse / 2. Regionsklasse,HBKGT Männer 2. Kreisklasse,12682,2,0,0,0,0,0,0,0,0,0.0,,fussball.de
1726,HV Sundern H2,Handballkreis Iserlohn-Arnsberg,Handballkreis Iserlohn-Arnsberg,11,2. Bezirksklasse / 2. Kreisklasse / 2. Regionsklasse,HKISAR 2. Kreisklasse Männer,15391,1,0,0,0,0,0,0,0,0,0.0,,fussball.de
1727,Hammer SC 2008 e.V. III,Handballkreis Hellweg,Handballkreis Hellweg,11,2. Bezirksklasse / 2. Kreisklasse / 2. Regionsklasse,Männer 2 Kreisklasse HKH,12714,3,0,0,0,0,0,0,0,0,0.0,,fussball.de
1728,Handball Oppum IV,HK Krefeld-Grenzland,HK Krefeld-Grenzland,11,2. Bezirksklasse / 2. Kreisklasse / 2. Regionsklasse,2. BK Männer,15677,5,0,0,0,0,0,0,0,0,0.0,,fussball.de
1729,Handball SV Westerholt E.V. III,Handballkreis Industrie,Handballkreis Industrie,11,2. Bezirksklasse / 2. Kreisklasse / 2. Regionsklasse,HKI-M-2. Kreisklasse,13037,5,0,0,0,0,0,0,0,0,0.0,,fussball.de
1730,Herzebrocker SV II,Handballkreis Gütersloh,Handballkreis Gütersloh,11,2. Bezirksklasse / 2. Kreisklasse / 2. Regionsklasse,HBKGT Männer 2. Kreisklasse,12682,3,0,0,0,0,0,0,0,0,0.0,,fussball.de
1731,Hildener Wölfe 3m,HK Düsseldorf,HK Düsseldorf,11,2. Bezirksklasse / 2. Kreisklasse / 2. Regionsklasse,2. Regionsklasse Männer (HK Düsseldorf),15942,1,0,0,0,0,0,0,0,0,0.0,,fussball.de
1732,Königsborner SV Handball e.V.,Handballkreis Hellweg,Handballkreis Hellweg,11,2. Bezirksklasse / 2. Kreisklasse / 2. Regionsklasse,Männer 2 Kreisklasse HKH,12714,4,0,0,0,0,0,0,0,0,0.0,,fussball.de
1733,Leipziger SV Südwest II,HR Leipzig,HR Leipzig,11,2. Bezirksklasse / 2. Kreisklasse / 2. Regionsklasse,2. RK Männer,13119,3,0,0,0,0,0,0,0,0,0.0,,fussball.de
1734,Luchse Düsseldorf 4M,HK Düsseldorf,HK Düsseldorf,11,2. Bezirksklasse / 2. Kreisklasse / 2. Regionsklasse,2. Regionsklasse Männer (HK Düsseldorf),15942,2,0,0,0,0,0,0,0,0,0.0,,fussball.de
1735,Lüttringhauser TV III,Bergischer HK,Bergischer HK,11,2. Bezirksklasse / 2. Kreisklasse / 2. Regionsklasse,2. Regionsklasse Männer BHK,14739,5,0,0,0,0,0,0,0,0,0.0,,fussball.de
1736,Meerbuscher HV 3m,HK Düsseldorf,HK Düsseldorf,11,2. Bezirksklasse / 2. Kreisklasse / 2. Regionsklasse,2. Regionsklasse Männer (HK Düsseldorf),15942,3,0,0,0,0,0,0,0,0,0.0,,fussball.de
1737,Neusser HV 3m,HK Düsseldorf,HK Düsseldorf,11,2. Bezirksklasse / 2. Kreisklasse / 2. Regionsklasse,2. Regionsklasse Männer (HK Düsseldorf),15942,4,0,0,0,0,0,0,0,0,0.0,,fussball.de
1738,Ohligser TV 4,Bergischer HK,Bergischer HK,11,2. Bezirksklasse / 2. Kreisklasse / 2. Regionsklasse,2. Regionsklasse Männer BHK,14739,6,0,0,0,0,0,0,0,0,0.0,,fussball.de
1739,P.S.V. BORK 1945 E.V.,Handballkreis Hellweg,Handballkreis Hellweg,11,2. Bezirksklasse / 2. Kreisklasse / 2. Regionsklasse,Männer 2 Kreisklasse HKH,12714,5,0,0,0,0,0,0,0,0,0.0,,fussball.de
1740,PSV E.V. Recklinghausen III,Handballkreis Industrie,Handballkreis Industrie,11,2. Bezirksklasse / 2. Kreisklasse / 2. Regionsklasse,HKI-M-2. Kreisklasse,13037,6,0,0,0,0,0,0,0,0,0.0,,fussball.de
1741,RSV Rath-Heumar II,HK Köln-Rheinberg,HK Köln-Rheinberg,11,2. Bezirksklasse / 2. Kreisklasse / 2. Regionsklasse,2.Regionsklasse Männer,14329,7,0,0,0,0,0,0,0,0,0.0,,fussball.de
1742,Remscheider TV II,Bergischer HK,Bergischer HK,11,2. Bezirksklasse / 2. Kreisklasse / 2. Regionsklasse,2. Regionsklasse Männer BHK,14739,7,0,0,0,0,0,0,0,0,0.0,,fussball.de
1743,Rheydter TV 1847 II,HK Krefeld-Grenzland,HK Krefeld-Grenzland,11,2. Bezirksklasse / 2. Kreisklasse / 2. Regionsklasse,2. BK Männer,15677,6,0,0,0,0,0,0,0,0,0.0,,fussball.de
1744,Roter Stern Leipzig III,HR Leipzig,HR Leipzig,11,2. Bezirksklasse / 2. Kreisklasse / 2. Regionsklasse,2. RK Männer,13119,4,0,0,0,0,0,0,0,0,0.0,,fussball.de
1745,SC Eintr.Heessen 01/45 Handball E.V.,Handballkreis Hellweg,Handballkreis Hellweg,11,2. Bezirksklasse / 2. Kreisklasse / 2. Regionsklasse,Männer 2 Kreisklasse HKH,12714,6,0,0,0,0,0,0,0,0,0.0,,fussball.de
1746,SC Hörstel,Handballkreis Münsterland,Handballkreis Münsterland,11,2. Bezirksklasse / 2. Kreisklasse / 2. Regionsklasse,Kreisklasse 2 Münsterland Männer Staffel 1,13231,3,0,0,0,0,0,0,0,0,0.0,,fussball.de
1747,SC Lebach,Handballverband SAAR,Handballverband SAAR,11,2. Bezirksklasse / 2. Kreisklasse / 2. Regionsklasse,B-Liga Männer,14397,7,0,0,0,0,0,0,0,0,0.0,,fussball.de
1748,SC Lippstadt II,Handballkreis Gütersloh,Handballkreis Gütersloh,11,2. Bezirksklasse / 2. Kreisklasse / 2. Regionsklasse,HBKGT Männer 2. Kreisklasse,12682,4,0,0,0,0,0,0,0,0,0.0,,fussball.de
1749,SG Handball Ibbenbüren IV,Handballkreis Münsterland,Handballkreis Münsterland,11,2. Bezirksklasse / 2. Kreisklasse / 2. Regionsklasse,Kreisklasse 2 Münsterland Männer Staffel 1,13231,4,0,0,0,0,0,0,0,0,0.0,,fussball.de
1750,SG Handball Kamen IV,Handballkreis Hellweg,Handballkreis Hellweg,11,2. Bezirksklasse / 2. Kreisklasse / 2. Regionsklasse,Männer 2 Kreisklasse HKH,12714,7,0,0,0,0,0,0,0,0,0.0,,fussball.de
1751,SG Ltv/Ntv II,HK Köln-Rheinberg,HK Köln-Rheinberg,11,2. Bezirksklasse / 2. Kreisklasse / 2. Regionsklasse,2.Regionsklasse Männer,14329,8,0,0,0,0,0,0,0,0,0.0,,fussball.de
1752,SG MoGoNo Leipzig IV,HR Leipzig,HR Leipzig,11,2. Bezirksklasse / 2. Kreisklasse / 2. Regionsklasse,2. RK Männer,13119,5,0,0,0,0,0,0,0,0,0.0,,fussball.de
1753,SG Neuenkirchen/Varensell II,Handballkreis Gütersloh,Handballkreis Gütersloh,11,2. Bezirksklasse / 2. Kreisklasse / 2. Regionsklasse,HBKGT Männer 2. Kreisklasse,12682,5,0,0,0,0,0,0,0,0,0.0,,fussball.de
1754,SG Ommersheim/Aßweiler,Handballverband SAAR,Handballverband SAAR,11,2. Bezirksklasse / 2. Kreisklasse / 2. Regionsklasse,B-Liga Männer,14397,8,0,0,0,0,0,0,0,0,0.0,,fussball.de
1755,SG Ruhrtal H3,Handballkreis Iserlohn-Arnsberg,Handballkreis Iserlohn-Arnsberg,11,2. Bezirksklasse / 2. Kreisklasse / 2. Regionsklasse,HKISAR 2. Kreisklasse Männer,15391,2,0,0,0,0,0,0,0,0,0.0,,fussball.de
1756,SG Sendenhorst II,Handballkreis Münsterland,Handballkreis Münsterland,11,2. Bezirksklasse / 2. Kreisklasse / 2. Regionsklasse,Kreisklasse 2 Münsterland Männer Staffel 2,13232,3,0,0,0,0,0,0,0,0,0.0,,fussball.de
1757,SG Suderwich,Handballkreis Industrie,Handballkreis Industrie,11,2. Bezirksklasse / 2. Kreisklasse / 2. Regionsklasse,HKI-M-2. Kreisklasse,13037,7,0,0,0,0,0,0,0,0,0.0,,fussball.de
1758,SG Unterrath 3m,HK Düsseldorf,HK Düsseldorf,11,2. Bezirksklasse / 2. Kreisklasse / 2. Regionsklasse,2. Regionsklasse Männer (HK Düsseldorf),15942,5,0,0,0,0,0,0,0,0,0.0,,fussball.de
1759,SUS 1927 E.V. Olfen,Handballkreis Industrie,Handballkreis Industrie,11,2. Bezirksklasse / 2. Kreisklasse / 2. Regionsklasse,HKI-M-2. Kreisklasse,13037,8,0,0,0,0,0,0,0,0,0.0,,fussball.de
1760,SUS Oberaden 1921 E.V. III,Handballkreis Hellweg,Handballkreis Hellweg,11,2. Bezirksklasse / 2. Kreisklasse / 2. Regionsklasse,Männer 2 Kreisklasse HKH,12714,8,0,0,0,0,0,0,0,0,0.0,,fussball.de
1761,SV Adler Münster II,Handballkreis Münsterland,Handballkreis Münsterland,11,2. Bezirksklasse / 2. Kreisklasse / 2. Regionsklasse,Kreisklasse 2 Münsterland Männer Staffel 2,13232,4,0,0,0,0,0,0,0,0,0.0,,fussball.de
1762,SV BOUS 2,Handballverband SAAR,Handballverband SAAR,11,2. Bezirksklasse / 2. Kreisklasse / 2. Regionsklasse,B-Liga Männer,14397,9,0,0,0,0,0,0,0,0,0.0,,fussball.de
1763,SV DJK Grün-Weiß Nottuln,Handballkreis Münsterland,Handballkreis Münsterland,11,2. Bezirksklasse / 2. Kreisklasse / 2. Regionsklasse,Kreisklasse 2 Münsterland Männer Staffel 2,13232,5,0,0,0,0,0,0,0,0,0.0,,fussball.de
1764,SV Spexard II,Handballkreis Gütersloh,Handballkreis Gütersloh,11,2. Bezirksklasse / 2. Kreisklasse / 2. Regionsklasse,HBKGT Männer 2. Kreisklasse,12682,6,0,0,0,0,0,0,0,0,0.0,,fussball.de
1765,SV Spexard III,Handballkreis Gütersloh,Handballkreis Gütersloh,11,2. Bezirksklasse / 2. Kreisklasse / 2. Regionsklasse,HBKGT Männer 2. Kreisklasse,12682,7,0,0,0,0,0,0,0,0,0.0,,fussball.de
1766,Spfr. Loxten IV,Handballkreis Gütersloh,Handballkreis Gütersloh,11,2. Bezirksklasse / 2. Kreisklasse / 2. Regionsklasse,HBKGT Männer 2. Kreisklasse,12682,8,0,0,0,0,0,0,0,0,0.0,,fussball.de
1767,Spvg. Hesselteich II,Handballkreis Gütersloh,Handballkreis Gütersloh,11,2. Bezirksklasse / 2. Kreisklasse / 2. Regionsklasse,HBKGT Männer 2. Kreisklasse,12682,9,0,0,0,0,0,0,0,0,0.0,,fussball.de
1768,SuS Neuenkirchen 09 III,Handballkreis Münsterland,Handballkreis Münsterland,11,2. Bezirksklasse / 2. Kreisklasse / 2. Regionsklasse,Kreisklasse 2 Münsterland Männer Staffel 1,13231,5,0,0,0,0,0,0,0,0,0.0,,fussball.de
1769,SuS Stadtlohn II,Handballkreis Münsterland,Handballkreis Münsterland,11,2. Bezirksklasse / 2. Kreisklasse / 2. Regionsklasse,Kreisklasse 2 Münsterland Männer Staffel 2,13232,6,0,0,0,0,0,0,0,0,0.0,,fussball.de
1770,TD Lank 3. Herren,HK Krefeld-Grenzland,HK Krefeld-Grenzland,11,2. Bezirksklasse / 2. Kreisklasse / 2. Regionsklasse,2. BK Männer,15677,7,0,0,0,0,0,0,0,0,0.0,,fussball.de
1771,TG Schildesche II,Handballkreis Bielefeld-Herford,Handballkreis Bielefeld-Herford,11,2. Bezirksklasse / 2. Kreisklasse / 2. Regionsklasse,Männer 2.Kreisklasse,13297,4,0,0,0,0,0,0,0,0,0.0,,fussball.de
1772,TSG Dortmund-Schüren III,Handballkreis Dortmund,Handballkreis Dortmund,11,2. Bezirksklasse / 2. Kreisklasse / 2. Regionsklasse,hkdo-2. KK-M,12785,4,0,0,0,0,0,0,0,0,0.0,,fussball.de
1773,TSV Bayer Dormagen IV,HK Köln-Rheinberg,HK Köln-Rheinberg,11,2. Bezirksklasse / 2. Kreisklasse / 2. Regionsklasse,2.Regionsklasse Männer,14329,9,0,0,0,0,0,0,0,0,0.0,,fussball.de
1774,TSV Bigge-Olsberg H2,Handballkreis Iserlohn-Arnsberg,Handballkreis Iserlohn-Arnsberg,11,2. Bezirksklasse / 2. Kreisklasse / 2. Regionsklasse,HKISAR 2. Kreisklasse Männer,15391,3,0,0,0,0,0,0,0,0,0.0,,fussball.de
1775,TSV Eller 04 2m,HK Düsseldorf,HK Düsseldorf,11,2. Bezirksklasse / 2. Kreisklasse / 2. Regionsklasse,2. Regionsklasse Männer (HK Düsseldorf),15942,6,0,0,0,0,0,0,0,0,0.0,,fussball.de
1776,TSV NORF 1m,HK Düsseldorf,HK Düsseldorf,11,2. Bezirksklasse / 2. Kreisklasse / 2. Regionsklasse,2. Regionsklasse Männer (HK Düsseldorf),15942,7,0,0,0,0,0,0,0,0,0.0,,fussball.de
1777,TUS Brake III,Handballkreis Bielefeld-Herford,Handballkreis Bielefeld-Herford,11,2. Bezirksklasse / 2. Kreisklasse / 2. Regionsklasse,Männer 2.Kreisklasse,13297,5,0,0,0,0,0,0,0,0,0.0,,fussball.de
1778,TUS Brockhagen IV,Handballkreis Gütersloh,Handballkreis Gütersloh,11,2. Bezirksklasse / 2. Kreisklasse / 2. Regionsklasse,HBKGT Männer 2. Kreisklasse,12682,10,0,0,0,0,0,0,0,0,0.0,,fussball.de
1779,TUS Ehrenfeld 65 IV,HK Köln-Rheinberg,HK Köln-Rheinberg,11,2. Bezirksklasse / 2. Kreisklasse / 2. Regionsklasse,2.Regionsklasse Männer,14329,10,0,0,0,0,0,0,0,0,0.0,,fussball.de
1780,TUS Königsdorf IV,HK Köln-Rheinberg,HK Köln-Rheinberg,11,2. Bezirksklasse / 2. Kreisklasse / 2. Regionsklasse,2.Regionsklasse Männer,14329,11,0,0,0,0,0,0,0,0,0.0,,fussball.de
1781,TUS Leipzig-Mockau II,HR Leipzig,HR Leipzig,11,2. Bezirksklasse / 2. Kreisklasse / 2. Regionsklasse,2. RK Männer,13119,6,0,0,0,0,0,0,0,0,0.0,,fussball.de
1782,TUS Leopoldshöhe,Handballkreis Bielefeld-Herford,Handballkreis Bielefeld-Herford,11,2. Bezirksklasse / 2. Kreisklasse / 2. Regionsklasse,Männer 2.Kreisklasse,13297,6,0,0,0,0,0,0,0,0,0.0,,fussball.de
1783,TUS Lintorf 4m,HK Düsseldorf,HK Düsseldorf,11,2. Bezirksklasse / 2. Kreisklasse / 2. Regionsklasse,2. Regionsklasse Männer (HK Düsseldorf),15942,8,0,0,0,0,0,0,0,0,0.0,,fussball.de
1784,TUS Recke,Handballkreis Münsterland,Handballkreis Münsterland,11,2. Bezirksklasse / 2. Kreisklasse / 2. Regionsklasse,Kreisklasse 2 Münsterland Männer Staffel 1,13231,6,0,0,0,0,0,0,0,0,0.0,,fussball.de
1785,TUS Recke II,Handballkreis Münsterland,Handballkreis Münsterland,11,2. Bezirksklasse / 2. Kreisklasse / 2. Regionsklasse,Kreisklasse 2 Münsterland Männer Staffel 1,13231,7,0,0,0,0,0,0,0,0,0.0,,fussball.de
1786,TUS Wesseling III,HK Köln-Rheinberg,HK Köln-Rheinberg,11,2. Bezirksklasse / 2. Kreisklasse / 2. Regionsklasse,2.Regionsklasse Männer,14329,12,0,0,0,0,0,0,0,0,0.0,,fussball.de
1787,TV 01 Wattenscheid 2,Handballkreis Industrie,Handballkreis Industrie,11,2. Bezirksklasse / 2. Kreisklasse / 2. Regionsklasse,HKI-M-2. Kreisklasse,13037,9,0,0,0,0,0,0,0,0,0.0,,fussball.de
1788,TV Angermund 3m,HK Düsseldorf,HK Düsseldorf,11,2. Bezirksklasse / 2. Kreisklasse / 2. Regionsklasse,2. Regionsklasse Männer (HK Düsseldorf),15942,9,0,0,0,0,0,0,0,0,0.0,,fussball.de
1789,TV Arnsberg H3,Handballkreis Iserlohn-Arnsberg,Handballkreis Iserlohn-Arnsberg,11,2. Bezirksklasse / 2. Kreisklasse / 2. Regionsklasse,HKISAR 2. Kreisklasse Männer,15391,4,0,0,0,0,0,0,0,0,0.0,,fussball.de
1790,TV Bedburg 1927,HK Köln-Rheinberg,HK Köln-Rheinberg,11,2. Bezirksklasse / 2. Kreisklasse / 2. Regionsklasse,2.Regionsklasse Männer,14329,13,0,0,0,0,0,0,0,0,0.0,,fussball.de
1791,TV Boisheim II,HK Krefeld-Grenzland,HK Krefeld-Grenzland,11,2. Bezirksklasse / 2. Kreisklasse / 2. Regionsklasse,2. BK Männer,15677,8,0,0,0,0,0,0,0,0,0.0,,fussball.de
1792,TV Brechten 4,Handballkreis Dortmund,Handballkreis Dortmund,11,2. Bezirksklasse / 2. Kreisklasse / 2. Regionsklasse,hkdo-2. KK-M,12785,5,0,0,0,0,0,0,0,0,0.0,,fussball.de
1793,TV Dülmen 1884 E.V.,Handballkreis Industrie,Handballkreis Industrie,11,2. Bezirksklasse / 2. Kreisklasse / 2. Regionsklasse,HKI-M-2. Kreisklasse,13037,10,0,0,0,0,0,0,0,0,0.0,,fussball.de
1794,TV Eintracht Husen-Kurl 2,Handballkreis Dortmund,Handballkreis Dortmund,11,2. Bezirksklasse / 2. Kreisklasse / 2. Regionsklasse,hkdo-2. KK-M,12785,6,0,0,0,0,0,0,0,0,0.0,,fussball.de
1795,TV Emsdetten 1898 III,Handballkreis Münsterland,Handballkreis Münsterland,11,2. Bezirksklasse / 2. Kreisklasse / 2. Regionsklasse,Kreisklasse 2 Münsterland Männer Staffel 1,13231,8,0,0,0,0,0,0,0,0,0.0,,fussball.de
1796,TV Erkelenz 1860,HK Krefeld-Grenzland,HK Krefeld-Grenzland,11,2. Bezirksklasse / 2. Kreisklasse / 2. Regionsklasse,2. BK Männer,15677,9,0,0,0,0,0,0,0,0,0.0,,fussball.de
1797,TV Friesen Telgte II,Handballkreis Münsterland,Handballkreis Münsterland,11,2. Bezirksklasse / 2. Kreisklasse / 2. Regionsklasse,Kreisklasse 2 Münsterland Männer Staffel 2,13232,7,0,0,0,0,0,0,0,0,0.0,,fussball.de
1798,TV Halingen H3,Handballkreis Iserlohn-Arnsberg,Handballkreis Iserlohn-Arnsberg,11,2. Bezirksklasse / 2. Kreisklasse / 2. Regionsklasse,HKISAR 2. Kreisklasse Männer,15391,5,0,0,0,0,0,0,0,0,0.0,,fussball.de
1799,TV JAHN Rheine,Handballkreis Münsterland,Handballkreis Münsterland,11,2. Bezirksklasse / 2. Kreisklasse / 2. Regionsklasse,Kreisklasse 2 Münsterland Männer Staffel 1,13231,9,0,0,0,0,0,0,0,0,0.0,,fussball.de
1800,TV Lenzinghausen,Handballkreis Bielefeld-Herford,Handballkreis Bielefeld-Herford,11,2. Bezirksklasse / 2. Kreisklasse / 2. Regionsklasse,Männer 2.Kreisklasse,13297,7,0,0,0,0,0,0,0,0,0.0,,fussball.de
1801,TV Neheim H3,Handballkreis Iserlohn-Arnsberg,Handballkreis Iserlohn-Arnsberg,11,2. Bezirksklasse / 2. Kreisklasse / 2. Regionsklasse,HKISAR 2. Kreisklasse Männer,15391,6,0,0,0,0,0,0,0,0,0.0,,fussball.de
1802,TV Niederwürzbach 2,Handballverband SAAR,Handballverband SAAR,11,2. Bezirksklasse / 2. Kreisklasse / 2. Regionsklasse,B-Liga Männer,14397,10,0,0,0,0,0,0,0,0,0.0,,fussball.de
1803,TV Witzhelden III,Bergischer HK,Bergischer HK,11,2. Bezirksklasse / 2. Kreisklasse / 2. Regionsklasse,2. Regionsklasse Männer BHK,14739,8,0,0,0,0,0,0,0,0,0.0,,fussball.de
1804,TVC Enger II,Handballkreis Bielefeld-Herford,Handballkreis Bielefeld-Herford,11,2. Bezirksklasse / 2. Kreisklasse / 2. Regionsklasse,Männer 2.Kreisklasse,13297,8,0,0,0,0,0,0,0,0,0.0,,fussball.de
1805,Tschft. Grefrath III,HK Krefeld-Grenzland,HK Krefeld-Grenzland,11,2. Bezirksklasse / 2. Kreisklasse / 2. Regionsklasse,2. BK Männer,15677,10,0,0,0,0,0,0,0,0,0.0,,fussball.de
1806,Tschft. St. Tönis IV,HK Krefeld-Grenzland,HK Krefeld-Grenzland,11,2. Bezirksklasse / 2. Kreisklasse / 2. Regionsklasse,2. BK Männer,15677,11,0,0,0,0,0,0,0,0,0.0,,fussball.de
1807,TuS St. Hubert,HK Krefeld-Grenzland,HK Krefeld-Grenzland,11,2. Bezirksklasse / 2. Kreisklasse / 2. Regionsklasse,2. BK Männer,15677,12,0,0,0,0,0,0,0,0,0.0,,fussball.de
1808,Union 92 Halle IV,Handballkreis Gütersloh,Handballkreis Gütersloh,11,2. Bezirksklasse / 2. Kreisklasse / 2. Regionsklasse,HBKGT Männer 2. Kreisklasse,12682,11,0,0,0,0,0,0,0,0,0.0,,fussball.de
1809,Union 92 Halle V,Handballkreis Gütersloh,Handballkreis Gütersloh,11,2. Bezirksklasse / 2. Kreisklasse / 2. Regionsklasse,HBKGT Männer 2. Kreisklasse,12682,12,0,0,0,0,0,0,0,0,0.0,,fussball.de
1810,VFL Ahaus,Handballkreis Münsterland,Handballkreis Münsterland,11,2. Bezirksklasse / 2. Kreisklasse / 2. Regionsklasse,Kreisklasse 2 Münsterland Männer Staffel 2,13232,8,0,0,0,0,0,0,0,0,0.0,,fussball.de
1811,VFL Bochum 1848 Handball E.V. III,Handballkreis Industrie,Handballkreis Industrie,11,2. Bezirksklasse / 2. Kreisklasse / 2. Regionsklasse,HKI-M-2. Kreisklasse,13037,11,0,0,0,0,0,0,0,0,0.0,,fussball.de
1812,VFL Waldheim 54,HR Leipzig,HR Leipzig,11,2. Bezirksklasse / 2. Kreisklasse / 2. Regionsklasse,2. RK Männer,13119,7,0,0,0,0,0,0,0,0,0.0,,fussball.de
1813,VFL Waldheim 54 E.V. II,HR Leipzig,HR Leipzig,11,2. Bezirksklasse / 2. Kreisklasse / 2. Regionsklasse,2. RK Männer,13119,8,0,0,0,0,0,0,0,0,0.0,,fussball.de
1814,VFS Warstein H3,Handballkreis Iserlohn-Arnsberg,Handballkreis Iserlohn-Arnsberg,11,2. Bezirksklasse / 2. Kreisklasse / 2. Regionsklasse,HKISAR 2. Kreisklasse Männer,15391,7,0,0,0,0,0,0,0,0,0.0,,fussball.de
1815,VT Kempen II,HK Krefeld-Grenzland,HK Krefeld-Grenzland,11,2. Bezirksklasse / 2. Kreisklasse / 2. Regionsklasse,2. BK Männer,15677,13,0,0,0,0,0,0,0,0,0.0,,fussball.de
1816,VfB Eilenburg II,HR Leipzig,HR Leipzig,11,2. Bezirksklasse / 2. Kreisklasse / 2. Regionsklasse,2. RK Männer,13119,9,0,0,0,0,0,0,0,0,0.0,,fussball.de
1817,VfL Aplerbeckermark 2. Herren,Handballkreis Dortmund,Handballkreis Dortmund,11,2. Bezirksklasse / 2. Kreisklasse / 2. Regionsklasse,hkdo-2. KK-M,12785,7,0,0,0,0,0,0,0,0,0.0,,fussball.de
1818,Wald-Merscheider TV III,Bergischer HK,Bergischer HK,11,2. Bezirksklasse / 2. Kreisklasse / 2. Regionsklasse,2. Regionsklasse Männer BHK,14739,9,0,0,0,0,0,0,0,0,0.0,,fussball.de
1819,Warendorfer SU II,Handballkreis Münsterland,Handballkreis Münsterland,11,2. Bezirksklasse / 2. Kreisklasse / 2. Regionsklasse,Kreisklasse 2 Münsterland Männer Staffel 2,13232,9,0,0,0,0,0,0,0,0,0.0,,fussball.de
1820,Werler TV von 1894 e.V. II,Handballkreis Hellweg,Handballkreis Hellweg,11,2. Bezirksklasse / 2. Kreisklasse / 2. Regionsklasse,Männer 2 Kreisklasse HKH,12714,9,0,0,0,0,0,0,0,0,0.0,,fussball.de
1821,Wermelskirchener TV III,Bergischer HK,Bergischer HK,11,2. Bezirksklasse / 2. Kreisklasse / 2. Regionsklasse,2. Regionsklasse Männer BHK,14739,10,0,0,0,0,0,0,0,0,0.0,,fussball.de
1822,Bochumer HC,Handballkreis Industrie,Handballkreis Industrie,12,3. Bezirksklasse / 3. Kreisklasse / 3. Regionsklasse,HKI-M-3. Kreisklasse,13040,1,0,0,0,0,0,0,0,0,0.0,,fussball.de
1823,DJK Blau-Weiss Bielefeld,Handballkreis Bielefeld-Herford,Handballkreis Bielefeld-Herford,12,3. Bezirksklasse / 3. Kreisklasse / 3. Regionsklasse,Männer 3.Kreisklasse,13298,1,0,0,0,0,0,0,0,0,0.0,,fussball.de
1824,DJK Komet Dortmund,Handballkreis Dortmund,Handballkreis Dortmund,12,3. Bezirksklasse / 3. Kreisklasse / 3. Regionsklasse,hkdo-Hobbyliga-Männer,12786,1,0,0,0,0,0,0,0,0,0.0,,fussball.de
1825,DJK Oespel-Kley Herren 4,Handballkreis Dortmund,Handballkreis Dortmund,12,3. Bezirksklasse / 3. Kreisklasse / 3. Regionsklasse,hkdo-Hobbyliga-Männer,12786,2,0,0,0,0,0,0,0,0,0.0,,fussball.de
1826,DJK SV Mauritz 1906 e.V.,Handballkreis Münsterland,Handballkreis Münsterland,12,3. Bezirksklasse / 3. Kreisklasse / 3. Regionsklasse,Kreisklasse 3 Münsterland Männer,13233,1,0,0,0,0,0,0,0,0,0.0,,fussball.de
1827,DJK Westfalia Hörde 2,Handballkreis Dortmund,Handballkreis Dortmund,12,3. Bezirksklasse / 3. Kreisklasse / 3. Regionsklasse,hkdo-Hobbyliga-Männer,12786,3,0,0,0,0,0,0,0,0,0.0,,fussball.de
1828,ETG Recklinghausen 1912/32 E.V.,Handballkreis Industrie,Handballkreis Industrie,12,3. Bezirksklasse / 3. Kreisklasse / 3. Regionsklasse,HKI-M-3. Kreisklasse,13040,2,0,0,0,0,0,0,0,0,0.0,,fussball.de
1829,Eagles Niederrhein IV,HK Krefeld-Grenzland,HK Krefeld-Grenzland,12,3. Bezirksklasse / 3. Kreisklasse / 3. Regionsklasse,3. BK Männer,15678,1,0,0,0,0,0,0,0,0,0.0,,fussball.de
1830,FC Schalke 04 Herren3,Handballkreis Industrie,Handballkreis Industrie,12,3. Bezirksklasse / 3. Kreisklasse / 3. Regionsklasse,HKI-M-3. Kreisklasse,13040,3,0,0,0,0,0,0,0,0,0.0,,fussball.de
1831,HSG DJK Rauxel-Schwerin E.V. III,Handballkreis Industrie,Handballkreis Industrie,12,3. Bezirksklasse / 3. Kreisklasse / 3. Regionsklasse,HKI-M-3. Kreisklasse,13040,4,0,0,0,0,0,0,0,0,0.0,,fussball.de
1832,HSG Löhne-Obernbeck II,Handballkreis Bielefeld-Herford,Handballkreis Bielefeld-Herford,12,3. Bezirksklasse / 3. Kreisklasse / 3. Regionsklasse,Männer 3.Kreisklasse,13298,2,0,0,0,0,0,0,0,0,0.0,,fussball.de
1833,HSG Preussen/Bor. Münster III,Handballkreis Münsterland,Handballkreis Münsterland,12,3. Bezirksklasse / 3. Kreisklasse / 3. Regionsklasse,Kreisklasse 3 Münsterland Männer,13233,2,0,0,0,0,0,0,0,0,0.0,,fussball.de
1834,HSG QUELLE/UMMELN II (zurückgez.),Handballkreis Bielefeld-Herford,Handballkreis Bielefeld-Herford,12,3. Bezirksklasse / 3. Kreisklasse / 3. Regionsklasse,Männer 3.Kreisklasse,13298,3,0,0,0,0,0,0,0,0,0.0,,fussball.de
1835,Handball Ruhrbogen Hattingen II,Handballkreis Industrie,Handballkreis Industrie,12,3. Bezirksklasse / 3. Kreisklasse / 3. Regionsklasse,HKI-M-3. Kreisklasse,13040,5,0,0,0,0,0,0,0,0,0.0,,fussball.de
1836,Handball SV Westerholt E.V. IV,Handballkreis Industrie,Handballkreis Industrie,12,3. Bezirksklasse / 3. Kreisklasse / 3. Regionsklasse,HKI-M-3. Kreisklasse,13040,6,0,0,0,0,0,0,0,0,0.0,,fussball.de
1837,Hülser SV,HK Krefeld-Grenzland,HK Krefeld-Grenzland,12,3. Bezirksklasse / 3. Kreisklasse / 3. Regionsklasse,3. BK Männer,15678,2,0,0,0,0,0,0,0,0,0.0,,fussball.de
1838,Olympia Fischeln III,HK Krefeld-Grenzland,HK Krefeld-Grenzland,12,3. Bezirksklasse / 3. Kreisklasse / 3. Regionsklasse,3. BK Männer,15678,3,0,0,0,0,0,0,0,0,0.0,,fussball.de
1839,Osterather TV III,HK Krefeld-Grenzland,HK Krefeld-Grenzland,12,3. Bezirksklasse / 3. Kreisklasse / 3. Regionsklasse,3. BK Männer,15678,4,0,0,0,0,0,0,0,0,0.0,,fussball.de
1840,SC Arminia Ochtrup III,Handballkreis Münsterland,Handballkreis Münsterland,12,3. Bezirksklasse / 3. Kreisklasse / 3. Regionsklasse,Kreisklasse 3 Münsterland Männer,13233,3,0,0,0,0,0,0,0,0,0.0,,fussball.de
1841,SC Huckarde-Rahm 4,Handballkreis Dortmund,Handballkreis Dortmund,12,3. Bezirksklasse / 3. Kreisklasse / 3. Regionsklasse,hkdo-Hobbyliga-Männer,12786,4,0,0,0,0,0,0,0,0,0.0,,fussball.de
1842,SG Bünde-Dünne IV,Handballkreis Bielefeld-Herford,Handballkreis Bielefeld-Herford,12,3. Bezirksklasse / 3. Kreisklasse / 3. Regionsklasse,Männer 3.Kreisklasse,13298,4,0,0,0,0,0,0,0,0,0.0,,fussball.de
1843,SG Gescher/Legden II,Handballkreis Münsterland,Handballkreis Münsterland,12,3. Bezirksklasse / 3. Kreisklasse / 3. Regionsklasse,Kreisklasse 3 Münsterland Männer,13233,4,0,0,0,0,0,0,0,0,0.0,,fussball.de
1844,SG Handball Steinfurt III,Handballkreis Münsterland,Handballkreis Münsterland,12,3. Bezirksklasse / 3. Kreisklasse / 3. Regionsklasse,Kreisklasse 3 Münsterland Männer,13233,5,0,0,0,0,0,0,0,0,0.0,,fussball.de
1845,SV Westfalia 07 Hopsten,Handballkreis Münsterland,Handballkreis Münsterland,12,3. Bezirksklasse / 3. Kreisklasse / 3. Regionsklasse,Kreisklasse 3 Münsterland Männer,13233,6,0,0,0,0,0,0,0,0,0.0,,fussball.de
1846,TSG Schüren 4,Handballkreis Dortmund,Handballkreis Dortmund,12,3. Bezirksklasse / 3. Kreisklasse / 3. Regionsklasse,hkdo-Hobbyliga-Männer,12786,5,0,0,0,0,0,0,0,0,0.0,,fussball.de
1847,TSV Oerlinghausen III,Handballkreis Bielefeld-Herford,Handballkreis Bielefeld-Herford,12,3. Bezirksklasse / 3. Kreisklasse / 3. Regionsklasse,Männer 3.Kreisklasse,13298,5,0,0,0,0,0,0,0,0,0.0,,fussball.de
1848,TSVE 1890 Bielefeld II,Handballkreis Bielefeld-Herford,Handballkreis Bielefeld-Herford,12,3. Bezirksklasse / 3. Kreisklasse / 3. Regionsklasse,Männer 3.Kreisklasse,13298,6,0,0,0,0,0,0,0,0,0.0,,fussball.de
1849,TV 01 Wattenscheid 3,Handballkreis Industrie,Handballkreis Industrie,12,3. Bezirksklasse / 3. Kreisklasse / 3. Regionsklasse,HKI-M-3. Kreisklasse,13040,7,0,0,0,0,0,0,0,0,0.0,,fussball.de
1850,TV Brechten 5,Handballkreis Dortmund,Handballkreis Dortmund,12,3. Bezirksklasse / 3. Kreisklasse / 3. Regionsklasse,hkdo-Hobbyliga-Männer,12786,6,0,0,0,0,0,0,0,0,0.0,,fussball.de
1851,TV Datteln 09 e.V.,Handballkreis Industrie,Handballkreis Industrie,12,3. Bezirksklasse / 3. Kreisklasse / 3. Regionsklasse,HKI-M-3. Kreisklasse,13040,8,0,0,0,0,0,0,0,0,0.0,,fussball.de
1852,TV Eintracht Husen-Kurl 3,Handballkreis Dortmund,Handballkreis Dortmund,12,3. Bezirksklasse / 3. Kreisklasse / 3. Regionsklasse,hkdo-Hobbyliga-Männer,12786,7,0,0,0,0,0,0,0,0,0.0,,fussball.de
1853,TV FAW Melbergen,Handballkreis Bielefeld-Herford,Handballkreis Bielefeld-Herford,12,3. Bezirksklasse / 3. Kreisklasse / 3. Regionsklasse,Männer 3.Kreisklasse,13298,7,0,0,0,0,0,0,0,0,0.0,,fussball.de
1854,TV Friesen Telgte III,Handballkreis Münsterland,Handballkreis Münsterland,12,3. Bezirksklasse / 3. Kreisklasse / 3. Regionsklasse,Kreisklasse 3 Münsterland Männer,13233,7,0,0,0,0,0,0,0,0,0.0,,fussball.de
1855,TV Gladbeck 1912 e.V. III,Handballkreis Industrie,Handballkreis Industrie,12,3. Bezirksklasse / 3. Kreisklasse / 3. Regionsklasse,HKI-M-3. Kreisklasse,13040,9,0,0,0,0,0,0,0,0,0.0,,fussball.de
1856,TV Vreden III,Handballkreis Münsterland,Handballkreis Münsterland,12,3. Bezirksklasse / 3. Kreisklasse / 3. Regionsklasse,Kreisklasse 3 Münsterland Männer,13233,8,0,0,0,0,0,0,0,0,0.0,,fussball.de
1857,TuS St. Hubert II,HK Krefeld-Grenzland,HK Krefeld-Grenzland,12,3. Bezirksklasse / 3. Kreisklasse / 3. Regionsklasse,3. BK Männer,15678,5,0,0,0,0,0,0,0,0,0.0,,fussball.de
1858,VFL Bochum 1848 Handball E.V. IV,Handballkreis Industrie,Handballkreis Industrie,12,3. Bezirksklasse / 3. Kreisklasse / 3. Regionsklasse,HKI-M-3. Kreisklasse,13040,10,0,0,0,0,0,0,0,0,0.0,,fussball.de
1859,VFL Eintracht Mettingen II,Handballkreis Münsterland,Handballkreis Münsterland,12,3. Bezirksklasse / 3. Kreisklasse / 3. Regionsklasse,Kreisklasse 3 Münsterland Männer,13233,9,0,0,0,0,0,0,0,0,0.0,,fussball.de
1860,VFL Handball Mennighüffen IV,Handballkreis Bielefeld-Herford,Handballkreis Bielefeld-Herford,12,3. Bezirksklasse / 3. Kreisklasse / 3. Regionsklasse,Männer 3.Kreisklasse,13298,8,0,0,0,0,0,0,0,0,0.0,,fussball.de
1861,VfL Aplerbeckermark 3. Herren,Handballkreis Dortmund,Handballkreis Dortmund,12,3. Bezirksklasse / 3. Kreisklasse / 3. Regionsklasse,hkdo-Hobbyliga-Männer,12786,8,0,0,0,0,0,0,0,0,0.0,,fussball.de
1862,VfL Herford 3. Männer,Handballkreis Bielefeld-Herford,Handballkreis Bielefeld-Herford,12,3. Bezirksklasse / 3. Kreisklasse / 3. Regionsklasse,Männer 3.Kreisklasse,13298,9,0,0,0,0,0,0,0,0,0.0,,fussball.de
1863,Waltroper HV 1970 E.V. II,Handballkreis Industrie,Handballkreis Industrie,12,3. Bezirksklasse / 3. Kreisklasse / 3. Regionsklasse,HKI-M-3. Kreisklasse,13040,11,0,0,0,0,0,0,0,0,0.0,,fussball.de
1864,DJK TuS Rotthausen e.V.,Handballkreis Industrie,Handballkreis Industrie,13,4. Bezirksklasse / 4. Kreisklasse / 4. Regionsklasse,HKI-Ü35,13047,1,0,0,0,0,0,0,0,0,0.0,,fussball.de
1865,DSC Wanne-Eickel Handball E.V.,Handballkreis Industrie,Handballkreis Industrie,13,4. Bezirksklasse / 4. Kreisklasse / 4. Regionsklasse,HKI-Ü35,13047,2,0,0,0,0,0,0,0,0,0.0,,fussball.de
1866,ETG Recklinghausen 1912/32 E.V. UE 35,Handballkreis Industrie,Handballkreis Industrie,13,4. Bezirksklasse / 4. Kreisklasse / 4. Regionsklasse,HKI-Ü35,13047,3,0,0,0,0,0,0,0,0,0.0,,fussball.de
1867,Handball SV Westerholt E.V.,Handballkreis Industrie,Handballkreis Industrie,13,4. Bezirksklasse / 4. Kreisklasse / 4. Regionsklasse,HKI-Ü35,13047,4,0,0,0,0,0,0,0,0,0.0,,fussball.de
1868,PSV E.V. Recklinghausen,Handballkreis Industrie,Handballkreis Industrie,13,4. Bezirksklasse / 4. Kreisklasse / 4. Regionsklasse,HKI-Ü35,13047,5,0,0,0,0,0,0,0,0,0.0,,fussball.de
1869,SG ETSV Ruhrtal Witten,Handballkreis Industrie,Handballkreis Industrie,13,4. Bezirksklasse / 4. Kreisklasse / 4. Regionsklasse,HKI-Ü35,13047,6,0,0,0,0,0,0,0,0,0.0,,fussball.de
1870,SG Hüls-Scherlebeck IV,Handballkreis Industrie,Handballkreis Industrie,13,4. Bezirksklasse / 4. Kreisklasse / 4. Regionsklasse,HKI-Ü35,13047,7,0,0,0,0,0,0,0,0,0.0,,fussball.de
1871,SG Suderwich Ü35,Handballkreis Industrie,Handballkreis Industrie,13,4. Bezirksklasse / 4. Kreisklasse / 4. Regionsklasse,HKI-Ü35,13047,8,0,0,0,0,0,0,0,0,0.0,,fussball.de
1872,TV 01 Wattenscheid e.V.,Handballkreis Industrie,Handballkreis Industrie,13,4. Bezirksklasse / 4. Kreisklasse / 4. Regionsklasse,HKI-Ü35,13047,9,0,0,0,0,0,0,0,0,0.0,,fussball.de
1873,TV Datteln 09 e.V.,Handballkreis Industrie,Handballkreis Industrie,13,4. Bezirksklasse / 4. Kreisklasse / 4. Regionsklasse,HKI-Ü35,13047,10,0,0,0,0,0,0,0,0,0.0,,fussball.de
1874,TV Dülmen 1884 E.V.,Handballkreis Industrie,Handballkreis Industrie,13,4. Bezirksklasse / 4. Kreisklasse / 4. Regionsklasse,HKI-Ü35,13047,11,0,0,0,0,0,0,0,0,0.0,,fussball.de
1875,TuS Ickern 1912 e.V.,Handballkreis Industrie,Handballkreis Industrie,13,4. Bezirksklasse / 4. Kreisklasse / 4. Regionsklasse,HKI-Ü35,13047,12,0,0,0,0,0,0,0,0,0.0,,fussball.de
