rank,delta,name,tier,league,leaguePos,played,won,drawn,lost,goalsFor,goalsAgainst,goalDiff,points,ppg
1,,FC Bayern München,1,Bundesliga,1,1,1,0,0,5,1,4,3,3.0
2,,SC Freiburg,1,Bundesliga,2,1,1,0,0,4,1,3,3,3.0
3,,FC Augsburg,1,Bundesliga,3,1,1,0,0,3,0,3,3,3.0
4,,RB Leipzig,1,Bundesliga,4,1,1,0,0,3,0,3,3,3.0
5,,Borussia Dortmund,1,Bundesliga,5,1,1,0,0,2,0,2,3,3.0
6,,1. FC Köln,1,Bundesliga,6,1,1,0,0,3,2,1,3,3.0
7,,SV 07 Elversberg,1,Bundesliga,7,1,1,0,0,3,2,1,3,3.0
8,,1. FC Union Berlin,1,Bundesliga,8,1,0,1,0,3,3,0,1,1.0
9,,Eintracht Frankfurt,1,Bundesliga,9,1,0,1,0,3,3,0,1,1.0
10,,1. FSV Mainz 05,1,Bundesliga,10,1,0,1,0,0,0,0,1,1.0
11,,SC Paderborn 07,1,Bundesliga,11,1,0,1,0,0,0,0,1,1.0
12,,Bayer 04 Leverkusen,1,Bundesliga,12,1,0,0,1,2,3,-1,0,0.0
13,,TSG Hoffenheim,1,Bundesliga,13,1,0,0,1,2,3,-1,0,0.0
14,,Hamburger SV,1,Bundesliga,14,1,0,0,1,0,2,-2,0,0.0
15,,SV Werder Bremen,1,Bundesliga,15,1,0,0,1,1,4,-3,0,0.0
16,,Borussia Mönchengladbach,1,Bundesliga,16,1,0,0,1,0,3,-3,0,0.0
17,,FC Schalke 04,1,Bundesliga,17,1,0,0,1,0,3,-3,0,0.0
18,,VfB Stuttgart,1,Bundesliga,18,1,0,0,1,1,5,-4,0,0.0
19,0,1. FC Nürnberg,2,2. Bundesliga,1,3,3,0,0,11,3,8,9,3.0
20,0,Hertha BSC,2,2. Bundesliga,2,3,3,0,0,10,4,6,9,3.0
21,1,VfL Wolfsburg,2,2. Bundesliga,3,3,2,1,0,6,2,4,7,2.33
22,5,1. FC Heidenheim 1846,2,2. Bundesliga,4,3,2,0,1,10,10,0,6,2.0
23,5,1. FC Magdeburg,2,2. Bundesliga,5,3,2,0,1,6,6,0,6,2.0
24,8,1. FC Kaiserslautern,2,2. Bundesliga,6,3,1,2,0,2,1,1,5,1.67
25,9,SpVgg Greuther Fürth,2,2. Bundesliga,7,3,1,1,1,7,8,-1,4,1.33
26,-5,Karlsruher SC,2,2. Bundesliga,8,3,1,1,1,4,6,-2,4,1.33
27,-4,Eintracht Braunschweig,2,2. Bundesliga,9,3,1,0,2,9,7,2,3,1.0
28,-4,DSC Arminia Bielefeld,2,2. Bundesliga,10,3,1,0,2,5,6,-1,3,1.0
29,-4,VfL Bochum,2,2. Bundesliga,11,3,1,0,2,1,2,-1,3,1.0
30,-4,Energie Cottbus,2,2. Bundesliga,12,3,1,0,2,6,8,-2,3,1.0
31,4,Hannover 96,2,2. Bundesliga,13,3,1,0,2,2,4,-2,3,1.0
32,4,VfL Osnabrück,2,2. Bundesliga,14,3,1,0,2,4,7,-3,3,1.0
33,-4,Dynamo Dresden,2,2. Bundesliga,15,3,1,0,2,4,8,-4,3,1.0
34,-3,FC St. Pauli,2,2. Bundesliga,16,3,0,2,1,4,5,-1,2,0.67
35,-5,Holstein Kiel,2,2. Bundesliga,17,3,0,2,1,4,6,-2,2,0.67
36,-3,SV Darmstadt 98,2,2. Bundesliga,18,3,0,1,2,2,4,-2,1,0.33
37,0,MSV Duisburg,3,3. Liga,1,3,3,0,0,10,2,8,9,3.0
38,4,Hansa Rostock,3,3. Liga,2,3,2,1,0,10,7,3,7,2.33
39,6,TSG 1899 Hoffenheim II,3,3. Liga,3,3,2,0,1,9,4,5,6,2.0
40,6,Viktoria Köln,3,3. Liga,4,3,2,0,1,9,7,2,6,2.0
41,-3,1. FC Saarbrücken,3,3. Liga,5,3,2,0,1,8,6,2,6,2.0
42,6,SV Meppen,3,3. Liga,6,3,2,0,1,5,3,2,6,2.0
43,8,FC Ingolstadt 04,3,3. Liga,7,3,1,2,0,5,3,2,5,1.67
44,-5,Würzburger Kickers,3,3. Liga,8,3,1,1,1,6,5,1,4,1.33
45,-2,SV Waldhof Mannheim,3,3. Liga,9,3,1,1,1,7,7,0,4,1.33
46,-6,Alemannia Aachen,3,3. Liga,10,3,1,1,1,5,5,0,4,1.33
47,5,Fortuna Köln,3,3. Liga,11,3,1,1,1,3,3,0,4,1.33
48,-7,Preußen Münster,3,3. Liga,12,3,1,1,1,5,6,-1,4,1.33
49,1,Rot-Weiss Essen,3,3. Liga,13,3,1,1,1,3,5,-2,4,1.33
50,3,TSV Havelse,3,3. Liga,14,3,1,0,2,5,6,-1,3,1.0
51,-7,Jahn Regensburg,3,3. Liga,15,3,1,0,2,6,8,-2,3,1.0
52,-5,VfB Stuttgart II,3,3. Liga,16,3,1,0,2,4,6,-2,3,1.0
53,1,Fortuna Düsseldorf,3,3. Liga,17,3,1,0,2,2,4,-2,3,1.0
54,-5,SG Sonnenhof Großaspach,3,3. Liga,18,3,1,0,2,1,4,-3,3,1.0
55,1,SV Wehen Wiesbaden,3,3. Liga,19,3,0,1,2,1,7,-6,1,0.33
56,-1,SC Verl,3,3. Liga,20,3,0,0,3,4,10,-6,0,0.0
57,,Kickers Offenbach,4,Regionalliga Südwest,1,4,4,0,0,11,2,9,12,3.0
58,0,SC Weiche Flensburg 08,4,Regionalliga Nord,1,6,5,1,0,18,6,12,16,2.67
59,1,VfB Oldenburg,4,Regionalliga Nord,2,5,4,1,0,14,4,10,13,2.6
60,,FC Gütersloh,4,Regionalliga West,1,5,4,1,0,10,3,7,13,2.6
61,0,FSV Schöningen,4,Regionalliga Nord,3,5,4,1,0,10,4,6,13,2.6
62,,SGV Heilbronn-Freiberg,4,Regionalliga Südwest,2,4,3,1,0,10,1,9,10,2.5
63,,SV Stuttgarter Kickers,4,Regionalliga Südwest,3,4,3,1,0,10,6,4,10,2.5
64,-7,Rot-Weiß Erfurt,4,Regionalliga Nordost,1,7,5,2,0,23,5,18,17,2.43
65,-6,Chemnitzer FC,4,Regionalliga Nordost,2,7,5,2,0,16,3,13,17,2.43
66,,TSV Buchbach,4,Regionalliga Bayern,1,6,4,2,0,14,5,9,14,2.33
67,,FC Memmingen,4,Regionalliga Bayern,2,6,4,1,1,10,6,4,13,2.17
68,,Borussia Mönchengladbach U23,4,Regionalliga West,2,5,3,1,1,11,5,6,10,2.0
69,,SC Rot-Weiß Oberhausen,4,Regionalliga West,3,5,3,1,1,9,4,5,10,2.0
70,,Borussia Dortmund U23,4,Regionalliga West,5,4,2,2,0,7,3,4,8,2.0
71,-8,VSG Altglienicke Berlin,4,Regionalliga Nordost,4,6,3,3,0,14,9,5,12,2.0
72,,SV Eintracht-Trier,4,Regionalliga Südwest,5,3,2,0,1,4,2,2,6,2.0
73,,SV Westfalia Rhynern,4,Regionalliga West,7,4,2,2,0,8,6,2,8,2.0
74,,DJK Vilzing,4,Regionalliga Bayern,3,6,4,0,2,11,9,2,12,2.0
75,0,FSV Zwickau,4,Regionalliga Nordost,3,7,4,1,2,8,9,-1,13,1.86
76,,FV Illertissen,4,Regionalliga Bayern,4,6,3,2,1,12,6,6,11,1.83
77,-6,Greifswalder FC,4,Regionalliga Nordost,5,6,3,2,1,13,8,5,11,1.83
78,-16,Hannover 96 II,4,Regionalliga Nord,4,6,3,2,1,10,5,5,11,1.83
79,-14,Erzgebirge Aue,4,Regionalliga Nordost,6,6,3,2,1,11,9,2,11,1.83
80,,FC Augsburg 2,4,Regionalliga Bayern,5,6,3,2,1,13,12,1,11,1.83
81,,1. FC Schweinfurt 1905,4,Regionalliga Bayern,6,6,3,2,1,12,11,1,11,1.83
82,,TSV 1860 München,4,Regionalliga Bayern,7,5,2,3,0,11,7,4,9,1.8
83,,FC Schalke 04 U23,4,Regionalliga West,4,5,3,0,2,13,11,2,9,1.8
84,-11,Eimsbütteler TV,4,Regionalliga Nord,5,5,3,0,2,10,10,0,9,1.8
85,-18,1. FC Phönix Lübeck,4,Regionalliga Nord,7,4,2,1,1,7,2,5,7,1.75
86,-18,HSC Hannover,4,Regionalliga Nord,8,4,2,1,1,8,6,2,7,1.75
87,-21,FC Carl Zeiss Jena,4,Regionalliga Nordost,7,6,3,1,2,9,5,4,10,1.67
88,-14,1. FC Magdeburg II,4,Regionalliga Nordost,8,6,3,1,2,13,10,3,10,1.67
89,-25,1. FC Lok Leipzig,4,Regionalliga Nordost,9,6,3,1,2,12,11,1,10,1.67
90,,1. FC Bocholt,4,Regionalliga West,6,5,2,2,1,13,11,2,8,1.6
91,,1. FC Köln U23,4,Regionalliga West,8,5,2,2,1,7,8,-1,8,1.6
92,,SpVgg Unterhaching,4,Regionalliga Bayern,10,5,2,2,1,3,4,-1,8,1.6
93,,SC Freiburg II,4,Regionalliga Südwest,4,4,1,3,0,8,4,4,6,1.5
94,-18,Hallescher FC,4,Regionalliga Nordost,10,6,2,3,1,7,5,2,9,1.5
95,,TSV Steinbach Haiger,4,Regionalliga Südwest,6,4,1,3,0,5,4,1,6,1.5
96,,SC Eltersdorf,4,Regionalliga Bayern,8,6,2,3,1,8,7,1,9,1.5
97,,FC 08 Homburg,4,Regionalliga Südwest,7,4,2,0,2,5,6,-1,6,1.5
98,-29,SV Todesfelde,4,Regionalliga Nord,9,5,2,1,2,12,13,-1,7,1.4
99,-19,BFC Dynamo,4,Regionalliga Nordost,11,6,2,2,2,8,8,0,8,1.33
100,-30,Atlas Delmenhorst,4,Regionalliga Nord,6,6,2,2,2,8,9,-1,8,1.33
101,,TSV Schwaben Augsburg,4,Regionalliga Bayern,9,6,2,2,2,7,8,-1,8,1.33
102,,VfB Eichstätt,4,Regionalliga Bayern,11,6,2,2,2,7,9,-2,8,1.33
103,,FSV Frankfurt,4,Regionalliga Südwest,8,4,1,2,1,8,6,2,5,1.25
104,,SG Barockstadt Fulda-Lehnerz,4,Regionalliga Südwest,9,4,1,2,1,8,8,0,5,1.25
105,,VfR Aalen,4,Regionalliga Südwest,10,4,1,2,1,5,6,-1,5,1.25
106,-34,SpVgg Drochtersen/Assel,4,Regionalliga Nord,10,5,2,0,3,8,8,0,6,1.2
107,,VfB 03 Hilden,4,Regionalliga West,9,5,1,3,1,4,4,0,6,1.2
108,,SV Wacker Burghausen,4,Regionalliga Bayern,12,6,2,1,3,14,12,2,7,1.17
109,,SpVgg Bayreuth,4,Regionalliga Bayern,13,6,2,1,3,10,9,1,7,1.17
110,,TSV Aubstadt,4,Regionalliga Bayern,14,5,1,2,2,10,10,0,5,1.0
111,,VfL Bochum 1848 U23,4,Regionalliga West,10,5,1,2,2,7,8,-1,5,1.0
112,-35,RSV Eintracht 1949,4,Regionalliga Nordost,12,6,1,3,2,9,11,-2,6,1.0
113,-34,Eintracht Norderstedt,4,Regionalliga Nord,12,5,1,2,2,11,13,-2,5,1.0
114,,SV Rödinghausen,4,Regionalliga West,11,5,1,2,2,6,8,-2,5,1.0
115,,Sportfreunde Siegen,4,Regionalliga West,12,5,1,2,2,5,7,-2,5,1.0
116,,SC Paderborn 07 U23,4,Regionalliga West,13,5,1,2,2,8,11,-3,5,1.0
117,-35,Kickers Emden,4,Regionalliga Nord,11,6,1,3,2,15,19,-4,6,1.0
118,,KSV Hessen Kassel,4,Regionalliga Südwest,14,3,1,0,2,5,7,-2,3,1.0
119,,SV Sandhausen,4,Regionalliga Südwest,11,4,1,1,2,7,10,-3,4,1.0
120,,FC Bayern München 2,4,Regionalliga Bayern,15,5,1,1,3,4,6,-2,4,0.8
121,,1. FC Nürnberg 2,4,Regionalliga Bayern,16,5,1,1,3,6,9,-3,4,0.8
122,,SG Wattenscheid 09,4,Regionalliga West,14,5,1,1,3,6,9,-3,4,0.8
123,-33,Hamburger SV II,4,Regionalliga Nord,13,5,1,1,3,8,12,-4,4,0.8
124,-39,SSV Jeddeloh II,4,Regionalliga Nord,14,5,1,1,3,6,11,-5,4,0.8
125,-44,Bremer SV,4,Regionalliga Nord,15,5,1,1,3,2,7,-5,4,0.8
126,,SV Bergisch Gladbach,4,Regionalliga West,15,5,1,1,3,6,12,-6,4,0.8
127,,VfR Mannheim,4,Regionalliga Südwest,12,4,0,3,1,3,4,-1,3,0.75
128,,Eintracht Frankfurt II,4,Regionalliga Südwest,13,4,1,0,3,6,8,-2,3,0.75
129,,1. FSV Mainz 05 II,4,Regionalliga Südwest,15,4,1,0,3,5,9,-4,3,0.75
130,-52,SV Babelsberg 03,4,Regionalliga Nordost,13,7,1,2,4,9,12,-3,5,0.71
131,-48,Hertha BSC II,4,Regionalliga Nordost,14,7,1,2,4,5,15,-10,5,0.71
132,,Bonner SC,4,Regionalliga West,16,5,0,3,2,8,10,-2,3,0.6
133,,VfL Sportfreunde Lotte,4,Regionalliga West,17,5,0,3,2,4,6,-2,3,0.6
134,-50,FC St. Pauli II,4,Regionalliga Nord,16,5,1,0,4,8,13,-5,3,0.6
135,12,Werder Bremen II,4,Regionalliga Nord,17,5,1,0,4,5,10,-5,3,0.6
136,-49,Tasmania Berlin,4,Regionalliga Nordost,17,5,1,0,4,6,18,-12,3,0.6
137,,TSV 1882 Landsberg,4,Regionalliga Bayern,17,6,0,3,3,5,9,-4,3,0.5
138,,FC-Astoria Walldorf,4,Regionalliga Südwest,16,4,0,2,2,4,8,-4,2,0.5
139,,SSV Ulm 1846 Fussball,4,Regionalliga Südwest,17,4,0,2,2,4,8,-4,2,0.5
140,,SpVgg Greuther Fürth 2,4,Regionalliga Bayern,18,6,1,0,5,6,12,-6,3,0.5
141,-55,FSV 63 Luckenwalde,4,Regionalliga Nordost,16,6,1,0,5,5,16,-11,3,0.5
142,,1. FC Kaiserslautern II,4,Regionalliga Südwest,18,4,0,2,2,3,12,-9,2,0.5
143,-54,BFC Preussen,4,Regionalliga Nordost,15,7,0,3,4,5,12,-7,3,0.43
144,,SC Wiedenbrück,4,Regionalliga West,18,5,0,2,3,6,12,-6,2,0.4
145,-57,VfB Lübeck,4,Regionalliga Nord,18,5,0,2,3,3,11,-8,2,0.4
146,-55,BSG Chemie Leipzig,4,Regionalliga Nordost,18,7,0,2,5,2,9,-7,2,0.29
147,,SpVgg Ansbach,4,Regionalliga Bayern,19,5,0,0,5,3,15,-12,0,0.0
148,,VfL 08 Vichttal,5,Mittelrheinliga,1,1,1,0,0,6,2,4,3,3.0
149,,Frechen 20,5,Mittelrheinliga,2,1,1,0,0,4,0,4,3,3.0
150,,SSV Bornheim,5,Mittelrheinliga,3,1,1,0,0,4,1,3,3,3.0
151,,Fortuna Düsseldorf U23,5,Oberliga Niederrhein,3,2,2,0,0,5,0,5,6,3.0
152,,Siegburger SV,5,Mittelrheinliga,4,1,1,0,0,2,0,2,3,3.0
153,,S.C. Fortuna Köln II,5,Mittelrheinliga,5,1,1,0,0,3,2,1,3,3.0
154,,SpVg Schonnebeck,5,Oberliga Niederrhein,1,3,2,1,0,10,6,4,7,2.33
155,,Sportfreunde Baumberg,5,Oberliga Niederrhein,2,3,2,1,0,7,4,3,7,2.33
156,,SpVgg Vreden,5,Oberliga Westfalen,1,4,3,0,1,11,7,4,9,2.25
157,,SC Verl II,5,Oberliga Westfalen,2,4,3,0,1,7,4,3,9,2.25
158,,FC Eintracht Rheine,5,Oberliga Westfalen,3,4,3,0,1,8,6,2,9,2.25
159,,SSVg Velbert 02,5,Oberliga Niederrhein,4,3,2,0,1,8,6,2,6,2.0
160,,SC St. Tönis 11/20,5,Oberliga Niederrhein,9,2,1,1,0,6,5,1,4,2.0
161,,Spvgg. Erkenschwick 1916,5,Oberliga Westfalen,4,4,2,2,0,4,2,2,8,2.0
162,,TSG Sprockhövel,5,Oberliga Westfalen,5,4,2,1,1,13,6,7,7,1.75
163,,1. FC Gievenbeck,5,Oberliga Westfalen,6,4,2,1,1,8,3,5,7,1.75
164,,SC RW Maaslingen,5,Oberliga Westfalen,7,4,2,1,1,10,7,3,7,1.75
165,,SV Lippstadt,5,Oberliga Westfalen,8,4,2,1,1,4,3,1,7,1.75
166,,SC Westfalia Kinderhaus,5,Oberliga Westfalen,9,4,2,1,1,5,6,-1,7,1.75
167,,SV Scherpenberg,5,Oberliga Niederrhein,5,3,1,2,0,6,4,2,5,1.67
168,,1. FC Monheim,5,Oberliga Niederrhein,6,3,1,2,0,6,5,1,5,1.67
169,,FC Büderich,5,Oberliga Niederrhein,7,3,1,2,0,6,5,1,5,1.67
170,,Krefelder FC Uerdingen,5,Oberliga Niederrhein,10,2,1,0,1,6,3,3,3,1.5
171,,VfL Viktoria Jüchen-Garzweiler,5,Oberliga Niederrhein,13,2,1,0,1,4,5,-1,3,1.5
172,,BW Dingden,5,Oberliga Niederrhein,8,3,1,1,1,3,1,2,4,1.33
173,,SC Preußen Münster II,5,Oberliga Westfalen,10,4,1,2,1,7,6,1,5,1.25
174,,DJK TuS Hordel,5,Oberliga Westfalen,11,4,1,2,1,6,5,1,5,1.25
175,,DSC Arminia Bielefeld U21,5,Oberliga Westfalen,12,4,1,1,2,7,6,1,4,1.0
176,,SC Bor. Lindenthal-Hohenlind,5,Mittelrheinliga,6,1,0,1,0,2,2,0,1,1.0
177,,SpVg. Porz,5,Mittelrheinliga,7,1,0,1,0,2,2,0,1,1.0
178,,Ratingen 04/19,5,Oberliga Niederrhein,11,3,0,3,0,5,5,0,3,1.0
179,,FC Wegberg-Beeck,5,Mittelrheinliga,8,1,0,1,0,1,1,0,1,1.0
180,,SV Eintracht Hohkeppel,5,Mittelrheinliga,9,1,0,1,0,1,1,0,1,1.0
181,,SV Sonsbeck,5,Oberliga Niederrhein,12,3,0,3,0,3,3,0,3,1.0
182,,FC Hennef,5,Mittelrheinliga,10,1,0,1,0,0,0,0,1,1.0
183,,FC Hürth,5,Mittelrheinliga,11,1,0,1,0,0,0,0,1,1.0
184,,Victoria Clarholz,5,Oberliga Westfalen,13,4,1,1,2,7,9,-2,4,1.0
185,,1. Spvg. Solingen-Wald,5,Oberliga Niederrhein,14,3,1,0,2,4,6,-2,3,1.0
186,,TuS Ennepetal,5,Oberliga Westfalen,14,4,0,3,1,5,6,-1,3,0.75
187,,SpVgg Horsthausen,5,Oberliga Westfalen,15,4,1,0,3,5,8,-3,3,0.75
188,,ASC 09 Dortmund,5,Oberliga Westfalen,16,4,1,0,3,8,12,-4,3,0.75
189,,TuS Hiltrup,5,Oberliga Westfalen,17,4,1,0,3,2,12,-10,3,0.75
190,,ETB SW Essen,5,Oberliga Niederrhein,15,3,0,1,2,5,10,-5,1,0.33
191,,TSV Meerbusch,5,Oberliga Niederrhein,16,3,0,1,2,2,7,-5,1,0.33
192,,FSV Neunkirchen-Seelscheid,5,Mittelrheinliga,12,1,0,0,1,2,3,-1,0,0.0
193,,Wuppertaler SV,5,Oberliga Niederrhein,17,3,0,0,3,1,5,-4,0,0.0
194,,SSV Merten,5,Mittelrheinliga,13,1,0,0,1,0,2,-2,0,0.0
195,,Sportverein Schermbeck,5,Oberliga Westfalen,18,4,0,0,4,2,11,-9,0,0.0
196,,Holzheimer SG,5,Oberliga Niederrhein,18,3,0,0,3,4,11,-7,0,0.0
197,,TuS BW Königsdorf,5,Mittelrheinliga,14,1,0,0,1,1,4,-3,0,0.0
198,,1. FC Düren,5,Mittelrheinliga,15,1,0,0,1,2,6,-4,0,0.0
199,,TuS Chlodwig Zülpich,5,Mittelrheinliga,16,1,0,0,1,0,4,-4,0,0.0
200,,SC Blau-Weiß Köln,6,"Landesliga, Staffel 1 · Mittelrhein",1,1,1,0,0,5,0,5,3,3.0
201,,FV Bonn-Endenich,6,"Landesliga, Staffel 1 · Mittelrhein",2,1,1,0,0,4,0,4,3,3.0
202,,DJK Adler Union Frintrop,6,Landesliga Gruppe 2 · Niederrhein,1,3,3,0,0,14,3,11,9,3.0
203,,FV Bad Honnef,6,"Landesliga, Staffel 1 · Mittelrhein",3,1,1,0,0,4,1,3,3,3.0
204,,SSV Homburg-Nümbrecht,6,"Landesliga, Staffel 1 · Mittelrhein",4,1,1,0,0,4,1,3,3,3.0
205,,Türkischer SV Düren,6,"Landesliga, Staffel 2 · Mittelrhein",1,1,1,0,0,4,1,3,3,3.0
206,,DV Solingen,6,Landesliga Gruppe 2 · Niederrhein,2,3,3,0,0,11,3,8,9,3.0
207,,Rheinland Hamborn,6,Landesliga Gruppe 1 · Niederrhein,1,3,3,0,0,11,3,8,9,3.0
208,,DJK Arminia Klosterhardt,6,Landesliga Gruppe 1 · Niederrhein,2,3,3,0,0,10,3,7,9,3.0
209,,FC Pesch,6,"Landesliga, Staffel 1 · Mittelrhein",5,1,1,0,0,4,2,2,3,3.0
210,,SV Eilendorf,6,"Landesliga, Staffel 2 · Mittelrhein",2,1,1,0,0,4,2,2,3,3.0
211,,Germania Lich-Steinstraß,6,"Landesliga, Staffel 2 · Mittelrhein",3,1,1,0,0,3,1,2,3,3.0
212,,SC Elsdorf,6,"Landesliga, Staffel 2 · Mittelrhein",4,1,1,0,0,3,1,2,3,3.0
213,,TuS Mondorf,6,"Landesliga, Staffel 1 · Mittelrhein",6,1,1,0,0,3,1,2,3,3.0
214,,GW Brauweiler,6,"Landesliga, Staffel 1 · Mittelrhein",7,1,1,0,0,2,0,2,3,3.0
215,,Eintracht Verlautenheide,6,"Landesliga, Staffel 2 · Mittelrhein",5,1,1,0,0,3,2,1,3,3.0
216,,FC Roj,6,Westfalenliga Herren Staffel 2,1,4,4,0,0,9,5,4,12,3.0
217,,SC Fliesteden,6,"Landesliga, Staffel 2 · Mittelrhein",6,1,1,0,0,2,1,1,3,3.0
218,,SC Rheinbach,6,"Landesliga, Staffel 1 · Mittelrhein",8,1,1,0,0,2,1,1,3,3.0
219,,TuS Erndtebrück,6,Westfalenliga Herren Staffel 2,2,4,3,1,0,14,5,9,10,2.5
220,,SC Herford,6,Westfalenliga Herren Staffel 1,1,4,3,1,0,12,3,9,10,2.5
221,,SC Velbert,6,Landesliga Gruppe 2 · Niederrhein,3,3,2,1,0,9,1,8,7,2.33
222,,SC 1911 Kapellen-Erft,6,Landesliga Gruppe 2 · Niederrhein,4,3,2,1,0,9,4,5,7,2.33
223,,SF Niederwenigern,6,Landesliga Gruppe 2 · Niederrhein,5,3,2,1,0,6,4,2,7,2.33
224,,SV Wacker Obercastrop,6,Westfalenliga Herren Staffel 2,3,4,3,0,1,11,4,7,9,2.25
225,,FC Iserlohn,6,Westfalenliga Herren Staffel 2,4,4,3,0,1,11,5,6,9,2.25
226,,FSC Rheda,6,Westfalenliga Herren Staffel 1,2,4,3,0,1,9,7,2,9,2.25
227,,Lüner SV,6,Westfalenliga Herren Staffel 1,3,4,3,0,1,12,13,-1,9,2.25
228,,SV Eintracht Ahaus,6,Westfalenliga Herren Staffel 1,4,4,3,0,1,7,8,-1,9,2.25
229,,SC Peckeloh,6,Westfalenliga Herren Staffel 1,5,4,2,2,0,12,5,7,8,2.0
230,,SV Budberg,6,Landesliga Gruppe 1 · Niederrhein,3,3,2,0,1,7,4,3,6,2.0
231,,SC Victoria Mennrath,6,Landesliga Gruppe 1 · Niederrhein,4,3,2,0,1,8,7,1,6,2.0
232,,VFB Homberg,6,Landesliga Gruppe 1 · Niederrhein,5,3,2,0,1,6,5,1,6,2.0
233,,VfB Speldorf,6,Landesliga Gruppe 1 · Niederrhein,6,3,2,0,1,6,6,0,6,2.0
234,,DJK Neuss-Gnadental,6,Landesliga Gruppe 2 · Niederrhein,6,3,2,0,1,5,6,-1,6,2.0
235,,Rot Weiss Ahlen,6,Westfalenliga Herren Staffel 1,6,4,2,1,1,13,7,6,7,1.75
236,,DSC Wanne-Eickel,6,Westfalenliga Herren Staffel 2,5,4,2,1,1,7,3,4,7,1.75
237,,SG Finnentrop/Bamenohl,6,Westfalenliga Herren Staffel 2,6,4,2,1,1,15,12,3,7,1.75
238,,SC Obersprockhövel,6,Westfalenliga Herren Staffel 2,7,4,2,1,1,8,5,3,7,1.75
239,,VfL Theesen,6,Westfalenliga Herren Staffel 1,7,4,2,1,1,7,5,2,7,1.75
240,,1. FC Kleve 63/03,6,Landesliga Gruppe 1 · Niederrhein,7,3,1,2,0,6,3,3,5,1.67
241,,SuS Neuenkirchen,6,Westfalenliga Herren Staffel 1,8,4,2,0,2,6,6,0,6,1.5
242,,Grün-Weiß Nottuln,6,Westfalenliga Herren Staffel 1,9,4,2,0,2,4,5,-1,6,1.5
243,,SV Vestia Disteln,6,Westfalenliga Herren Staffel 2,8,4,2,0,2,11,13,-2,6,1.5
244,,SV Germania Salchendorf,6,Westfalenliga Herren Staffel 2,9,4,2,0,2,8,13,-5,6,1.5
245,,ASV Süchteln,6,Landesliga Gruppe 1 · Niederrhein,8,3,1,1,1,8,3,5,4,1.33
246,,Rot-Weiss Essen 2,6,Landesliga Gruppe 2 · Niederrhein,7,3,1,1,1,6,4,2,4,1.33
247,,ESC Rellinghausen,6,Landesliga Gruppe 2 · Niederrhein,8,3,1,1,1,4,4,0,4,1.33
248,,FC Kosova Düsseldorf,6,Landesliga Gruppe 2 · Niederrhein,9,3,1,1,1,3,3,0,4,1.33
249,,SC Union Nettetal,6,Landesliga Gruppe 1 · Niederrhein,9,3,1,1,1,3,3,0,4,1.33
250,,1. FC Lintfort,6,Landesliga Gruppe 1 · Niederrhein,10,3,1,1,1,6,7,-1,4,1.33
251,,TSV Solingen,6,Landesliga Gruppe 2 · Niederrhein,10,3,1,1,1,4,5,-1,4,1.33
252,,DJK Blau-Weiß Mintard,6,Landesliga Gruppe 2 · Niederrhein,11,3,1,1,1,3,5,-2,4,1.33
253,,DJK SF Katernberg,6,Landesliga Gruppe 2 · Niederrhein,12,3,1,1,1,4,8,-4,4,1.33
254,,Holzwickeder Sport Club,6,Westfalenliga Herren Staffel 2,10,4,1,2,1,8,8,0,5,1.25
255,,Germania Eicherscheid,6,"Landesliga, Staffel 2 · Mittelrhein",7,1,0,1,0,3,3,0,1,1.0
256,,SV Helpenstein,6,"Landesliga, Staffel 2 · Mittelrhein",8,1,0,1,0,3,3,0,1,1.0
257,,SF Ostinghausen,6,Westfalenliga Herren Staffel 1,10,4,1,1,2,8,8,0,4,1.0
258,,Teutonia Weiden,6,"Landesliga, Staffel 2 · Mittelrhein",9,1,0,1,0,1,1,0,1,1.0
259,,Union Schafhausen,6,"Landesliga, Staffel 2 · Mittelrhein",10,1,0,1,0,1,1,0,1,1.0
260,,Türkspor Dortmund,6,Westfalenliga Herren Staffel 2,11,4,1,1,2,7,8,-1,4,1.0
261,,SV Rödinghausen II,6,Westfalenliga Herren Staffel 1,11,4,1,1,2,6,7,-1,4,1.0
262,,SuS Bad Westernkotten,6,Westfalenliga Herren Staffel 1,12,4,1,1,2,4,5,-1,4,1.0
263,,Duisburger FV 08,6,Landesliga Gruppe 1 · Niederrhein,11,3,1,0,2,6,7,-1,3,1.0
264,,VSF Amern,6,Landesliga Gruppe 1 · Niederrhein,12,3,1,0,2,3,4,-1,3,1.0
265,,SG Unterrath,6,Landesliga Gruppe 2 · Niederrhein,13,3,1,0,2,4,7,-3,3,1.0
266,,Sportfreunde 06 Neuwerk,6,Landesliga Gruppe 1 · Niederrhein,13,3,1,0,2,3,6,-3,3,1.0
267,,SV Viktoria Goch,6,Landesliga Gruppe 1 · Niederrhein,14,3,1,0,2,4,9,-5,3,1.0
268,,FC RW Kirchlengern,6,Westfalenliga Herren Staffel 1,13,4,1,1,2,5,13,-8,4,1.0
269,,Mülheimer FC 97,6,Landesliga Gruppe 1 · Niederrhein,15,3,1,0,2,3,11,-8,3,1.0
270,,SV Mesum,6,Westfalenliga Herren Staffel 1,14,4,1,0,3,13,9,4,3,0.75
271,,SpVg. Hagen 1911,6,Westfalenliga Herren Staffel 2,12,4,1,0,3,6,9,-3,3,0.75
272,,VfL Rhede,6,Landesliga Gruppe 1 · Niederrhein,16,3,0,2,1,3,5,-2,2,0.67
273,,TSV Eller,6,Landesliga Gruppe 2 · Niederrhein,14,3,0,2,1,5,8,-3,2,0.67
274,,BSV Schüren,6,Westfalenliga Herren Staffel 2,13,4,0,2,2,6,11,-5,2,0.5
275,,SSV Bergisch Born,6,Landesliga Gruppe 2 · Niederrhein,15,3,0,1,2,5,8,-3,1,0.33
276,,SV Biemenhorst,6,Landesliga Gruppe 1 · Niederrhein,17,3,0,1,2,4,7,-3,1,0.33
277,,SSV Buer 07/28,6,Westfalenliga Herren Staffel 2,14,4,0,1,3,6,10,-4,1,0.25
278,,Concordia Wiemelhausen,6,Westfalenliga Herren Staffel 2,15,4,0,1,3,10,17,-7,1,0.25
279,,VfL Kamen,6,Westfalenliga Herren Staffel 2,16,4,0,1,3,2,11,-9,1,0.25
280,,FC Nordkirchen,6,Westfalenliga Herren Staffel 1,15,4,0,1,3,4,14,-10,1,0.25
281,,Rasensport Brand,6,"Landesliga, Staffel 2 · Mittelrhein",11,1,0,0,1,2,3,-1,0,0.0
282,,FC BW Friesdorf,6,"Landesliga, Staffel 1 · Mittelrhein",9,1,0,0,1,1,2,-1,0,0.0
283,,Germania Teveren,6,"Landesliga, Staffel 2 · Mittelrhein",12,1,0,0,1,1,2,-1,0,0.0
284,,SC Werden-Heidhausen,6,Landesliga Gruppe 2 · Niederrhein,16,3,0,0,3,3,6,-3,0,0.0
285,,VfB Bottrop,6,Landesliga Gruppe 1 · Niederrhein,18,3,0,0,3,2,6,-4,0,0.0
286,,FC Kaunitz,6,Westfalenliga Herren Staffel 1,16,4,0,0,4,5,12,-7,0,0.0
287,,SV Schlebusch,6,"Landesliga, Staffel 1 · Mittelrhein",10,1,0,0,1,2,4,-2,0,0.0
288,,Sportfreunde Düren,6,"Landesliga, Staffel 2 · Mittelrhein",13,1,0,0,1,2,4,-2,0,0.0
289,,SV Kurdistan Düren,6,"Landesliga, Staffel 2 · Mittelrhein",14,1,0,0,1,1,3,-2,0,0.0
290,,Sportfreunde Uevekoven,6,"Landesliga, Staffel 2 · Mittelrhein",15,1,0,0,1,1,3,-2,0,0.0
291,,TuS Marialinden,6,"Landesliga, Staffel 1 · Mittelrhein",11,1,0,0,1,1,3,-2,0,0.0
292,,TuS Oberpleis,6,"Landesliga, Staffel 1 · Mittelrhein",12,1,0,0,1,0,2,-2,0,0.0
293,,FC Kray,6,Landesliga Gruppe 2 · Niederrhein,17,3,0,0,3,2,9,-7,0,0.0
294,,Deutz 05,6,"Landesliga, Staffel 1 · Mittelrhein",13,1,0,0,1,1,4,-3,0,0.0
295,,SV Breinig Breinigerberg,6,"Landesliga, Staffel 2 · Mittelrhein",16,1,0,0,1,1,4,-3,0,0.0
296,,SV Schönenbach,6,"Landesliga, Staffel 1 · Mittelrhein",14,1,0,0,1,1,4,-3,0,0.0
297,,SV Solingen 08/10,6,Landesliga Gruppe 2 · Niederrhein,18,3,0,0,3,1,10,-9,0,0.0
298,,FV Wiehl,6,"Landesliga, Staffel 1 · Mittelrhein",15,1,0,0,1,0,4,-4,0,0.0
299,,1. FC Spich,6,"Landesliga, Staffel 1 · Mittelrhein",16,1,0,0,1,0,5,-5,0,0.0
300,,SV Fortuna Bottrop,7,Bezirksliga Gruppe 5 · Bezirk Niederrhein,1,3,3,0,0,32,6,26,9,3.0
301,,SV Leuscheid,7,"Bezirksliga, Staffel 2 · Bezirk Mittelrhein",1,1,1,0,0,7,0,7,3,3.0
302,,Germania Hilfarth,7,"Bezirksliga, Staffel 4 · Bezirk Mittelrhein",1,1,1,0,0,7,1,6,3,3.0
303,,FSV Vohwinkel,7,Bezirksliga Gruppe 2 · Bezirk Niederrhein,1,3,3,0,0,16,2,14,9,3.0
304,,SV Genc Osman Duisburg,7,Bezirksliga Gruppe 5 · Bezirk Niederrhein,5,2,2,0,0,13,4,9,6,3.0
305,,TV Hoffnungsthal,7,"Bezirksliga, Staffel 1 · Bezirk Mittelrhein",1,1,1,0,0,5,1,4,3,3.0
306,,FC Rheinsüd Köln,7,"Bezirksliga, Staffel 2 · Bezirk Mittelrhein",2,1,1,0,0,4,0,4,3,3.0
307,,VfR Wipperfürth,7,"Bezirksliga, Staffel 1 · Bezirk Mittelrhein",2,1,1,0,0,4,0,4,3,3.0
308,,TuS Eichlinghofen,7,IGA 2027 Landesliga Staffel 3 · Westfalen,1,4,4,0,0,15,2,13,12,3.0
309,,Horremer SV,7,"Bezirksliga, Staffel 3 · Bezirk Mittelrhein",1,1,1,0,0,5,2,3,3,3.0
310,,SSV Jan Wellem,7,"Bezirksliga, Staffel 1 · Bezirk Mittelrhein",3,1,1,0,0,4,1,3,3,3.0
311,,Duisburger SV 1900,7,Bezirksliga Gruppe 5 · Bezirk Niederrhein,2,3,3,0,0,11,2,9,9,3.0
312,,SV 08/29 Friedrichsfeld,7,Bezirksliga Gruppe 4 · Bezirk Niederrhein,1,3,3,0,0,12,4,8,9,3.0
313,,ASV Mettmann,7,Bezirksliga Gruppe 2 · Bezirk Niederrhein,2,3,3,0,0,10,2,8,9,3.0
314,,Tuspo Richrath,7,Bezirksliga Gruppe 2 · Bezirk Niederrhein,3,3,3,0,0,10,2,8,9,3.0
315,,TuRU Düsseldorf,7,Bezirksliga Gruppe 1 · Bezirk Niederrhein,2,2,2,0,0,6,1,5,6,3.0
316,,SuS 09 Dinslaken,7,Bezirksliga Gruppe 4 · Bezirk Niederrhein,2,3,3,0,0,7,0,7,9,3.0
317,,Delbrücker SC,7,IGA 2027 Landesliga Staffel 1 · Westfalen,1,4,4,0,0,12,3,9,12,3.0
318,,DJK Südwest Köln,7,"Bezirksliga, Staffel 1 · Bezirk Mittelrhein",4,1,1,0,0,4,2,2,3,3.0
319,,Kohlscheider BC,7,"Bezirksliga, Staffel 4 · Bezirk Mittelrhein",2,1,1,0,0,4,2,2,3,3.0
320,,SV Wachtberg,7,"Bezirksliga, Staffel 2 · Bezirk Mittelrhein",3,1,1,0,0,4,2,2,3,3.0
321,,BV Herne-Süd,7,IGA 2027 Landesliga Staffel 3 · Westfalen,2,4,4,0,0,12,4,8,12,3.0
322,,Concordia Oidtweiler,7,"Bezirksliga, Staffel 4 · Bezirk Mittelrhein",3,1,1,0,0,3,1,2,3,3.0
323,,FC Hürth II,7,"Bezirksliga, Staffel 1 · Bezirk Mittelrhein",5,1,1,0,0,3,1,2,3,3.0
324,,SC Alemannia Lendersdorf,7,"Bezirksliga, Staffel 3 · Bezirk Mittelrhein",2,1,1,0,0,3,1,2,3,3.0
325,,SC Fortuna Bonn,7,"Bezirksliga, Staffel 2 · Bezirk Mittelrhein",4,1,1,0,0,3,1,2,3,3.0
326,,SC Weiler-Volkhoven,7,"Bezirksliga, Staffel 1 · Bezirk Mittelrhein",6,1,1,0,0,3,1,2,3,3.0
327,,SV Frielingsdorf,7,"Bezirksliga, Staffel 1 · Bezirk Mittelrhein",7,1,1,0,0,3,1,2,3,3.0
328,,TuS Wickrath,7,Bezirksliga Gruppe 3 · Bezirk Niederrhein,1,3,3,0,0,9,3,6,9,3.0
329,,SV Burgaltendorf,7,Bezirksliga Gruppe 6 · Bezirk Niederrhein,1,3,3,0,0,8,2,6,9,3.0
330,,Spvgg. Sterkrade-Nord,7,Bezirksliga Gruppe 5 · Bezirk Niederrhein,3,3,3,0,0,7,1,6,9,3.0
331,,DJK FV Haaren,7,"Bezirksliga, Staffel 4 · Bezirk Mittelrhein",4,1,1,0,0,2,0,2,3,3.0
332,,Dynamo Erkelenz,7,"Bezirksliga, Staffel 4 · Bezirk Mittelrhein",5,1,1,0,0,2,0,2,3,3.0
333,,Kirchhörder SC,7,IGA 2027 Landesliga Staffel 3 · Westfalen,7,2,2,0,0,4,0,4,6,3.0
334,,SV Weiden,7,"Bezirksliga, Staffel 3 · Bezirk Mittelrhein",3,1,1,0,0,2,0,2,3,3.0
335,,TuRa Oberdrees,7,"Bezirksliga, Staffel 2 · Bezirk Mittelrhein",5,1,1,0,0,2,0,2,3,3.0
336,,SV Dorsten-Hardt,7,IGA 2027 Landesliga Staffel 4 · Westfalen,1,4,4,0,0,15,9,6,12,3.0
337,,SpVg. Olpe,7,IGA 2027 Landesliga Staffel 2 · Westfalen,3,3,3,0,0,7,3,4,9,3.0
338,,SV Hohenlimburg,7,IGA 2027 Landesliga Staffel 2 · Westfalen,4,3,3,0,0,6,2,4,9,3.0
339,,SV Falke Bergrath,7,"Bezirksliga, Staffel 4 · Bezirk Mittelrhein",6,1,1,0,0,4,3,1,3,3.0
340,,SV Lövenich/Widdersdorf,7,"Bezirksliga, Staffel 3 · Bezirk Mittelrhein",4,1,1,0,0,4,3,1,3,3.0
341,,Marokkanischer SV Bonn,7,"Bezirksliga, Staffel 2 · Bezirk Mittelrhein",6,1,1,0,0,3,2,1,3,3.0
342,,RG Wesseling,7,"Bezirksliga, Staffel 2 · Bezirk Mittelrhein",7,1,1,0,0,3,2,1,3,3.0
343,,F.C. Viktoria Birkesdorf,7,"Bezirksliga, Staffel 3 · Bezirk Mittelrhein",5,1,1,0,0,2,1,1,3,3.0
344,,SF Broekhuysen,7,Bezirksliga Gruppe 3 · Bezirk Niederrhein,2,3,3,0,0,6,3,3,9,3.0
345,,SV Rhenania Bessenich,7,"Bezirksliga, Staffel 3 · Bezirk Mittelrhein",6,1,1,0,0,2,1,1,3,3.0
346,,TuS 08 Langerwehe,7,"Bezirksliga, Staffel 3 · Bezirk Mittelrhein",7,1,1,0,0,2,1,1,3,3.0
347,,VfR Würselen,7,"Bezirksliga, Staffel 4 · Bezirk Mittelrhein",7,1,1,0,0,2,1,1,3,3.0
348,,SV Preußen Eiberg,7,Bezirksliga Gruppe 6 · Bezirk Niederrhein,2,3,3,0,0,5,2,3,9,3.0
349,,SC Neheim,7,IGA 2027 Landesliga Staffel 2 · Westfalen,1,4,3,1,0,18,2,16,10,2.5
350,,CSV Marathon Krefeld,7,Bezirksliga Gruppe 3 · Bezirk Niederrhein,3,3,2,1,0,15,6,9,7,2.33
351,,SC 1920 Oberhausen,7,Bezirksliga Gruppe 5 · Bezirk Niederrhein,4,3,2,1,0,13,7,6,7,2.33
352,,TUSEM Essen,7,Bezirksliga Gruppe 6 · Bezirk Niederrhein,3,3,2,1,0,8,2,6,7,2.33
353,,Rheydter SV,7,Bezirksliga Gruppe 3 · Bezirk Niederrhein,4,3,2,1,0,12,7,5,7,2.33
354,,Osterather SV Meerbusch,7,Bezirksliga Gruppe 3 · Bezirk Niederrhein,5,3,2,1,0,10,5,5,7,2.33
355,,SV Rot-Weiß Deuten,7,IGA 2027 Landesliga Staffel 4 · Westfalen,4,3,2,1,0,8,4,4,7,2.33
356,,SF 97/30 Lowick,7,Bezirksliga Gruppe 4 · Bezirk Niederrhein,3,3,2,1,0,6,3,3,7,2.33
357,,VdS 1920 Nievenheim,7,Bezirksliga Gruppe 1 · Bezirk Niederrhein,1,3,2,1,0,7,5,2,7,2.33
358,,Cronenberger SC,7,Bezirksliga Gruppe 2 · Bezirk Niederrhein,4,3,2,1,0,6,4,2,7,2.33
359,,Hammer SpVg,7,IGA 2027 Landesliga Staffel 4 · Westfalen,6,3,2,1,0,5,3,2,7,2.33
360,,Spielverein Westfalia Soest,7,IGA 2027 Landesliga Staffel 2 · Westfalen,2,4,3,0,1,14,4,10,9,2.25
361,,BV Bad Lippspringe,7,IGA 2027 Landesliga Staffel 1 · Westfalen,2,4,3,0,1,15,6,9,9,2.25
362,,SpVg Emsdetten 05,7,IGA 2027 Landesliga Staffel 4 · Westfalen,2,4,3,0,1,14,8,6,9,2.25
363,,SV Sodingen,7,IGA 2027 Landesliga Staffel 3 · Westfalen,3,4,3,0,1,11,7,4,9,2.25
364,,FC 96 Recklinghausen,7,IGA 2027 Landesliga Staffel 3 · Westfalen,4,4,3,0,1,6,4,2,9,2.25
365,,SVE Heessen,7,IGA 2027 Landesliga Staffel 4 · Westfalen,10,3,2,0,1,8,3,5,6,2.0
366,,SuS Haarzopf,7,Bezirksliga Gruppe 6 · Bezirk Niederrhein,4,3,2,0,1,13,9,4,6,2.0
367,,SV Rhenania Hamborn,7,Bezirksliga Gruppe 5 · Bezirk Niederrhein,6,3,2,0,1,12,8,4,6,2.0
368,,1. FC Wülfrath,7,Bezirksliga Gruppe 6 · Bezirk Niederrhein,5,3,2,0,1,7,3,4,6,2.0
369,,TuS Harpen,7,IGA 2027 Landesliga Staffel 3 · Westfalen,6,3,2,0,1,6,2,4,6,2.0
370,,Kevelaerer SV,7,Bezirksliga Gruppe 4 · Bezirk Niederrhein,4,3,2,0,1,10,7,3,6,2.0
371,,SV Thomasstadt Kempen,7,Bezirksliga Gruppe 3 · Bezirk Niederrhein,6,3,2,0,1,9,6,3,6,2.0
372,,FC Bor. Dröschede,7,IGA 2027 Landesliga Staffel 2 · Westfalen,7,3,2,0,1,7,4,3,6,2.0
373,,Hövelhofer SV,7,IGA 2027 Landesliga Staffel 1 · Westfalen,3,4,2,2,0,7,4,3,8,2.0
374,,SG Benrath-Hassels,7,Bezirksliga Gruppe 1 · Bezirk Niederrhein,3,3,2,0,1,9,7,2,6,2.0
375,,SV Heide-Paderborn,7,IGA 2027 Landesliga Staffel 1 · Westfalen,6,3,2,0,1,7,5,2,6,2.0
376,,FK Jugoslavija Wuppertal,7,Bezirksliga Gruppe 2 · Bezirk Niederrhein,5,3,2,0,1,6,4,2,6,2.0
377,,Ratingen 04/19 U23,7,Bezirksliga Gruppe 1 · Bezirk Niederrhein,8,2,1,1,0,3,2,1,4,2.0
378,,Westfalia Anholt,7,Bezirksliga Gruppe 4 · Bezirk Niederrhein,5,3,2,0,1,5,4,1,6,2.0
379,,Hamminkelner SV,7,Bezirksliga Gruppe 4 · Bezirk Niederrhein,6,3,2,0,1,8,8,0,6,2.0
380,,SSVg Velbert 02 II. (U23),7,Bezirksliga Gruppe 6 · Bezirk Niederrhein,6,3,2,0,1,6,6,0,6,2.0
381,,Breite Burschen Barmen,7,Bezirksliga Gruppe 2 · Bezirk Niederrhein,6,3,2,0,1,5,7,-2,6,2.0
382,,SV Burgsteinfurt,7,IGA 2027 Landesliga Staffel 4 · Westfalen,3,4,2,1,1,14,9,5,7,1.75
383,,Hombrucher SV,7,IGA 2027 Landesliga Staffel 3 · Westfalen,5,4,2,1,1,13,8,5,7,1.75
384,,SV Borussia Emsdetten,7,IGA 2027 Landesliga Staffel 4 · Westfalen,5,4,2,1,1,6,3,3,7,1.75
385,,Post TSV Detmold,7,IGA 2027 Landesliga Staffel 1 · Westfalen,4,4,2,1,1,7,5,2,7,1.75
386,,TSV Weißtal,7,IGA 2027 Landesliga Staffel 2 · Westfalen,5,4,2,1,1,7,5,2,7,1.75
387,,Ibbenbürener Spvg.,7,IGA 2027 Landesliga Staffel 4 · Westfalen,7,4,2,1,1,9,8,1,7,1.75
388,,SuS Stadtlohn,7,IGA 2027 Landesliga Staffel 4 · Westfalen,8,4,2,1,1,9,8,1,7,1.75
389,,SC Drolshagen,7,IGA 2027 Landesliga Staffel 2 · Westfalen,6,4,2,1,1,7,6,1,7,1.75
390,,TSV Raesfeld,7,IGA 2027 Landesliga Staffel 4 · Westfalen,9,4,2,1,1,8,9,-1,7,1.75
391,,VfB Rheingold Emmerich,7,Bezirksliga Gruppe 4 · Bezirk Niederrhein,7,3,1,2,0,12,7,5,5,1.67
392,,VfB 03 Hilden II,7,Bezirksliga Gruppe 2 · Bezirk Niederrhein,7,3,1,2,0,6,2,4,5,1.67
393,,Türkgücü Velbert,7,Bezirksliga Gruppe 6 · Bezirk Niederrhein,7,3,1,2,0,5,3,2,5,1.67
394,,FSV Duisburg,7,Bezirksliga Gruppe 5 · Bezirk Niederrhein,7,3,1,2,0,9,8,1,5,1.67
395,,Lohausener SV,7,Bezirksliga Gruppe 1 · Bezirk Niederrhein,4,3,1,2,0,6,5,1,5,1.67
396,,TSV Bayer Dormagen,7,Bezirksliga Gruppe 1 · Bezirk Niederrhein,5,3,1,2,0,5,4,1,5,1.67
397,,SV Hösel,7,Bezirksliga Gruppe 1 · Bezirk Niederrhein,6,3,1,2,0,4,3,1,5,1.67
398,,Schwarz-Weiss Alstaden,7,Bezirksliga Gruppe 5 · Bezirk Niederrhein,12,2,1,0,1,8,7,1,3,1.5
399,,TuS Lipperreihe,7,IGA 2027 Landesliga Staffel 1 · Westfalen,5,4,1,3,0,8,6,2,6,1.5
400,,TuS GW Pödinghausen,7,IGA 2027 Landesliga Staffel 1 · Westfalen,7,4,2,0,2,7,5,2,6,1.5
401,,FC Marl,7,IGA 2027 Landesliga Staffel 3 · Westfalen,8,4,2,0,2,8,8,0,6,1.5
402,,Königsborner SV,7,IGA 2027 Landesliga Staffel 3 · Westfalen,9,4,2,0,2,6,6,0,6,1.5
403,,TBV Lemgo,7,IGA 2027 Landesliga Staffel 1 · Westfalen,8,4,2,0,2,3,12,-9,6,1.5
404,,Rhenania Bottrop,7,Bezirksliga Gruppe 5 · Bezirk Niederrhein,8,3,1,1,1,24,6,18,4,1.33
405,,VfR Krefeld-Fischeln,7,Bezirksliga Gruppe 3 · Bezirk Niederrhein,7,3,1,1,1,11,7,4,4,1.33
406,,BW Dingden II,7,Bezirksliga Gruppe 4 · Bezirk Niederrhein,8,3,1,1,1,10,6,4,4,1.33
407,,DJK Fortuna Dilkrath,7,Bezirksliga Gruppe 3 · Bezirk Niederrhein,8,3,1,1,1,9,7,2,4,1.33
408,,TuRa Brüggen,7,Bezirksliga Gruppe 3 · Bezirk Niederrhein,9,3,1,1,1,7,5,2,4,1.33
409,,SC Sonnborn,7,Bezirksliga Gruppe 2 · Bezirk Niederrhein,8,3,1,1,1,6,4,2,4,1.33
410,,SV Germania Grefrath 1926 e.V.,7,Bezirksliga Gruppe 1 · Bezirk Niederrhein,7,3,1,1,1,7,6,1,4,1.33
411,,SVKT 07 Minden,7,IGA 2027 Landesliga Staffel 1 · Westfalen,11,3,1,1,1,7,6,1,4,1.33
412,,SG Hackenberg,7,Bezirksliga Gruppe 2 · Bezirk Niederrhein,9,3,1,1,1,8,8,0,4,1.33
413,,TuS Dornberg,7,IGA 2027 Landesliga Staffel 1 · Westfalen,12,3,1,1,1,7,7,0,4,1.33
414,,DSC 99 Düsseldorf,7,Bezirksliga Gruppe 1 · Bezirk Niederrhein,9,3,1,1,1,6,6,0,4,1.33
415,,MSV Düsseldorf,7,Bezirksliga Gruppe 1 · Bezirk Niederrhein,10,3,1,1,1,6,6,0,4,1.33
416,,TV Kalkum-Wittlaer,7,Bezirksliga Gruppe 1 · Bezirk Niederrhein,11,3,1,1,1,6,6,0,4,1.33
417,,VfL Tönisberg,7,Bezirksliga Gruppe 3 · Bezirk Niederrhein,10,3,1,1,1,6,6,0,4,1.33
418,,SG Essen-Schönebeck,7,Bezirksliga Gruppe 6 · Bezirk Niederrhein,8,3,1,1,1,5,5,0,4,1.33
419,,SV Budberg II,7,Bezirksliga Gruppe 4 · Bezirk Niederrhein,9,3,1,1,1,9,10,-1,4,1.33
420,,SV Wanne 1911,7,IGA 2027 Landesliga Staffel 3 · Westfalen,10,3,1,1,1,5,6,-1,4,1.33
421,,FC Remscheid,7,Bezirksliga Gruppe 2 · Bezirk Niederrhein,10,3,1,1,1,7,9,-2,4,1.33
422,,SV 1926 Rindern,7,Bezirksliga Gruppe 4 · Bezirk Niederrhein,10,3,1,1,1,6,8,-2,4,1.33
423,,VFB Homberg II,7,Bezirksliga Gruppe 5 · Bezirk Niederrhein,9,3,1,1,1,5,7,-2,4,1.33
424,,Dostlukspor Bottrop,7,Bezirksliga Gruppe 5 · Bezirk Niederrhein,10,3,1,1,1,6,9,-3,4,1.33
425,,TSV Krefeld-Bockum,7,Bezirksliga Gruppe 3 · Bezirk Niederrhein,11,3,1,1,1,3,6,-3,4,1.33
426,,SC St. Tönis 2,7,Bezirksliga Gruppe 3 · Bezirk Niederrhein,12,3,1,1,1,7,11,-4,4,1.33
427,,SV Rot-Weiß Wülfrath,7,Bezirksliga Gruppe 6 · Bezirk Niederrhein,9,3,1,1,1,5,9,-4,4,1.33
428,,SVG Neuss-Weissenberg,7,Bezirksliga Gruppe 1 · Bezirk Niederrhein,12,3,1,1,1,4,8,-4,4,1.33
429,,VfB Schloß Holte,7,IGA 2027 Landesliga Staffel 1 · Westfalen,9,4,1,2,1,5,6,-1,5,1.25
430,,SV Schmallenberg/Fredeburg,7,IGA 2027 Landesliga Staffel 2 · Westfalen,8,4,1,2,1,4,6,-2,5,1.25
431,,SuS 21 Oberhausen,7,Bezirksliga Gruppe 5 · Bezirk Niederrhein,11,3,1,0,2,20,14,6,3,1.0
432,,ASK Ahlen,7,IGA 2027 Landesliga Staffel 4 · Westfalen,11,4,1,1,2,12,7,5,4,1.0
433,,Ballspielverein Wevelinghoven 1913 e.V.,7,Bezirksliga Gruppe 1 · Bezirk Niederrhein,13,3,1,0,2,12,10,2,3,1.0
434,,DJK Sparta Bilk,7,Bezirksliga Gruppe 1 · Bezirk Niederrhein,14,3,1,0,2,12,10,2,3,1.0
435,,FC Altenbochum 20/28,7,IGA 2027 Landesliga Staffel 3 · Westfalen,11,3,1,0,2,7,5,2,3,1.0
436,,FC Preußen Espelkamp,7,IGA 2027 Landesliga Staffel 1 · Westfalen,15,3,1,0,2,7,6,1,3,1.0
437,,FC Bad Oeynhausen,7,IGA 2027 Landesliga Staffel 1 · Westfalen,10,4,1,1,2,8,7,1,4,1.0
438,,Mülheimer SV 07,7,Bezirksliga Gruppe 6 · Bezirk Niederrhein,10,3,1,0,2,9,9,0,3,1.0
439,,1. Spvg. Solingen-Wald 2,7,Bezirksliga Gruppe 2 · Bezirk Niederrhein,11,3,1,0,2,8,8,0,3,1.0
440,,SF Niederwenigern II.,7,Bezirksliga Gruppe 6 · Bezirk Niederrhein,11,3,1,0,2,8,8,0,3,1.0
441,,FC Hertha Rheidt,7,"Bezirksliga, Staffel 2 · Bezirk Mittelrhein",8,1,0,1,0,2,2,0,1,1.0
442,,TUS Buisdorf,7,"Bezirksliga, Staffel 2 · Bezirk Mittelrhein",9,1,0,1,0,2,2,0,1,1.0
443,,Heisinger SV,7,Bezirksliga Gruppe 6 · Bezirk Niederrhein,12,3,1,0,2,5,5,0,3,1.0
444,,CfB Ford Niehl,7,"Bezirksliga, Staffel 1 · Bezirk Mittelrhein",8,1,0,1,0,1,1,0,1,1.0
445,,Frechen 20 II,7,"Bezirksliga, Staffel 3 · Bezirk Mittelrhein",8,1,0,1,0,1,1,0,1,1.0
446,,Heiligenhauser SV,7,"Bezirksliga, Staffel 1 · Bezirk Mittelrhein",9,1,0,1,0,1,1,0,1,1.0
447,,TuS Chlodwig Zülpich II,7,"Bezirksliga, Staffel 3 · Bezirk Mittelrhein",9,1,0,1,0,1,1,0,1,1.0
448,,HSV Langenfeld 1959 e.V.,7,Bezirksliga Gruppe 2 · Bezirk Niederrhein,12,3,1,0,2,8,9,-1,3,1.0
449,,PSV Wesel-Lackhausen,7,Bezirksliga Gruppe 4 · Bezirk Niederrhein,11,3,1,0,2,5,6,-1,3,1.0
450,,TuS Stenern,7,Bezirksliga Gruppe 4 · Bezirk Niederrhein,12,3,1,0,2,5,6,-1,3,1.0
451,,DJK Rhede,7,Bezirksliga Gruppe 4 · Bezirk Niederrhein,13,3,1,0,2,4,5,-1,3,1.0
452,,Spvgg. Sterkrade-Nord II.,7,Bezirksliga Gruppe 6 · Bezirk Niederrhein,13,3,1,0,2,4,5,-1,3,1.0
453,,SF DJK Mastbruch,7,IGA 2027 Landesliga Staffel 1 · Westfalen,13,4,1,1,2,5,7,-2,4,1.0
454,,RSV Meinerzhagen,7,IGA 2027 Landesliga Staffel 2 · Westfalen,9,4,1,1,2,4,6,-2,4,1.0
455,,BV Gräfrath,7,Bezirksliga Gruppe 2 · Bezirk Niederrhein,13,3,1,0,2,9,11,-2,3,1.0
456,,VfB Frohnhausen,7,Bezirksliga Gruppe 6 · Bezirk Niederrhein,14,3,1,0,2,3,5,-2,3,1.0
457,,Vogelheimer SV,7,Bezirksliga Gruppe 6 · Bezirk Niederrhein,15,3,1,0,2,6,9,-3,3,1.0
458,,TuS Lohe,7,IGA 2027 Landesliga Staffel 1 · Westfalen,14,4,1,1,2,7,11,-4,4,1.0
459,,SV Westrich,7,IGA 2027 Landesliga Staffel 3 · Westfalen,12,3,1,0,2,4,8,-4,3,1.0
460,,RW Erlinghausen,7,IGA 2027 Landesliga Staffel 2 · Westfalen,10,4,1,1,2,5,11,-6,4,1.0
461,,SV Borussia Veen 1920,7,Bezirksliga Gruppe 4 · Bezirk Niederrhein,14,3,1,0,2,5,10,-5,3,1.0
462,,DJK Twisteden,7,Bezirksliga Gruppe 4 · Bezirk Niederrhein,15,3,1,0,2,5,12,-7,3,1.0
463,,DV Solingen 2,7,Bezirksliga Gruppe 2 · Bezirk Niederrhein,14,3,1,0,2,4,12,-8,3,1.0
464,,SG Massen,7,IGA 2027 Landesliga Staffel 3 · Westfalen,13,4,1,0,3,3,9,-6,3,0.75
465,,SG Bödefeld/Henne-Rartal,7,IGA 2027 Landesliga Staffel 2 · Westfalen,11,4,1,0,3,2,10,-8,3,0.75
466,,Westfalia Gemen,7,IGA 2027 Landesliga Staffel 4 · Westfalen,12,4,1,0,3,5,15,-10,3,0.75
467,,FC Brünninghausen,7,IGA 2027 Landesliga Staffel 3 · Westfalen,14,4,1,0,3,1,12,-11,3,0.75
468,,SC Türkiyemspor Essen,7,Bezirksliga Gruppe 6 · Bezirk Niederrhein,16,3,0,2,1,8,9,-1,2,0.67
469,,SSV Germania Wuppertal,7,Bezirksliga Gruppe 2 · Bezirk Niederrhein,15,3,0,2,1,5,6,-1,2,0.67
470,,SpVgg. Odenkirchen,7,Bezirksliga Gruppe 3 · Bezirk Niederrhein,13,3,0,2,1,3,4,-1,2,0.67
471,,TSV Weeze,7,Bezirksliga Gruppe 4 · Bezirk Niederrhein,16,3,0,2,1,4,8,-4,2,0.67
472,,VfL Senden,7,IGA 2027 Landesliga Staffel 4 · Westfalen,13,4,0,2,2,6,8,-2,2,0.5
473,,SuS Langscheid/Enkhausen,7,IGA 2027 Landesliga Staffel 2 · Westfalen,12,4,0,2,2,5,7,-2,2,0.5
474,,SC Altenrheine,7,IGA 2027 Landesliga Staffel 4 · Westfalen,14,4,0,2,2,4,8,-4,2,0.5
475,,BSV Menden,7,IGA 2027 Landesliga Staffel 2 · Westfalen,13,4,0,2,2,2,6,-4,2,0.5
476,,DJK Novesia,7,Bezirksliga Gruppe 1 · Bezirk Niederrhein,15,3,0,1,2,7,9,-2,1,0.33
477,,Spvgg Sterkrade 06/07,7,Bezirksliga Gruppe 5 · Bezirk Niederrhein,13,3,0,1,2,5,8,-3,1,0.33
478,,SSV Grefrath,7,Bezirksliga Gruppe 3 · Bezirk Niederrhein,14,3,0,1,2,4,7,-3,1,0.33
479,,GSV Moers,7,Bezirksliga Gruppe 5 · Bezirk Niederrhein,14,3,0,1,2,2,5,-3,1,0.33
480,,FC Neukirchen-Vluyn,7,Bezirksliga Gruppe 5 · Bezirk Niederrhein,15,3,0,1,2,3,9,-6,1,0.33
481,,Tus Asterlagen,7,Bezirksliga Gruppe 5 · Bezirk Niederrhein,16,3,0,1,2,0,6,-6,1,0.33
482,,SpVgg Steele 03/09,7,Bezirksliga Gruppe 6 · Bezirk Niederrhein,17,3,0,1,2,5,12,-7,1,0.33
483,,VfB Uerdingen,7,Bezirksliga Gruppe 3 · Bezirk Niederrhein,15,3,0,1,2,5,12,-7,1,0.33
484,,FC Aldekerk 1928/52,7,Bezirksliga Gruppe 3 · Bezirk Niederrhein,16,3,0,1,2,1,10,-9,1,0.33
485,,TuS Sundern,7,IGA 2027 Landesliga Staffel 2 · Westfalen,14,4,0,1,3,5,9,-4,1,0.25
486,,SC Münster 08,7,IGA 2027 Landesliga Staffel 4 · Westfalen,15,4,0,1,3,2,7,-5,1,0.25
487,,SV Brackel 06,7,IGA 2027 Landesliga Staffel 3 · Westfalen,15,4,0,1,3,1,7,-6,1,0.25
488,,SV Avenwedde,7,IGA 2027 Landesliga Staffel 1 · Westfalen,16,4,0,1,3,3,10,-7,1,0.25
489,,Werner SC,7,IGA 2027 Landesliga Staffel 4 · Westfalen,16,4,0,1,3,9,17,-8,1,0.25
490,,YEG Hassel,7,IGA 2027 Landesliga Staffel 3 · Westfalen,16,4,0,1,3,3,12,-9,1,0.25
491,,Ay-Yildiz Spor Hückelhoven zg.,7,"Bezirksliga, Staffel 4 · Bezirk Mittelrhein",8,0,0,0,0,0,0,0,0,0.0
492,,FC Roetgen,7,"Bezirksliga, Staffel 4 · Bezirk Mittelrhein",9,0,0,0,0,0,0,0,0,0.0
493,,SV Uedesheim zg.,7,Bezirksliga Gruppe 1 · Bezirk Niederrhein,16,0,0,0,0,0,0,0,0,0.0
494,,FC Eschweiler,7,"Bezirksliga, Staffel 4 · Bezirk Mittelrhein",10,1,0,0,1,3,4,-1,0,0.0
495,,JSG Erft 01 Euskirchen,7,"Bezirksliga, Staffel 3 · Bezirk Mittelrhein",10,1,0,0,1,3,4,-1,0,0.0
496,,SC Volmershoven-Heidgen,7,"Bezirksliga, Staffel 2 · Bezirk Mittelrhein",10,1,0,0,1,2,3,-1,0,0.0
497,,Sportfreunde Troisdorf,7,"Bezirksliga, Staffel 2 · Bezirk Mittelrhein",11,1,0,0,1,2,3,-1,0,0.0
498,,VfL Sindorf,7,"Bezirksliga, Staffel 3 · Bezirk Mittelrhein",11,1,0,0,1,1,2,-1,0,0.0
499,,VfL Vichttal II,7,"Bezirksliga, Staffel 4 · Bezirk Mittelrhein",11,1,0,0,1,1,2,-1,0,0.0
500,,VfVuJ Winden,7,"Bezirksliga, Staffel 3 · Bezirk Mittelrhein",12,1,0,0,1,1,2,-1,0,0.0
501,,Viktoria Arnoldsweiler,7,"Bezirksliga, Staffel 3 · Bezirk Mittelrhein",13,1,0,0,1,1,2,-1,0,0.0
502,,SC Westfalia Herne,7,IGA 2027 Landesliga Staffel 3 · Westfalen,17,4,0,0,4,6,11,-5,0,0.0
503,,Alemannia Pfalzdorf,7,Bezirksliga Gruppe 4 · Bezirk Niederrhein,17,3,0,0,3,4,8,-4,0,0.0
504,,1. FC Grevenbroich-Süd,7,Bezirksliga Gruppe 1 · Bezirk Niederrhein,17,2,0,0,2,2,5,-3,0,0.0
505,,Anadolu- Türkspor Krefeld,7,Bezirksliga Gruppe 3 · Bezirk Niederrhein,17,3,0,0,3,4,9,-5,0,0.0
506,,TUS Xanten,7,Bezirksliga Gruppe 4 · Bezirk Niederrhein,18,3,0,0,3,3,8,-5,0,0.0
507,,SG Union 94 Würm-Lindern,7,"Bezirksliga, Staffel 4 · Bezirk Mittelrhein",12,1,0,0,1,2,4,-2,0,0.0
508,,SV Bergfried Leverkusen,7,"Bezirksliga, Staffel 1 · Bezirk Mittelrhein",10,1,0,0,1,2,4,-2,0,0.0
509,,VfR Hangelar,7,"Bezirksliga, Staffel 2 · Bezirk Mittelrhein",12,1,0,0,1,2,4,-2,0,0.0
510,,Kreuzauer SC,7,"Bezirksliga, Staffel 3 · Bezirk Mittelrhein",14,1,0,0,1,1,3,-2,0,0.0
511,,Rot-Weiß Merl,7,"Bezirksliga, Staffel 2 · Bezirk Mittelrhein",13,1,0,0,1,1,3,-2,0,0.0
512,,SC 09 Erkelenz,7,"Bezirksliga, Staffel 4 · Bezirk Mittelrhein",13,1,0,0,1,1,3,-2,0,0.0
513,,SV Eintracht Hohkeppel II,7,"Bezirksliga, Staffel 1 · Bezirk Mittelrhein",11,1,0,0,1,1,3,-2,0,0.0
514,,Schwarz-Weiß Köln,7,"Bezirksliga, Staffel 1 · Bezirk Mittelrhein",12,1,0,0,1,1,3,-2,0,0.0
515,,SpVg Rheindörfer Nord,7,"Bezirksliga, Staffel 1 · Bezirk Mittelrhein",13,1,0,0,1,1,3,-2,0,0.0
516,,TSV 05 Ronsdorf,7,Bezirksliga Gruppe 2 · Bezirk Niederrhein,16,3,0,0,3,3,9,-6,0,0.0
517,,1. FC Niederkassel,7,"Bezirksliga, Staffel 2 · Bezirk Mittelrhein",14,1,0,0,1,0,2,-2,0,0.0
518,,Alemannia Mariadorf,7,"Bezirksliga, Staffel 4 · Bezirk Mittelrhein",14,1,0,0,1,0,2,-2,0,0.0
519,,Rhenania Richterich,7,"Bezirksliga, Staffel 4 · Bezirk Mittelrhein",15,1,0,0,1,0,2,-2,0,0.0
520,,SG Dahlem-Schmidtheim,7,"Bezirksliga, Staffel 3 · Bezirk Mittelrhein",15,1,0,0,1,0,2,-2,0,0.0
521,,Spvg Steinhagen,7,IGA 2027 Landesliga Staffel 1 · Westfalen,17,4,0,0,4,2,11,-9,0,0.0
522,,Fatihspor Mülheim,7,Bezirksliga Gruppe 6 · Bezirk Niederrhein,18,3,0,0,3,6,13,-7,0,0.0
523,,SC Union Nettetal 2,7,Bezirksliga Gruppe 3 · Bezirk Niederrhein,18,3,0,0,3,5,12,-7,0,0.0
524,,SV SW Lembeck,7,IGA 2027 Landesliga Staffel 4 · Westfalen,17,3,0,0,3,2,10,-8,0,0.0
525,,SC Reusrath,7,Bezirksliga Gruppe 2 · Bezirk Niederrhein,17,3,0,0,3,0,8,-8,0,0.0
526,,SV Rheidt,7,"Bezirksliga, Staffel 3 · Bezirk Mittelrhein",16,1,0,0,1,2,5,-3,0,0.0
527,,SC Unterbach,7,Bezirksliga Gruppe 1 · Bezirk Niederrhein,18,3,0,0,3,4,13,-9,0,0.0
528,,SpVg. Köln-Flittard,7,"Bezirksliga, Staffel 1 · Bezirk Mittelrhein",14,1,0,0,1,1,4,-3,0,0.0
529,,SSV Bergisch Born 2,7,Bezirksliga Gruppe 2 · Bezirk Niederrhein,18,3,0,0,3,6,16,-10,0,0.0
530,,SF Hamborn 07,7,Bezirksliga Gruppe 5 · Bezirk Niederrhein,17,3,0,0,3,4,16,-12,0,0.0
531,,Deutz 05 II,7,"Bezirksliga, Staffel 1 · Bezirk Mittelrhein",15,1,0,0,1,1,5,-4,0,0.0
532,,Rot-Weiß Hünsborn,7,IGA 2027 Landesliga Staffel 2 · Westfalen,15,3,0,0,3,2,14,-12,0,0.0
533,,SV Bergheim,7,"Bezirksliga, Staffel 2 · Bezirk Mittelrhein",15,1,0,0,1,0,4,-4,0,0.0
534,,TuS Lindlar,7,"Bezirksliga, Staffel 1 · Bezirk Mittelrhein",16,1,0,0,1,0,4,-4,0,0.0
535,,TV Konzen,7,"Bezirksliga, Staffel 4 · Bezirk Mittelrhein",16,1,0,0,1,1,7,-6,0,0.0
536,,SC Uckerath,7,"Bezirksliga, Staffel 2 · Bezirk Mittelrhein",16,1,0,0,1,0,7,-7,0,0.0
537,,VfL Repelen,7,Bezirksliga Gruppe 5 · Bezirk Niederrhein,18,3,0,0,3,2,53,-51,0,0.0
538,,AL-ARZ Libanon Essen 08,8,Kreisliga A Gruppe 1 · Kreis Essen,1,3,3,0,0,31,3,28,9,3.0
539,,SC Germania Geyen,8,Kreisliga A Staffel 1 · Kreis Rhein-Erft,1,1,1,0,0,10,1,9,3,3.0
540,,TSV Beyenburg,8,Kreisliga A · Kreis Wuppertal-Niederberg,1,3,3,0,0,30,5,25,9,3.0
541,,Gremberg-Humboldt I,8,Kreisliga A · Kreis Köln,1,1,1,0,0,9,2,7,3,3.0
542,,TuS Birk,8,Kreisliga A Staffel 1 · Kreis Sieg,1,1,1,0,0,7,0,7,3,3.0
543,,MTV Union Hamborn,8,"Kreisliga A, Gruppe 2 · Kreis Duisburg-Mülheim-Dinslak",1,1,1,0,0,10,4,6,3,3.0
544,,TuS Homburg-Bröltal,8,Kreisliga A · Kreis Berg,1,1,1,0,0,7,1,6,3,3.0
545,,SV Fortuna Müllekoven,8,Kreisliga A Staffel 1 · Kreis Sieg,2,1,1,0,0,6,0,6,3,3.0
546,,Spfr. Ippendorf,8,Kreisliga A · Kreis Bonn,1,1,1,0,0,6,0,6,3,3.0
547,,1. FC Monheim 2,8,Kreisliga A Gruppe 1 · Kreis Remscheid-Solingen,1,3,3,0,0,22,5,17,9,3.0
548,,SC Jülich 1910/97/Hoengen e.V.,8,Kreisliga A · Kreis Düren,1,1,1,0,0,6,1,5,3,3.0
549,,TSV Weiß,8,Kreisliga A Staffel 1 · Kreis Rhein-Erft,2,1,1,0,0,6,1,5,3,3.0
550,,Viktoria Buchholz II,8,"Kreisliga A, Gruppe 2 · Kreis Duisburg-Mülheim-Dinslak",2,1,1,0,0,6,1,5,3,3.0
551,,SC Kellersberg,8,Kreisliga A · Kreis Aachen,1,1,1,0,0,5,0,5,3,3.0
552,,FC Stoppenberg,8,Kreisliga A Gruppe 1 · Kreis Essen,2,3,3,0,0,17,3,14,9,3.0
553,,SC 1912 Buschhausen,8,Kreisliga A Johanning · Kreis Oberhausen-Bottrop,1,3,3,0,0,15,1,14,9,3.0
554,,SF Vorst,8,Kreisliga A · Kreis Grevenbroich-Neuss,1,3,3,0,0,15,1,14,9,3.0
555,,VfR Mehrhoog,8,Kreisliga A · Kreis Rees-Bocholt,1,3,3,0,0,15,1,14,9,3.0
556,,SV Haldern,8,Kreisliga A · Kreis Rees-Bocholt,4,2,2,0,0,11,2,9,6,3.0
557,,SC Borchen,8,Bezirksliga Staffel 03 · Bezirk Westfalen,1,4,4,0,0,20,2,18,12,3.0
558,,SV Brilon,8,Bezirksliga Staffel 04 · Bezirk Westfalen,1,4,4,0,0,20,2,18,12,3.0
559,,1.FC Hirschkamp,8,Kreisliga A Johanning · Kreis Oberhausen-Bottrop,2,3,3,0,0,16,3,13,9,3.0
560,,SG Belle-Cappel-Leopoldstal,8,Bezirksliga Staffel 03 · Bezirk Westfalen,2,4,4,0,0,19,2,17,12,3.0
561,,SV Rott,8,Kreisliga A · Kreis Aachen,2,1,1,0,0,6,2,4,3,3.0
562,,1. FC Viersen,8,Kreisliga A · Kreis Mönchengladbach-Viersen,1,3,3,0,0,16,4,12,9,3.0
563,,SV Niederaußem,8,Kreisliga A Staffel 1 · Kreis Rhein-Erft,3,1,1,0,0,5,1,4,3,3.0
564,,TuSpo Saarn,8,"Kreisliga A, Gruppe 1 · Kreis Duisburg-Mülheim-Dinslak",1,3,3,0,0,15,3,12,9,3.0
565,,SC Velbert 2,8,Kreisliga A · Kreis Wuppertal-Niederberg,2,3,3,0,0,14,2,12,9,3.0
566,,BSV Roleber,8,Kreisliga A · Kreis Bonn,2,1,1,0,0,4,0,4,3,3.0
567,,Borussia Kalk I,8,Kreisliga A · Kreis Köln,2,1,1,0,0,4,0,4,3,3.0
568,,SC Germania Erftstadt-Lechenich,8,Kreisliga A · Kreis Euskirchen,1,1,1,0,0,4,0,4,3,3.0
569,,SC Selfkant,8,"Kreisliga A, Staffel 1 · Kreis Heinsberg",1,1,1,0,0,4,0,4,3,3.0
570,,Rot-Weiß Unna,8,Bezirksliga Staffel 08 · Bezirk Westfalen,1,4,4,0,0,19,4,15,12,3.0
571,,SSVg 09/12 Heiligenhaus,8,Kreisliga A · Kreis Wuppertal-Niederberg,3,3,3,0,0,12,1,11,9,3.0
572,,FC Blau-Gelb Castrop-Rauxel,8,Bezirksliga Staffel 10 · Bezirk Westfalen,1,4,4,0,0,18,4,14,12,3.0
573,,SV Union Velbert,8,Kreisliga A · Kreis Wuppertal-Niederberg,4,2,2,0,0,9,2,7,6,3.0
574,,SV Rees,8,Kreisliga A · Kreis Rees-Bocholt,5,2,2,0,0,7,0,7,6,3.0
575,,TuS Viktoria Buchholz,8,"Kreisliga A, Gruppe 1 · Kreis Duisburg-Mülheim-Dinslak",2,3,3,0,0,14,4,10,9,3.0
576,,SV Siegfried Materborn,8,Kreisliga A · Kreis Kleve-Geldern,1,3,3,0,0,13,3,10,9,3.0
577,,Fatihspor Essen,8,Kreisliga A Gruppe 1 · Kreis Essen,3,3,3,0,0,12,2,10,9,3.0
578,,SF Königshardt,8,Kreisliga A Johanning · Kreis Oberhausen-Bottrop,3,3,3,0,0,12,2,10,9,3.0
579,,TUS Freckenhorst,8,Bezirksliga Staffel 07 · Bezirk Westfalen,1,4,4,0,0,13,0,13,12,3.0
580,,Pulheimer SC,8,Kreisliga A Staffel 1 · Kreis Rhein-Erft,4,1,1,0,0,6,3,3,3,3.0
581,,Wahlscheider SV,8,Kreisliga A Staffel 1 · Kreis Sieg,3,1,1,0,0,6,3,3,3,3.0
582,,SC 1919 Merzenich,8,Kreisliga A · Kreis Düren,2,1,1,0,0,5,2,3,3,3.0
583,,TuS Immekeppel,8,Kreisliga A · Kreis Berg,2,1,1,0,0,5,2,3,3,3.0
584,,Poll I,8,Kreisliga A · Kreis Köln,3,1,1,0,0,4,1,3,3,3.0
585,,SG Flamersheim / Kirchheim,8,Kreisliga A · Kreis Euskirchen,2,1,1,0,0,4,1,3,3,3.0
586,,SV Beuel 06,8,Kreisliga A · Kreis Bonn,3,1,1,0,0,4,1,3,3,3.0
587,,SV Sötenich,8,Kreisliga A · Kreis Euskirchen,3,1,1,0,0,4,1,3,3,3.0
588,,TuS Lammersdorf,8,Kreisliga A · Kreis Aachen,3,1,1,0,0,4,1,3,3,3.0
589,,FC Fatih Türkgücü Meschede,8,Bezirksliga Staffel 04 · Bezirk Westfalen,6,2,2,0,0,7,1,6,6,3.0
590,,SV Oberschledorn/Grafschaft,8,Bezirksliga Staffel 04 · Bezirk Westfalen,7,2,2,0,0,7,1,6,6,3.0
591,,SC Berger Preuß,8,Kreisliga A · Kreis Aachen,4,1,1,0,0,3,0,3,3,3.0
592,,FC Sterkrade 72 I,8,Kreisliga A Johanning · Kreis Oberhausen-Bottrop,4,3,3,0,0,11,3,8,9,3.0
593,,DJK Wacker Mecklenbeck,8,Bezirksliga Staffel 12 · Bezirk Westfalen,1,4,4,0,0,14,4,10,12,3.0
594,,SV Solingen 08/10 II,8,Kreisliga A Gruppe 1 · Kreis Remscheid-Solingen,2,2,2,0,0,7,2,5,6,3.0
595,,HSV Langenfeld 1959 e.V. II,8,Kreisliga A Gruppe 1 · Kreis Remscheid-Solingen,3,2,2,0,0,5,0,5,6,3.0
596,,SC TuB Mussum,8,Kreisliga A · Kreis Rees-Bocholt,2,3,3,0,0,11,4,7,9,3.0
597,,TuS Gahlen,8,Bezirksliga Staffel 09 · Bezirk Westfalen,1,4,4,0,0,16,7,9,12,3.0
598,,TuS Viktoria Rietberg,8,Bezirksliga Staffel 07 · Bezirk Westfalen,2,4,4,0,0,13,4,9,12,3.0
599,,FC Kosova e.V.,8,Kreisliga A Staffel 1 · Kreis Sieg,4,1,1,0,0,4,2,2,3,3.0
600,,SV Adler Osterfeld,8,Kreisliga A Johanning · Kreis Oberhausen-Bottrop,6,2,2,0,0,8,4,4,6,3.0
601,,SV Altenberg,8,Kreisliga A · Kreis Berg,3,1,1,0,0,4,2,2,3,3.0
602,,SV Union Rösrath,8,Kreisliga A · Kreis Berg,4,1,1,0,0,4,2,2,3,3.0
603,,SV Wormersdorf,8,Kreisliga A · Kreis Bonn,4,1,1,0,0,4,2,2,3,3.0
604,,Zündorf I,8,Kreisliga A · Kreis Köln,4,1,1,0,0,4,2,2,3,3.0
605,,SV Germania Hauenhorst,8,Bezirksliga Staffel 12 · Bezirk Westfalen,2,4,4,0,0,13,5,8,12,3.0
606,,FC Dollendorf-Ripsdorf,8,Kreisliga A · Kreis Euskirchen,4,1,1,0,0,3,1,2,3,3.0
607,,FV Vaalserquartier,8,Kreisliga A · Kreis Aachen,5,1,1,0,0,3,1,2,3,3.0
608,,Hambacher Spielverein 1,8,Kreisliga A · Kreis Düren,3,1,1,0,0,3,1,2,3,3.0
609,,RWS Lohberg,8,"Kreisliga A, Gruppe 2 · Kreis Duisburg-Mülheim-Dinslak",3,1,1,0,0,3,1,2,3,3.0
610,,SSV Lützenkirchen,8,Kreisliga A Gruppe 2 · Kreis Remscheid-Solingen,3,2,2,0,0,6,2,4,6,3.0
611,,SV Ennert,8,Kreisliga A · Kreis Bonn,5,1,1,0,0,3,1,2,3,3.0
612,,SV Frauenberg,8,Kreisliga A · Kreis Euskirchen,5,1,1,0,0,3,1,2,3,3.0
613,,TV Jahn Hiesfeld,8,"Kreisliga A, Gruppe 2 · Kreis Duisburg-Mülheim-Dinslak",4,1,1,0,0,3,1,2,3,3.0
614,,SV Horst-Emscher 08,8,Bezirksliga Staffel 09 · Bezirk Westfalen,2,3,3,0,0,8,2,6,9,3.0
615,,BC Oberzier,8,Kreisliga A · Kreis Düren,4,1,1,0,0,2,0,2,3,3.0
616,,SC Fortuna Bonn II,8,Kreisliga A · Kreis Bonn,6,1,1,0,0,2,0,2,3,3.0
617,,FC Epe,8,Bezirksliga Staffel 11 · Bezirk Westfalen,1,4,4,0,0,12,5,7,12,3.0
618,,SpVgg. Odenkirchen 2,8,Kreisliga A · Kreis Mönchengladbach-Viersen,2,3,3,0,0,9,4,5,9,3.0
619,,Osterather SV Meerbusch 2,8,Kreisliga A · Kreis Kempen-Krefeld,1,3,3,0,0,8,3,5,9,3.0
620,,SC SW 06 Düsseldorf,8,Kreisliga A Herren 2026/2027 · Kreis Düsseldorf,1,3,3,0,0,7,2,5,9,3.0
621,,TUS Grün-Weiß Wuppertal 89/02,8,Kreisliga A · Kreis Wuppertal-Niederberg,5,2,2,0,0,7,4,3,6,3.0
622,,TuS 05 Quettingen,8,Kreisliga A Gruppe 2 · Kreis Remscheid-Solingen,5,2,2,0,0,6,3,3,6,3.0
623,,SV Hüsten 09,8,Bezirksliga Staffel 04 · Bezirk Westfalen,9,2,2,0,0,5,2,3,6,3.0
624,,SV Spexard,8,Bezirksliga Staffel 02 · Bezirk Westfalen,1,4,4,0,0,10,4,6,12,3.0
625,,SpVg Beckum,8,Bezirksliga Staffel 07 · Bezirk Westfalen,3,4,4,0,0,9,4,5,12,3.0
626,,Eintracht Verlautenheide II,8,Kreisliga A · Kreis Aachen,6,1,1,0,0,5,4,1,3,3.0
627,,SV Grün-Weiß Welldorf-Güsten,8,Kreisliga A · Kreis Düren,5,1,1,0,0,5,4,1,3,3.0
628,,SSV Homburg-Nümbrecht II,8,Kreisliga A · Kreis Berg,5,1,1,0,0,4,3,1,3,3.0
629,,TuS Rheinland Dremmen,8,"Kreisliga A, Staffel 1 · Kreis Heinsberg",2,1,1,0,0,4,3,1,3,3.0
630,,Sportvereinigung Hilden 05/06,8,Kreisliga A Herren 2026/2027 · Kreis Düsseldorf,8,2,2,0,0,7,5,2,6,3.0
631,,FC Germania Rurich 1919 e.V.,8,"Kreisliga A, Staffel 1 · Kreis Heinsberg",3,1,1,0,0,3,2,1,3,3.0
632,,FC Union Schafhausen II,8,"Kreisliga A, Staffel 1 · Kreis Heinsberg",4,1,1,0,0,3,2,1,3,3.0
633,,SV Hertha Buschhoven,8,Kreisliga A · Kreis Bonn,7,1,1,0,0,3,2,1,3,3.0
634,,SV Viktoria Rot Weiß Waldenrath/Straeten,8,"Kreisliga A, Staffel 1 · Kreis Heinsberg",5,1,1,0,0,3,2,1,3,3.0
635,,Westfalia Dortmund 2022,8,Bezirksliga Staffel 10 · Bezirk Westfalen,6,2,2,0,0,6,4,2,6,3.0
636,,Bedburger BV,8,Kreisliga A Staffel 1 · Kreis Rhein-Erft,5,1,1,0,0,2,1,1,3,3.0
637,,FC Viktoria Manheim,8,Kreisliga A Staffel 1 · Kreis Rhein-Erft,6,1,1,0,0,2,1,1,3,3.0
638,,FSV Neunkirchen-Seelscheid II,8,Kreisliga A Staffel 1 · Kreis Sieg,5,1,1,0,0,2,1,1,3,3.0
639,,Hilal-Maroc Bergheim,8,Kreisliga A Staffel 1 · Kreis Rhein-Erft,7,1,1,0,0,2,1,1,3,3.0
640,,SC Wacker Dinslaken,8,"Kreisliga A, Gruppe 2 · Kreis Duisburg-Mülheim-Dinslak",5,1,1,0,0,2,1,1,3,3.0
641,,SV 1910 Brachelen,8,"Kreisliga A, Staffel 1 · Kreis Heinsberg",6,1,1,0,0,2,1,1,3,3.0
642,,SV Beeckerwerth,8,"Kreisliga A, Gruppe 2 · Kreis Duisburg-Mülheim-Dinslak",6,1,1,0,0,2,1,1,3,3.0
643,,SV Golkrath,8,"Kreisliga A, Staffel 1 · Kreis Heinsberg",7,1,1,0,0,2,1,1,3,3.0
644,,SV Klinkum,8,"Kreisliga A, Staffel 1 · Kreis Heinsberg",8,1,1,0,0,2,1,1,3,3.0
645,,SV Siersdorf,8,Kreisliga A · Kreis Düren,6,1,1,0,0,2,1,1,3,3.0
646,,SV Vorgebirge,8,Kreisliga A · Kreis Bonn,8,1,1,0,0,2,1,1,3,3.0
647,,SuS 09 Dinslaken II,8,"Kreisliga A, Gruppe 2 · Kreis Duisburg-Mülheim-Dinslak",7,1,1,0,0,2,1,1,3,3.0
648,,TFC Köln I,8,Kreisliga A · Kreis Köln,5,1,1,0,0,2,1,1,3,3.0
649,,Viktoria Gruhlwerk 1,8,Kreisliga A Staffel 1 · Kreis Rhein-Erft,8,1,1,0,0,2,1,1,3,3.0
650,,Lindlar II,8,Kreisliga A · Kreis Berg,6,1,1,0,0,1,0,1,3,3.0
651,,SSV Bergneustadt,8,Kreisliga A · Kreis Berg,7,1,1,0,0,1,0,1,3,3.0
652,,SSV Weilerswist,8,Kreisliga A · Kreis Euskirchen,6,1,1,0,0,1,0,1,3,3.0
653,,SV Breinig Breinigerberg II,8,Kreisliga A · Kreis Aachen,7,1,1,0,0,1,0,1,3,3.0
654,,Delbrücker SC II,8,Bezirksliga Staffel 03 · Bezirk Westfalen,3,4,3,1,0,17,2,15,10,2.5
655,,Hedefspor Hattingen,8,Bezirksliga Staffel 10 · Bezirk Westfalen,2,4,3,1,0,17,5,12,10,2.5
656,,BV Stift Quernheim,8,Bezirksliga Staffel 01 · Bezirk Westfalen,1,4,3,1,0,15,5,10,10,2.5
657,,SG Mudersbach/Brachbach,8,Bezirksliga Staffel 05 · Bezirk Westfalen,1,4,3,1,0,10,3,7,10,2.5
658,,Vorwärts Wettringen,8,Bezirksliga Staffel 12 · Bezirk Westfalen,3,4,3,1,0,10,3,7,10,2.5
659,,SW Holtwick,8,Bezirksliga Staffel 11 · Bezirk Westfalen,2,4,3,1,0,9,4,5,10,2.5
660,,SuS Kaiserau,8,Bezirksliga Staffel 08 · Bezirk Westfalen,2,4,3,1,0,10,6,4,10,2.5
661,,VfR Rüblinghausen,8,Bezirksliga Staffel 05 · Bezirk Westfalen,2,4,3,1,0,10,6,4,10,2.5
662,,TuS Tengern,8,Bezirksliga Staffel 01 · Bezirk Westfalen,2,4,3,1,0,5,2,3,10,2.5
663,,BV Berg. Neukirchen I,8,Kreisliga A Gruppe 2 · Kreis Remscheid-Solingen,1,3,2,1,0,24,0,24,7,2.33
664,,Alemannia Essen,8,Kreisliga A Gruppe 2 · Kreis Essen,1,3,2,1,0,13,1,12,7,2.33
665,,DJK VfL Willich,8,Kreisliga A · Kreis Kempen-Krefeld,2,3,2,1,0,14,3,11,7,2.33
666,,Türkiyemspor M‘gladbach,8,Kreisliga A · Kreis Mönchengladbach-Viersen,3,3,2,1,0,12,4,8,7,2.33
667,,Hülser SV,8,Kreisliga A · Kreis Kempen-Krefeld,3,3,2,1,0,12,5,7,7,2.33
668,,Sportfreunde Gerresheim,8,Kreisliga A Herren 2026/2027 · Kreis Düsseldorf,2,3,2,1,0,10,3,7,7,2.33
669,,TuS Essen-West 1881,8,Kreisliga A Gruppe 2 · Kreis Essen,2,3,2,1,0,8,1,7,7,2.33
670,,DJK TuS Essen-Holsterhausen,8,Kreisliga A Gruppe 2 · Kreis Essen,3,3,2,1,0,9,3,6,7,2.33
671,,SV Glehn,8,Kreisliga A · Kreis Grevenbroich-Neuss,2,3,2,1,0,9,3,6,7,2.33
672,,SV Walbeck,8,Kreisliga A · Kreis Kleve-Geldern,2,3,2,1,0,9,3,6,7,2.33
673,,DJK SG Altenessen,8,Kreisliga A Gruppe 2 · Kreis Essen,4,3,2,1,0,8,2,6,7,2.33
674,,STV Hünxe,8,Kreisliga A · Kreis Rees-Bocholt,3,3,2,1,0,8,2,6,7,2.33
675,,TuS Dielingen,8,Bezirksliga Staffel 01 · Bezirk Westfalen,4,3,2,1,0,8,2,6,7,2.33
676,,TSV Meerbusch 2,8,Kreisliga A · Kreis Kempen-Krefeld,4,3,2,1,0,11,6,5,7,2.33
677,,K.F. Sharri Dortmund,8,Bezirksliga Staffel 08 · Bezirk Westfalen,4,3,2,1,0,10,5,5,7,2.33
678,,Uedemer SV,8,Kreisliga A · Kreis Kleve-Geldern,3,3,2,1,0,6,1,5,7,2.33
679,,1. FC Mönchengladbach,8,Kreisliga A · Kreis Mönchengladbach-Viersen,4,3,2,1,0,8,4,4,7,2.33
680,,FC SF Delhoven,8,Kreisliga A · Kreis Grevenbroich-Neuss,3,3,2,1,0,7,5,2,7,2.33
681,,SV 19 Sevelen,8,Kreisliga A · Kreis Kleve-Geldern,4,3,2,1,0,6,4,2,7,2.33
682,,SuS Westenholz,8,Bezirksliga Staffel 03 · Bezirk Westfalen,4,4,3,0,1,21,5,16,9,2.25
683,,SpVg. Heepen,8,Bezirksliga Staffel 02 · Bezirk Westfalen,2,4,3,0,1,20,5,15,9,2.25
684,,Tur Abdin Gütersloh,8,Bezirksliga Staffel 02 · Bezirk Westfalen,3,4,3,0,1,16,8,8,9,2.25
685,,VfB Fichte Bielefeld,8,Bezirksliga Staffel 02 · Bezirk Westfalen,4,4,3,0,1,16,9,7,9,2.25
686,,SV Ottfingen,8,Bezirksliga Staffel 05 · Bezirk Westfalen,3,4,3,0,1,10,3,7,9,2.25
687,,USC Altenautal 21,8,Bezirksliga Staffel 03 · Bezirk Westfalen,5,4,3,0,1,11,5,6,9,2.25
688,,SV Hochlar 28,8,Bezirksliga Staffel 09 · Bezirk Westfalen,3,4,3,0,1,11,6,5,9,2.25
689,,SPVG Hiddenhausen,8,Bezirksliga Staffel 01 · Bezirk Westfalen,3,4,3,0,1,7,2,5,9,2.25
690,,SV GW Anreppen,8,Bezirksliga Staffel 03 · Bezirk Westfalen,6,4,3,0,1,14,10,4,9,2.25
691,,Türkgücü Gütersloh,8,Bezirksliga Staffel 02 · Bezirk Westfalen,5,4,3,0,1,12,8,4,9,2.25
692,,DJK Borussia Münster,8,Bezirksliga Staffel 12 · Bezirk Westfalen,4,4,3,0,1,12,9,3,9,2.25
693,,SC Greven 09,8,Bezirksliga Staffel 12 · Bezirk Westfalen,5,4,3,0,1,11,8,3,9,2.25
694,,SC Reken,8,Bezirksliga Staffel 11 · Bezirk Westfalen,3,4,3,0,1,9,7,2,9,2.25
695,,SW Sende,8,Bezirksliga Staffel 02 · Bezirk Westfalen,6,4,3,0,1,8,6,2,9,2.25
696,,FC Eiserfeld,8,Bezirksliga Staffel 05 · Bezirk Westfalen,4,4,3,0,1,7,6,1,9,2.25
697,,Essener SC Preußen,8,Kreisliga A Gruppe 1 · Kreis Essen,4,3,2,0,1,14,4,10,6,2.0
698,,FC Saloniki Essen,8,Kreisliga A Gruppe 1 · Kreis Essen,5,3,2,0,1,14,7,7,6,2.0
699,,TuS Ennepetal II,8,Bezirksliga Staffel 06 · Bezirk Westfalen,8,3,2,0,1,14,7,7,6,2.0
700,,SC Frintrop 05/21,8,Kreisliga A Gruppe 2 · Kreis Essen,5,3,2,0,1,13,6,7,6,2.0
701,,SC Werden-Heidhausen II.,8,Kreisliga A Gruppe 2 · Kreis Essen,6,3,2,0,1,12,5,7,6,2.0
702,,TuS Gerresheim,8,Kreisliga A Herren 2026/2027 · Kreis Düsseldorf,3,3,2,0,1,9,2,7,6,2.0
703,,SV Emmerich-Vrasselt,8,Kreisliga A · Kreis Rees-Bocholt,6,3,2,0,1,16,10,6,6,2.0
704,,DJK Arminia Lirich,8,Kreisliga A Johanning · Kreis Oberhausen-Bottrop,5,3,2,0,1,13,7,6,6,2.0
705,,SpVg Schonnebeck 1910 II.,8,Kreisliga A Gruppe 1 · Kreis Essen,6,3,2,0,1,13,7,6,6,2.0
706,,VfL Benrath,8,Kreisliga A Herren 2026/2027 · Kreis Düsseldorf,4,3,2,0,1,12,6,6,6,2.0
707,,SC Schiefbahn,8,Kreisliga A · Kreis Kempen-Krefeld,5,3,2,0,1,14,9,5,6,2.0
708,,SuS Niederbonsfeld,8,Kreisliga A Gruppe 2 · Kreis Essen,7,3,2,0,1,11,6,5,6,2.0
709,,FSV Vatan Neuss,8,Kreisliga A · Kreis Grevenbroich-Neuss,4,3,2,0,1,13,9,4,6,2.0
710,,SV 09 Otzenrath,8,Kreisliga A · Kreis Mönchengladbach-Viersen,5,3,2,0,1,13,9,4,6,2.0
711,,SV Wersten 04,8,Kreisliga A Herren 2026/2027 · Kreis Düsseldorf,5,3,2,0,1,12,8,4,6,2.0
712,,TS 1919 Struck,8,Kreisliga A Gruppe 2 · Kreis Remscheid-Solingen,2,3,2,0,1,12,8,4,6,2.0
713,,SV Sarajevo Oberhausen,8,Kreisliga A Johanning · Kreis Oberhausen-Bottrop,7,3,2,0,1,8,4,4,6,2.0
714,,TuS Holzen-Sommerberg,8,Bezirksliga Staffel 06 · Bezirk Westfalen,1,4,2,2,0,15,10,5,8,2.0
715,,Türkgücü Ratingen,8,Kreisliga A Herren 2026/2027 · Kreis Düsseldorf,6,3,2,0,1,12,9,3,6,2.0
716,,SV Westfalia Huckarde,8,Bezirksliga Staffel 10 · Bezirk Westfalen,5,3,2,0,1,10,7,3,6,2.0
717,,VfR Sölde,8,Bezirksliga Staffel 08 · Bezirk Westfalen,3,4,2,2,0,11,7,4,8,2.0
718,,RW Westönnen,8,Bezirksliga Staffel 07 · Bezirk Westfalen,7,3,2,0,1,8,5,3,6,2.0
719,,Rhenania Hochdahl,8,Kreisliga A Herren 2026/2027 · Kreis Düsseldorf,7,3,2,0,1,8,5,3,6,2.0
720,,TuRa Remscheid 80/09 Süd,8,Kreisliga A Gruppe 2 · Kreis Remscheid-Solingen,4,3,2,0,1,7,4,3,6,2.0
721,,1. FC Mülheim,8,"Kreisliga A, Gruppe 1 · Kreis Duisburg-Mülheim-Dinslak",7,2,1,1,0,4,2,2,4,2.0
722,,SV Biemenhorst II,8,Kreisliga A · Kreis Rees-Bocholt,7,3,2,0,1,5,2,3,6,2.0
723,,SV Heißen,8,"Kreisliga A, Gruppe 1 · Kreis Duisburg-Mülheim-Dinslak",3,3,2,0,1,8,6,2,6,2.0
724,,NK Croatia Essen,8,Kreisliga A Gruppe 2 · Kreis Essen,8,3,2,0,1,7,5,2,6,2.0
725,,TuS Mündelheim,8,"Kreisliga A, Gruppe 1 · Kreis Duisburg-Mülheim-Dinslak",4,3,2,0,1,5,3,2,6,2.0
726,,SC Ayyildiz Remscheid,8,Kreisliga A Gruppe 2 · Kreis Remscheid-Solingen,6,2,1,1,0,7,6,1,4,2.0
727,,Cronenberger SC 2,8,Kreisliga A · Kreis Wuppertal-Niederberg,6,3,2,0,1,10,9,1,6,2.0
728,,Preußen Sutum,8,Bezirksliga Staffel 09 · Bezirk Westfalen,6,3,2,0,1,9,8,1,6,2.0
729,,GSG Duisburg,8,"Kreisliga A, Gruppe 1 · Kreis Duisburg-Mülheim-Dinslak",5,3,2,0,1,8,7,1,6,2.0
730,,FC Welheim,8,Kreisliga A Johanning · Kreis Oberhausen-Bottrop,8,3,2,0,1,7,6,1,6,2.0
731,,SG Duisburg-Süd,8,"Kreisliga A, Gruppe 1 · Kreis Duisburg-Mülheim-Dinslak",6,3,2,0,1,6,5,1,6,2.0
732,,SV Borbeck 93/09,8,Kreisliga A Gruppe 1 · Kreis Essen,7,3,2,0,1,9,9,0,6,2.0
733,,SV Lürrip 1910,8,Kreisliga A · Kreis Mönchengladbach-Viersen,6,3,2,0,1,8,8,0,6,2.0
734,,TuRa Brüggen 2,8,Kreisliga A · Kreis Kempen-Krefeld,6,3,2,0,1,8,8,0,6,2.0
735,,Sportfreunde Siepen,8,Kreisliga A · Kreis Wuppertal-Niederberg,7,3,2,0,1,7,7,0,6,2.0
736,,Blau-Weiß Langenberg,8,Kreisliga A · Kreis Wuppertal-Niederberg,8,3,2,0,1,7,8,-1,6,2.0
737,,CfR Links Düsseldorf,8,Kreisliga A Herren 2026/2027 · Kreis Düsseldorf,9,3,2,0,1,5,7,-2,6,2.0
738,,Rhenania Hinsbeck,8,Kreisliga A · Kreis Kempen-Krefeld,7,3,2,0,1,4,6,-2,6,2.0
739,,SSV Delrath,8,Kreisliga A · Kreis Grevenbroich-Neuss,5,3,2,0,1,5,8,-3,6,2.0
740,,SC Berchum/Garenfeld,8,Bezirksliga Staffel 06 · Bezirk Westfalen,10,3,2,0,1,7,11,-4,6,2.0
741,,Vorwärts Epe,8,Bezirksliga Staffel 11 · Bezirk Westfalen,4,4,2,1,1,18,8,10,7,1.75
742,,SG Serkenrode/Fretter,8,Bezirksliga Staffel 04 · Bezirk Westfalen,2,4,2,1,1,13,4,9,7,1.75
743,,ASSV Letmathe,8,Bezirksliga Staffel 06 · Bezirk Westfalen,2,4,2,1,1,11,6,5,7,1.75
744,,Spfr. Bulmke,8,Bezirksliga Staffel 09 · Bezirk Westfalen,4,4,2,1,1,11,6,5,7,1.75
745,,SV Ararat Gevelsberg,8,Bezirksliga Staffel 06 · Bezirk Westfalen,3,4,2,1,1,10,5,5,7,1.75
746,,BW Voerde,8,Bezirksliga Staffel 06 · Bezirk Westfalen,4,4,2,1,1,8,3,5,7,1.75
747,,BC Eslohe,8,Bezirksliga Staffel 04 · Bezirk Westfalen,3,4,2,1,1,12,8,4,7,1.75
748,,DJK SV Mauritz,8,Bezirksliga Staffel 12 · Bezirk Westfalen,6,4,2,1,1,11,7,4,7,1.75
749,,Mengede 08/20,8,Bezirksliga Staffel 10 · Bezirk Westfalen,3,4,2,1,1,11,7,4,7,1.75
750,,SV Herbern,8,Bezirksliga Staffel 07 · Bezirk Westfalen,4,4,2,1,1,11,7,4,7,1.75
751,,SV Marienloh,8,Bezirksliga Staffel 03 · Bezirk Westfalen,7,4,2,1,1,9,5,4,7,1.75
752,,VfR Wellensiek,8,Bezirksliga Staffel 02 · Bezirk Westfalen,7,4,2,1,1,9,5,4,7,1.75
753,,FC Hellas/Mak. Hagen,8,Bezirksliga Staffel 06 · Bezirk Westfalen,5,4,2,1,1,14,11,3,7,1.75
754,,Union Lüdinghausen,8,Bezirksliga Staffel 11 · Bezirk Westfalen,5,4,2,1,1,10,7,3,7,1.75
755,,VfL Schwerte,8,Bezirksliga Staffel 06 · Bezirk Westfalen,6,4,2,1,1,9,6,3,7,1.75
756,,SC Roland 1962 e.V.,8,Bezirksliga Staffel 07 · Bezirk Westfalen,5,4,2,1,1,5,2,3,7,1.75
757,,VSV Wenden,8,Bezirksliga Staffel 05 · Bezirk Westfalen,5,4,2,1,1,11,9,2,7,1.75
758,,FSV Gerlingen,8,Bezirksliga Staffel 05 · Bezirk Westfalen,6,4,2,1,1,10,8,2,7,1.75
759,,FC Lennestadt,8,Bezirksliga Staffel 04 · Bezirk Westfalen,4,4,2,1,1,9,7,2,7,1.75
760,,BVH Dorsten,8,Bezirksliga Staffel 11 · Bezirk Westfalen,6,4,2,1,1,11,10,1,7,1.75
761,,TuS Germania Lohauserholz-Daberg,8,Bezirksliga Staffel 08 · Bezirk Westfalen,5,4,2,1,1,11,10,1,7,1.75
762,,RW Lennestadt/Grevenbrück,8,Bezirksliga Staffel 04 · Bezirk Westfalen,5,4,2,1,1,10,9,1,7,1.75
763,,TuS Ahmsen,8,Bezirksliga Staffel 01 · Bezirk Westfalen,5,4,2,1,1,10,9,1,7,1.75
764,,TuS Heven 09,8,Bezirksliga Staffel 10 · Bezirk Westfalen,4,4,2,1,1,9,8,1,7,1.75
765,,Spvg 20 Brakel,8,Bezirksliga Staffel 03 · Bezirk Westfalen,8,4,2,1,1,6,5,1,7,1.75
766,,FSV Gevelsberg,8,Bezirksliga Staffel 06 · Bezirk Westfalen,7,4,2,1,1,8,8,0,7,1.75
767,,SC LWL 05,8,Bezirksliga Staffel 05 · Bezirk Westfalen,7,4,2,1,1,6,7,-1,7,1.75
768,,SSV Berghausen,8,Kreisliga A Gruppe 1 · Kreis Remscheid-Solingen,4,3,1,2,0,10,6,4,5,1.67
769,,Ballfreunde Bergeborbeck,8,Kreisliga A Gruppe 1 · Kreis Essen,8,3,1,2,0,7,3,4,5,1.67
770,,SV Rosellen,8,Kreisliga A · Kreis Grevenbroich-Neuss,6,3,1,2,0,7,4,3,5,1.67
771,,Sportfreunde 06 Neuwerk 2,8,Kreisliga A · Kreis Mönchengladbach-Viersen,7,3,1,2,0,6,4,2,5,1.67
772,,SF Broekhuysen II,8,Kreisliga A · Kreis Kleve-Geldern,5,3,1,2,0,8,7,1,5,1.67
773,,SSV Strümp,8,Kreisliga A · Kreis Kempen-Krefeld,8,3,1,2,0,6,5,1,5,1.67
774,,SV 09/35 Wermelskirchen II,8,Kreisliga A Gruppe 2 · Kreis Remscheid-Solingen,7,2,1,0,1,12,4,8,3,1.5
775,,SpVgg Oelde,8,Bezirksliga Staffel 07 · Bezirk Westfalen,6,4,2,0,2,15,5,10,6,1.5
776,,TuS Jöllenbeck,8,Bezirksliga Staffel 02 · Bezirk Westfalen,8,4,2,0,2,18,9,9,6,1.5
777,,Dersimspor Solingen,8,Kreisliga A Gruppe 1 · Kreis Remscheid-Solingen,6,2,1,0,1,9,6,3,3,1.5
778,,SC 08 Radevormwald,8,Kreisliga A Gruppe 2 · Kreis Remscheid-Solingen,8,2,1,0,1,8,6,2,3,1.5
779,,SV Löhne-Obernbeck,8,Bezirksliga Staffel 01 · Bezirk Westfalen,6,4,2,0,2,14,10,4,6,1.5
780,,TSG Dülmen,8,Bezirksliga Staffel 11 · Bezirk Westfalen,7,4,2,0,2,14,10,4,6,1.5
781,,SW Röllinghausen,8,Bezirksliga Staffel 09 · Bezirk Westfalen,5,4,2,0,2,13,9,4,6,1.5
782,,Dümptener TV 85,8,"Kreisliga A, Gruppe 1 · Kreis Duisburg-Mülheim-Dinslak",10,2,1,0,1,5,3,2,3,1.5
783,,TuS Laer,8,Bezirksliga Staffel 12 · Bezirk Westfalen,7,4,2,0,2,11,8,3,6,1.5
784,,SG Hemer,8,Bezirksliga Staffel 04 · Bezirk Westfalen,8,4,2,0,2,10,7,3,6,1.5
785,,TuS Haltern,8,Bezirksliga Staffel 11 · Bezirk Westfalen,8,4,2,0,2,10,7,3,6,1.5
786,,1. FC Nieheim,8,Bezirksliga Staffel 03 · Bezirk Westfalen,9,4,2,0,2,9,6,3,6,1.5
787,,SC Falke Saerbeck,8,Bezirksliga Staffel 12 · Bezirk Westfalen,8,4,1,3,0,8,5,3,6,1.5
788,,Borghorster FC,8,Bezirksliga Staffel 12 · Bezirk Westfalen,9,4,2,0,2,10,8,2,6,1.5
789,,SC Reusrath II,8,Kreisliga A Gruppe 1 · Kreis Remscheid-Solingen,7,2,1,0,1,5,4,1,3,1.5
790,,TSV Solingen 2,8,Kreisliga A Gruppe 1 · Kreis Remscheid-Solingen,8,2,1,0,1,5,4,1,3,1.5
791,,SpVg. Hagen 1911 II,8,Bezirksliga Staffel 06 · Bezirk Westfalen,9,4,2,0,2,9,7,2,6,1.5
792,,SG Sendenhorst,8,Bezirksliga Staffel 07 · Bezirk Westfalen,8,4,2,0,2,9,8,1,6,1.5
793,,TVD Velbert,8,Kreisliga A · Kreis Wuppertal-Niederberg,10,2,1,0,1,7,7,0,3,1.5
794,,DJK Adler Oberhausen,8,Kreisliga A Johanning · Kreis Oberhausen-Bottrop,9,2,1,0,1,5,5,0,3,1.5
795,,SC Hassel,8,Bezirksliga Staffel 09 · Bezirk Westfalen,7,4,2,0,2,8,8,0,6,1.5
796,,SC Rot-Weiß Oberhausen II,8,Kreisliga A Johanning · Kreis Oberhausen-Bottrop,10,2,1,0,1,4,4,0,3,1.5
797,,Union Minden,8,Bezirksliga Staffel 01 · Bezirk Westfalen,7,4,2,0,2,8,8,0,6,1.5
798,,VfB Kirchhellen,8,Bezirksliga Staffel 09 · Bezirk Westfalen,8,4,2,0,2,8,8,0,6,1.5
799,,SG FA Herringhs./Eickum,8,Bezirksliga Staffel 01 · Bezirk Westfalen,8,4,2,0,2,11,12,-1,6,1.5
800,,VfL Wolbeck,8,Bezirksliga Staffel 12 · Bezirk Westfalen,10,4,2,0,2,10,11,-1,6,1.5
801,,Firtinaspor Herne,8,Bezirksliga Staffel 09 · Bezirk Westfalen,9,4,2,0,2,9,10,-1,6,1.5
802,,BV Werther,8,Bezirksliga Staffel 02 · Bezirk Westfalen,9,4,2,0,2,7,8,-1,6,1.5
803,,VFB 06 Langenfeld 1.,8,Kreisliga A Gruppe 1 · Kreis Remscheid-Solingen,9,2,1,0,1,7,8,-1,3,1.5
804,,SG Herdringen/Müschede,8,Bezirksliga Staffel 04 · Bezirk Westfalen,10,2,1,0,1,4,5,-1,3,1.5
805,,VfB Hüls,8,Bezirksliga Staffel 11 · Bezirk Westfalen,9,4,2,0,2,8,10,-2,6,1.5
806,,TuS 46/68 Uentrop,8,Bezirksliga Staffel 07 · Bezirk Westfalen,9,4,2,0,2,7,9,-2,6,1.5
807,,BSC Blasheim,8,Bezirksliga Staffel 01 · Bezirk Westfalen,9,4,2,0,2,6,8,-2,6,1.5
808,,FSC Eisbergen,8,Bezirksliga Staffel 01 · Bezirk Westfalen,10,4,2,0,2,7,10,-3,6,1.5
809,,DJK Arminia Klosterhardt II,8,Kreisliga A Johanning · Kreis Oberhausen-Bottrop,11,2,1,0,1,4,7,-3,3,1.5
810,,TuS Gehlenbeck,8,Bezirksliga Staffel 01 · Bezirk Westfalen,11,4,2,0,2,5,11,-6,6,1.5
811,,VFL Tönisberg 2,8,Kreisliga A · Kreis Kempen-Krefeld,12,2,1,0,1,3,9,-6,3,1.5
812,,SV Bedburdyck/Gierath,8,Kreisliga A · Kreis Grevenbroich-Neuss,7,3,1,1,1,10,4,6,4,1.33
813,,Spvgg Gustorf/Gindorf,8,Kreisliga A · Kreis Grevenbroich-Neuss,8,3,1,1,1,8,3,5,4,1.33
814,,Bader SV 91,8,Kreisliga A Gruppe 1 · Kreis Essen,9,3,1,1,1,8,4,4,4,1.33
815,,Polizei SV Mönchengladbach,8,Kreisliga A · Kreis Mönchengladbach-Viersen,8,3,1,1,1,6,3,3,4,1.33
816,,1. FC Kleve 63/03 II,8,Kreisliga A · Kreis Kleve-Geldern,6,3,1,1,1,7,5,2,4,1.33
817,,SC Viktoria Anrath,8,Kreisliga A · Kreis Kempen-Krefeld,9,3,1,1,1,6,5,1,4,1.33
818,,Kamener SC,8,Bezirksliga Staffel 08 · Bezirk Westfalen,8,3,1,1,1,5,4,1,4,1.33
819,,VfL Rhede II,8,Kreisliga A · Kreis Rees-Bocholt,8,3,1,1,1,11,11,0,4,1.33
820,,TSV Handorf,8,Bezirksliga Staffel 12 · Bezirk Westfalen,11,3,1,1,1,9,9,0,4,1.33
821,,ASV Süchteln 2,8,Kreisliga A · Kreis Mönchengladbach-Viersen,9,3,1,1,1,7,7,0,4,1.33
822,,Fortuna Bredeney,8,Kreisliga A Gruppe 2 · Kreis Essen,9,3,1,1,1,7,7,0,4,1.33
823,,SV 1934 Veert,8,Kreisliga A · Kreis Kleve-Geldern,7,3,1,1,1,6,6,0,4,1.33
824,,GSV Suderwick,8,Kreisliga A · Kreis Rees-Bocholt,9,3,1,1,1,5,5,0,4,1.33
825,,TSV Gruiten,8,Kreisliga A · Kreis Wuppertal-Niederberg,9,3,1,1,1,5,5,0,4,1.33
826,,BV 04 Düsseldorf,8,Kreisliga A Herren 2026/2027 · Kreis Düsseldorf,10,3,1,1,1,3,3,0,4,1.33
827,,FC Büderich 02 II,8,Kreisliga A Herren 2026/2027 · Kreis Düsseldorf,11,3,1,1,1,9,10,-1,4,1.33
828,,Inter Monheim I,8,Kreisliga A Gruppe 1 · Kreis Remscheid-Solingen,5,3,1,1,1,8,9,-1,4,1.33
829,,DJK Germania Hoisten,8,Kreisliga A · Kreis Grevenbroich-Neuss,9,3,1,1,1,7,8,-1,4,1.33
830,,MSV Hilden,8,Kreisliga A Herren 2026/2027 · Kreis Düsseldorf,12,3,1,1,1,7,8,-1,4,1.33
831,,BV Sturm Wissel,8,Kreisliga A · Kreis Kleve-Geldern,8,3,1,1,1,6,7,-1,4,1.33
832,,DJK TUSA 06,8,Kreisliga A Herren 2026/2027 · Kreis Düsseldorf,13,3,1,1,1,5,6,-1,4,1.33
833,,SC Osmanlispor Dortmund,8,Bezirksliga Staffel 08 · Bezirk Westfalen,9,3,1,1,1,3,4,-1,4,1.33
834,,DSC Preußen Duisburg,8,"Kreisliga A, Gruppe 1 · Kreis Duisburg-Mülheim-Dinslak",8,3,1,1,1,6,8,-2,4,1.33
835,,SG Grimlinghausen - Norf,8,Kreisliga A · Kreis Grevenbroich-Neuss,10,3,1,1,1,5,7,-2,4,1.33
836,,SSV Mühlhausen - Uelzen,8,Bezirksliga Staffel 08 · Bezirk Westfalen,6,4,1,2,1,10,8,2,5,1.25
837,,SV Gescher,8,Bezirksliga Staffel 11 · Bezirk Westfalen,10,4,1,2,1,9,7,2,5,1.25
838,,Erler Spielverein,8,Bezirksliga Staffel 09 · Bezirk Westfalen,10,4,1,2,1,8,7,1,5,1.25
839,,FSV Werdohl,8,Bezirksliga Staffel 05 · Bezirk Westfalen,8,4,1,2,1,11,11,0,5,1.25
840,,FC Gütersloh II,8,Bezirksliga Staffel 02 · Bezirk Westfalen,10,4,1,2,1,6,6,0,5,1.25
841,,SV 04 Attendorn,8,Bezirksliga Staffel 05 · Bezirk Westfalen,9,4,1,2,1,6,6,0,5,1.25
842,,SG Herne 70,8,Bezirksliga Staffel 09 · Bezirk Westfalen,11,4,1,2,1,3,4,-1,5,1.25
843,,FC Taxi Duisburg,8,"Kreisliga A, Gruppe 1 · Kreis Duisburg-Mülheim-Dinslak",9,3,1,0,2,11,9,2,3,1.0
844,,Alemannia Pfalzdorf II,8,Kreisliga A · Kreis Kleve-Geldern,9,3,1,0,2,7,5,2,3,1.0
845,,Kiersper SC,8,Bezirksliga Staffel 05 · Bezirk Westfalen,10,4,1,1,2,7,5,2,4,1.0
846,,SG Orken-Noithausen 1911/19,8,Kreisliga A · Kreis Grevenbroich-Neuss,11,3,1,0,2,8,7,1,3,1.0
847,,VfL Mennighüffen,8,Bezirksliga Staffel 01 · Bezirk Westfalen,12,4,1,1,2,7,6,1,4,1.0
848,,Dortmunder Löwen - Brackel 61,8,Bezirksliga Staffel 08 · Bezirk Westfalen,7,4,1,1,2,6,5,1,4,1.0
849,,DJK Südwest II,8,Kreisliga A · Kreis Köln,6,1,0,1,0,3,3,0,1,1.0
850,,Dellbrück I,8,Kreisliga A · Kreis Köln,7,1,0,1,0,3,3,0,1,1.0
851,,Lindenthal-Hohenlind II,8,Kreisliga A · Kreis Köln,8,1,0,1,0,3,3,0,1,1.0
852,,Zollstock I,8,Kreisliga A · Kreis Köln,9,1,0,1,0,3,3,0,1,1.0
853,,TuS Brake,8,Bezirksliga Staffel 01 · Bezirk Westfalen,13,3,1,0,2,7,7,0,3,1.0
854,,RS19 Waldbröl,8,Kreisliga A · Kreis Berg,8,1,0,1,0,2,2,0,1,1.0
855,,SSV Marienheide,8,Kreisliga A · Kreis Berg,9,1,0,1,0,2,2,0,1,1.0
856,,SV Allner-Bödingen,8,Kreisliga A Staffel 1 · Kreis Sieg,6,1,0,1,0,2,2,0,1,1.0
857,,TSV Wolsdorf,8,Kreisliga A Staffel 1 · Kreis Sieg,7,1,0,1,0,2,2,0,1,1.0
858,,SV Setzen,8,Bezirksliga Staffel 05 · Bezirk Westfalen,11,4,1,1,2,7,7,0,4,1.0
859,,VfB Marathon Remscheid,8,Kreisliga A Gruppe 2 · Kreis Remscheid-Solingen,10,2,0,2,0,3,3,0,2,1.0
860,,1. FC Spich II,8,Kreisliga A Staffel 1 · Kreis Sieg,8,1,0,1,0,1,1,0,1,1.0
861,,GSV Langenfeld,8,Kreisliga A Gruppe 1 · Kreis Remscheid-Solingen,12,1,0,1,0,1,1,0,1,1.0
862,,SC Uckerath II,8,Kreisliga A Staffel 1 · Kreis Sieg,9,1,0,1,0,1,1,0,1,1.0
863,,FC Golzheim,8,Kreisliga A · Kreis Düren,7,1,0,1,0,0,0,0,1,1.0
864,,SC Salingia 08 Barmen,8,Kreisliga A · Kreis Düren,8,1,0,1,0,0,0,0,1,1.0
865,,FC Altenhof,8,Bezirksliga Staffel 05 · Bezirk Westfalen,12,4,1,1,2,11,12,-1,4,1.0
866,,SC Weitmar 45,8,Bezirksliga Staffel 10 · Bezirk Westfalen,7,4,1,1,2,8,9,-1,4,1.0
867,,TFC Wuppertal,8,Kreisliga A · Kreis Wuppertal-Niederberg,11,3,1,0,2,11,12,-1,3,1.0
868,,Dabringhauser TV,8,Kreisliga A Gruppe 2 · Kreis Remscheid-Solingen,9,3,1,0,2,8,9,-1,3,1.0
869,,SV Jägerhaus - Linde,8,Kreisliga A · Kreis Wuppertal-Niederberg,12,3,1,0,2,8,9,-1,3,1.0
870,,TuS Reuschenberg 1945 E.V.,8,Kreisliga A · Kreis Grevenbroich-Neuss,12,3,1,0,2,8,9,-1,3,1.0
871,,SuS Schaag,8,Kreisliga A · Kreis Kempen-Krefeld,10,3,1,0,2,6,7,-1,3,1.0
872,,SV Straelen,8,Kreisliga A · Kreis Kleve-Geldern,10,3,1,0,2,5,6,-1,3,1.0
873,,VFR Büttgen 1912,8,Kreisliga A · Kreis Grevenbroich-Neuss,13,3,1,0,2,4,5,-1,3,1.0
874,,DJK/VfL Billerbeck,8,Bezirksliga Staffel 11 · Bezirk Westfalen,11,4,1,1,2,8,10,-2,4,1.0
875,,FC Viktoria Heiden,8,Bezirksliga Staffel 11 · Bezirk Westfalen,12,4,1,1,2,7,9,-2,4,1.0
876,,SG Gahmen 24/74,8,Bezirksliga Staffel 08 · Bezirk Westfalen,10,4,1,1,2,5,7,-2,4,1.0
877,,FC Mettmann 08,8,Kreisliga A · Kreis Wuppertal-Niederberg,13,3,1,0,2,6,8,-2,3,1.0
878,,TSV 05 Ronsdorf 2,8,Kreisliga A · Kreis Wuppertal-Niederberg,14,3,1,0,2,4,6,-2,3,1.0
879,,FC Sarajevo-Bosna,8,Bezirksliga Staffel 08 · Bezirk Westfalen,11,3,1,0,2,8,11,-3,3,1.0
880,,TuS 1910 Wiescherhöfen,8,Bezirksliga Staffel 08 · Bezirk Westfalen,12,3,1,0,2,7,10,-3,3,1.0
881,,DJK Adler Union Frintrop II.,8,Kreisliga A Gruppe 1 · Kreis Essen,10,3,1,0,2,5,8,-3,3,1.0
882,,SV Türkiyemspor Bochum,8,Bezirksliga Staffel 10 · Bezirk Westfalen,8,4,1,1,2,6,10,-4,4,1.0
883,,Viktoria Winnekendonk,8,Kreisliga A · Kreis Kleve-Geldern,11,3,1,0,2,3,6,-3,3,1.0
884,,SV Bommern,8,Bezirksliga Staffel 10 · Bezirk Westfalen,9,4,1,1,2,6,11,-5,4,1.0
885,,Warendorfer SU,8,Bezirksliga Staffel 07 · Bezirk Westfalen,10,4,1,1,2,5,10,-5,4,1.0
886,,DKSV Helene Essen,8,Kreisliga A Gruppe 1 · Kreis Essen,11,3,1,0,2,7,11,-4,3,1.0
887,,DJK Adler Union Frintrop III.,8,Kreisliga A Gruppe 2 · Kreis Essen,10,3,1,0,2,5,9,-4,3,1.0
888,,FSV Kettwig,8,Kreisliga A Gruppe 2 · Kreis Essen,11,3,1,0,2,4,8,-4,3,1.0
889,,SV Viktoria Goch II,8,Kreisliga A · Kreis Kleve-Geldern,12,3,1,0,2,4,8,-4,3,1.0
890,,TV Fredeburg,8,Bezirksliga Staffel 04 · Bezirk Westfalen,11,3,1,0,2,4,8,-4,3,1.0
891,,SC Niederkrüchten,8,Kreisliga A · Kreis Kempen-Krefeld,11,3,1,0,2,3,7,-4,3,1.0
892,,Mülheimer SV 07 II,8,"Kreisliga A, Gruppe 1 · Kreis Duisburg-Mülheim-Dinslak",11,3,1,0,2,11,16,-5,3,1.0
893,,VfB Korschenbroich,8,Kreisliga A · Kreis Mönchengladbach-Viersen,10,3,1,0,2,11,16,-5,3,1.0
894,,SV Brünen,8,Kreisliga A · Kreis Rees-Bocholt,10,3,1,0,2,10,15,-5,3,1.0
895,,SV Grün-Weiß Vernum,8,Kreisliga A · Kreis Kleve-Geldern,13,3,1,0,2,6,11,-5,3,1.0
896,,DJK Sportfreunde Hehn,8,Kreisliga A · Kreis Mönchengladbach-Viersen,11,3,1,0,2,5,10,-5,3,1.0
897,,TSV Wachtendonk-Wankum,8,Kreisliga A · Kreis Kleve-Geldern,14,3,1,0,2,4,9,-5,3,1.0
898,,TuS Haffen-Mehr,8,Kreisliga A · Kreis Rees-Bocholt,11,3,1,0,2,6,12,-6,3,1.0
899,,SV Leithe 19/65,8,Kreisliga A Gruppe 2 · Kreis Essen,12,3,1,0,2,5,11,-6,3,1.0
900,,Hörder SC,8,Bezirksliga Staffel 06 · Bezirk Westfalen,13,3,1,0,2,4,10,-6,3,1.0
901,,SG Boke/Bentfeld,8,Bezirksliga Staffel 03 · Bezirk Westfalen,11,3,1,0,2,2,9,-7,3,1.0
902,,Türkischer SV Horn,8,Bezirksliga Staffel 03 · Bezirk Westfalen,12,3,1,0,2,6,14,-8,3,1.0
903,,SF Hüingsen,8,Bezirksliga Staffel 04 · Bezirk Westfalen,12,3,1,0,2,2,10,-8,3,1.0
904,,BV Osterfeld I,8,Kreisliga A Johanning · Kreis Oberhausen-Bottrop,12,3,1,0,2,3,12,-9,3,1.0
905,,Wuppertaler SV 2,8,Kreisliga A · Kreis Wuppertal-Niederberg,15,3,1,0,2,7,18,-11,3,1.0
906,,RuWa Dellwig,8,Kreisliga A Gruppe 1 · Kreis Essen,12,3,1,0,2,5,21,-16,3,1.0
907,,TuS SG Oestinghausen,8,Bezirksliga Staffel 07 · Bezirk Westfalen,11,4,1,0,3,9,9,0,3,0.75
908,,1. FC Gievenbeck II,8,Bezirksliga Staffel 12 · Bezirk Westfalen,12,4,1,0,3,9,12,-3,3,0.75
909,,SC Westfalia Kinderhaus II,8,Bezirksliga Staffel 12 · Bezirk Westfalen,13,4,1,0,3,8,11,-3,3,0.75
910,,SV Rothemühle,8,Bezirksliga Staffel 05 · Bezirk Westfalen,13,4,1,0,3,4,7,-3,3,0.75
911,,VfB Börnig,8,Bezirksliga Staffel 09 · Bezirk Westfalen,12,4,1,0,3,11,15,-4,3,0.75
912,,TuS Bad Driburg,8,Bezirksliga Staffel 03 · Bezirk Westfalen,10,4,1,0,3,10,14,-4,3,0.75
913,,1. FC Nordwalde,8,Bezirksliga Staffel 12 · Bezirk Westfalen,14,4,1,0,3,9,13,-4,3,0.75
914,,FC Türk Sport Bielefeld,8,Bezirksliga Staffel 02 · Bezirk Westfalen,11,4,1,0,3,11,16,-5,3,0.75
915,,TuS Witten-Stockum 1945 e.V.,8,Bezirksliga Staffel 10 · Bezirk Westfalen,10,4,1,0,3,9,14,-5,3,0.75
916,,TSG Sprockhövel II,8,Bezirksliga Staffel 06 · Bezirk Westfalen,11,4,1,0,3,8,13,-5,3,0.75
917,,SF Merfeld,8,Bezirksliga Staffel 11 · Bezirk Westfalen,13,4,1,0,3,5,10,-5,3,0.75
918,,VTS Iserlohn,8,Bezirksliga Staffel 06 · Bezirk Westfalen,12,4,1,0,3,5,10,-5,3,0.75
919,,DJK Vorwärts Ahlen,8,Bezirksliga Staffel 07 · Bezirk Westfalen,12,4,1,0,3,3,8,-5,3,0.75
920,,SV Hausberge,8,Bezirksliga Staffel 01 · Bezirk Westfalen,14,4,1,0,3,5,11,-6,3,0.75
921,,SV Borussia Darup,8,Bezirksliga Staffel 11 · Bezirk Westfalen,14,4,1,0,3,9,16,-7,3,0.75
922,,BV Bad Sassendorf,8,Bezirksliga Staffel 07 · Bezirk Westfalen,13,4,1,0,3,5,12,-7,3,0.75
923,,SG Wilnsdorf/Wilgersdorf/Wilden,8,Bezirksliga Staffel 05 · Bezirk Westfalen,14,4,1,0,3,3,11,-8,3,0.75
924,,Eving Selimiye Spor,8,Bezirksliga Staffel 08 · Bezirk Westfalen,13,4,1,0,3,2,10,-8,3,0.75
925,,Spielverein Westfalia Soest II,8,Bezirksliga Staffel 07 · Bezirk Westfalen,14,4,1,0,3,4,14,-10,3,0.75
926,,TuS Altenberge,8,Bezirksliga Staffel 12 · Bezirk Westfalen,15,4,1,0,3,5,16,-11,3,0.75
927,,SC Leichlingen,8,Kreisliga A Gruppe 1 · Kreis Remscheid-Solingen,10,3,0,2,1,9,12,-3,2,0.67
928,,SSV Dhünn,8,Kreisliga A Gruppe 2 · Kreis Remscheid-Solingen,11,3,0,2,1,0,3,-3,2,0.67
929,,BSC Union Solingen,8,Kreisliga A Gruppe 1 · Kreis Remscheid-Solingen,11,3,0,2,1,6,10,-4,2,0.67
930,,SC Viersen-Rahser,8,Kreisliga A · Kreis Mönchengladbach-Viersen,12,3,0,2,1,5,10,-5,2,0.67
931,,SV Herbede,8,Bezirksliga Staffel 10 · Bezirk Westfalen,11,2,0,1,1,4,5,-1,1,0.5
932,,TuS Plettenberg,8,Bezirksliga Staffel 05 · Bezirk Westfalen,15,4,0,2,2,3,8,-5,2,0.5
933,,TSV Bockum 2,8,Kreisliga A · Kreis Kempen-Krefeld,13,2,0,1,1,4,7,-3,1,0.5
934,,TuS Kachtenhausen,8,Bezirksliga Staffel 02 · Bezirk Westfalen,12,4,0,2,2,6,16,-10,2,0.5
935,,TuS Leopoldshöhe,8,Bezirksliga Staffel 02 · Bezirk Westfalen,13,4,0,2,2,5,15,-10,2,0.5
936,,Spfr. Neersbroich,8,Kreisliga A · Kreis Mönchengladbach-Viersen,13,3,0,1,2,5,8,-3,1,0.33
937,,SC 1911 Kapellen-Erft 2,8,Kreisliga A · Kreis Grevenbroich-Neuss,14,3,0,1,2,2,5,-3,1,0.33
938,,SG Kessel/Ho-Ha,8,Kreisliga A · Kreis Kleve-Geldern,15,3,0,1,2,4,8,-4,1,0.33
939,,SC Waldniel,8,Kreisliga A · Kreis Kempen-Krefeld,14,3,0,1,2,3,7,-4,1,0.33
940,,SV Duissern,8,"Kreisliga A, Gruppe 1 · Kreis Duisburg-Mülheim-Dinslak",12,3,0,1,2,3,7,-4,1,0.33
941,,TV Voerde,8,Kreisliga A · Kreis Rees-Bocholt,12,3,0,1,2,3,7,-4,1,0.33
942,,FC Bosporus e. V. Düsseldorf,8,Kreisliga A Herren 2026/2027 · Kreis Düsseldorf,14,3,0,1,2,6,11,-5,1,0.33
943,,FC Straberg,8,Kreisliga A · Kreis Grevenbroich-Neuss,15,3,0,1,2,6,11,-5,1,0.33
944,,TSV Nieukerk,8,Kreisliga A · Kreis Kleve-Geldern,16,3,0,1,2,5,10,-5,1,0.33
945,,BW Westf. Langenbochum,8,Bezirksliga Staffel 09 · Bezirk Westfalen,13,3,0,1,2,4,9,-5,1,0.33
946,,SG Essen-Schönebeck II.,8,Kreisliga A Gruppe 1 · Kreis Essen,13,3,0,1,2,4,9,-5,1,0.33
947,,Geisecker SV,8,Bezirksliga Staffel 06 · Bezirk Westfalen,14,3,0,1,2,3,8,-5,1,0.33
948,,TSV Einigkeit Dornap-Düssel,8,Kreisliga A · Kreis Wuppertal-Niederberg,16,3,0,1,2,2,7,-5,1,0.33
949,,VFR 08 Oberhausen,8,Kreisliga A Johanning · Kreis Oberhausen-Bottrop,13,3,0,1,2,4,10,-6,1,0.33
950,,SC Rheindahlen,8,Kreisliga A · Kreis Mönchengladbach-Viersen,14,3,0,1,2,3,9,-6,1,0.33
951,,SW Wattenscheid 08,8,Bezirksliga Staffel 10 · Bezirk Westfalen,12,3,0,1,2,3,9,-6,1,0.33
952,,SV Conc. Albachten,8,Bezirksliga Staffel 12 · Bezirk Westfalen,17,3,0,1,2,2,8,-6,1,0.33
953,,TuS Hattingen,8,Bezirksliga Staffel 10 · Bezirk Westfalen,13,3,0,1,2,4,11,-7,1,0.33
954,,SW Eppendorf,8,Bezirksliga Staffel 10 · Bezirk Westfalen,14,3,0,1,2,3,10,-7,1,0.33
955,,SV Blau-Weiß Fuhlenbrock,8,Kreisliga A Johanning · Kreis Oberhausen-Bottrop,14,3,0,1,2,6,14,-8,1,0.33
956,,TuB Bocholt,8,Kreisliga A · Kreis Rees-Bocholt,13,3,0,1,2,4,12,-8,1,0.33
957,,SuS Haarzopf II.,8,Kreisliga A Gruppe 2 · Kreis Essen,13,3,0,1,2,3,11,-8,1,0.33
958,,SV Wanheim 1900,8,"Kreisliga A, Gruppe 1 · Kreis Duisburg-Mülheim-Dinslak",13,3,0,1,2,2,10,-8,1,0.33
959,,SV Spellen,8,Kreisliga A · Kreis Rees-Bocholt,14,3,0,1,2,6,17,-11,1,0.33
960,,SV Eidinghausen-Werste,8,Bezirksliga Staffel 01 · Bezirk Westfalen,15,4,0,1,3,8,12,-4,1,0.25
961,,Tus Graf Kobbo Tecklenburg,8,Bezirksliga Staffel 12 · Bezirk Westfalen,16,4,0,1,3,7,11,-4,1,0.25
962,,SG Bockum-Hövel,8,Bezirksliga Staffel 08 · Bezirk Westfalen,14,4,0,1,3,7,12,-5,1,0.25
963,,SC Halle,8,Bezirksliga Staffel 02 · Bezirk Westfalen,14,4,0,1,3,6,11,-5,1,0.25
964,,DJK Eintr. Coesfeld,8,Bezirksliga Staffel 11 · Bezirk Westfalen,15,4,0,1,3,7,14,-7,1,0.25
965,,SV 1947 Hilbeck e.V.,8,Bezirksliga Staffel 07 · Bezirk Westfalen,15,4,0,1,3,2,11,-9,1,0.25
966,,FC Dahl/Dörenhagen,8,Bezirksliga Staffel 03 · Bezirk Westfalen,13,4,0,1,3,7,17,-10,1,0.25
967,,VfB Westhofen,8,Bezirksliga Staffel 06 · Bezirk Westfalen,15,4,0,1,3,2,12,-10,1,0.25
968,,SC Hicret Bielefeld,8,Bezirksliga Staffel 02 · Bezirk Westfalen,15,4,0,1,3,11,22,-11,1,0.25
969,,SuS Stadtlohn II,8,Bezirksliga Staffel 11 · Bezirk Westfalen,16,4,0,1,3,3,15,-12,1,0.25
970,,SG Sonneborn/Alverdissen,8,Bezirksliga Staffel 02 · Bezirk Westfalen,16,4,0,1,3,5,18,-13,1,0.25
971,,1. FC Niederkassel U23,8,Kreisliga A Staffel 1 · Kreis Sieg,10,0,0,0,0,0,0,0,0,0.0
972,,Casa España I,8,Kreisliga A · Kreis Köln,10,0,0,0,0,0,0,0,0,0.0
973,,GSV Langenfeld II zg.,8,Kreisliga A Gruppe 2 · Kreis Remscheid-Solingen,12,0,0,0,0,0,0,0,0,0.0
974,,Genclerbirligi Opladen zg.,8,Kreisliga A Gruppe 2 · Kreis Remscheid-Solingen,13,0,0,0,0,0,0,0,0,0.0
975,,JSV Frenz,8,Kreisliga A · Kreis Düren,9,0,0,0,0,0,0,0,0,0.0
976,,Olympia I,8,Kreisliga A · Kreis Köln,11,0,0,0,0,0,0,0,0,0.0
977,,PSV Wesel-Lackhausen II zg.,8,Kreisliga A · Kreis Rees-Bocholt,15,0,0,0,0,0,0,0,0,0.0
978,,SF Aegidienberg,8,Kreisliga A Staffel 1 · Kreis Sieg,11,0,0,0,0,0,0,0,0,0.0
979,,SV 09/35 Wermelskirchen zg.,8,Kreisliga A Gruppe 1 · Kreis Remscheid-Solingen,13,0,0,0,0,0,0,0,0,0.0
980,,SV SW Huchem-Stammeln,8,Kreisliga A · Kreis Düren,10,0,0,0,0,0,0,0,0,0.0
981,,TSV Meerbusch 3 zg.,8,Kreisliga A · Kreis Kempen-Krefeld,15,0,0,0,0,0,0,0,0,0.0
982,,TSV Schönau,8,Kreisliga A · Kreis Euskirchen,7,0,0,0,0,0,0,0,0,0.0
983,,TuS Hannibal zg.,8,Bezirksliga Staffel 10 · Bezirk Westfalen,15,0,0,0,0,0,0,0,0,0.0
984,,Türkiyemspor Remscheid zg.,8,Kreisliga A Gruppe 1 · Kreis Remscheid-Solingen,14,0,0,0,0,0,0,0,0,0.0
985,,Jugendsport Wenau,8,Kreisliga A · Kreis Düren,11,1,0,0,1,4,5,-1,0,0.0
986,,Rasensport Brand II,8,Kreisliga A · Kreis Aachen,8,1,0,0,1,4,5,-1,0,0.0
987,,FC Bensberg,8,Kreisliga A · Kreis Berg,10,1,0,0,1,3,4,-1,0,0.0
988,,FSV 09 Geilenkirchen,8,"Kreisliga A, Staffel 1 · Kreis Heinsberg",9,1,0,0,1,3,4,-1,0,0.0
989,,FC Eintracht Kempen,8,"Kreisliga A, Staffel 1 · Kreis Heinsberg",10,1,0,0,1,2,3,-1,0,0.0
990,,SV Adler Effeld 1916 e.V.,8,"Kreisliga A, Staffel 1 · Kreis Heinsberg",11,1,0,0,1,2,3,-1,0,0.0
991,,SV Roland Millich 1930 e.V.,8,"Kreisliga A, Staffel 1 · Kreis Heinsberg",12,1,0,0,1,2,3,-1,0,0.0
992,,TuS Roisdorf I,8,Kreisliga A · Kreis Bonn,9,1,0,0,1,2,3,-1,0,0.0
993,,TSV Kaldenkirchen,8,Kreisliga A · Kreis Kempen-Krefeld,16,3,0,0,3,5,8,-3,0,0.0
994,,BC 09 Oberbruch,8,"Kreisliga A, Staffel 1 · Kreis Heinsberg",13,1,0,0,1,1,2,-1,0,0.0
995,,BW Kerpen,8,Kreisliga A Staffel 1 · Kreis Rhein-Erft,9,1,0,0,1,1,2,-1,0,0.0
996,,Blau-Weiß Köln II,8,Kreisliga A · Kreis Köln,12,1,0,0,1,1,2,-1,0,0.0
997,,Eintracht Walsum,8,"Kreisliga A, Gruppe 2 · Kreis Duisburg-Mülheim-Dinslak",8,1,0,0,1,1,2,-1,0,0.0
998,,FC Düren 77 e.V.,8,Kreisliga A · Kreis Düren,12,1,0,0,1,1,2,-1,0,0.0
999,,Niersquelle Kuckum,8,"Kreisliga A, Staffel 1 · Kreis Heinsberg",14,1,0,0,1,1,2,-1,0,0.0
1000,,SC Brühl,8,Kreisliga A Staffel 1 · Kreis Rhein-Erft,10,1,0,0,1,1,2,-1,0,0.0
1001,,SC Rheinbach 1913 e.V. 2,8,Kreisliga A · Kreis Bonn,10,1,0,0,1,1,2,-1,0,0.0
1002,,SV Breberen,8,"Kreisliga A, Staffel 1 · Kreis Heinsberg",15,1,0,0,1,1,2,-1,0,0.0
1003,,SV Erfa 09 Gymnich,8,Kreisliga A Staffel 1 · Kreis Rhein-Erft,11,1,0,0,1,1,2,-1,0,0.0
1004,,SV Hamborn 90,8,"Kreisliga A, Gruppe 2 · Kreis Duisburg-Mülheim-Dinslak",9,1,0,0,1,1,2,-1,0,0.0
1005,,Spvgg. Meiderich 06/95,8,"Kreisliga A, Gruppe 2 · Kreis Duisburg-Mülheim-Dinslak",10,1,0,0,1,1,2,-1,0,0.0
1006,,TFC Inter Troisdorf,8,Kreisliga A Staffel 1 · Kreis Sieg,12,1,0,0,1,1,2,-1,0,0.0
1007,,Alemannia Aachen II,8,Kreisliga A · Kreis Aachen,9,1,0,0,1,0,1,-1,0,0.0
1008,,BSV Viktoria Bielstein 1920 e.V.,8,Kreisliga A · Kreis Berg,11,1,0,0,1,0,1,-1,0,0.0
1009,,TuS Mechernich,8,Kreisliga A · Kreis Euskirchen,8,1,0,0,1,0,1,-1,0,0.0
1010,,VfR Marienhagen,8,Kreisliga A · Kreis Berg,12,1,0,0,1,0,1,-1,0,0.0
1011,,FC Blau-Gelb Überruhr,8,Kreisliga A Gruppe 2 · Kreis Essen,14,3,1,0,2,5,9,-4,0,0.0
1012,,SV Krechting,8,Kreisliga A · Kreis Rees-Bocholt,16,2,0,0,2,3,6,-3,0,0.0
1013,,KSC Tesla 07,8,Kreisliga A Herren 2026/2027 · Kreis Düsseldorf,15,2,0,0,2,2,5,-3,0,0.0
1014,,SV Oberbilk 09 Düsseldorf,8,Kreisliga A Herren 2026/2027 · Kreis Düsseldorf,16,3,0,0,3,4,9,-5,0,0.0
1015,,SV Schelsen,8,Kreisliga A · Kreis Mönchengladbach-Viersen,15,3,0,0,3,3,8,-5,0,0.0
1016,,SG Oberschelden,8,Bezirksliga Staffel 05 · Bezirk Westfalen,16,4,0,0,4,10,17,-7,0,0.0
1017,,VfL Bad Berleburg,8,Bezirksliga Staffel 04 · Bezirk Westfalen,14,4,0,0,4,7,14,-7,0,0.0
1018,,SC Croatia Mülheim,8,"Kreisliga A, Gruppe 1 · Kreis Duisburg-Mülheim-Dinslak",14,2,0,0,2,5,9,-4,0,0.0
1019,,FC Borussia Derschlag,8,Kreisliga A · Kreis Berg,13,1,0,0,1,2,4,-2,0,0.0
1020,,FC Pesch II,8,Kreisliga A · Kreis Köln,13,1,0,0,1,2,4,-2,0,0.0
1021,,Oberkasseler FV,8,Kreisliga A · Kreis Bonn,11,1,0,0,1,2,4,-2,0,0.0
1022,,TV Klaswipper,8,Kreisliga A · Kreis Berg,14,1,0,0,1,2,4,-2,0,0.0
1023,,TuS Mondorf II,8,Kreisliga A Staffel 1 · Kreis Sieg,13,1,0,0,1,2,4,-2,0,0.0
1024,,FC Hellas Krefeld,8,Kreisliga A · Kreis Kempen-Krefeld,17,2,0,0,2,3,7,-4,0,0.0
1025,,FC Lübbecke,8,Bezirksliga Staffel 01 · Bezirk Westfalen,16,4,0,0,4,5,13,-8,0,0.0
1026,,Burtscheider TV,8,Kreisliga A · Kreis Aachen,10,1,0,0,1,1,3,-2,0,0.0
1027,,SF Walsum 09,8,"Kreisliga A, Gruppe 2 · Kreis Duisburg-Mülheim-Dinslak",11,1,0,0,1,1,3,-2,0,0.0
1028,,SG Bürvenich / Schwerfen / Sinzenich,8,Kreisliga A · Kreis Euskirchen,9,1,0,0,1,1,3,-2,0,0.0
1029,,SV Niederbachem,8,Kreisliga A · Kreis Bonn,12,1,0,0,1,1,3,-2,0,0.0
1030,,SV Schöneseiffen 1950 e.V.,8,Kreisliga A · Kreis Euskirchen,10,1,0,0,1,1,3,-2,0,0.0
1031,,SV Viktoria Koslar,8,Kreisliga A · Kreis Düren,13,1,0,0,1,1,3,-2,0,0.0
1032,,TSV Bruckhausen,8,"Kreisliga A, Gruppe 2 · Kreis Duisburg-Mülheim-Dinslak",12,1,0,0,1,1,3,-2,0,0.0
1033,,SG Nörvenich-Hochkirchen,8,Kreisliga A · Kreis Düren,14,1,0,0,1,0,2,-2,0,0.0
1034,,SSV Bornheim II,8,Kreisliga A · Kreis Bonn,13,1,0,0,1,0,2,-2,0,0.0
1035,,Sportfreunde Wanne-Eickel 04/12,8,Bezirksliga Staffel 09 · Bezirk Westfalen,14,3,0,0,3,7,14,-7,0,0.0
1036,,Glück-Auf Sterkrade,8,Kreisliga A Johanning · Kreis Oberhausen-Bottrop,15,3,0,0,3,4,11,-7,0,0.0
1037,,Fortuna Bottrop II,8,Kreisliga A Johanning · Kreis Oberhausen-Bottrop,16,3,0,0,3,3,10,-7,0,0.0
1038,,SSV Meschede,8,Bezirksliga Staffel 04 · Bezirk Westfalen,13,2,0,0,2,1,6,-5,0,0.0
1039,,TIV Nettetal,8,Kreisliga A · Kreis Kempen-Krefeld,18,3,0,0,3,6,14,-8,0,0.0
1040,,SF Dönberg,8,Kreisliga A · Kreis Wuppertal-Niederberg,17,3,0,0,3,2,10,-8,0,0.0
1041,,Cheruskia Laggenbeck,8,Bezirksliga Staffel 12 · Bezirk Westfalen,18,4,0,0,4,3,14,-11,0,0.0
1042,,Horremer SV II,8,Kreisliga A Staffel 1 · Kreis Rhein-Erft,12,1,0,0,1,3,6,-3,0,0.0
1043,,RW Hütte,8,Kreisliga A Staffel 1 · Kreis Sieg,14,1,0,0,1,3,6,-3,0,0.0
1044,,SC Victoria Mennrath 2,8,Kreisliga A · Kreis Mönchengladbach-Viersen,16,3,0,0,3,7,16,-9,0,0.0
1045,,SV Refrath/Frankenforst I,8,Kreisliga A · Kreis Berg,15,1,0,0,1,2,5,-3,0,0.0
1046,,Spvg. SW 1896 Düren,8,Kreisliga A · Kreis Düren,15,1,0,0,1,2,5,-3,0,0.0
1047,,SpVgg Steele 03/09 II.,8,Kreisliga A Gruppe 2 · Kreis Essen,15,3,0,0,3,4,13,-9,0,0.0
1048,,DJK TuS Essen-Holsterhausen II.,8,Kreisliga A Gruppe 1 · Kreis Essen,14,3,0,0,3,3,12,-9,0,0.0
1049,,FC Pech,8,Kreisliga A · Kreis Bonn,14,1,0,0,1,1,4,-3,0,0.0
1050,,Mülheim Nord I,8,Kreisliga A · Kreis Köln,14,1,0,0,1,1,4,-3,0,0.0
1051,,SSV Golbach,8,Kreisliga A · Kreis Euskirchen,11,1,0,0,1,1,4,-3,0,0.0
1052,,SV Eilendorf II,8,Kreisliga A · Kreis Aachen,11,1,0,0,1,1,4,-3,0,0.0
1053,,SV SW Nierfeld,8,Kreisliga A · Kreis Euskirchen,12,1,0,0,1,1,4,-3,0,0.0
1054,,AC Italia Hilden,8,Kreisliga A Herren 2026/2027 · Kreis Düsseldorf,17,3,0,0,3,2,11,-9,0,0.0
1055,,DJK Barlo,8,Kreisliga A · Kreis Rees-Bocholt,17,2,0,0,2,0,6,-6,0,0.0
1056,,Rhenania Würselen/Euchen,8,Kreisliga A · Kreis Aachen,12,1,0,0,1,0,3,-3,0,0.0
1057,,RWT Herne 79/09,8,Bezirksliga Staffel 09 · Bezirk Westfalen,15,4,0,0,4,7,20,-13,0,0.0
1058,,TB Oberhausen,8,Kreisliga A Johanning · Kreis Oberhausen-Bottrop,17,3,0,0,3,6,16,-10,0,0.0
1059,,ASV Tiefenbroich,8,Kreisliga A Herren 2026/2027 · Kreis Düsseldorf,18,3,0,0,3,5,15,-10,0,0.0
1060,,SG Hackenberg 2,8,Kreisliga A Gruppe 2 · Kreis Remscheid-Solingen,15,3,0,0,3,5,15,-10,0,0.0
1061,,1.FC Sport-Ring Solingen 1880 e.V.,8,Kreisliga A Gruppe 1 · Kreis Remscheid-Solingen,15,3,0,0,3,2,12,-10,0,0.0
1062,,SuS Bad Westernkotten II,8,Bezirksliga Staffel 07 · Bezirk Westfalen,16,3,0,0,3,1,11,-10,0,0.0
1063,,TSV Safakspor Oberhausen,8,Kreisliga A Johanning · Kreis Oberhausen-Bottrop,18,3,0,0,3,1,11,-10,0,0.0
1064,,FSV Bad Wünnenberg/Leiberg,8,Bezirksliga Staffel 03 · Bezirk Westfalen,14,4,0,0,4,4,18,-14,0,0.0
1065,,SVF Herringen,8,Bezirksliga Staffel 08 · Bezirk Westfalen,15,3,0,0,3,6,17,-11,0,0.0
1066,,ETuS Bissingheim,8,"Kreisliga A, Gruppe 1 · Kreis Duisburg-Mülheim-Dinslak",15,3,0,0,3,4,15,-11,0,0.0
1067,,SC Viktoria Rott,8,Kreisliga A · Kreis Wuppertal-Niederberg,18,3,0,0,3,4,15,-11,0,0.0
1068,,SV St. Jöris,8,Kreisliga A · Kreis Aachen,13,1,0,0,1,2,6,-4,0,0.0
1069,,RW Ahrem,8,Kreisliga A Staffel 1 · Kreis Rhein-Erft,13,1,0,0,1,1,5,-4,0,0.0
1070,,Vatanspor Hemer,8,Bezirksliga Staffel 04 · Bezirk Westfalen,15,2,0,0,2,1,9,-8,0,0.0
1071,,1. FC Heinsberg-Lieck,8,"Kreisliga A, Staffel 1 · Kreis Heinsberg",16,1,0,0,1,0,4,-4,0,0.0
1072,,Bliesheimer BC,8,Kreisliga A · Kreis Euskirchen,13,1,0,0,1,0,4,-4,0,0.0
1073,,Sinnersdorf I,8,Kreisliga A · Kreis Köln,15,1,0,0,1,0,4,-4,0,0.0
1074,,TB 1906 Witterschlick,8,Kreisliga A · Kreis Bonn,15,1,0,0,1,0,4,-4,0,0.0
1075,,SV Bislich,8,Kreisliga A · Kreis Rees-Bocholt,18,2,0,0,2,3,12,-9,0,0.0
1076,,TG Hilgen 04,8,Kreisliga A Gruppe 2 · Kreis Remscheid-Solingen,14,2,0,0,2,2,11,-9,0,0.0
1077,,SV Bonenburg,8,Bezirksliga Staffel 03 · Bezirk Westfalen,15,4,0,0,4,2,20,-18,0,0.0
1078,,VfB Marsberg,8,Bezirksliga Staffel 04 · Bezirk Westfalen,16,4,0,0,4,4,23,-19,0,0.0
1079,,Borussia Freialdenhoven,8,Kreisliga A · Kreis Düren,16,1,0,0,1,1,6,-5,0,0.0
1080,,Grenzwacht Pannesheide,8,Kreisliga A · Kreis Aachen,14,1,0,0,1,1,6,-5,0,0.0
1081,,Rheinland Hamborn II,8,"Kreisliga A, Gruppe 2 · Kreis Duisburg-Mülheim-Dinslak",13,1,0,0,1,1,6,-5,0,0.0
1082,,TuS BW Königsdorf 2,8,Kreisliga A Staffel 1 · Kreis Rhein-Erft,14,1,0,0,1,1,6,-5,0,0.0
1083,,SG Stolberg,8,Kreisliga A · Kreis Aachen,15,1,0,0,1,0,5,-5,0,0.0
1084,,Hellas Wuppertal,8,Kreisliga A · Kreis Wuppertal-Niederberg,19,3,0,0,3,4,21,-17,0,0.0
1085,,TGD Essen-West,8,Kreisliga A Gruppe 2 · Kreis Essen,16,3,0,0,3,4,21,-17,0,0.0
1086,,Spfr. Baumberg 2,8,Kreisliga A Gruppe 1 · Kreis Remscheid-Solingen,16,3,0,0,3,0,17,-17,0,0.0
1087,,VfR Borgentreich,8,Bezirksliga Staffel 03 · Bezirk Westfalen,16,4,0,0,4,2,25,-23,0,0.0
1088,,FC Albania Duisburg,8,"Kreisliga A, Gruppe 2 · Kreis Duisburg-Mülheim-Dinslak",14,1,0,0,1,4,10,-6,0,0.0
1089,,Union Blau-Weiß Biesfeld,8,Kreisliga A · Kreis Berg,16,1,0,0,1,1,7,-6,0,0.0
1090,,FC Adler Meindorf,8,Kreisliga A Staffel 1 · Kreis Sieg,15,1,0,0,1,0,6,-6,0,0.0
1091,,SSV Walberberg I,8,Kreisliga A · Kreis Bonn,16,1,0,0,1,0,6,-6,0,0.0
1092,,Stammheim I,8,Kreisliga A · Kreis Köln,16,1,0,0,1,2,9,-7,0,0.0
1093,,FC Karnap 07/27,8,Kreisliga A Gruppe 1 · Kreis Essen,15,3,0,0,3,3,24,-21,0,0.0
1094,,TuS 07 Oberlar,8,Kreisliga A Staffel 1 · Kreis Sieg,16,1,0,0,1,0,7,-7,0,0.0
1095,,Vogelheimer SV II.,8,Kreisliga A Gruppe 1 · Kreis Essen,16,3,0,0,3,4,29,-25,0,0.0
1096,,SVG Neuss-Weissenberg II,8,Kreisliga A · Kreis Grevenbroich-Neuss,16,3,0,0,3,1,26,-25,0,0.0
1097,,F.C. Rot-Weiß Berrendorf,8,Kreisliga A Staffel 1 · Kreis Rhein-Erft,15,1,0,0,1,1,10,-9,0,0.0
1098,,Hastener TV,8,Kreisliga A Gruppe 2 · Kreis Remscheid-Solingen,16,2,0,0,2,0,26,-26,0,0.0
1099,,BCV Glesch-Paffendorf I,8,Kreisliga A Staffel 1 · Kreis Rhein-Erft,16,1,0,0,1,1,2,-1,-3,-3.0
1100,,SF Hamborn 07 II,9,"Kreisliga B, Gruppe 2 · Kreis Duisburg-Mülheim-Dinslak",7,1,1,0,0,14,1,13,3,3.0
1101,,Rondorf I,9,Kreisliga B Staffel 1 · Kreis Köln,1,1,1,0,0,12,0,12,3,3.0
1102,,SC Alemannia Lendersdorf II,9,Kreisliga B Staffel 3 · Kreis Düren,1,1,1,0,0,12,0,12,3,3.0
1103,,FC Germania Teveren II,9,"Kreisliga B, Staffel 2 · Kreis Heinsberg",1,1,1,0,0,13,2,11,3,3.0
1104,,Vorwärts Spoho I,9,Kreisliga B Staffel 1 · Kreis Köln,2,1,1,0,0,12,1,11,3,3.0
1105,,VfL Eintracht Warden,9,Kreisliga B Staffel 1 · Kreis Aachen,1,2,2,0,0,23,2,21,6,3.0
1106,,TSV Union Wuppertal 2,9,Kreisliga B Gruppe 2 · Kreis Wuppertal-Niederberg,7,1,1,0,0,12,3,9,3,3.0
1107,,TuS Borth,9,"Kreisliga B, · Kreis Moers",1,1,1,0,0,10,1,9,3,3.0
1108,,SC Roitzheim,9,Kreisliga B 1 · Kreis Euskirchen,1,1,1,0,0,9,0,9,3,3.0
1109,,SV Arminia Kapellen-Hamb,9,Kreisliga B Gruppe 2 · Kreis Kleve-Geldern,4,2,2,0,0,18,1,17,6,3.0
1110,,Sportfreunde 1918 Altenessen,9,Kreisliga B Gruppe 2 · Kreis Essen,3,2,2,0,0,18,1,17,6,3.0
1111,,FC Frohlinde,9,Herren Kreisliga  A · Kreis Herne,1,2,2,0,0,17,1,16,6,3.0
1112,,SV Weiden II,9,Kreisliga B Staffel 3 · Kreis Rhein-Erft,1,1,1,0,0,8,0,8,3,3.0
1113,,Eintracht Kornelimünster,9,Kreisliga B Staffel 2 · Kreis Aachen,1,1,1,0,0,8,1,7,3,3.0
1114,,GW Brauweiler 2,9,Kreisliga B Staffel 2 · Kreis Rhein-Erft,1,1,1,0,0,8,1,7,3,3.0
1115,,FC Neheim-Erlenbruch,9,Kreisliga A Arnsberg,1,1,1,0,0,7,0,7,3,3.0
1116,,DJK TUSA 06 II,9,Kreisliga B 26/27- Gruppe 2 Herren · Kreis Düsseldorf,1,3,3,0,0,22,2,20,9,3.0
1117,,RSV Hückeswagen 1,9,Kreisliga B Gruppe 2 · Kreis Remscheid-Solingen,1,2,2,0,0,14,1,13,6,3.0
1118,,SuS Krefeld,9,Kreisliga B 3 · Kreis Kempen-Krefeld,3,2,2,0,0,14,1,13,6,3.0
1119,,SV Hösel III,9,Kreisliga B 26/27  - Gruppe 1 Herren · Kreis Düsseldorf,1,3,3,0,0,22,3,19,9,3.0
1120,,Victoria Clarholz II,9,Kreisliga A Gütersloh,1,3,3,0,0,21,2,19,9,3.0
1121,,FC Moers-Meerfeld,9,"Kreisliga B, · Kreis Moers",2,1,1,0,0,7,1,6,3,3.0
1122,,SV Hellas Lüdenscheid,9,Kreisliga A Lüdenscheid,1,2,2,0,0,13,1,12,6,3.0
1123,,Rot-Weiß Venn,9,Kreisliga B Gruppe 1 · Kreis Mönchengladbach-Viersen,1,3,3,0,0,19,1,18,9,3.0
1124,,Kaster/Königshoven,9,Kreisliga B Staffel 2 · Kreis Rhein-Erft,2,1,1,0,0,6,0,6,3,3.0
1125,,SSV Jan Wellem 05 II,9,Kreisliga B 2 · Kreis Berg,1,1,1,0,0,6,0,6,3,3.0
1126,,TSV Urdenbach,9,Kreisliga B 26/27- Gruppe 2 Herren · Kreis Düsseldorf,2,3,3,0,0,19,2,17,9,3.0
1127,,TuS Bremen,9,Kreisliga A Herren Soest,1,4,4,0,0,27,5,22,12,3.0
1128,,SpVgg. Nachrodt,9,Kreisliga A - Iserlohn,1,2,2,0,0,13,2,11,6,3.0
1129,,SV Vorst,9,Kreisliga B 2 · Kreis Kempen-Krefeld,2,2,2,0,0,12,1,11,6,3.0
1130,,Rot-Weiß Lüdenscheid,9,Kreisliga A Lüdenscheid,2,2,2,0,0,11,0,11,6,3.0
1131,,VfL Grafenwald,9,Kreisliga A Herren · Kreis Gelsenkirchen,1,4,4,0,0,25,4,21,12,3.0
1132,,Westfalia Wethmar,9,Kreisliga A 2 Unna-Hamm,1,4,4,0,0,24,3,21,12,3.0
1133,,FC Rhenania Immendorf,9,"Kreisliga B, Staffel 2 · Kreis Heinsberg",2,1,1,0,0,7,2,5,3,3.0
1134,,TuS Schmidt,9,Kreisliga B Staffel 3 · Kreis Düren,2,1,1,0,0,7,2,5,3,3.0
1135,,SV Eintracht Jerxen-Orbke,9,Kreisliga A · Kreis Detmold,1,4,4,0,0,25,5,20,12,3.0
1136,,BV Hiltrop 1912,9,Kreisliga A1 Herren · Kreis Bochum,1,4,4,0,0,24,4,20,12,3.0
1137,,Grün-Weiß Amisia Rheine,9,Kreisliga A Steinfurt,6,1,1,0,0,6,1,5,3,3.0
1138,,SG Vossenack-Hürtgen,9,Kreisliga B Staffel 3 · Kreis Düren,3,1,1,0,0,6,1,5,3,3.0
1139,,SG Hellenthal,9,Kreisliga B 2 · Kreis Euskirchen,1,1,1,0,0,5,0,5,3,3.0
1140,,SV Scherpenseel-Grotenrath,9,"Kreisliga B, Staffel 2 · Kreis Heinsberg",3,1,1,0,0,5,0,5,3,3.0
1141,,TV Kaldenhausen,9,"Kreisliga B, · Kreis Moers",3,1,1,0,0,5,0,5,3,3.0
1142,,TuS DJK Dreiborn,9,Kreisliga B 2 · Kreis Euskirchen,2,1,1,0,0,5,0,5,3,3.0
1143,,TuS Langenholthausen,9,Kreisliga A Arnsberg,2,1,1,0,0,5,0,5,3,3.0
1144,,FC Ezidxan Minden,9,Kreisliga A Minden,1,5,5,0,0,29,5,24,15,3.0
1145,,SV GE-Hessler,9,Kreisliga A Herren · Kreis Gelsenkirchen,2,4,4,0,0,26,7,19,12,3.0
1146,,SV Rheinwacht Stürzelberg 1928 e.V. 2,9,"Kreisliga B, Gr. 2 · Kreis Grevenbroich-Neuss",1,3,3,0,0,17,3,14,9,3.0
1147,,TSV Heimaterde,9,"Kreisliga B, Gruppe 1 · Kreis Duisburg-Mülheim-Dinslak",1,3,3,0,0,16,2,14,9,3.0
1148,,DJK Arminia Ibbenbüren,9,Kreisliga A · Kreis Tecklenburg,1,2,2,0,0,12,3,9,6,3.0
1149,,SV 1911 Bottrop,9,Kreisliga B1 Breil · Kreis Oberhausen-Bottrop,3,2,2,0,0,12,3,9,6,3.0
1150,,1. FC Dersimspor,9,"Kreisliga B, Gruppe 2 · Kreis Duisburg-Mülheim-Dinslak",3,2,2,0,0,11,2,9,6,3.0
1151,,SpVgg Horsthausen II,9,Herren Kreisliga  A · Kreis Herne,2,2,2,0,0,10,1,9,6,3.0
1152,,VfB Schwelm,9,Kreisliga A Hagen,1,2,2,0,0,9,0,9,6,3.0
1153,,Germania Westerwiehe,9,Kreisliga A Gütersloh,2,3,3,0,0,15,2,13,9,3.0
1154,,Spfr. Edertal,9,Kreisliga A Siegen/Wittgenstein · Kreis Siegen-Wittgenstein,1,2,2,0,0,14,6,8,6,3.0
1155,,DJK Grün-Weiß Appeldorn,9,Kreisliga B Gruppe 1 · Kreis Kleve-Geldern,1,3,3,0,0,16,4,12,9,3.0
1156,,VfB Fabbenstedt,9,Kreisliga A K_20 Lübbecke,1,4,4,0,0,21,5,16,12,3.0
1157,,BSV Menden II,9,Kreisliga A - Iserlohn,2,2,2,0,0,10,2,8,6,3.0
1158,,Casa Espana II,9,Kreisliga B Staffel 1 · Kreis Köln,3,1,1,0,0,5,1,4,3,3.0
1159,,DJK Gillrath,9,"Kreisliga B, Staffel 2 · Kreis Heinsberg",4,1,1,0,0,5,1,4,3,3.0
1160,,Rumelner TV II,9,"Kreisliga B, · Kreis Moers",4,1,1,0,0,5,1,4,3,3.0
1161,,SG Kupferdreh-Byfang,9,Kreisliga B Gruppe 3 · Kreis Essen,3,2,2,0,0,10,2,8,6,3.0
1162,,SV Frömmersbach,9,Kreisliga B 3 · Kreis Berg,1,1,1,0,0,5,1,4,3,3.0
1163,,SV Türkspor Bergheim,9,Kreisliga B Staffel 2 · Kreis Rhein-Erft,3,1,1,0,0,5,1,4,3,3.0
1164,,SuS Concordia Flaesheim,9,RE KL A 2 · Kreis Recklinghausen,8,1,1,0,0,5,1,4,3,3.0
1165,,TuS Eudenbach,9,Kreisliga B Staffel 3 · Kreis Sieg,1,1,1,0,0,5,1,4,3,3.0
1166,,TuS Oberpleis II,9,Kreisliga B Staffel 3 · Kreis Sieg,2,1,1,0,0,5,1,4,3,3.0
1167,,VfJ Lippborg,9,Kreisliga A Herren Soest,2,4,4,0,0,19,3,16,12,3.0
1168,,SV Dahl-Friedrichsthal,9,Kreisliga A Olpe,2,3,3,0,0,13,1,12,9,3.0
1169,,FC Polonia Hagen,9,Kreisliga A Hagen,5,1,1,0,0,4,0,4,3,3.0
1170,,FV Preußen Bonn,9,Kreisliga B Gruppe 1 · Kreis Bonn,1,1,1,0,0,4,0,4,3,3.0
1171,,SG Holzweiler-Katzem,9,"Kreisliga B, Staffel 1 · Kreis Heinsberg",1,1,1,0,0,4,0,4,3,3.0
1172,,SpVg Nöthen-Pesch-Harzheim,9,Kreisliga B 2 · Kreis Euskirchen,3,1,1,0,0,4,0,4,3,3.0
1173,,TV Hoffnungsthal II,9,Kreisliga B 2 · Kreis Berg,2,1,1,0,0,4,0,4,3,3.0
1174,,TuS Vosswinkel,9,Kreisliga A Arnsberg,3,1,1,0,0,4,0,4,3,3.0
1175,,SF Dünschede,9,Kreisliga A Olpe,3,3,3,0,0,15,4,11,9,3.0
1176,,SC Hardt,9,Kreisliga B Gruppe 1 · Kreis Mönchengladbach-Viersen,2,3,3,0,0,14,3,11,9,3.0
1177,,SG Kaarst,9,"Kreisliga B, Gr. 1 · Kreis Grevenbroich-Neuss",1,3,3,0,0,13,2,11,9,3.0
1178,,SGE Bedburg-Hau,9,Kreisliga B Gruppe 1 · Kreis Kleve-Geldern,2,3,3,0,0,12,1,11,9,3.0
1179,,TSV Werdohl,9,Kreisliga A Lüdenscheid,3,2,2,0,0,11,4,7,6,3.0
1180,,VFB Habinghorst 1920,9,Herren Kreisliga  A · Kreis Herne,3,2,2,0,0,11,4,7,6,3.0
1181,,SV Phönix Bochum,9,Kreisliga A1 Herren · Kreis Bochum,2,4,4,0,0,21,7,14,12,3.0
1182,,SSV 07 Sudberg,9,Kreisliga B Gruppe 1 · Kreis Wuppertal-Niederberg,4,2,2,0,0,10,3,7,6,3.0
1183,,DJK Eintr. Stadtlohn,9,Kreisliga A 1 Ahaus-Coesfeld,1,2,2,0,0,8,1,7,6,3.0
1184,,SV Borbeck 93/09 II.,9,Kreisliga B Gruppe 1 · Kreis Essen,4,2,2,0,0,7,0,7,6,3.0
1185,,DJK SF Katernberg II.,9,Kreisliga B Gruppe 1 · Kreis Essen,1,3,3,0,0,16,6,10,9,3.0
1186,,SSV Strümp 2,9,Kreisliga B 3 · Kreis Kempen-Krefeld,1,3,3,0,0,14,4,10,9,3.0
1187,,SV Burgaltendorf II.,9,Kreisliga B Gruppe 3 · Kreis Essen,1,3,3,0,0,14,4,10,9,3.0
1188,,SuS Gohr,9,"Kreisliga B, Gr. 2 · Kreis Grevenbroich-Neuss",2,3,3,0,0,14,4,10,9,3.0
1189,,FC Langenberg,9,Kreisliga B Gruppe 2 · Kreis Wuppertal-Niederberg,1,3,3,0,0,11,1,10,9,3.0
1190,,TSV Solingen 3,9,Kreisliga B Gruppe 1 · Kreis Remscheid-Solingen,1,3,3,0,0,11,1,10,9,3.0
1191,,TVAS Viersen,9,Kreisliga B 1 · Kreis Kempen-Krefeld,1,3,3,0,0,11,1,10,9,3.0
1192,,SpVg Möhnesee,9,Kreisliga A Herren Soest,3,4,4,0,0,22,9,13,12,3.0
1193,,RW Stiepel,9,Kreisliga A2 Herren · Kreis Bochum,1,4,4,0,0,17,4,13,12,3.0
1194,,SV Merken,9,Kreisliga B Staffel 2 · Kreis Düren,1,1,1,0,0,6,3,3,3,3.0
1195,,1. SC BW Wulfen,9,RE KL A 1 · Kreis Recklinghausen,1,2,2,0,0,10,4,6,6,3.0
1196,,Alkenrath I,9,Kreisliga B Staffel 2 · Kreis Köln,1,1,1,0,0,5,2,3,3,3.0
1197,,FC 06 Rurdorf,9,Kreisliga B Staffel 1 · Kreis Düren,1,1,1,0,0,5,2,3,3,3.0
1198,,NK Croatia Bonn e.V.,9,"Kreisliga B, Gruppe 2 · Kreis Bonn",1,1,1,0,0,5,2,3,3,3.0
1199,,SV Bernberg,9,Kreisliga B 3 · Kreis Berg,2,1,1,0,0,5,2,3,3,3.0
1200,,SV Niederzier I,9,Kreisliga B Staffel 1 · Kreis Düren,2,1,1,0,0,5,2,3,3,3.0
1201,,SV Nordeifel,9,Kreisliga B Staffel 2 · Kreis Aachen,2,1,1,0,0,5,2,3,3,3.0
1202,,TuS Weiershagen,9,Kreisliga B 3 · Kreis Berg,3,1,1,0,0,5,2,3,3,3.0
1203,,1. FC Krauthausen,9,Kreisliga B Staffel 1 · Kreis Düren,3,1,1,0,0,4,1,3,3,3.0
1204,,FC Hertha Rheidt II,9,Kreisliga B Staffel 2 · Kreis Sieg,1,1,1,0,0,4,1,3,3,3.0
1205,,FC Roetgen II,9,Kreisliga B Staffel 2 · Kreis Aachen,3,1,1,0,0,4,1,3,3,3.0
1206,,Merheim I,9,Kreisliga B Staffel 2 · Kreis Köln,2,1,1,0,0,4,1,3,3,3.0
1207,,SG Oesterweg,9,Kreisliga A · Kreis Bielefeld,1,4,4,0,0,16,4,12,12,3.0
1208,,TuS Mechernich 2,9,Kreisliga B 2 · Kreis Euskirchen,4,1,1,0,0,4,1,3,3,3.0
1209,,Weiler-Volkhoven II,9,Kreisliga B Staffel 1 · Kreis Köln,4,1,1,0,0,4,1,3,3,3.0
1210,,Tuspo Richrath 2,9,Kreisliga B Gruppe 1 · Kreis Remscheid-Solingen,2,3,3,0,0,11,2,9,9,3.0
1211,,FC TuRa Bergkamen,9,Kreisliga A 2 Unna-Hamm,2,4,4,0,0,14,2,12,12,3.0
1212,,DJK Dellwig,9,Kreisliga B Gruppe 1 · Kreis Essen,2,3,3,0,0,10,1,9,9,3.0
1213,,BSV Leutherheide,9,Kreisliga B 1 · Kreis Kempen-Krefeld,4,2,2,0,0,6,0,6,6,3.0
1214,,DJK Wipperfeld,9,Kreisliga B 2 · Kreis Berg,3,1,1,0,0,3,0,3,3,3.0
1215,,FRECHEN 20 (U21),9,Kreisliga B Staffel 3 · Kreis Rhein-Erft,2,1,1,0,0,3,0,3,3,3.0
1216,,SV Affeln 28,9,Kreisliga A Arnsberg,4,1,1,0,0,3,0,3,3,3.0
1217,,SV Ennert II,9,Kreisliga B Gruppe 1 · Kreis Bonn,2,1,1,0,0,3,0,3,3,3.0
1218,,SV Fortuna Müllekoven II,9,Kreisliga B Staffel 2 · Kreis Sieg,2,1,1,0,0,3,0,3,3,3.0
1219,,SV Niederbachem II,9,"Kreisliga B, Gruppe 2 · Kreis Bonn",2,1,1,0,0,3,0,3,3,3.0
1220,,TSV Union Wuppertal,9,Kreisliga B Gruppe 1 · Kreis Wuppertal-Niederberg,8,1,1,0,0,3,0,3,3,3.0
1221,,VfR 1910 Unterbruch,9,"Kreisliga B, Staffel 2 · Kreis Heinsberg",5,1,1,0,0,3,0,3,3,3.0
1222,,SV Germania Bochum-West,9,Kreisliga A1 Herren · Kreis Bochum,3,4,4,0,0,16,5,11,12,3.0
1223,,Concordia Wiemelhausen II,9,Kreisliga A2 Herren · Kreis Bochum,2,4,4,0,0,14,3,11,12,3.0
1224,,TUSEM Essen II.,9,Kreisliga B Gruppe 2 · Kreis Essen,1,3,3,0,0,14,6,8,9,3.0
1225,,Red Stars MG,9,Kreisliga B Gruppe 2 · Kreis Mönchengladbach-Viersen,1,3,3,0,0,13,5,8,9,3.0
1226,,FC Iraklis Neviges,9,Kreisliga B Gruppe 2 · Kreis Wuppertal-Niederberg,2,3,3,0,0,11,3,8,9,3.0
1227,,SC Broich-Peel,9,Kreisliga B Gruppe 1 · Kreis Mönchengladbach-Viersen,3,3,3,0,0,11,3,8,9,3.0
1228,,Dülkener FC,9,Kreisliga B 1 · Kreis Kempen-Krefeld,5,2,2,0,0,10,5,5,6,3.0
1229,,VfL Senden II,9,Kreisliga A 2  Herren · Kreis Münster,1,2,2,0,0,10,5,5,6,3.0
1230,,SC 1912 Hennen,9,Kreisliga A - Iserlohn,3,2,2,0,0,9,4,5,6,3.0
1231,,Suryoye Paderborn,9,Kreisliga A Paderborn,1,4,4,0,0,17,7,10,12,3.0
1232,,FC Turo d'Izlo-Aramäer Gronau,9,Kreisliga A 1 Ahaus-Coesfeld,2,2,2,0,0,8,3,5,6,3.0
1233,,DJK Vierlinden,9,"Kreisliga B, Gruppe 2 · Kreis Duisburg-Mülheim-Dinslak",5,2,2,0,0,7,2,5,6,3.0
1234,,KF Kosova Bielefeld,9,Kreisliga A · Kreis Bielefeld,2,4,4,0,0,14,4,10,12,3.0
1235,,Rot-Weiß Germania 11/67,9,Medical4You Kreisliga A - Dortmund,1,4,4,0,0,14,4,10,12,3.0
1236,,SG Aa Nethetal/Bellersen,9,Kreisliga A · Kreis Höxter,1,4,4,0,0,14,4,10,12,3.0
1237,,SuS Neuenkirchen II,9,Kreisliga A Steinfurt,1,2,2,0,0,7,2,5,6,3.0
1238,,TuS Velen,9,RE KL A 1 · Kreis Recklinghausen,2,2,2,0,0,7,2,5,6,3.0
1239,,Ibbenbürener Spvg 08 II,9,Kreisliga A · Kreis Tecklenburg,2,2,2,0,0,6,1,5,6,3.0
1240,,SF Oesterholz-Kohlstädt,9,Kreisliga A · Kreis Detmold,5,2,2,0,0,6,1,5,6,3.0
1241,,SG Coesfeld 06,9,Kreisliga A 2 Ahaus-Coesfeld,1,2,2,0,0,6,1,5,6,3.0
1242,,SG Suderwich,9,RE KL A 2 · Kreis Recklinghausen,1,2,2,0,0,6,1,5,6,3.0
1243,,SV Heißen II,9,"Kreisliga B, Gruppe 1 · Kreis Duisburg-Mülheim-Dinslak",4,2,2,0,0,6,1,5,6,3.0
1244,,SV Kohlscheid,9,Kreisliga B Staffel 1 · Kreis Aachen,2,2,2,0,0,6,1,5,6,3.0
1245,,Teut. SuS Waltrop,9,RE KL A 2 · Kreis Recklinghausen,2,2,2,0,0,6,1,5,6,3.0
1246,,TSG Dülmen II,9,Kreisliga A 2 Ahaus-Coesfeld,2,2,2,0,0,5,0,5,6,3.0
1247,,DJK Ruhrtal Witten,9,Kreisliga A2 Herren · Kreis Bochum,5,3,3,0,0,11,4,7,9,3.0
1248,,TSV Bigge-Olsberg,9,Kreisliga A Hochsauerland · Kreis Hochsauerlandkreis,1,3,3,0,0,8,1,7,9,3.0
1249,,SC Enger,9,Kreisliga A · Kreis Herford,1,4,4,0,0,16,7,9,12,3.0
1250,,RW Ostentrop/Schönholthausen,9,Kreisliga A Olpe,1,4,4,0,0,15,6,9,12,3.0
1251,,TuS rrh. I,9,Kreisliga B Staffel 2 · Kreis Köln,3,1,1,0,0,7,5,2,3,3.0
1252,,1. Spvg. Solingen-Wald 3,9,Kreisliga B Gruppe 2 · Kreis Remscheid-Solingen,3,2,2,0,0,12,8,4,6,3.0
1253,,FC Rumeln-Kaldenhausen,9,"Kreisliga B, · Kreis Moers",5,1,1,0,0,5,3,2,3,3.0
1254,,Germania Mülheim I,9,Kreisliga B Staffel 2 · Kreis Köln,4,1,1,0,0,5,3,2,3,3.0
1255,,Inter Euskirchen,9,Kreisliga B 1 · Kreis Euskirchen,2,1,1,0,0,5,3,2,3,3.0
1256,,SSV Wildbergerhütte-Odenspiel,9,Kreisliga B 3 · Kreis Berg,4,1,1,0,0,5,3,2,3,3.0
1257,,SV Blatzheim,9,Kreisliga B Staffel 2 · Kreis Rhein-Erft,4,1,1,0,0,5,3,2,3,3.0
1258,,TV Rheindorf II,9,"Kreisliga B, Gruppe 2 · Kreis Bonn",3,1,1,0,0,5,3,2,3,3.0
1259,,SV Thomasstadt Kempen 3,9,Kreisliga B 3 · Kreis Kempen-Krefeld,2,3,3,0,0,13,7,6,9,3.0
1260,,1. FC Düren II,9,Kreisliga B Staffel 2 · Kreis Düren,2,1,1,0,0,4,2,2,3,3.0
1261,,Alemannia Essen II.,9,Kreisliga B Gruppe 1 · Kreis Essen,6,2,2,0,0,8,4,4,6,3.0
1262,,Fortuna Walstedde I,9,Kreisliga A Beckum,1,2,2,0,0,8,4,4,6,3.0
1263,,RW Lessenich,9,Kreisliga B Gruppe 1 · Kreis Bonn,3,1,1,0,0,4,2,2,3,3.0
1264,,SC Glessen,9,Kreisliga B Staffel 2 · Kreis Rhein-Erft,5,1,1,0,0,4,2,2,3,3.0
1265,,SSV Berzdorf,9,Kreisliga B Staffel 3 · Kreis Rhein-Erft,3,1,1,0,0,4,2,2,3,3.0
1266,,SV Alemannia Kamp,9,"Kreisliga B, · Kreis Moers",6,1,1,0,0,4,2,2,3,3.0
1267,,SV Menden,9,Kreisliga B Staffel 2 · Kreis Sieg,3,1,1,0,0,4,2,2,3,3.0
1268,,Spvgg. Hurst-Rosbach,9,Kreisliga B Staffel 3 · Kreis Sieg,3,1,1,0,0,4,2,2,3,3.0
1269,,Türk. SC Hamm,9,Kreisliga A 1 Unna-Hamm,3,3,3,0,0,12,6,6,9,3.0
1270,,VfR Forst,9,Kreisliga B Staffel 2 · Kreis Aachen,4,1,1,0,0,4,2,2,3,3.0
1271,,FC Hemer Erciyes,9,Kreisliga A - Iserlohn,4,2,2,0,0,7,3,4,6,3.0
1272,,SC Altenrheine II,9,Kreisliga A Steinfurt,2,2,2,0,0,7,3,4,6,3.0
1273,,SV Uffeln,9,Kreisliga A · Kreis Tecklenburg,3,2,2,0,0,7,3,4,6,3.0
1274,,1. FC Spich U23,9,Kreisliga B Staffel 2 · Kreis Sieg,4,1,1,0,0,3,1,2,3,3.0
1275,,BV Drabenderhöhe,9,Kreisliga B 3 · Kreis Berg,5,1,1,0,0,3,1,2,3,3.0
1276,,FC Münster 05,9,Kreisliga A 1  Herren · Kreis Münster,1,2,2,0,0,6,2,4,6,3.0
1277,,SC Amicitia 1908 Schleiden e.V.,9,Kreisliga B Staffel 1 · Kreis Düren,4,1,1,0,0,3,1,2,3,3.0
1278,,SF Stuckenbusch-Hochlarmark,9,RE KL A 2 · Kreis Recklinghausen,3,2,2,0,0,6,2,4,6,3.0
1279,,SG Rotbachtal/Strempt,9,Kreisliga B 2 · Kreis Euskirchen,5,1,1,0,0,3,1,2,3,3.0
1280,,SV BW Oedekoven,9,"Kreisliga B, Gruppe 2 · Kreis Bonn",4,1,1,0,0,3,1,2,3,3.0
1281,,SV Bösensell,9,Kreisliga A 2  Herren · Kreis Münster,2,2,2,0,0,6,2,4,6,3.0
1282,,Sportfreunde Troisdorf 05 II,9,Kreisliga B Staffel 2 · Kreis Sieg,5,1,1,0,0,3,1,2,3,3.0
1283,,Trabzonspor I,9,Kreisliga B Staffel 1 · Kreis Köln,5,1,1,0,0,3,1,2,3,3.0
1284,,TuS Birk II,9,Kreisliga B Staffel 3 · Kreis Sieg,4,1,1,0,0,3,1,2,3,3.0
1285,,Wahn-Grengel I,9,Kreisliga B Staffel 2 · Kreis Köln,5,1,1,0,0,3,1,2,3,3.0
1286,,SG Bentorf/Hohenhausen,9,Kreisliga A Lemgo,1,3,3,0,0,8,2,6,9,3.0
1287,,DJK Juspo Essen-West,9,Kreisliga B Gruppe 2 · Kreis Essen,6,2,2,0,0,5,1,4,6,3.0
1288,,SV Davaria Davensberg,9,Kreisliga A 2  Herren · Kreis Münster,3,2,2,0,0,5,1,4,6,3.0
1289,,SV Ems Westbevern,9,Kreisliga A 1  Herren · Kreis Münster,2,2,2,0,0,5,1,4,6,3.0
1290,,SV Liesborn e.V.,9,Kreisliga A Beckum,2,2,2,0,0,5,1,4,6,3.0
1291,,BV DJK Kellen II,9,Kreisliga B Gruppe 1 · Kreis Kleve-Geldern,3,3,3,0,0,7,1,6,9,3.0
1292,,1.FC Lintfort II,9,"Kreisliga B, · Kreis Moers",7,1,1,0,0,2,0,2,3,3.0
1293,,DJK Novesia Neuss 1919 2,9,"Kreisliga B, Gr. 2 · Kreis Grevenbroich-Neuss",3,3,3,0,0,6,0,6,9,3.0
1294,,DJK Westwacht Aachen,9,Kreisliga B Staffel 2 · Kreis Aachen,5,1,1,0,0,2,0,2,3,3.0
1295,,FC Wanderlust Süsterseel,9,"Kreisliga B, Staffel 2 · Kreis Heinsberg",6,1,1,0,0,2,0,2,3,3.0
1296,,JSV Baesweiler,9,Kreisliga B Staffel 1 · Kreis Aachen,8,1,1,0,0,2,0,2,3,3.0
1297,,SC Ederen,9,Kreisliga B Staffel 1 · Kreis Düren,5,1,1,0,0,2,0,2,3,3.0
1298,,SV Borussia Emsdetten II,9,Kreisliga A Steinfurt,3,2,2,0,0,4,0,4,6,3.0
1299,,TuS Winterscheid,9,Kreisliga B Staffel 3 · Kreis Sieg,5,1,1,0,0,2,0,2,3,3.0
1300,,Westfalia Hopsten,9,Kreisliga A · Kreis Tecklenburg,7,1,1,0,0,2,0,2,3,3.0
1301,,Bünder SV 08/09,9,Kreisliga A · Kreis Herford,2,4,4,0,0,9,2,7,12,3.0
1302,,Eintracht Lemgo,9,Kreisliga A Lemgo,2,3,3,0,0,10,5,5,9,3.0
1303,,Herzebrocker SV,9,Kreisliga A Gütersloh,3,3,3,0,0,10,5,5,9,3.0
1304,,SV Gelb Weiß Hamborn 1930 e. V.,9,"Kreisliga B, Gruppe 2 · Kreis Duisburg-Mülheim-Dinslak",1,3,3,0,0,8,3,5,9,3.0
1305,,Rot-Weiß Vellern I,9,Kreisliga A Beckum,3,2,2,0,0,8,5,3,6,3.0
1306,,FC Iserlohn II,9,Kreisliga A - Iserlohn,5,2,2,0,0,7,4,3,6,3.0
1307,,IKSV Münster,9,Kreisliga A 2  Herren · Kreis Münster,4,2,2,0,0,7,4,3,6,3.0
1308,,SV Heek,9,Kreisliga A 1 Ahaus-Coesfeld,3,2,2,0,0,6,3,3,6,3.0
1309,,SV Wacker Obercastrop II,9,Herren Kreisliga  A · Kreis Herne,4,2,2,0,0,6,3,3,6,3.0
1310,,Spvg. Arminia Holsterhausen,9,Herren Kreisliga  A · Kreis Herne,5,2,2,0,0,6,3,3,6,3.0
1311,,GW Lünten,9,Kreisliga A 1 Ahaus-Coesfeld,4,2,2,0,0,5,2,3,6,3.0
1312,,SC Füchtorf,9,Kreisliga A 1  Herren · Kreis Münster,3,2,2,0,0,5,2,3,6,3.0
1313,,SpVg SW Breckerfeld,9,Kreisliga A Hagen,2,2,2,0,0,5,2,3,6,3.0
1314,,DJK Borussia Münster II,9,Kreisliga A 2  Herren · Kreis Münster,5,2,2,0,0,4,1,3,6,3.0
1315,,SV Jägerhaus - Linde 2,9,Kreisliga B Gruppe 1 · Kreis Wuppertal-Niederberg,5,2,2,0,0,4,1,3,6,3.0
1316,,TSV Solingen 4,9,Kreisliga B Gruppe 2 · Kreis Remscheid-Solingen,6,2,2,0,0,4,1,3,6,3.0
1317,,Godesberger FV,9,"Kreisliga B, Gruppe 2 · Kreis Bonn",5,1,1,0,0,6,5,1,3,3.0
1318,,SV Blau-Weiß Hand e.V.,9,Kreisliga B 2 · Kreis Berg,4,1,1,0,0,6,5,1,3,3.0
1319,,FC Rheinsüd Köln III,9,Kreisliga B Staffel 2 · Kreis Rhein-Erft,6,1,1,0,0,5,4,1,3,3.0
1320,,SV Adler Osterfeld II,9,Kreisliga B1 Breil · Kreis Oberhausen-Bottrop,6,2,2,0,0,10,8,2,6,3.0
1321,,SV Metternich 1945 e.V.,9,Kreisliga B 1 · Kreis Euskirchen,3,1,1,0,0,5,4,1,3,3.0
1322,,SV Wachtberg II,9,"Kreisliga B, Gruppe 2 · Kreis Bonn",6,1,1,0,0,5,4,1,3,3.0
1323,,SG Monschauer Land,9,Kreisliga B Staffel 2 · Kreis Aachen,6,1,1,0,0,4,3,1,3,3.0
1324,,SG Olpe-Kürten,9,Kreisliga B 2 · Kreis Berg,5,1,1,0,0,4,3,1,3,3.0
1325,,SV Bechen,9,Kreisliga B 2 · Kreis Berg,6,1,1,0,0,4,3,1,3,3.0
1326,,Sportfreunde Uevekoven II,9,"Kreisliga B, Staffel 1 · Kreis Heinsberg",2,1,1,0,0,4,3,1,3,3.0
1327,,Westhoven-Ensen I,9,Kreisliga B Staffel 2 · Kreis Köln,6,1,1,0,0,4,3,1,3,3.0
1328,,ASC Akhtamar Frechen,9,Kreisliga B Staffel 3 · Kreis Rhein-Erft,4,1,1,0,0,3,2,1,3,3.0
1329,,ASV Ellewick,9,Kreisliga A 1 Ahaus-Coesfeld,9,1,1,0,0,3,2,1,3,3.0
1330,,Badorf/Pingsdorf,9,Kreisliga B Staffel 3 · Kreis Rhein-Erft,5,1,1,0,0,3,2,1,3,3.0
1331,,FC Blau Weiß Italia Oberhausen e.V.,9,Kreisliga B1 Breil · Kreis Oberhausen-Bottrop,7,2,2,0,0,6,4,2,6,3.0
1332,,Niersquelle Kuckum II,9,"Kreisliga B, Staffel 1 · Kreis Heinsberg",3,1,1,0,0,3,2,1,3,3.0
1333,,Olympias Eitorf,9,Kreisliga B Staffel 3 · Kreis Sieg,6,1,1,0,0,3,2,1,3,3.0
1334,,SC 1923 Meschenich,9,Kreisliga B Staffel 3 · Kreis Rhein-Erft,6,1,1,0,0,3,2,1,3,3.0
1335,,SG Holzen/Eisborn,9,Kreisliga A Arnsberg,5,1,1,0,0,3,2,1,3,3.0
1336,,SG Vettweiß-Füssenich-Geich,9,Kreisliga B Staffel 3 · Kreis Düren,4,1,1,0,0,3,2,1,3,3.0
1337,,SV Bachum/Bergheim,9,Kreisliga A Arnsberg,6,1,1,0,0,3,2,1,3,3.0
1338,,TPSK I,9,Kreisliga B Staffel 1 · Kreis Köln,6,1,1,0,0,3,2,1,3,3.0
1339,,TS Rahm,9,"Kreisliga B, Gruppe 1 · Kreis Duisburg-Mülheim-Dinslak",6,2,2,0,0,6,4,2,6,3.0
1340,,TuS Germania Kückhoven,9,"Kreisliga B, Staffel 1 · Kreis Heinsberg",4,1,1,0,0,3,2,1,3,3.0
1341,,DJK Arminia Klosterhardt III,9,Kreisliga B2 Bliso · Kreis Oberhausen-Bottrop,8,2,2,0,0,4,2,2,6,3.0
1342,,FV Salia Sechtem,9,Kreisliga B Gruppe 1 · Kreis Bonn,4,1,1,0,0,2,1,1,3,3.0
1343,,SG Neffeltal,9,Kreisliga B Staffel 3 · Kreis Düren,5,1,1,0,0,2,1,1,3,3.0
1344,,SV Boluspor Bonn II,9,Kreisliga B Gruppe 1 · Kreis Bonn,5,1,1,0,0,2,1,1,3,3.0
1345,,SV Lohmar,9,Kreisliga B Staffel 3 · Kreis Sieg,7,1,1,0,0,2,1,1,3,3.0
1346,,SV Rot-Weiss Mülheim,9,"Kreisliga B, Gruppe 1 · Kreis Duisburg-Mülheim-Dinslak",7,2,2,0,0,4,2,2,6,3.0
1347,,SVG Aphoven-Laffeld,9,"Kreisliga B, Staffel 2 · Kreis Heinsberg",7,1,1,0,0,2,1,1,3,3.0
1348,,SuS Olfen,9,Kreisliga A 2 Ahaus-Coesfeld,3,2,2,0,0,4,2,2,6,3.0
1349,,FSV Neunkirchen-Seelscheid III,9,Kreisliga B Staffel 3 · Kreis Sieg,8,1,1,0,0,1,0,1,3,3.0
1350,,Germania Freund,9,Kreisliga B Staffel 2 · Kreis Aachen,7,1,1,0,0,1,0,1,3,3.0
1351,,SC West I,9,Kreisliga B Staffel 1 · Kreis Köln,7,1,1,0,0,1,0,1,3,3.0
1352,,SG Flamersheim / Kirchheim 2,9,Kreisliga B 2 · Kreis Euskirchen,6,1,1,0,0,1,0,1,3,3.0
1353,,SV Fortuna Freudenberg,9,Kreisliga A Siegen/Wittgenstein · Kreis Siegen-Wittgenstein,10,1,1,0,0,1,0,1,3,3.0
1354,,SpVgg Lülsdorf-Ranzel I,9,Kreisliga B Staffel 2 · Kreis Sieg,6,1,1,0,0,1,0,1,3,3.0
1355,,SuS Viktoria Wehofen,9,"Kreisliga B, Gruppe 2 · Kreis Duisburg-Mülheim-Dinslak",6,2,2,0,0,2,0,2,6,3.0
1356,,Türk Genc I,9,Kreisliga B Staffel 2 · Kreis Köln,7,1,1,0,0,1,0,1,3,3.0
1357,,Umutspor Troisdorf,9,Kreisliga B Staffel 2 · Kreis Sieg,7,1,1,0,0,1,0,1,3,3.0
1358,,Viktoria Arnoldsweiler II,9,Kreisliga B Staffel 2 · Kreis Düren,3,1,1,0,0,1,0,1,3,3.0
1359,,SV Diestelbruch-Mosebeck,9,Kreisliga A · Kreis Detmold,2,4,3,1,0,22,2,20,10,2.5
1360,,VfB Günnigfeld,9,Kreisliga A1 Herren · Kreis Bochum,4,4,3,1,0,16,2,14,10,2.5
1361,,SG Erkeln/Hembsen,9,Kreisliga A · Kreis Höxter,2,4,3,1,0,15,3,12,10,2.5
1362,,Kirchhörder SC II,9,Medical4You Kreisliga A - Dortmund,2,4,3,1,0,16,5,11,10,2.5
1363,,TuSpo 09 Rahden,9,Kreisliga A K_20 Lübbecke,2,4,3,1,0,16,5,11,10,2.5
1364,,VfL Schildesche,9,Kreisliga A · Kreis Bielefeld,3,4,3,1,0,16,7,9,10,2.5
1365,,Eintracht Erle 1928 e.V.,9,Kreisliga A Herren · Kreis Gelsenkirchen,3,4,3,1,0,14,5,9,10,2.5
1366,,VfL Eversen,9,Kreisliga A · Kreis Höxter,3,4,3,1,0,15,8,7,10,2.5
1367,,SuS Oespel Kley,9,Medical4You Kreisliga A - Dortmund,3,4,3,1,0,12,6,6,10,2.5
1368,,SuS Störmede,9,Kreisliga A Lippstadt,1,4,3,1,0,11,5,6,10,2.5
1369,,SV 21 Brenken,9,Kreisliga A Paderborn,2,4,3,1,0,9,3,6,10,2.5
1370,,Türk Gücü Espelkamp,9,Kreisliga A K_20 Lübbecke,3,4,3,1,0,11,6,5,10,2.5
1371,,BV Weckhoven 1927 e.V.,9,"Kreisliga B, Gr. 1 · Kreis Grevenbroich-Neuss",2,3,2,1,0,25,4,21,7,2.33
1372,,Rather SV,9,Kreisliga B 26/27  - Gruppe 1 Herren · Kreis Düsseldorf,2,3,2,1,0,17,1,16,7,2.33
1373,,Eintracht Werne,9,Kreisliga A 1 Unna-Hamm,6,3,2,1,0,20,5,15,7,2.33
1374,,GW Langenberg-Benteler,9,Kreisliga A Gütersloh,4,3,2,1,0,17,3,14,7,2.33
1375,,Rheydter SV 2,9,Kreisliga B Gruppe 2 · Kreis Mönchengladbach-Viersen,2,3,2,1,0,17,3,14,7,2.33
1376,,FC Traar,9,Kreisliga B 2 · Kreis Kempen-Krefeld,1,3,2,1,0,12,1,11,7,2.33
1377,,TuS Hackenbroich,9,"Kreisliga B, Gr. 1 · Kreis Grevenbroich-Neuss",3,3,2,1,0,11,1,10,7,2.33
1378,,VFR Polonia Ebel,9,Kreisliga B2 Bliso · Kreis Oberhausen-Bottrop,1,3,2,1,0,16,7,9,7,2.33
1379,,TSV Weeze II,9,Kreisliga B Gruppe 1 · Kreis Kleve-Geldern,4,3,2,1,0,15,6,9,7,2.33
1380,,SG Osterfeld,9,Kreisliga B2 Bliso · Kreis Oberhausen-Bottrop,2,3,2,1,0,12,3,9,7,2.33
1381,,SSV Erkrath,9,Kreisliga B 26/27- Gruppe 2 Herren · Kreis Düsseldorf,3,3,2,1,0,12,4,8,7,2.33
1382,,SV BW Herongen II,9,Kreisliga B Gruppe 2 · Kreis Kleve-Geldern,1,3,2,1,0,11,4,7,7,2.33
1383,,SV Uedesheim II,9,"Kreisliga B, Gr. 1 · Kreis Grevenbroich-Neuss",4,3,2,1,0,9,2,7,7,2.33
1384,,SG Arpe-Wormbach / Dorlar-Sellinghausen / Cobbenrode,9,Kreisliga A Hochsauerland · Kreis Hochsauerlandkreis,2,3,2,1,0,8,1,7,7,2.33
1385,,DJK TuS Essen-Holsterhausen III.,9,Kreisliga B Gruppe 2 · Kreis Essen,2,3,2,1,0,12,6,6,7,2.33
1386,,Glück-Auf Sterkrade II,9,Kreisliga B1 Breil · Kreis Oberhausen-Bottrop,1,3,2,1,0,11,5,6,7,2.33
1387,,SC Waldniel 2,9,Kreisliga B 1 · Kreis Kempen-Krefeld,2,3,2,1,0,11,5,6,7,2.33
1388,,SV SW Frömern,9,Kreisliga A 2 Unna-Hamm,6,3,2,1,0,11,5,6,7,2.33
1389,,SV Nütterden,9,Kreisliga B Gruppe 1 · Kreis Kleve-Geldern,5,3,2,1,0,10,4,6,7,2.33
1390,,TSV Schötmar,9,Kreisliga A Lemgo,3,3,2,1,0,10,4,6,7,2.33
1391,,SV Union Wetten,9,Kreisliga B Gruppe 2 · Kreis Kleve-Geldern,2,3,2,1,0,9,3,6,7,2.33
1392,,Heisinger SV II.,9,Kreisliga B Gruppe 3 · Kreis Essen,2,3,2,1,0,8,2,6,7,2.33
1393,,SV Blau-Weiß Fuhlenbrock III,9,Kreisliga B2 Bliso · Kreis Oberhausen-Bottrop,3,3,2,1,0,7,1,6,7,2.33
1394,,BWC Viersen,9,Kreisliga B Gruppe 1 · Kreis Mönchengladbach-Viersen,4,3,2,1,0,10,5,5,7,2.33
1395,,TuS 05 Quettingen 2,9,Kreisliga B Gruppe 1 · Kreis Remscheid-Solingen,3,3,2,1,0,10,5,5,7,2.33
1396,,DJK TUSA 06 III,9,Kreisliga B 26/27  - Gruppe 1 Herren · Kreis Düsseldorf,3,3,2,1,0,9,4,5,7,2.33
1397,,SG Ostwig-Nuttlar/Valmetal,9,Kreisliga A Hochsauerland · Kreis Hochsauerlandkreis,3,3,2,1,0,9,4,5,7,2.33
1398,,SV 19 Sevelen II,9,Kreisliga B Gruppe 2 · Kreis Kleve-Geldern,3,3,2,1,0,9,4,5,7,2.33
1399,,VFL Witzhelden,9,Kreisliga B Gruppe 1 · Kreis Remscheid-Solingen,4,3,2,1,0,8,3,5,7,2.33
1400,,SC GW Varensell,9,Kreisliga A Gütersloh,5,3,2,1,0,9,5,4,7,2.33
1401,,SG Eversberg-Heinrichsthal-Wehrstapel,9,Kreisliga A Hochsauerland · Kreis Hochsauerlandkreis,4,3,2,1,0,8,4,4,7,2.33
1402,,C.S.I.-Milano Wuppertal,9,Kreisliga B Gruppe 1 · Kreis Wuppertal-Niederberg,1,3,2,1,0,9,6,3,7,2.33
1403,,SSVg 09/12 Heiligenhaus 2,9,Kreisliga B Gruppe 2 · Kreis Wuppertal-Niederberg,3,3,2,1,0,8,5,3,7,2.33
1404,,TSV Einigkeit Dornap-Düssel 2,9,Kreisliga B Gruppe 2 · Kreis Wuppertal-Niederberg,4,3,2,1,0,8,5,3,7,2.33
1405,,SV 1911 Bottrop II,9,Kreisliga B2 Bliso · Kreis Oberhausen-Bottrop,4,3,2,1,0,7,4,3,7,2.33
1406,,FC Remblinghausen,9,Kreisliga A Hochsauerland · Kreis Hochsauerlandkreis,5,3,2,1,0,5,2,3,7,2.33
1407,,VfL Mark,9,Kreisliga A 1 Unna-Hamm,1,4,3,0,1,16,3,13,9,2.25
1408,,FC Sennestadt,9,Kreisliga A · Kreis Bielefeld,4,4,3,0,1,19,9,10,9,2.25
1409,,SV Höxter,9,Kreisliga A · Kreis Höxter,4,4,3,0,1,16,7,9,9,2.25
1410,,TuS Blankenstein,9,Kreisliga A2 Herren · Kreis Bochum,3,4,3,0,1,15,6,9,9,2.25
1411,,SuS Rünthe 08,9,Kreisliga A 1 Unna-Hamm,2,4,3,0,1,18,11,7,9,2.25
1412,,VfL Hörste-Garfeln,9,Kreisliga A Lippstadt,2,4,3,0,1,15,8,7,9,2.25
1413,,SuS Wilhelmshöhe,9,Kreisliga A2 Herren · Kreis Bochum,4,4,3,0,1,12,5,7,9,2.25
1414,,SC Westfalia ETuS 04/31,9,Kreisliga A Herren · Kreis Gelsenkirchen,4,4,3,0,1,12,6,6,9,2.25
1415,,Spvgg Union Varl,9,Kreisliga A K_20 Lübbecke,4,4,3,0,1,14,9,5,9,2.25
1416,,BW Rixbeck-Dedinghausen,9,Kreisliga A Lippstadt,3,4,3,0,1,13,8,5,9,2.25
1417,,SC Peckeloh II,9,Kreisliga A · Kreis Bielefeld,5,4,3,0,1,12,7,5,9,2.25
1418,,TuS Lipperode,9,Kreisliga A Lippstadt,4,4,3,0,1,15,11,4,9,2.25
1419,,Sportfreunde Sölderholz,9,Medical4You Kreisliga A - Dortmund,4,4,3,0,1,12,8,4,9,2.25
1420,,SV Höntrop,9,Kreisliga A1 Herren · Kreis Bochum,5,4,3,0,1,11,7,4,9,2.25
1421,,BW Lipperbruch,9,Kreisliga A Lippstadt,5,4,3,0,1,9,5,4,9,2.25
1422,,SG FA Herringhs./Eickum II,9,Kreisliga A · Kreis Herford,3,4,3,0,1,9,5,4,9,2.25
1423,,BV Brambauer 13/45,9,Medical4You Kreisliga A - Dortmund,5,4,3,0,1,11,8,3,9,2.25
1424,,TuS Germania Lohauserholz-Daberg e.V. II,9,Kreisliga A 1 Unna-Hamm,4,4,3,0,1,8,5,3,9,2.25
1425,,TuS Stemwede,9,Kreisliga A K_20 Lübbecke,5,4,3,0,1,14,12,2,9,2.25
1426,,SV Heide-Paderborn II,9,Kreisliga A Paderborn,3,4,3,0,1,11,9,2,9,2.25
1427,,SuK Canlar Bielefeld,9,Kreisliga A · Kreis Bielefeld,6,4,3,0,1,8,6,2,9,2.25
1428,,TuS SG Oestinghausen II,9,Kreisliga A Herren Soest,4,4,3,0,1,8,6,2,9,2.25
1429,,VfB Waltrop,9,RE KL A 2 · Kreis Recklinghausen,4,2,1,1,0,18,1,17,4,2.0
1430,,SV Heckinghausen,9,Kreisliga B Gruppe 1 · Kreis Wuppertal-Niederberg,2,3,2,0,1,21,5,16,6,2.0
1431,,ESC Rellinghausen 06 II.,9,Kreisliga B Gruppe 3 · Kreis Essen,6,2,1,1,0,13,4,9,4,2.0
1432,,VfL Wedau,9,"Kreisliga B, Gruppe 1 · Kreis Duisburg-Mülheim-Dinslak",8,2,1,1,0,12,4,8,4,2.0
1433,,ETuS Haltern,9,RE KL A 1 · Kreis Recklinghausen,3,2,1,1,0,10,2,8,4,2.0
1434,,SC Obersprockhövel II,9,Kreisliga A Hagen,3,2,1,1,0,10,2,8,4,2.0
1435,,Post SV Oberhausen,9,Kreisliga B1 Breil · Kreis Oberhausen-Bottrop,2,3,2,0,1,19,8,11,6,2.0
1436,,SuS 21 Oberhausen II,9,Kreisliga B2 Bliso · Kreis Oberhausen-Bottrop,5,3,2,0,1,18,7,11,6,2.0
1437,,SC St. Tönis 3,9,Kreisliga B 3 · Kreis Kempen-Krefeld,4,3,2,0,1,14,3,11,6,2.0
1438,,SF Walsum 09 II,9,"Kreisliga B, Gruppe 2 · Kreis Duisburg-Mülheim-Dinslak",2,3,2,0,1,13,2,11,6,2.0
1439,,Lohausener SV II,9,Kreisliga B 26/27  - Gruppe 1 Herren · Kreis Düsseldorf,4,3,2,0,1,14,4,10,6,2.0
1440,,KFC Welate Roj M'gladbach,9,Kreisliga B Gruppe 1 · Kreis Mönchengladbach-Viersen,5,3,2,0,1,16,7,9,6,2.0
1441,,Eintracht Gladbach,9,Kreisliga B Gruppe 2 · Kreis Mönchengladbach-Viersen,3,3,2,0,1,15,6,9,6,2.0
1442,,TuS Brake,9,Kreisliga A Lemgo,4,3,2,0,1,14,5,9,6,2.0
1443,,FV Eschweiler,9,Kreisliga B Staffel 1 · Kreis Aachen,3,2,1,1,0,9,3,6,4,2.0
1444,,ASC Schöppingen,9,Kreisliga A 1 Ahaus-Coesfeld,5,2,1,1,0,6,0,6,4,2.0
1445,,DJK/VfL Giesenkirchen,9,Kreisliga B Gruppe 2 · Kreis Mönchengladbach-Viersen,4,3,3,0,0,9,0,9,6,2.0
1446,,1. FC Mülheim II,9,"Kreisliga B, Gruppe 1 · Kreis Duisburg-Mülheim-Dinslak",2,3,2,0,1,16,8,8,6,2.0
1447,,VfB Frohnhausen II.,9,Kreisliga B Gruppe 2 · Kreis Essen,4,3,2,0,1,16,8,8,6,2.0
1448,,FC Stoppenberg II.,9,Kreisliga B Gruppe 1 · Kreis Essen,3,3,2,0,1,15,7,8,6,2.0
1449,,TSV Bockum 3,9,Kreisliga B 2 · Kreis Kempen-Krefeld,3,3,2,0,1,15,7,8,6,2.0
1450,,Hammer SportClub 2008,9,Kreisliga A 1 Unna-Hamm,8,3,2,0,1,14,6,8,6,2.0
1451,,ASV Wuppertal,9,Kreisliga B Gruppe 1 · Kreis Wuppertal-Niederberg,3,3,2,0,1,12,4,8,6,2.0
1452,,RSV Borken,9,RE KL A 1 · Kreis Recklinghausen,4,2,1,1,0,9,4,5,4,2.0
1453,,Fortuna Gronau 09/54,9,Kreisliga A 1 Ahaus-Coesfeld,6,2,1,1,0,8,3,5,4,2.0
1454,,FC Sterkrade 72 II,9,Kreisliga B2 Bliso · Kreis Oberhausen-Bottrop,6,3,2,0,1,16,9,7,6,2.0
1455,,TSF Bracht 01/20 e.V.,9,Kreisliga B 1 · Kreis Kempen-Krefeld,3,3,2,0,1,11,4,7,6,2.0
1456,,TuS Lipperreihe II,9,Kreisliga A Lemgo,5,3,2,0,1,10,3,7,6,2.0
1457,,TSV Eller 04 II,9,Kreisliga B 26/27  - Gruppe 1 Herren · Kreis Düsseldorf,5,3,2,0,1,15,9,6,6,2.0
1458,,SV Oppum,9,Kreisliga B 3 · Kreis Kempen-Krefeld,5,3,2,0,1,13,7,6,6,2.0
1459,,TuS Bruchmühlen,9,Kreisliga A · Kreis Herford,7,3,2,0,1,13,7,6,6,2.0
1460,,VFL Willich 2,9,Kreisliga B 3 · Kreis Kempen-Krefeld,6,3,2,0,1,12,6,6,6,2.0
1461,,SSVg 06 Haan,9,Kreisliga B Gruppe 1 · Kreis Remscheid-Solingen,5,3,2,0,1,11,5,6,6,2.0
1462,,TSV Gruiten 2,9,Kreisliga B Gruppe 2 · Kreis Wuppertal-Niederberg,5,3,2,0,1,11,5,6,6,2.0
1463,,Barisspor Oelde,9,Kreisliga A Beckum,4,2,1,1,0,7,3,4,4,2.0
1464,,SV Neubeckum I,9,Kreisliga A Beckum,5,2,1,1,0,7,3,4,4,2.0
1465,,SV Lürrip 1910 3,9,Kreisliga B Gruppe 1 · Kreis Mönchengladbach-Viersen,6,3,2,0,1,10,4,6,6,2.0
1466,,BV 1910 Remscheid 1,9,Kreisliga B Gruppe 2 · Kreis Remscheid-Solingen,7,2,1,1,0,6,2,4,4,2.0
1467,,BW Sünninghausen I,9,Kreisliga A Beckum,6,2,1,1,0,6,2,4,4,2.0
1468,,FC Straberg II,9,"Kreisliga B, Gr. 2 · Kreis Grevenbroich-Neuss",4,3,2,0,1,9,3,6,6,2.0
1469,,SuS Haarzopf III.,9,Kreisliga B Gruppe 2 · Kreis Essen,5,3,2,0,1,9,3,6,6,2.0
1470,,TSV Marl-Hüls,9,RE KL A 1 · Kreis Recklinghausen,5,2,1,1,0,6,2,4,4,2.0
1471,,TuS Wickede/Ruhr,9,Kreisliga A Herren Soest,5,4,2,2,0,12,4,8,8,2.0
1472,,VfL Ramsdorf,9,RE KL A 1 · Kreis Recklinghausen,6,2,1,1,0,6,2,4,4,2.0
1473,,Vorwärts Wettringen II,9,Kreisliga A Steinfurt,4,2,1,1,0,6,2,4,4,2.0
1474,,SV Lippramsdorf,9,RE KL A 2 · Kreis Recklinghausen,5,2,1,1,0,5,1,4,4,2.0
1475,,SC Unterbach II,9,Kreisliga B 26/27- Gruppe 2 Herren · Kreis Düsseldorf,4,3,2,0,1,12,7,5,6,2.0
1476,,TuSpo Dahlhausen,9,Kreisliga B Gruppe 2 · Kreis Remscheid-Solingen,2,3,2,0,1,12,7,5,6,2.0
1477,,Dormagen Trabzonspor,9,"Kreisliga B, Gr. 2 · Kreis Grevenbroich-Neuss",5,3,2,0,1,10,5,5,6,2.0
1478,,SVG Grevenbroich 1988 e.V.,9,"Kreisliga B, Gr. 2 · Kreis Grevenbroich-Neuss",6,3,2,0,1,10,5,5,6,2.0
1479,,TuSpo Saarn II,9,"Kreisliga B, Gruppe 1 · Kreis Duisburg-Mülheim-Dinslak",3,3,2,0,1,9,4,5,6,2.0
1480,,VfvB Ruhrort/Laar,9,"Kreisliga B, Gruppe 2 · Kreis Duisburg-Mülheim-Dinslak",4,3,2,0,1,8,3,5,6,2.0
1481,,TuS Lohe II,9,Kreisliga A Minden,2,5,3,1,1,16,8,8,10,2.0
1482,,FC Grün-Weiss Siegen,9,Kreisliga A Siegen/Wittgenstein · Kreis Siegen-Wittgenstein,2,2,1,1,0,8,5,3,4,2.0
1483,,SC Plettenberg,9,Kreisliga A Lüdenscheid,4,2,1,1,0,8,5,3,4,2.0
1484,,SV Eintracht Kleusheim,9,Kreisliga A Olpe,9,2,1,1,0,6,3,3,4,2.0
1485,,SVE Heessen II,9,Kreisliga A 1 Unna-Hamm,5,4,2,2,0,12,6,6,8,2.0
1486,,SV Bölhorst-Häverstädt,9,Kreisliga A Minden,3,5,3,1,1,13,6,7,10,2.0
1487,,TuS Petershagen/Ovenstädt,9,Kreisliga A Minden,4,5,3,1,1,13,6,7,10,2.0
1488,,VfL Kupferdreh 65/82,9,Kreisliga B Gruppe 3 · Kreis Essen,4,3,2,0,1,14,10,4,6,2.0
1489,,SV Siegfried Materborn II,9,Kreisliga B Gruppe 1 · Kreis Kleve-Geldern,6,3,2,0,1,12,8,4,6,2.0
1490,,Essener SC Preußen II.,9,Kreisliga B Gruppe 1 · Kreis Essen,5,3,2,0,1,11,7,4,6,2.0
1491,,Fortuna M'gladbach,9,Kreisliga B Gruppe 1 · Kreis Mönchengladbach-Viersen,7,3,2,0,1,10,6,4,6,2.0
1492,,BV 23 Alme,9,Kreisliga A Hochsauerland · Kreis Hochsauerlandkreis,6,3,2,0,1,9,5,4,6,2.0
1493,,SuS Oberaden,9,Kreisliga A 2 Unna-Hamm,3,4,2,2,0,11,6,5,8,2.0
1494,,CFK Bochum,9,Kreisliga A1 Herren · Kreis Bochum,6,4,2,2,0,10,5,5,8,2.0
1495,,SG Scherfede-Rimbeck/Wrexen,9,Kreisliga A · Kreis Höxter,5,4,2,2,0,10,5,5,8,2.0
1496,,TSV Boisheim,9,Kreisliga B 1 · Kreis Kempen-Krefeld,6,3,2,0,1,13,10,3,6,2.0
1497,,ETuS Schwerte-Ost,9,Kreisliga A - Iserlohn,6,2,1,1,0,8,6,2,4,2.0
1498,,SC Sparta Bardenberg,9,Kreisliga B Staffel 1 · Kreis Aachen,4,2,1,1,0,8,6,2,4,2.0
1499,,SSV Dhünn 2,9,Kreisliga B Gruppe 2 · Kreis Remscheid-Solingen,4,3,2,0,1,12,9,3,6,2.0
1500,,VSF Amern 2,9,Kreisliga B 1 · Kreis Kempen-Krefeld,7,3,2,0,1,12,9,3,6,2.0
1501,,DJK Adler United Oberhausen II,9,Kreisliga B1 Breil · Kreis Oberhausen-Bottrop,4,3,2,0,1,11,8,3,6,2.0
1502,,SSV Lützenkirchen II.,9,Kreisliga B Gruppe 1 · Kreis Remscheid-Solingen,6,3,2,0,1,11,8,3,6,2.0
1503,,Sportfreunde Mülheim,9,"Kreisliga B, Gruppe 1 · Kreis Duisburg-Mülheim-Dinslak",5,3,2,0,1,11,8,3,6,2.0
1504,,TSG Harsewinkel,9,Kreisliga A Gütersloh,6,3,2,0,1,10,7,3,6,2.0
1505,,FC Hilchenbach,9,Kreisliga A Siegen/Wittgenstein · Kreis Siegen-Wittgenstein,3,2,1,1,0,6,4,2,4,2.0
1506,,SC Hörstel,9,Kreisliga A · Kreis Tecklenburg,4,2,1,1,0,6,4,2,4,2.0
1507,,SF Niederwenigern III.,9,Kreisliga B Gruppe 3 · Kreis Essen,5,3,2,0,1,9,6,3,6,2.0
1508,,SG Coesfeld 06 II,9,Kreisliga A 2 Ahaus-Coesfeld,4,2,1,1,0,6,4,2,4,2.0
1509,,SuS Niederschelden,9,Kreisliga A Siegen/Wittgenstein · Kreis Siegen-Wittgenstein,4,2,1,1,0,6,4,2,4,2.0
1510,,Dabringhauser TV 2,9,Kreisliga B Gruppe 2 · Kreis Remscheid-Solingen,5,3,2,0,1,8,5,3,6,2.0
1511,,SV Werl-Aspe,9,Kreisliga A Lemgo,6,3,2,0,1,8,5,3,6,2.0
1512,,TSV Norf 2,9,"Kreisliga B, Gr. 1 · Kreis Grevenbroich-Neuss",5,3,2,0,1,8,5,3,6,2.0
1513,,DJK SF Katernberg III.,9,Kreisliga B Gruppe 2 · Kreis Essen,8,2,1,1,0,5,3,2,4,2.0
1514,,VFL Witzhelden II.,9,Kreisliga B Gruppe 2 · Kreis Remscheid-Solingen,8,2,1,1,0,5,3,2,4,2.0
1515,,SC Schwarz-Weiß 06 II,9,Kreisliga B 26/27  - Gruppe 1 Herren · Kreis Düsseldorf,6,3,2,0,1,7,4,3,6,2.0
1516,,BSV Ostbevern,9,Kreisliga A 1  Herren · Kreis Münster,4,2,1,1,0,4,2,2,4,2.0
1517,,Germania Geistenbeck,9,Kreisliga B Gruppe 2 · Kreis Mönchengladbach-Viersen,5,3,2,0,1,6,3,3,6,2.0
1518,,SG Siedlinghausen-Silbach,9,Kreisliga A Hochsauerland · Kreis Hochsauerlandkreis,7,3,2,0,1,6,3,3,6,2.0
1519,,SV Drensteinfurt,9,Kreisliga A 2  Herren · Kreis Münster,6,2,1,1,0,4,2,2,4,2.0
1520,,SV Issum,9,Kreisliga B Gruppe 2 · Kreis Kleve-Geldern,9,2,1,1,0,4,2,2,4,2.0
1521,,VfR Linden-Neusen,9,Kreisliga B Staffel 1 · Kreis Aachen,5,2,1,1,0,4,2,2,4,2.0
1522,,MSV Mönchengladbach,9,Kreisliga B Gruppe 2 · Kreis Mönchengladbach-Viersen,8,2,1,1,0,3,1,2,4,2.0
1523,,SV BW Beelen,9,Kreisliga A 1  Herren · Kreis Münster,5,2,1,1,0,3,1,2,4,2.0
1524,,SG Adler Dielfen/Obersdorf-Rödgen,9,Kreisliga A Siegen/Wittgenstein · Kreis Siegen-Wittgenstein,5,2,1,1,0,2,0,2,4,2.0
1525,,Spfr. Birkelbach,9,Kreisliga A Siegen/Wittgenstein · Kreis Siegen-Wittgenstein,6,2,1,1,0,2,0,2,4,2.0
1526,,Schacht 11 Bottrop,9,Kreisliga B1 Breil · Kreis Oberhausen-Bottrop,5,3,2,0,1,12,10,2,6,2.0
1527,,FC Aldekerk 1928/52 II,9,Kreisliga B Gruppe 2 · Kreis Kleve-Geldern,5,3,2,0,1,9,7,2,6,2.0
1528,,SpVgg. Odenkirchen 3,9,Kreisliga B Gruppe 2 · Kreis Mönchengladbach-Viersen,6,3,2,0,1,8,6,2,6,2.0
1529,,FC Delhoven II,9,"Kreisliga B, Gr. 2 · Kreis Grevenbroich-Neuss",7,3,2,0,1,7,5,2,6,2.0
1530,,SG Altenbüren-Scharfenberg-Antfeld,9,Kreisliga A Hochsauerland · Kreis Hochsauerlandkreis,8,3,2,0,1,7,5,2,6,2.0
1531,,TuS Helpup,9,Kreisliga A Lemgo,7,3,2,0,1,7,5,2,6,2.0
1532,,TUS Grevenbroich,9,"Kreisliga B, Gr. 1 · Kreis Grevenbroich-Neuss",6,3,2,0,1,6,4,2,6,2.0
1533,,BV DJK Kellen,9,Kreisliga B Gruppe 1 · Kreis Kleve-Geldern,7,3,2,0,1,5,3,2,6,2.0
1534,,Borussia Oedt,9,Kreisliga B 3 · Kreis Kempen-Krefeld,7,3,2,0,1,5,3,2,6,2.0
1535,,SC 1912 Buschhausen II,9,Kreisliga B2 Bliso · Kreis Oberhausen-Bottrop,7,3,2,0,1,5,3,2,6,2.0
1536,,Spfr. Neersbroich 3,9,Kreisliga B Gruppe 2 · Kreis Mönchengladbach-Viersen,7,3,2,0,1,4,2,2,6,2.0
1537,,FC Ottenstein,9,Kreisliga A 1 Ahaus-Coesfeld,7,2,1,1,0,7,6,1,4,2.0
1538,,SuS Ennigerloh I,9,Kreisliga A Beckum,7,2,1,1,0,7,6,1,4,2.0
1539,,Kohlscheider BC II,9,Kreisliga B Staffel 1 · Kreis Aachen,6,2,1,1,0,6,5,1,4,2.0
1540,,SC Extertal,9,Kreisliga A Lemgo,9,2,1,1,0,6,5,1,4,2.0
1541,,SW Meckinghoven,9,RE KL A 2 · Kreis Recklinghausen,6,2,1,1,0,6,5,1,4,2.0
1542,,RW Ennepetal-Rüggeberg,9,Kreisliga A Hagen,4,2,1,1,0,5,4,1,4,2.0
1543,,SV Altendorf-Ulfkotte,9,RE KL A 1 · Kreis Recklinghausen,7,2,1,1,0,5,4,1,4,2.0
1544,,FC Marokko Herne,9,Herren Kreisliga  A · Kreis Herne,6,2,1,1,0,4,3,1,4,2.0
1545,,SV Thomasstadt Kempen 2,9,Kreisliga B 2 · Kreis Kempen-Krefeld,8,2,1,1,0,4,3,1,4,2.0
1546,,SpVg Emsdetten 05 II,9,Kreisliga A Steinfurt,5,2,1,1,0,4,3,1,4,2.0
1547,,Union Ritzerfeld,9,Kreisliga B Staffel 1 · Kreis Aachen,7,2,1,1,0,4,3,1,4,2.0
1548,,DJK Arminia Ibbenbüren II,9,Kreisliga A · Kreis Tecklenburg,5,2,1,1,0,3,2,1,4,2.0
1549,,TB Oberhausen III,9,Kreisliga B1 Breil · Kreis Oberhausen-Bottrop,8,3,2,0,1,11,10,1,6,2.0
1550,,SV Hösel II,9,Kreisliga B 26/27- Gruppe 2 Herren · Kreis Düsseldorf,5,3,2,0,1,9,8,1,6,2.0
1551,,FC Bewegung,9,Kreisliga B 26/27  - Gruppe 1 Herren · Kreis Düsseldorf,7,3,2,0,1,7,6,1,6,2.0
1552,,AL-ARZ Libanon Essen II.,9,Kreisliga B Gruppe 1 · Kreis Essen,7,3,2,0,1,12,12,0,6,2.0
1553,,VfL Benrath 06 II,9,Kreisliga B 26/27- Gruppe 2 Herren · Kreis Düsseldorf,6,3,2,0,1,10,11,-1,6,2.0
1554,,Polizei SV Neuss,9,"Kreisliga B, Gr. 1 · Kreis Grevenbroich-Neuss",7,3,2,0,1,7,8,-1,6,2.0
1555,,TuS Essen-West 1881 II.,9,Kreisliga B Gruppe 2 · Kreis Essen,7,3,2,0,1,7,8,-1,6,2.0
1556,,DJK Oberkrüchten,9,Kreisliga B 1 · Kreis Kempen-Krefeld,8,3,2,0,1,8,10,-2,6,2.0
1557,,SC Sönnern,9,Kreisliga A Herren Soest,9,3,2,0,1,5,7,-2,6,2.0
1558,,FC Hellas Düsseldorf 2015 e.V.,9,Kreisliga B 26/27  - Gruppe 1 Herren · Kreis Düsseldorf,8,3,2,0,1,8,16,-8,6,2.0
1559,,TuS Volmerdingsen,9,Kreisliga A Minden,5,5,3,0,2,14,12,2,9,1.8
1560,,SC Hille,9,Kreisliga A Minden,6,5,3,0,2,11,9,2,9,1.8
1561,,Union Minden II,9,Kreisliga A Minden,7,5,3,0,2,15,15,0,9,1.8
1562,,TuS Lahde-Quetzen,9,Kreisliga A Minden,8,5,3,0,2,8,11,-3,9,1.8
1563,,RW Rehme,9,Kreisliga A Minden,9,5,3,0,2,7,12,-5,9,1.8
1564,,FC Overberge,9,Kreisliga A 2 Unna-Hamm,4,4,2,1,1,25,10,15,7,1.75
1565,,SV Eintracht Jerxen-Orbke II,9,Kreisliga A · Kreis Detmold,3,4,2,1,1,16,5,11,7,1.75
1566,,BW Alstedde,9,Kreisliga A 2 Unna-Hamm,5,4,2,1,1,16,6,10,7,1.75
1567,,Dorstfelder SC,9,Medical4You Kreisliga A - Dortmund,6,4,2,1,1,15,7,8,7,1.75
1568,,BV Rentfort,9,Kreisliga A Herren · Kreis Gelsenkirchen,5,4,2,1,1,11,3,8,7,1.75
1569,,TuS 06 Anröchte,9,Kreisliga A Lippstadt,6,4,2,1,1,16,9,7,7,1.75
1570,,SV Schöning,9,Kreisliga A Paderborn,4,4,2,1,1,14,7,7,7,1.75
1571,,SV Zweckel,9,Kreisliga A Herren · Kreis Gelsenkirchen,6,4,2,1,1,13,7,6,7,1.75
1572,,FC Glückauf-Hüllen,9,Kreisliga A Herren · Kreis Gelsenkirchen,7,4,2,1,1,11,5,6,7,1.75
1573,,SC Weitmar 45 II,9,Kreisliga A2 Herren · Kreis Bochum,6,4,2,1,1,12,7,5,7,1.75
1574,,TIU Rünthe,9,Kreisliga A 1 Unna-Hamm,7,4,2,1,1,15,11,4,7,1.75
1575,,TuS Lüchtringen,9,Kreisliga A · Kreis Höxter,6,4,2,1,1,10,6,4,7,1.75
1576,,SC RW Verne,9,Kreisliga A Paderborn,5,4,2,1,1,8,4,4,7,1.75
1577,,SpVg Hagen Hardissen,9,Kreisliga A · Kreis Detmold,4,4,2,1,1,9,6,3,7,1.75
1578,,TuS Tengern II,9,Kreisliga A K_20 Lübbecke,6,4,2,1,1,8,7,1,7,1.75
1579,,TuS Hemmerde,9,Kreisliga A 2 Unna-Hamm,7,4,2,1,1,12,12,0,7,1.75
1580,,DJK Adler Riemke,9,Kreisliga A1 Herren · Kreis Bochum,7,4,2,1,1,11,12,-1,7,1.75
1581,,SG Oberes Almetal 23,9,Kreisliga A Paderborn,6,4,2,1,1,11,12,-1,7,1.75
1582,,SG Stahle / Albaxen,9,Kreisliga A · Kreis Höxter,7,4,2,1,1,8,9,-1,7,1.75
1583,,RW Westönnen II,9,Kreisliga A Herren Soest,6,4,2,1,1,8,10,-2,7,1.75
1584,,SC Vlotho,9,Kreisliga A · Kreis Herford,4,4,2,1,1,5,7,-2,7,1.75
1585,,Polizei SV Düsseldorf,9,Kreisliga B 26/27  - Gruppe 1 Herren · Kreis Düsseldorf,9,3,1,2,0,12,2,10,5,1.67
1586,,SV Germania Wemb,9,Kreisliga B Gruppe 2 · Kreis Kleve-Geldern,6,3,1,2,0,10,4,6,5,1.67
1587,,Rot-Weiß Lintorf,9,Kreisliga B 26/27  - Gruppe 1 Herren · Kreis Düsseldorf,10,3,1,2,0,8,4,4,5,1.67
1588,,Dülkener FC 2,9,Kreisliga B 2 · Kreis Kempen-Krefeld,4,3,1,2,0,8,5,3,5,1.67
1589,,TSV Kaldenk. 2,9,Kreisliga B 1 · Kreis Kempen-Krefeld,9,3,1,2,0,7,4,3,5,1.67
1590,,SC Blau-Weiß Auwel-Holt,9,Kreisliga B Gruppe 2 · Kreis Kleve-Geldern,7,3,1,2,0,8,6,2,5,1.67
1591,,KTSV Preussen Krefeld,9,Kreisliga B 2 · Kreis Kempen-Krefeld,5,3,1,2,0,5,3,2,5,1.67
1592,,FC Lennestadt II,9,Kreisliga A Olpe,7,3,1,2,0,4,2,2,5,1.67
1593,,Blomberger SV,9,Kreisliga A · Kreis Detmold,9,3,1,2,0,6,5,1,5,1.67
1594,,Aramäer Rheda-Wiedenbrück,9,Kreisliga A Gütersloh,7,3,1,2,0,5,4,1,5,1.67
1595,,FK Jugoslavija Wuppertal 3,9,Kreisliga B Gruppe 2 · Kreis Wuppertal-Niederberg,6,2,1,0,1,18,5,13,3,1.5
1596,,SV Duissern II,9,"Kreisliga B, Gruppe 1 · Kreis Duisburg-Mülheim-Dinslak",9,2,1,0,1,12,3,9,3,1.5
1597,,Polizei SV Düsseldorf II,9,Kreisliga B 26/27- Gruppe 2 Herren · Kreis Düsseldorf,9,2,1,0,1,11,3,8,3,1.5
1598,,RWS Lohberg II,9,"Kreisliga B, Gruppe 2 · Kreis Duisburg-Mülheim-Dinslak",8,2,1,0,1,10,4,6,3,1.5
1599,,SC Herten,9,RE KL A 2 · Kreis Recklinghausen,7,2,1,0,1,10,4,6,3,1.5
1600,,SV Holsterhausen,9,Herren Kreisliga  A · Kreis Herne,7,2,1,0,1,7,2,5,3,1.5
1601,,SC Greven 09 II,9,Kreisliga A 1  Herren · Kreis Münster,6,2,1,0,1,7,3,4,3,1.5
1602,,VfB Burbach,9,Kreisliga A Siegen/Wittgenstein · Kreis Siegen-Wittgenstein,7,2,1,0,1,7,3,4,3,1.5
1603,,SV Enger-Westerenger,9,Kreisliga A · Kreis Herford,5,4,2,0,2,14,7,7,6,1.5
1604,,VfL Ummeln,9,Kreisliga A · Kreis Bielefeld,7,4,2,0,2,14,7,7,6,1.5
1605,,SC Bünde,9,Kreisliga A · Kreis Herford,6,4,2,0,2,13,6,7,6,1.5
1606,,FC Freier Grund,9,Kreisliga A Siegen/Wittgenstein · Kreis Siegen-Wittgenstein,8,2,1,0,1,7,4,3,3,1.5
1607,,SV Mesum II,9,Kreisliga A Steinfurt,7,2,1,0,1,7,4,3,3,1.5
1608,,GW Hausdülmen,9,Kreisliga A 2 Ahaus-Coesfeld,5,2,1,0,1,5,2,3,3,1.5
1609,,BW Büderich,9,Kreisliga A Herren Soest,7,4,2,0,2,16,11,5,6,1.5
1610,,FC Neuruhrort,9,Kreisliga A1 Herren · Kreis Bochum,8,4,2,0,2,12,7,5,6,1.5
1611,,DJK Lösort Meiderich,9,"Kreisliga B, Gruppe 2 · Kreis Duisburg-Mülheim-Dinslak",9,2,1,0,1,13,11,2,3,1.5
1612,,SuS Legden,9,Kreisliga A 1 Ahaus-Coesfeld,8,2,1,0,1,6,4,2,3,1.5
1613,,TuS Harpen II,9,Kreisliga A1 Herren · Kreis Bochum,9,4,2,0,2,12,8,4,6,1.5
1614,,Westfalia Osterwick,9,Kreisliga A 2 Ahaus-Coesfeld,6,2,1,0,1,6,4,2,3,1.5
1615,,SC Lippetal,9,Kreisliga A Herren Soest,8,4,2,0,2,11,7,4,6,1.5
1616,,SC Nienberge,9,Kreisliga A 2  Herren · Kreis Münster,7,2,1,0,1,5,3,2,3,1.5
1617,,SG Hickengrund,9,Kreisliga A Siegen/Wittgenstein · Kreis Siegen-Wittgenstein,9,2,1,0,1,5,3,2,3,1.5
1618,,SG Telgte,9,Kreisliga A 1  Herren · Kreis Münster,7,2,1,0,1,5,3,2,3,1.5
1619,,TuS Recke,9,Kreisliga A · Kreis Tecklenburg,6,2,1,0,1,3,1,2,3,1.5
1620,,SG Sabbenhausen-Elbrinxen-Falkenhagen-Lügde,9,Kreisliga A · Kreis Detmold,6,4,2,0,2,12,9,3,6,1.5
1621,,DJK SG Bösperde,9,Kreisliga A - Iserlohn,7,2,1,0,1,9,8,1,3,1.5
1622,,FSG Ahlen I,9,Kreisliga A Beckum,8,2,1,0,1,7,6,1,3,1.5
1623,,DJK SF Dülmen,9,Kreisliga A 2 Ahaus-Coesfeld,7,2,1,0,1,6,5,1,3,1.5
1624,,DSC Wanne-Eickel II,9,Herren Kreisliga  A · Kreis Herne,8,2,1,0,1,6,5,1,3,1.5
1625,,SV Borussia Ahsen,9,RE KL A 2 · Kreis Recklinghausen,9,2,1,0,1,6,5,1,3,1.5
1626,,VfR Würselen II,9,Kreisliga B Staffel 1 · Kreis Aachen,9,2,1,0,1,6,5,1,3,1.5
1627,,FSV Witten 07/32,9,Kreisliga A2 Herren · Kreis Bochum,7,4,2,0,2,11,9,2,6,1.5
1628,,FC Sandzak,9,Medical4You Kreisliga A - Dortmund,7,4,2,0,2,10,8,2,6,1.5
1629,,Glück-Auf Sterkrade III,9,Kreisliga B2 Bliso · Kreis Oberhausen-Bottrop,10,2,1,0,1,5,4,1,3,1.5
1630,,SC Bielefeld 04/26,9,Kreisliga A · Kreis Bielefeld,8,4,2,0,2,10,8,2,6,1.5
1631,,BSV Lendringsen,9,Kreisliga A - Iserlohn,8,2,1,0,1,4,3,1,3,1.5
1632,,DJK GW Albersloh,9,Kreisliga A 1  Herren · Kreis Münster,8,2,1,0,1,4,3,1,3,1.5
1633,,SF BW Paderborn,9,Kreisliga A Paderborn,7,4,2,0,2,8,6,2,6,1.5
1634,,SV Union Velbert 2,9,Kreisliga B Gruppe 2 · Kreis Wuppertal-Niederberg,8,2,1,0,1,4,3,1,3,1.5
1635,,SSV Hagen-Fussball,9,Kreisliga A Hagen,6,2,1,0,1,2,1,1,3,1.5
1636,,FC Finnentrop,9,Kreisliga A Olpe,4,4,2,0,2,10,9,1,6,1.5
1637,,TSV Fichte Hagen,9,Kreisliga A Hagen,7,2,1,0,1,7,7,0,3,1.5
1638,,HSC Alswede,9,Kreisliga A K_20 Lübbecke,7,4,2,0,2,12,12,0,6,1.5
1639,,SV Wanne 1911 II,9,Herren Kreisliga  A · Kreis Herne,9,2,1,0,1,6,6,0,3,1.5
1640,,TG Burg,9,Kreisliga B Gruppe 1 · Kreis Remscheid-Solingen,10,2,1,0,1,6,6,0,3,1.5
1641,,SG Marienmünster/Rischenau,9,Kreisliga A · Kreis Höxter,8,4,2,0,2,11,11,0,6,1.5
1642,,SV Rot-Weiß Deuten II,9,RE KL A 1 · Kreis Recklinghausen,8,2,1,0,1,5,5,0,3,1.5
1643,,Stella Azzurra Velbert,9,Kreisliga B Gruppe 2 · Kreis Wuppertal-Niederberg,9,2,1,0,1,5,5,0,3,1.5
1644,,FC Mönninghausen,9,Kreisliga A Lippstadt,7,4,2,0,2,9,9,0,6,1.5
1645,,SG Bockum-Hövel 2013 II,9,Kreisliga A 1 Unna-Hamm,9,4,2,0,2,9,9,0,6,1.5
1646,,SSV Elspe,9,Kreisliga A Olpe,5,4,2,0,2,9,9,0,6,1.5
1647,,CSC Paderborn,9,Kreisliga A Paderborn,8,4,2,0,2,8,8,0,6,1.5
1648,,FC Schw.-Spork/Wendlinghausen,9,Kreisliga A Lemgo,10,2,1,0,1,4,4,0,3,1.5
1649,,SPVG Linderhausen,9,Kreisliga A Hagen,8,2,1,0,1,4,4,0,3,1.5
1650,,SV BW Aasee,9,Kreisliga A 2  Herren · Kreis Münster,8,2,1,0,1,4,4,0,3,1.5
1651,,TuS Saxonia Münster,9,Kreisliga A 2  Herren · Kreis Münster,9,2,1,0,1,4,4,0,3,1.5
1652,,SV 03 Geseke,9,Kreisliga A Lippstadt,8,4,2,0,2,7,7,0,6,1.5
1653,,SV GW Westkirchen,9,Kreisliga A 1  Herren · Kreis Münster,9,2,1,0,1,3,3,0,3,1.5
1654,,SV Herbern II U23,9,Kreisliga A 2  Herren · Kreis Münster,10,2,1,0,1,3,3,0,3,1.5
1655,,SV Schwarz-Weiß Esch,9,Kreisliga A · Kreis Tecklenburg,8,2,1,0,1,3,3,0,3,1.5
1656,,Westfalia Westerkappeln,9,Kreisliga A · Kreis Tecklenburg,9,2,1,0,1,3,3,0,3,1.5
1657,,TuS GW Allagen,9,Kreisliga A Lippstadt,9,4,2,0,2,11,12,-1,6,1.5
1658,,SuS Cappel,9,Kreisliga A Lippstadt,10,4,2,0,2,10,11,-1,6,1.5
1659,,CSV SF Bochum-Linden,9,Kreisliga A2 Herren · Kreis Bochum,8,4,2,0,2,8,9,-1,6,1.5
1660,,SC Lippstadt DJK,9,Kreisliga A Lippstadt,11,4,2,0,2,10,12,-2,6,1.5
1661,,SV Teuto Riesenbeck,9,Kreisliga A · Kreis Tecklenburg,10,2,1,0,1,5,6,-1,3,1.5
1662,,TuS Ennepe,9,Kreisliga A Lüdenscheid,5,2,1,0,1,5,6,-1,3,1.5
1663,,Aramäer Ahlen,9,Kreisliga A Beckum,9,2,1,0,1,3,4,-1,3,1.5
1664,,BSV Heeren 09/24,9,Kreisliga A 2 Unna-Hamm,8,4,2,0,2,16,20,-4,6,1.5
1665,,SF Hüingsen II,9,Kreisliga A - Iserlohn,9,2,1,0,1,6,8,-2,3,1.5
1666,,Türkiyemspor Plettenberg,9,Kreisliga A Lüdenscheid,6,2,1,0,1,4,6,-2,3,1.5
1667,,TuS 1910 Wiescherhöfen II,9,Kreisliga A 1 Unna-Hamm,10,4,2,0,2,7,11,-4,6,1.5
1668,,FK Jugoslavija Wuppertal 2,9,Kreisliga B Gruppe 1 · Kreis Wuppertal-Niederberg,10,2,1,0,1,3,5,-2,3,1.5
1669,,SC Hoetmar,9,Kreisliga A 1  Herren · Kreis Münster,10,2,1,0,1,3,5,-2,3,1.5
1670,,ASK Ahlen II,9,Kreisliga A Beckum,10,2,1,0,1,2,4,-2,3,1.5
1671,,TuS St. Arnold,9,Kreisliga A Steinfurt,8,2,1,0,1,2,4,-2,3,1.5
1672,,DJK Adler Buldern,9,Kreisliga A 2 Ahaus-Coesfeld,8,2,1,0,1,1,3,-2,3,1.5
1673,,Garather SV,9,Kreisliga B 26/27- Gruppe 2 Herren · Kreis Düsseldorf,11,2,1,0,1,7,10,-3,3,1.5
1674,,TuS Germania Horstmar,9,Kreisliga A Steinfurt,9,2,1,0,1,5,8,-3,3,1.5
1675,,FC Vreden,9,Kreisliga A 1 Ahaus-Coesfeld,10,2,1,0,1,2,5,-3,3,1.5
1676,,SC Münster 08 II,9,Kreisliga A 1  Herren · Kreis Münster,11,2,1,0,1,2,5,-3,3,1.5
1677,,BSV Müssen,9,Kreisliga A · Kreis Detmold,7,4,2,0,2,8,15,-7,6,1.5
1678,,DJK TuS Rotthausen,9,Kreisliga A Herren · Kreis Gelsenkirchen,8,4,2,0,2,8,16,-8,6,1.5
1679,,SG Preußen Gladbeck 1910/29,9,Kreisliga A Herren · Kreis Gelsenkirchen,9,4,2,0,2,6,14,-8,6,1.5
1680,,Türkischer SV Lüdenscheid,9,Kreisliga A Lüdenscheid,7,2,1,0,1,2,6,-4,3,1.5
1681,,SC Berchum/Garenfeld II,9,Kreisliga A Hagen,9,2,1,0,1,5,10,-5,3,1.5
1682,,TuS Mündelheim II,9,"Kreisliga B, Gruppe 1 · Kreis Duisburg-Mülheim-Dinslak",10,2,1,0,1,4,9,-5,3,1.5
1683,,SC Sonnborn 07 II,9,Kreisliga B Gruppe 2 · Kreis Wuppertal-Niederberg,11,2,1,0,1,3,8,-5,3,1.5
1684,,DJK VfK Iserlohn,9,Kreisliga A - Iserlohn,10,2,1,0,1,6,12,-6,3,1.5
1685,,FT Dützen,9,Kreisliga A Minden,10,5,2,1,2,13,17,-4,7,1.4
1686,,SV Rosellen 2,9,"Kreisliga B, Gr. 1 · Kreis Grevenbroich-Neuss",8,3,1,1,1,23,6,17,4,1.33
1687,,SV Westfalia Rhynern II,9,Kreisliga A 1 Unna-Hamm,11,3,1,1,1,14,5,9,4,1.33
1688,,DJK Sparta Bilk II,9,Kreisliga B 26/27  - Gruppe 1 Herren · Kreis Düsseldorf,11,3,1,1,1,13,7,6,4,1.33
1689,,TUS Grün-Weiß Wuppertal 2,9,Kreisliga B Gruppe 1 · Kreis Wuppertal-Niederberg,6,3,1,1,1,11,5,6,4,1.33
1690,,TuS Asemissen,9,Kreisliga A Lemgo,8,3,1,1,1,9,5,4,4,1.33
1691,,SV Oppum 2,9,Kreisliga B 2 · Kreis Kempen-Krefeld,6,3,1,1,1,10,7,3,4,1.33
1692,,SV 1913 Walbeck II,9,Kreisliga B Gruppe 2 · Kreis Kleve-Geldern,8,3,1,1,1,11,9,2,4,1.33
1693,,Post SV Solingen,9,Kreisliga B Gruppe 1 · Kreis Remscheid-Solingen,7,3,1,1,1,7,5,2,4,1.33
1694,,TuRa Elsen,9,Kreisliga A Paderborn,9,3,1,1,1,10,9,1,4,1.33
1695,,SC Eintracht Oberhausen,9,Kreisliga B1 Breil · Kreis Oberhausen-Bottrop,9,3,1,1,1,9,8,1,4,1.33
1696,,Viktoria Krefeld,9,Kreisliga B 2 · Kreis Kempen-Krefeld,7,3,1,1,1,9,8,1,4,1.33
1697,,TuRa Brüggen 3,9,Kreisliga B 1 · Kreis Kempen-Krefeld,10,3,1,1,1,7,6,1,4,1.33
1698,,SC Hardt 2,9,Kreisliga B Gruppe 2 · Kreis Mönchengladbach-Viersen,9,3,1,1,1,11,11,0,4,1.33
1699,,Blau-Weiß Wickrathhahn,9,Kreisliga B Gruppe 2 · Kreis Mönchengladbach-Viersen,10,3,1,1,1,9,9,0,4,1.33
1700,,GSV Langenfeld III,9,Kreisliga B Gruppe 1 · Kreis Remscheid-Solingen,8,3,1,1,1,8,8,0,4,1.33
1701,,RW Mastholte,9,Kreisliga A Gütersloh,8,3,1,1,1,8,8,0,4,1.33
1702,,SC Düsseldorf-West,9,Kreisliga B 26/27  - Gruppe 1 Herren · Kreis Düsseldorf,12,3,1,1,1,8,8,0,4,1.33
1703,,GW Holten,9,Kreisliga B1 Breil · Kreis Oberhausen-Bottrop,10,3,1,1,1,7,7,0,4,1.33
1704,,SV Preußen Eiberg II.,9,Kreisliga B Gruppe 3 · Kreis Essen,7,3,1,1,1,7,7,0,4,1.33
1705,,TuS Horn-Bad Meinberg,9,Kreisliga A · Kreis Detmold,11,3,1,1,1,7,7,0,4,1.33
1706,,VfL Rheda,9,Kreisliga A Gütersloh,9,3,1,1,1,5,5,0,4,1.33
1707,,ETB SW Essen II.,9,Kreisliga B Gruppe 3 · Kreis Essen,8,3,1,1,1,4,4,0,4,1.33
1708,,SV Schottheide-Frasselt,9,Kreisliga B Gruppe 1 · Kreis Kleve-Geldern,8,3,1,1,1,4,4,0,4,1.33
1709,,FC Türkspor Hilden,9,Kreisliga B 26/27- Gruppe 2 Herren · Kreis Düsseldorf,7,3,1,1,1,7,8,-1,4,1.33
1710,,SVE Börninghausen,9,Kreisliga A K_20 Lübbecke,9,3,1,1,1,7,8,-1,4,1.33
1711,,SSV Germania Wuppertal 2,9,Kreisliga B Gruppe 1 · Kreis Wuppertal-Niederberg,7,3,1,1,1,6,7,-1,4,1.33
1712,,SV Solingen 08/10 III,9,Kreisliga B Gruppe 1 · Kreis Remscheid-Solingen,9,3,1,1,1,5,6,-1,4,1.33
1713,,TV Elverdissen,9,Kreisliga A · Kreis Herford,10,3,1,1,1,5,6,-1,4,1.33
1714,,Borussia Oedt 2,9,Kreisliga B 2 · Kreis Kempen-Krefeld,9,3,1,1,1,4,5,-1,4,1.33
1715,,Hützemerter SV,9,Kreisliga A Olpe,10,3,1,1,1,4,5,-1,4,1.33
1716,,SC Frintrop 05/21 II.,9,Kreisliga B Gruppe 2 · Kreis Essen,9,3,1,1,1,9,11,-2,4,1.33
1717,,ASV Süchteln 3,9,Kreisliga B Gruppe 1 · Kreis Mönchengladbach-Viersen,8,3,1,1,1,6,8,-2,4,1.33
1718,,SV Bedb./Gierath II,9,"Kreisliga B, Gr. 1 · Kreis Grevenbroich-Neuss",9,3,1,1,1,7,10,-3,4,1.33
1719,,TuS Liedberg,9,Kreisliga B Gruppe 1 · Kreis Mönchengladbach-Viersen,9,3,1,1,1,4,7,-3,4,1.33
1720,,CSV Marathon Krefeld 2,9,Kreisliga B 2 · Kreis Kempen-Krefeld,10,3,1,1,1,7,13,-6,4,1.33
1721,,TuRa Löhne,9,Kreisliga A · Kreis Herford,8,4,1,2,1,13,10,3,5,1.25
1722,,FC Langenei/Kickenbach,9,Kreisliga A Olpe,6,4,1,2,1,12,10,2,5,1.25
1723,,SV Körne,9,Medical4You Kreisliga A - Dortmund,8,4,1,2,1,11,9,2,5,1.25
1724,,FC Fortuna Schlangen,9,Kreisliga A · Kreis Detmold,8,4,1,2,1,9,7,2,5,1.25
1725,,FC RW Kirchlengern II,9,Kreisliga A · Kreis Herford,9,4,1,2,1,7,7,0,5,1.25
1726,,FC Augustdorf,9,Kreisliga A · Kreis Detmold,10,4,1,2,1,5,5,0,5,1.25
1727,,TuS Vinsebeck,9,Kreisliga A · Kreis Höxter,9,4,1,2,1,3,3,0,5,1.25
1728,,TV Rönkhausen,9,Kreisliga A Olpe,8,4,1,2,1,10,11,-1,5,1.25
1729,,TuS Hoberge-Uerentrup,9,Kreisliga A · Kreis Bielefeld,9,4,1,2,1,9,10,-1,5,1.25
1730,,TV Brechten,9,Medical4You Kreisliga A - Dortmund,9,4,1,2,1,5,6,-1,5,1.25
1731,,GS Cappenberg,9,Kreisliga A 2 Unna-Hamm,9,4,1,2,1,6,8,-2,5,1.25
1732,,TuS Minderheide,9,Kreisliga A Minden,11,5,2,0,3,14,12,2,6,1.2
1733,,DSC 99 Düsseldorf II,9,Kreisliga B 26/27- Gruppe 2 Herren · Kreis Düsseldorf,8,3,2,0,1,18,3,15,3,1.0
1734,,1.FC Grevenbroich-Süd II,9,"Kreisliga B, Gr. 2 · Kreis Grevenbroich-Neuss",8,3,1,0,2,12,8,4,3,1.0
1735,,SV Bedburg-Hau,9,Kreisliga B Gruppe 1 · Kreis Kleve-Geldern,9,3,1,0,2,12,8,4,3,1.0
1736,,SC Ayyildiz Remscheid 2,9,Kreisliga B Gruppe 2 · Kreis Remscheid-Solingen,9,3,1,0,2,11,7,4,3,1.0
1737,,SG Essen-Schönebeck III.,9,Kreisliga B Gruppe 2 · Kreis Essen,10,3,1,0,2,11,7,4,3,1.0
1738,,Gurbet Spor Bergkamen,9,Kreisliga A 1 Unna-Hamm,12,4,1,1,2,15,10,5,4,1.0
1739,,TS 1919 Struck 2,9,Kreisliga B Gruppe 2 · Kreis Remscheid-Solingen,10,3,2,0,1,6,3,3,3,1.0
1740,,TuS Gerresheim II,9,Kreisliga B 26/27- Gruppe 2 Herren · Kreis Düsseldorf,10,3,1,0,2,10,8,2,3,1.0
1741,,FC Oppenwehe,9,Kreisliga A K_20 Lübbecke,8,4,1,1,2,11,9,2,4,1.0
1742,,RuWa Dellwig II.,9,Kreisliga B Gruppe 1 · Kreis Essen,8,3,1,0,2,16,15,1,3,1.0
1743,,Hibernia Alstaden,9,Kreisliga B2 Bliso · Kreis Oberhausen-Bottrop,9,3,1,0,2,10,9,1,3,1.0
1744,,SV Langendreer 04,9,Kreisliga A2 Herren · Kreis Bochum,10,3,1,0,2,9,8,1,3,1.0
1745,,SC Schiefbahn 2,9,Kreisliga B 3 · Kreis Kempen-Krefeld,8,3,1,0,2,8,7,1,3,1.0
1746,,Langenberger SV,9,Kreisliga B Gruppe 1 · Kreis Wuppertal-Niederberg,9,3,2,0,1,7,6,1,3,1.0
1747,,TuRa Rüdinghausen,9,Kreisliga A2 Herren · Kreis Bochum,11,3,1,0,2,6,5,1,3,1.0
1748,,SF DJK Mastbruch II,9,Kreisliga A Paderborn,10,4,1,1,2,8,7,1,4,1.0
1749,,ASV Mettmann 2,9,Kreisliga B Gruppe 2 · Kreis Wuppertal-Niederberg,12,1,0,1,0,5,5,0,1,1.0
1750,,D-H-O,9,Kreisliga B 1 · Kreis Euskirchen,4,1,0,1,0,5,5,0,1,1.0
1751,,TuS 1927 Vernich e.V.,9,Kreisliga B 1 · Kreis Euskirchen,5,1,0,1,0,5,5,0,1,1.0
1752,,VfR Fischeln 2,9,Kreisliga B 3 · Kreis Kempen-Krefeld,9,3,1,0,2,13,13,0,3,1.0
1753,,Borussia Kalk II,9,Kreisliga B Staffel 2 · Kreis Köln,8,1,0,1,0,4,4,0,1,1.0
1754,,Bürrig I,9,Kreisliga B Staffel 2 · Kreis Köln,9,1,0,1,0,4,4,0,1,1.0
1755,,SC Germania Geyen 2,9,Kreisliga B Staffel 2 · Kreis Rhein-Erft,7,1,0,1,0,4,4,0,1,1.0
1756,,SV Gescher II,9,Kreisliga A 2 Ahaus-Coesfeld,10,1,0,1,0,4,4,0,1,1.0
1757,,TuRa Brügge,9,Kreisliga A Lüdenscheid,8,1,0,1,0,4,4,0,1,1.0
1758,,VfR Stommeln,9,Kreisliga B Staffel 2 · Kreis Rhein-Erft,8,1,0,1,0,4,4,0,1,1.0
1759,,FC Golzheim II,9,Kreisliga B Staffel 2 · Kreis Düren,4,1,0,1,0,3,3,0,1,1.0
1760,,FC Schwadorf,9,Kreisliga B Staffel 3 · Kreis Rhein-Erft,7,1,0,1,0,3,3,0,1,1.0
1761,,FSV Kettwig II.,9,Kreisliga B Gruppe 3 · Kreis Essen,9,3,0,3,0,9,9,0,3,1.0
1762,,GKSC Hürth,9,Kreisliga B Staffel 3 · Kreis Rhein-Erft,8,1,0,1,0,3,3,0,1,1.0
1763,,RSV Meinerzhagen II,9,Kreisliga A Lüdenscheid,9,1,0,1,0,3,3,0,1,1.0
1764,,Rhenania Mariaweiler I,9,Kreisliga B Staffel 2 · Kreis Düren,5,1,0,1,0,3,3,0,1,1.0
1765,,SG Appelhülsen / Schapdetten,9,Kreisliga A 2 Ahaus-Coesfeld,9,2,0,2,0,6,6,0,2,1.0
1766,,SG Billig/Veytal,9,Kreisliga B 1 · Kreis Euskirchen,6,1,0,1,0,3,3,0,1,1.0
1767,,VfB Blessem,9,Kreisliga B 1 · Kreis Euskirchen,7,1,0,1,0,3,3,0,1,1.0
1768,,Westfalia Gemen II,9,RE KL A 1 · Kreis Recklinghausen,9,2,0,2,0,6,6,0,2,1.0
1769,,DJK Blau-Weiß Mintard II.,9,Kreisliga B Gruppe 3 · Kreis Essen,10,3,1,0,2,8,8,0,3,1.0
1770,,SG BKMR,9,Kreisliga A · Kreis Höxter,10,4,1,1,2,10,10,0,4,1.0
1771,,BV Burscheid,9,Kreisliga B Gruppe 2 · Kreis Remscheid-Solingen,11,3,1,0,2,7,7,0,3,1.0
1772,,CSV Düren,9,Kreisliga B Staffel 2 · Kreis Düren,6,1,0,1,0,2,2,0,1,1.0
1773,,DJK Arminia Eilendorf,9,Kreisliga B Staffel 2 · Kreis Aachen,8,1,0,1,0,2,2,0,1,1.0
1774,,DJK Dürscheid,9,Kreisliga B 2 · Kreis Berg,7,1,0,1,0,2,2,0,1,1.0
1775,,FC Germania Bauchem,9,"Kreisliga B, Staffel 2 · Kreis Heinsberg",8,1,0,1,0,2,2,0,1,1.0
1776,,FC Inden/Altdorf 09/21,9,Kreisliga B Staffel 2 · Kreis Düren,7,1,0,1,0,2,2,0,1,1.0
1777,,FV Ermis,9,Kreisliga B 2 · Kreis Berg,8,1,0,1,0,2,2,0,1,1.0
1778,,SG Balve/Garbeck,9,Kreisliga A Arnsberg,7,1,0,1,0,2,2,0,1,1.0
1779,,SG Beckum/Hövel/Mellen,9,Kreisliga A Arnsberg,8,1,0,1,0,2,2,0,1,1.0
1780,,SV Blau-Weiß Fuhlenbrock II,9,Kreisliga B1 Breil · Kreis Oberhausen-Bottrop,11,1,0,1,0,2,2,0,1,1.0
1781,,SV SW Schwanenberg,9,"Kreisliga B, Staffel 1 · Kreis Heinsberg",5,1,0,1,0,2,2,0,1,1.0
1782,,TC Freisenbruch 02,9,Kreisliga B Gruppe 3 · Kreis Essen,11,2,0,2,0,4,4,0,2,1.0
1783,,TV Kapellen,9,"Kreisliga B, · Kreis Moers",8,1,0,1,0,2,2,0,1,1.0
1784,,TV Konzen II,9,Kreisliga B Staffel 2 · Kreis Aachen,9,1,0,1,0,2,2,0,1,1.0
1785,,TuS Jahn Hilfarth,9,"Kreisliga B, Staffel 1 · Kreis Heinsberg",6,1,0,1,0,2,2,0,1,1.0
1786,,VfL Rheinhausen II,9,"Kreisliga B, · Kreis Moers",9,1,0,1,0,2,2,0,1,1.0
1787,,VfR Übach-Palenberg,9,"Kreisliga B, Staffel 2 · Kreis Heinsberg",9,1,0,1,0,2,2,0,1,1.0
1788,,Eintracht Mettingen,9,Kreisliga A · Kreis Tecklenburg,11,2,0,2,0,3,3,0,2,1.0
1789,,Sportverein Schermbeck II,9,RE KL A 1 · Kreis Recklinghausen,10,2,0,2,0,3,3,0,2,1.0
1790,,1. JFS Köln I,9,Kreisliga B Staffel 1 · Kreis Köln,8,1,0,1,0,1,1,0,1,1.0
1791,,BC Efferen,9,Kreisliga B Staffel 3 · Kreis Rhein-Erft,9,1,0,1,0,1,1,0,1,1.0
1792,,Blau-Weiß Köln III,9,Kreisliga B Staffel 1 · Kreis Köln,9,1,0,1,0,1,1,0,1,1.0
1793,,Bonner SC II,9,"Kreisliga B, Gruppe 2 · Kreis Bonn",7,1,0,1,0,1,1,0,1,1.0
1794,,DJK Twisteden II,9,Kreisliga B Gruppe 2 · Kreis Kleve-Geldern,11,2,0,2,0,2,2,0,2,1.0
1795,,FC Germania Rurich 1919 e.V. II,9,"Kreisliga B, Staffel 1 · Kreis Heinsberg",7,1,0,1,0,1,1,0,1,1.0
1796,,SC Uellendahl,9,Kreisliga B Gruppe 1 · Kreis Wuppertal-Niederberg,12,1,0,1,0,1,1,0,1,1.0
1797,,SC Wegberg,9,"Kreisliga B, Staffel 1 · Kreis Heinsberg",8,1,0,1,0,1,1,0,1,1.0
1798,,SSV Süng,9,Kreisliga B 2 · Kreis Berg,9,1,0,1,0,1,1,0,1,1.0
1799,,SV Helpenstein II,9,"Kreisliga B, Staffel 1 · Kreis Heinsberg",9,1,0,1,0,1,1,0,1,1.0
1800,,SV Schnellenbach,9,Kreisliga B 3 · Kreis Berg,6,1,0,1,0,1,1,0,1,1.0
1801,,TSG Fussball Herdecke,9,Kreisliga A Hagen,10,2,0,2,0,2,2,0,2,1.0
1802,,TV Rheindorf,9,Kreisliga B Gruppe 1 · Kreis Bonn,6,1,0,1,0,1,1,0,1,1.0
1803,,TuS Untereschbach,9,Kreisliga B 2 · Kreis Berg,10,1,0,1,0,1,1,0,1,1.0
1804,,VfL Alfter,9,Kreisliga B Gruppe 1 · Kreis Bonn,7,1,0,1,0,1,1,0,1,1.0
1805,,VfL Erp,9,Kreisliga B Staffel 3 · Kreis Rhein-Erft,10,1,0,1,0,1,1,0,1,1.0
1806,,VfL Gummersbach,9,Kreisliga B 3 · Kreis Berg,7,1,0,1,0,1,1,0,1,1.0
1807,,VfL Meckenheim,9,"Kreisliga B, Gruppe 2 · Kreis Bonn",8,1,0,1,0,1,1,0,1,1.0
1808,,Viktoria Kleingladbach,9,"Kreisliga B, Staffel 1 · Kreis Heinsberg",10,1,0,1,0,1,1,0,1,1.0
1809,,Eintracht Ickern,9,Herren Kreisliga  A · Kreis Herne,10,2,0,2,0,1,1,0,2,1.0
1810,,FC Borussia Derschlag II,9,Kreisliga B 3 · Kreis Berg,8,1,0,1,0,0,0,0,1,1.0
1811,,SC Wengern,9,Kreisliga A Hagen,11,1,0,1,0,0,0,0,1,1.0
1812,,SV Morsbach,9,Kreisliga B 3 · Kreis Berg,9,1,0,1,0,0,0,0,1,1.0
1813,,SG Scharmede/Thüle,9,Kreisliga A Paderborn,11,4,1,1,2,7,8,-1,4,1.0
1814,,RW Barop,9,Medical4You Kreisliga A - Dortmund,10,4,1,1,2,6,7,-1,4,1.0
1815,,DJK Eintracht Hoeningen,9,"Kreisliga B, Gr. 1 · Kreis Grevenbroich-Neuss",10,3,1,0,2,7,8,-1,3,1.0
1816,,SC Teutonia Kleinenbroich,9,Kreisliga B Gruppe 1 · Kreis Mönchengladbach-Viersen,10,3,1,0,2,7,8,-1,3,1.0
1817,,SV Fürstenau-Bödexen,9,Kreisliga A · Kreis Höxter,11,4,1,1,2,6,8,-2,4,1.0
1818,,TuS Eving Lindenhorst,9,Medical4You Kreisliga A - Dortmund,11,4,1,1,2,5,7,-2,4,1.0
1819,,Höinger SV,9,Kreisliga A Herren Soest,11,3,1,0,2,9,11,-2,3,1.0
1820,,SGP Oberlohberg,9,"Kreisliga B, Gruppe 2 · Kreis Duisburg-Mülheim-Dinslak",10,3,1,0,2,8,10,-2,3,1.0
1821,,SSV Berghausen II,9,Kreisliga B Gruppe 1 · Kreis Remscheid-Solingen,11,3,1,0,2,7,9,-2,3,1.0
1822,,SV BW Herongen,9,Kreisliga B Gruppe 2 · Kreis Kleve-Geldern,10,3,1,0,2,7,9,-2,3,1.0
1823,,VfR 06 Neuss,9,"Kreisliga B, Gr. 1 · Kreis Grevenbroich-Neuss",11,3,1,0,2,6,8,-2,3,1.0
1824,,BV Grün-Weiß Holt,9,Kreisliga B Gruppe 1 · Kreis Mönchengladbach-Viersen,11,3,1,0,2,5,7,-2,3,1.0
1825,,Blau-Weiß Langenberg 2,9,Kreisliga B Gruppe 2 · Kreis Wuppertal-Niederberg,10,3,1,0,2,4,6,-2,3,1.0
1826,,SG Reiste/Wenholthausen,9,Kreisliga A Hochsauerland · Kreis Hochsauerlandkreis,9,3,1,0,2,4,6,-2,3,1.0
1827,,TuS Hücker-Aschen,9,Kreisliga A · Kreis Herford,12,3,1,0,2,3,5,-2,3,1.0
1828,,SV Westrich II,9,Medical4You Kreisliga A - Dortmund,12,4,1,1,2,8,11,-3,4,1.0
1829,,SG Kirchhundem/Brachthausen,9,Kreisliga A Olpe,11,4,1,1,2,7,10,-3,4,1.0
1830,,FC Saloniki Essen II.,9,Kreisliga B Gruppe 1 · Kreis Essen,9,3,1,0,2,9,12,-3,3,1.0
1831,,VfL Kamen II,9,Kreisliga A 2 Unna-Hamm,10,4,1,1,2,11,15,-4,4,1.0
1832,,BV Berg. Neukirchen II.,9,Kreisliga B Gruppe 1 · Kreis Remscheid-Solingen,12,3,1,0,2,8,11,-3,3,1.0
1833,,TuS 48 Ehringhausen,9,Kreisliga A Lippstadt,12,4,1,1,2,10,14,-4,4,1.0
1834,,SC Viktoria 04 Rheydt,9,Kreisliga B Gruppe 2 · Kreis Mönchengladbach-Viersen,11,3,1,0,2,7,10,-3,3,1.0
1835,,SV Oetinghausen,9,Kreisliga A · Kreis Herford,11,4,1,1,2,9,13,-4,4,1.0
1836,,SuS Holzhausen,9,Kreisliga A K_20 Lübbecke,10,4,1,1,2,9,13,-4,4,1.0
1837,,FC Unteres Kalletal,9,Kreisliga A Lemgo,11,3,1,0,2,6,9,-3,3,1.0
1838,,SG Nuhnetal-Dreislar-Hesborn,9,Kreisliga A Hochsauerland · Kreis Hochsauerlandkreis,10,3,1,0,2,6,9,-3,3,1.0
1839,,SG Rommerskirchen/Gilbach,9,"Kreisliga B, Gr. 2 · Kreis Grevenbroich-Neuss",9,3,1,0,2,6,9,-3,3,1.0
1840,,DJK/VfL Giesenkirchen 2,9,Kreisliga B Gruppe 1 · Kreis Mönchengladbach-Viersen,12,3,1,0,2,5,8,-3,3,1.0
1841,,SV Rheinwacht Stürzelberg 1928 e.V.,9,"Kreisliga B, Gr. 1 · Kreis Grevenbroich-Neuss",12,3,1,0,2,5,8,-3,3,1.0
1842,,SV Viktoria Goch III,9,Kreisliga B Gruppe 1 · Kreis Kleve-Geldern,10,3,1,0,2,5,8,-3,3,1.0
1843,,SV Preußen 07 Lünen,9,Kreisliga A 2 Unna-Hamm,11,3,1,0,2,4,7,-3,3,1.0
1844,,Ballspielverein Wevelinghoven 1913 e.V. II,9,"Kreisliga B, Gr. 2 · Kreis Grevenbroich-Neuss",10,3,1,0,2,3,6,-3,3,1.0
1845,,FC Bruchhausen-Elleringhs.,9,Kreisliga A Hochsauerland · Kreis Hochsauerlandkreis,11,3,1,0,2,3,6,-3,3,1.0
1846,,SV Heggen,9,Kreisliga A Olpe,12,4,1,1,2,4,8,-4,4,1.0
1847,,BW Büderich II,9,Kreisliga A Herren Soest,10,4,1,1,2,10,15,-5,4,1.0
1848,,Sportfreunde 1918 Altenessen II.,9,Kreisliga B Gruppe 1 · Kreis Essen,10,3,1,0,2,5,9,-4,3,1.0
1849,,TuS Medebach,9,Kreisliga A Hochsauerland · Kreis Hochsauerlandkreis,12,3,1,0,2,3,7,-4,3,1.0
1850,,SV Herste,9,Kreisliga A · Kreis Höxter,12,4,1,1,2,6,12,-6,4,1.0
1851,,Rhenania Hochdahl II,9,Kreisliga B 26/27- Gruppe 2 Herren · Kreis Düsseldorf,12,3,1,0,2,8,13,-5,3,1.0
1852,,GW Holten II,9,Kreisliga B2 Bliso · Kreis Oberhausen-Bottrop,11,3,1,0,2,7,12,-5,3,1.0
1853,,KSV Mesopotamia Grevenbroich,9,"Kreisliga B, Gr. 2 · Kreis Grevenbroich-Neuss",11,3,1,0,2,6,11,-5,3,1.0
1854,,SV Glehn II,9,"Kreisliga B, Gr. 1 · Kreis Grevenbroich-Neuss",13,3,1,0,2,5,10,-5,3,1.0
1855,,SuS Schwarz-Blau Gladbeck,9,Kreisliga A Herren · Kreis Gelsenkirchen,10,4,1,1,2,14,21,-7,4,1.0
1856,,TuS Witten-Stockum 1945 II,9,Kreisliga A2 Herren · Kreis Bochum,9,4,1,1,2,6,13,-7,4,1.0
1857,,TuS Eichlinghofen II,9,Medical4You Kreisliga A - Dortmund,13,4,1,1,2,5,12,-7,4,1.0
1858,,VdS 1920 Nievenheim 2,9,"Kreisliga B, Gr. 2 · Kreis Grevenbroich-Neuss",12,3,1,0,2,8,14,-6,3,1.0
1859,,TuRa Remscheid 80/09 Süd II,9,Kreisliga B Gruppe 2 · Kreis Remscheid-Solingen,12,3,1,0,2,7,14,-7,3,1.0
1860,,Sterkrade 06/07 II,9,Kreisliga B2 Bliso · Kreis Oberhausen-Bottrop,12,3,1,0,2,6,13,-7,3,1.0
1861,,Osterather SV Meerbusch 3,9,Kreisliga B 3 · Kreis Kempen-Krefeld,10,3,1,0,2,4,11,-7,3,1.0
1862,,SG Duisburg-Süd II,9,"Kreisliga B, Gruppe 1 · Kreis Duisburg-Mülheim-Dinslak",11,3,1,0,2,9,17,-8,3,1.0
1863,,TB Oberhausen II,9,Kreisliga B2 Bliso · Kreis Oberhausen-Bottrop,13,3,1,0,2,6,14,-8,3,1.0
1864,,Linner SV,9,Kreisliga B 3 · Kreis Kempen-Krefeld,11,3,1,0,2,5,13,-8,3,1.0
1865,,SV Wersten 04 II,9,Kreisliga B 26/27- Gruppe 2 Herren · Kreis Düsseldorf,13,3,1,0,2,5,13,-8,3,1.0
1866,,CfR Links Düsseldorf II,9,Kreisliga B 26/27  - Gruppe 1 Herren · Kreis Düsseldorf,13,3,1,0,2,3,11,-8,3,1.0
1867,,DJK Neuss-Gnadental 3,9,"Kreisliga B, Gr. 2 · Kreis Grevenbroich-Neuss",13,3,1,0,2,10,22,-12,3,1.0
1868,,Spvgg. Meiderich 06/95 II,9,"Kreisliga B, Gruppe 2 · Kreis Duisburg-Mülheim-Dinslak",11,3,1,0,2,5,17,-12,3,1.0
1869,,SV Rot-Weiß 1914 Hockstein,9,Kreisliga B Gruppe 2 · Kreis Mönchengladbach-Viersen,12,3,1,0,2,4,16,-12,3,1.0
1870,,Post SV Düsseldorf,9,Kreisliga B 26/27- Gruppe 2 Herren · Kreis Düsseldorf,14,3,1,0,2,7,20,-13,3,1.0
1871,,ASV Mettmann 3,9,Kreisliga B Gruppe 1 · Kreis Wuppertal-Niederberg,11,3,1,0,2,5,25,-20,3,1.0
1872,,SV Weser Leteln,9,Kreisliga A Minden,12,5,1,1,3,12,11,1,4,0.8
1873,,SV Eidinghausen-Werste II,9,Kreisliga A Minden,13,5,1,1,3,12,21,-9,4,0.8
1874,,SV Horst-Emscher 08 II,9,Kreisliga A Herren · Kreis Gelsenkirchen,11,4,1,0,3,15,12,3,3,0.75
1875,,SV GE-Hessler 06 II.,9,Kreisliga A Herren · Kreis Gelsenkirchen,12,4,1,0,3,7,8,-1,3,0.75
1876,,DJK SpVg Mellrich,9,Kreisliga A Lippstadt,13,4,1,0,3,8,10,-2,3,0.75
1877,,DJK BW Huckarde,9,Medical4You Kreisliga A - Dortmund,14,4,0,3,1,6,8,-2,3,0.75
1878,,TSV Wewer,9,Kreisliga A Paderborn,12,4,1,0,3,8,11,-3,3,0.75
1879,,VfL Holsen,9,Kreisliga A · Kreis Herford,13,4,1,0,3,5,8,-3,3,0.75
1880,,Hammer SpVg II,9,Kreisliga A 1 Unna-Hamm,13,4,1,0,3,12,16,-4,3,0.75
1881,,DJK Teutonia Ehrenfeld,9,Kreisliga A1 Herren · Kreis Bochum,10,4,1,0,3,9,13,-4,3,0.75
1882,,TuS Kaltehardt,9,Kreisliga A2 Herren · Kreis Bochum,12,4,1,0,3,9,13,-4,3,0.75
1883,,RW Horn,9,Kreisliga A Lippstadt,14,4,1,0,3,6,10,-4,3,0.75
1884,,SSV Pr. Ströhen,9,Kreisliga A K_20 Lübbecke,11,4,1,0,3,8,13,-5,3,0.75
1885,,SV Bausenhagen,9,Kreisliga A 2 Unna-Hamm,12,4,1,0,3,7,12,-5,3,0.75
1886,,TuS Jöllenbeck II,9,Kreisliga A · Kreis Bielefeld,10,4,1,0,3,6,11,-5,3,0.75
1887,,SC Croatia Bochum,9,Kreisliga A1 Herren · Kreis Bochum,11,4,1,0,3,10,16,-6,3,0.75
1888,,SC GW Espeln,9,Kreisliga A Paderborn,13,4,1,0,3,6,12,-6,3,0.75
1889,,SG Saalhausen/Oberhundem,9,Kreisliga A Olpe,13,4,1,0,3,6,12,-6,3,0.75
1890,,DJK Arminia Bochum,9,Kreisliga A1 Herren · Kreis Bochum,12,4,1,0,3,11,18,-7,3,0.75
1891,,FC Blau-Weiß Weser,9,Kreisliga A · Kreis Höxter,13,4,1,0,3,7,14,-7,3,0.75
1892,,VfL Kemminghausen,9,Medical4You Kreisliga A - Dortmund,15,4,1,0,3,6,13,-7,3,0.75
1893,,CFK Bochum II,9,Kreisliga A2 Herren · Kreis Bochum,13,4,1,0,3,8,16,-8,3,0.75
1894,,SV Ubbedissen 09,9,Kreisliga A · Kreis Bielefeld,11,4,1,0,3,8,17,-9,3,0.75
1895,,VfL Oldentrup,9,Kreisliga A · Kreis Bielefeld,12,4,1,0,3,6,15,-9,3,0.75
1896,,SCV Neuenbeken,9,Kreisliga A Paderborn,14,4,1,0,3,5,14,-9,3,0.75
1897,,SuS Scheidingen,9,Kreisliga A Herren Soest,12,4,1,0,3,4,13,-9,3,0.75
1898,,YEG Hassel II,9,Kreisliga A Herren · Kreis Gelsenkirchen,13,4,1,0,3,5,15,-10,3,0.75
1899,,SV Häger,9,Kreisliga A · Kreis Bielefeld,13,4,1,0,3,3,13,-10,3,0.75
1900,,SG Massen II,9,Kreisliga A 2 Unna-Hamm,13,4,1,0,3,13,24,-11,3,0.75
1901,,DJK Wattenscheid,9,Kreisliga A1 Herren · Kreis Bochum,13,4,1,0,3,9,20,-11,3,0.75
1902,,SC Fröndenberg-Hohenheide 09/20 e.V.,9,Kreisliga A 2 Unna-Hamm,14,4,1,0,3,7,19,-12,3,0.75
1903,,CSL Detmold,9,Kreisliga A · Kreis Detmold,12,4,1,0,3,7,21,-14,3,0.75
1904,,Erler Spielverein 08 II.,9,Kreisliga A Herren · Kreis Gelsenkirchen,14,4,1,0,3,6,21,-15,3,0.75
1905,,VfL Winz-Baak,9,Kreisliga A2 Herren · Kreis Bochum,14,4,1,0,3,6,21,-15,3,0.75
1906,,SC St. Tönis 4,9,Kreisliga B 2 · Kreis Kempen-Krefeld,11,3,0,2,1,5,6,-1,2,0.67
1907,,Sportvereinigung Hilden 05/06 II,9,Kreisliga B 26/27- Gruppe 2 Herren · Kreis Düsseldorf,15,3,0,2,1,7,9,-2,2,0.67
1908,,TGD Essen-West III.,9,Kreisliga B Gruppe 1 · Kreis Essen,11,3,0,2,1,8,12,-4,2,0.67
1909,,SG Keeken/Schanz,9,Kreisliga B Gruppe 1 · Kreis Kleve-Geldern,11,3,0,2,1,5,9,-4,2,0.67
1910,,TSV Kirchheide,9,Kreisliga A Lemgo,12,3,0,2,1,3,7,-4,2,0.67
1911,,Viktoria Winnekendonk II,9,Kreisliga B Gruppe 2 · Kreis Kleve-Geldern,12,3,0,2,1,3,7,-4,2,0.67
1912,,FC Sürenheide 1976,9,Kreisliga A Gütersloh,10,3,0,2,1,1,7,-6,2,0.67
1913,,FC Bad Oeynhausen II,9,Kreisliga A Minden,14,5,1,0,4,6,13,-7,3,0.6
1914,,SG Gorspen-Vahlsen/Windheim,9,Kreisliga A Minden,15,5,1,0,4,8,20,-12,3,0.6
1915,,FC Maroc,9,Kreisliga A Lüdenscheid,10,2,0,1,1,5,6,-1,1,0.5
1916,,Westfalia Vorhelm I,9,Kreisliga A Beckum,11,2,0,1,1,5,6,-1,1,0.5
1917,,TuS 08 Senne 1,9,Kreisliga A · Kreis Bielefeld,14,4,0,2,2,9,11,-2,2,0.5
1918,,TuS Hasslinghausen,9,Kreisliga A Hagen,12,2,0,1,1,4,5,-1,1,0.5
1919,,FC Internationale Oberhausen,9,Kreisliga B2 Bliso · Kreis Oberhausen-Bottrop,14,2,0,1,1,3,4,-1,1,0.5
1920,,Fortuna Emsdetten,9,Kreisliga A Steinfurt,10,2,0,1,1,3,4,-1,1,0.5
1921,,SV GS Hohenholte,9,Kreisliga A 2  Herren · Kreis Münster,11,2,0,1,1,3,4,-1,1,0.5
1922,,Breite Burschen Barmen 2,9,Kreisliga B Gruppe 1 · Kreis Wuppertal-Niederberg,13,2,0,1,1,2,3,-1,1,0.5
1923,,SV Sportfreunde Hörn,9,Kreisliga B Staffel 1 · Kreis Aachen,10,2,0,1,1,2,3,-1,1,0.5
1924,,SpVgg Oelde II,9,Kreisliga A Beckum,12,2,0,1,1,2,3,-1,1,0.5
1925,,TUS Freckenhorst II,9,Kreisliga A 1  Herren · Kreis Münster,12,2,0,1,1,2,3,-1,1,0.5
1926,,SV Langenhorst-Welbergen,9,Kreisliga A Steinfurt,11,2,0,1,1,1,2,-1,1,0.5
1927,,FSG Merkstein,9,Kreisliga B Staffel 1 · Kreis Aachen,11,2,0,1,1,3,5,-2,1,0.5
1928,,SF Sümmern,9,Kreisliga A - Iserlohn,11,2,0,1,1,3,5,-2,1,0.5
1929,,TuS Henrichenburg,9,RE KL A 2 · Kreis Recklinghausen,10,2,0,1,1,3,5,-2,1,0.5
1930,,DJK Sportfreunde Datteln,9,RE KL A 2 · Kreis Recklinghausen,11,2,0,1,1,2,4,-2,1,0.5
1931,,SpVgg Vreden II,9,Kreisliga A 1 Ahaus-Coesfeld,11,2,0,1,1,1,3,-2,1,0.5
1932,,TSV Rot-Weiß Dreyen,9,Kreisliga A · Kreis Herford,14,2,0,1,1,1,3,-2,1,0.5
1933,,FC Preußen Espelkamp II,9,Kreisliga A K_20 Lübbecke,12,4,0,2,2,12,17,-5,2,0.5
1934,,DJK TuS Körne,9,Medical4You Kreisliga A - Dortmund,16,4,0,2,2,4,9,-5,2,0.5
1935,,TuS Egge Schwaney,9,Kreisliga A Paderborn,15,4,0,2,2,4,9,-5,2,0.5
1936,,FC Lübbecke II,9,Kreisliga A K_20 Lübbecke,13,4,0,2,2,1,6,-5,2,0.5
1937,,Duisburger FV 08 II,9,"Kreisliga B, Gruppe 1 · Kreis Duisburg-Mülheim-Dinslak",12,2,0,1,1,8,11,-3,1,0.5
1938,,SC Velbert 3,9,Kreisliga B Gruppe 2 · Kreis Wuppertal-Niederberg,13,2,0,1,1,5,8,-3,1,0.5
1939,,FSV Ochtrup e.V.,9,Kreisliga A Steinfurt,12,2,0,1,1,3,6,-3,1,0.5
1940,,RSV Wanne,9,Herren Kreisliga  A · Kreis Herne,11,2,0,1,1,3,6,-3,1,0.5
1941,,Fortuna Bredeney II.,9,Kreisliga B Gruppe 2 · Kreis Essen,11,2,0,1,1,2,5,-3,1,0.5
1942,,SV Vestia Disteln II,9,RE KL A 2 · Kreis Recklinghausen,12,2,0,1,1,2,5,-3,1,0.5
1943,,SV Türk Attendorn,9,Kreisliga A Olpe,14,4,0,2,2,3,9,-6,2,0.5
1944,,VfJ Laurensberg,9,Kreisliga B Staffel 1 · Kreis Aachen,12,2,0,1,1,1,4,-3,1,0.5
1945,,VfL Frotheim,9,Kreisliga A K_20 Lübbecke,14,4,0,2,2,2,9,-7,2,0.5
1946,,SC Marl-Hamm,9,RE KL A 1 · Kreis Recklinghausen,11,2,0,1,1,7,11,-4,1,0.5
1947,,VFL Hörde,9,Medical4You Kreisliga A - Dortmund,17,4,0,2,2,8,16,-8,2,0.5
1948,,FC Schwarz-Weiß Weiner,9,Kreisliga A Steinfurt,13,2,0,1,1,2,6,-4,1,0.5
1949,,SuS Polsum 1927,9,RE KL A 1 · Kreis Recklinghausen,12,2,0,1,1,2,6,-4,1,0.5
1950,,TuS Eintracht Tonnenheide,9,Kreisliga A K_20 Lübbecke,15,4,0,2,2,2,11,-9,2,0.5
1951,,TSV Weißtal II,9,Kreisliga A Siegen/Wittgenstein · Kreis Siegen-Wittgenstein,11,2,0,1,1,5,10,-5,1,0.5
1952,,TSV Raesfeld II,9,RE KL A 1 · Kreis Recklinghausen,13,2,0,1,1,4,9,-5,1,0.5
1953,,SC DJK Everswinkel,9,Kreisliga A 1  Herren · Kreis Münster,13,2,0,1,1,2,7,-5,1,0.5
1954,,TuRa 88 Duisburg,9,"Kreisliga B, Gruppe 2 · Kreis Duisburg-Mülheim-Dinslak",13,2,0,1,1,2,7,-5,1,0.5
1955,,Union Krefeld,9,Kreisliga B 2 · Kreis Kempen-Krefeld,12,3,1,1,1,11,9,2,1,0.33
1956,,DV Solingen 3,9,Kreisliga B Gruppe 1 · Kreis Remscheid-Solingen,13,3,1,1,1,7,7,0,1,0.33
1957,,TuS Bexterhagen,9,Kreisliga A Lemgo,13,3,0,1,2,3,5,-2,1,0.33
1958,,SG Duisburg-Süd III,9,"Kreisliga B, Gruppe 2 · Kreis Duisburg-Mülheim-Dinslak",12,3,0,1,2,5,9,-4,1,0.33
1959,,SG Grieth/Erfgen,9,Kreisliga B Gruppe 1 · Kreis Kleve-Geldern,12,3,0,1,2,3,7,-4,1,0.33
1960,,TuS Westf. Neuenkirchen,9,Kreisliga A Gütersloh,11,3,0,1,2,3,7,-4,1,0.33
1961,,Wichlinghauser Kickers,9,Kreisliga B Gruppe 1 · Kreis Wuppertal-Niederberg,14,3,0,1,2,3,7,-4,1,0.33
1962,,DJK Juspo Altenessen,9,Kreisliga B Gruppe 1 · Kreis Essen,12,3,0,1,2,4,9,-5,1,0.33
1963,,SSV Grefrath 2,9,Kreisliga B 1 · Kreis Kempen-Krefeld,11,3,0,1,2,4,9,-5,1,0.33
1964,,SV Brilon II,9,Kreisliga A Hochsauerland · Kreis Hochsauerlandkreis,13,3,0,1,2,4,9,-5,1,0.33
1965,,Spfr. Neersbroich 2,9,Kreisliga B Gruppe 1 · Kreis Mönchengladbach-Viersen,13,3,0,1,2,3,8,-5,1,0.33
1966,,FC Fleckenberg/Grafschaft,9,Kreisliga A Hochsauerland · Kreis Hochsauerlandkreis,14,3,0,1,2,2,7,-5,1,0.33
1967,,SF Leuth,9,Kreisliga B 1 · Kreis Kempen-Krefeld,12,3,0,1,2,10,16,-6,1,0.33
1968,,Essener SG 99/06,9,Kreisliga B Gruppe 3 · Kreis Essen,12,3,0,1,2,8,14,-6,1,0.33
1969,,Alemannia Pfalzdorf III,9,Kreisliga B Gruppe 1 · Kreis Kleve-Geldern,13,3,0,1,2,5,11,-6,1,0.33
1970,,Holzheimer SG 2,9,"Kreisliga B, Gr. 1 · Kreis Grevenbroich-Neuss",14,3,0,1,2,2,8,-6,1,0.33
1971,,TUS 07 Kranenburg,9,Kreisliga B Gruppe 1 · Kreis Kleve-Geldern,14,3,0,1,2,1,8,-7,1,0.33
1972,,FC Tannenhof,9,Kreisliga B 26/27- Gruppe 2 Herren · Kreis Düsseldorf,16,3,0,1,2,6,14,-8,1,0.33
1973,,SC Werden-Heidhausen III.,9,Kreisliga B Gruppe 3 · Kreis Essen,13,3,0,1,2,6,14,-8,1,0.33
1974,,FC Kastrioti Stukenbrock,9,Kreisliga A Paderborn,16,3,0,1,2,2,10,-8,1,0.33
1975,,Tura Pohlhausen,9,Kreisliga B Gruppe 2 · Kreis Remscheid-Solingen,13,3,0,1,2,1,9,-8,1,0.33
1976,,Hobby BOT BSG Mengede I,9,Kreisliga B2 Bliso · Kreis Oberhausen-Bottrop,15,3,0,1,2,7,16,-9,1,0.33
1977,,Fatihspor Essen II.,9,Kreisliga B Gruppe 1 · Kreis Essen,13,3,0,1,2,5,14,-9,1,0.33
1978,,TG Hilgen 04 (2),9,Kreisliga B Gruppe 2 · Kreis Remscheid-Solingen,14,3,0,1,2,1,10,-9,1,0.33
1979,,SV Avenwedde II,9,Kreisliga A Gütersloh,12,3,0,1,2,3,13,-10,1,0.33
1980,,FC Aldekerk 1928/52 III,9,Kreisliga B Gruppe 2 · Kreis Kleve-Geldern,13,3,0,1,2,4,15,-11,1,0.33
1981,,Aramäer Gütersloh,9,Kreisliga A Gütersloh,13,3,0,1,2,6,18,-12,1,0.33
1982,,VfR Fischeln 3,9,Kreisliga B 2 · Kreis Kempen-Krefeld,13,3,0,1,2,4,16,-12,1,0.33
1983,,FC Sportfreunde Rüttenscheid,9,Kreisliga B Gruppe 3 · Kreis Essen,14,3,0,1,2,2,16,-14,1,0.33
1984,,Sportfreunde Gerresheim II,9,Kreisliga B 26/27- Gruppe 2 Herren · Kreis Düsseldorf,17,3,0,1,2,2,16,-14,1,0.33
1985,,SCW Liemke,9,Kreisliga A Gütersloh,14,3,0,1,2,2,17,-15,1,0.33
1986,,GW Elben,9,Kreisliga A Olpe,15,4,0,1,3,6,14,-8,1,0.25
1987,,SG Oberense,9,Kreisliga A Herren Soest,13,4,0,1,3,6,14,-8,1,0.25
1988,,SSV Mühlhausen-U. 2,9,Kreisliga A 2 Unna-Hamm,15,4,0,1,3,6,14,-8,1,0.25
1989,,SG SW Suttrop/TV Kallenhardt,9,Kreisliga A Lippstadt,15,4,0,1,3,5,13,-8,1,0.25
1990,,TuS Langenheide,9,Kreisliga A · Kreis Bielefeld,15,4,0,1,3,8,18,-10,1,0.25
1991,,SG Finnentrop/Bamenohl II,9,Kreisliga A Olpe,16,4,0,1,3,4,15,-11,1,0.25
1992,,SV Steinheim,9,Kreisliga A · Kreis Höxter,14,4,0,1,3,4,15,-11,1,0.25
1993,,TuS Niederense,9,Kreisliga A Herren Soest,14,4,0,1,3,6,19,-13,1,0.25
1994,,SV Union Neustadt,9,Kreisliga A Herren · Kreis Gelsenkirchen,15,4,0,1,3,10,32,-22,1,0.25
1995,,FSG Ruhrtal I,9,Kreisliga A Arnsberg,9,1,1,0,0,8,1,7,0,0.0
1996,,SV Grün-Weiß Karken,9,"Kreisliga B, Staffel 1 · Kreis Heinsberg",11,1,1,0,0,6,0,6,0,0.0
1997,,Sportfreunde 1919 Düren II,9,Kreisliga B Staffel 2 · Kreis Düren,8,1,1,0,0,5,2,3,0,0.0
1998,,SG Neukirchen-Hülchrath,9,"Kreisliga B, Gr. 2 · Kreis Grevenbroich-Neuss",14,3,1,0,2,7,7,0,0,0.0
1999,,1. FC Hagenshof zg.,9,"Kreisliga B, Gruppe 2 · Kreis Duisburg-Mülheim-Dinslak",14,0,0,0,0,0,0,0,0,0.0
2000,,1. FC Heelden,9,"Kreisliga B, Gruppe 1 · Kreis Rees-Bocholt",1,0,0,0,0,0,0,0,0,0.0
2001,,1. FC Niederkassel III,9,Kreisliga B Staffel 2 · Kreis Sieg,8,0,0,0,0,0,0,0,0,0.0
2002,,BC Oberzier II,9,Kreisliga B Staffel 1 · Kreis Düren,6,0,0,0,0,0,0,0,0,0.0
2003,,BSV Viktoria Wesel,9,"Kreisliga B, Gruppe 2 · Kreis Rees-Bocholt",1,0,0,0,0,0,0,0,0,0.0
2004,,BV Borussia Bocholt,9,"Kreisliga B, Gruppe 1 · Kreis Rees-Bocholt",2,0,0,0,0,0,0,0,0,0.0
2005,,BW Dingden III,9,"Kreisliga B, Gruppe 1 · Kreis Rees-Bocholt",3,0,0,0,0,0,0,0,0,0.0
2006,,Eintracht Emmerich,9,"Kreisliga B, Gruppe 2 · Kreis Rees-Bocholt",2,0,0,0,0,0,0,0,0,0.0
2007,,FC Hellas Kr. 2 zg.,9,Kreisliga B 3 · Kreis Kempen-Krefeld,12,0,0,0,0,0,0,0,0,0.0
2008,,FC Italia Oberhausen I zg.,9,Kreisliga B1 Breil · Kreis Oberhausen-Bottrop,12,0,0,0,0,0,0,0,0,0.0
2009,,FC Mettmann 08 III zg.,9,Kreisliga B Gruppe 1 · Kreis Wuppertal-Niederberg,15,0,0,0,0,0,0,0,0,0.0
2010,,FC Neukirchen-Vluyn III,9,"Kreisliga B, · Kreis Moers",10,0,0,0,0,0,0,0,0,0.0
2011,,FC Olympia Bocholt,9,"Kreisliga B, Gruppe 1 · Kreis Rees-Bocholt",4,0,0,0,0,0,0,0,0,0.0
2012,,FC Remscheid 2 zg.,9,Kreisliga B Gruppe 2 · Kreis Remscheid-Solingen,15,0,0,0,0,0,0,0,0,0.0
2013,,FC Rhenania Girbelsrath,9,Kreisliga B Staffel 2 · Kreis Düren,9,0,0,0,0,0,0,0,0,0.0
2014,,FC Wiedenest-Othetal,9,Kreisliga B 3 · Kreis Berg,10,0,0,0,0,0,0,0,0,0.0
2015,,FV Bad Honnef II,9,Kreisliga B Staffel 2 · Kreis Sieg,9,0,0,0,0,0,0,0,0,0.0
2016,,GW Flüren,9,"Kreisliga B, Gruppe 2 · Kreis Rees-Bocholt",3,0,0,0,0,0,0,0,0,0.0
2017,,GW Lankern,9,"Kreisliga B, Gruppe 1 · Kreis Rees-Bocholt",5,0,0,0,0,0,0,0,0,0.0
2018,,GW Vardingholt,9,"Kreisliga B, Gruppe 1 · Kreis Rees-Bocholt",6,0,0,0,0,0,0,0,0,0.0
2019,,Grün-Weiß Nottuln II zg.,9,Kreisliga A 2 Ahaus-Coesfeld,11,0,0,0,0,0,0,0,0,0.0
2020,,Hamminkelner SV II,9,"Kreisliga B, Gruppe 1 · Kreis Rees-Bocholt",7,0,0,0,0,0,0,0,0,0.0
2021,,Hellas Wuppertal 2 zg.,9,Kreisliga B Gruppe 1 · Kreis Wuppertal-Niederberg,16,0,0,0,0,0,0,0,0,0.0
2022,,Hemdener SV,9,"Kreisliga B, Gruppe 1 · Kreis Rees-Bocholt",8,0,0,0,0,0,0,0,0,0.0
2023,,Lions Sports-Club Bonn,9,Kreisliga B Gruppe 1 · Kreis Bonn,8,0,0,0,0,0,0,0,0,0.0
2024,,OSC 04 Rheinhausen,9,"Kreisliga B, · Kreis Moers",11,0,0,0,0,0,0,0,0,0.0
2025,,PSV Wesel-Lackhausen III,9,"Kreisliga B, Gruppe 2 · Kreis Rees-Bocholt",4,0,0,0,0,0,0,0,0,0.0
2026,,RSV Praest,9,"Kreisliga B, Gruppe 2 · Kreis Rees-Bocholt",5,0,0,0,0,0,0,0,0,0.0
2027,,RW Röttgen,9,"Kreisliga B, Gruppe 2 · Kreis Bonn",9,0,0,0,0,0,0,0,0,0.0
2028,,Ründeroth zg.,9,Kreisliga B 3 · Kreis Berg,11,0,0,0,0,0,0,0,0,0.0
2029,,SC Fliesteden II,9,Kreisliga B Staffel 2 · Kreis Rhein-Erft,9,0,0,0,0,0,0,0,0,0.0
2030,,SC Stetternich,9,Kreisliga B Staffel 1 · Kreis Düren,7,0,0,0,0,0,0,0,0,0.0
2031,,SC TuB Mussum II,9,"Kreisliga B, Gruppe 1 · Kreis Rees-Bocholt",9,0,0,0,0,0,0,0,0,0.0
2032,,SC Widdig 1922 e.V.,9,Kreisliga B Gruppe 1 · Kreis Bonn,9,0,0,0,0,0,0,0,0,0.0
2033,,SF 1930 Königshardt II zg.,9,Kreisliga B2 Bliso · Kreis Oberhausen-Bottrop,16,0,0,0,0,0,0,0,0,0.0
2034,,SF 97/30 Lowick II,9,"Kreisliga B, Gruppe 1 · Kreis Rees-Bocholt",10,0,0,0,0,0,0,0,0,0.0
2035,,SG BW Haspe zg.,9,Kreisliga A Hagen,13,0,0,0,0,0,0,0,0,0.0
2036,,SG Germania Binsfeld 1948 e.V.,9,Kreisliga B Staffel 3 · Kreis Düren,6,0,0,0,0,0,0,0,0,0.0
2037,,SG Germania Burgwart,9,Kreisliga B Staffel 3 · Kreis Düren,7,0,0,0,0,0,0,0,0,0.0
2038,,SG Nordeifel,9,Kreisliga B Staffel 3 · Kreis Düren,8,0,0,0,0,0,0,0,0,0.0
2039,,SG Sportfreunde 69 Marmagen-Nettersheim,9,Kreisliga B 2 · Kreis Euskirchen,7,0,0,0,0,0,0,0,0,0.0
2040,,SSC Firmenich,9,Kreisliga B 1 · Kreis Euskirchen,8,0,0,0,0,0,0,0,0,0.0
2041,,STV Hünxe II,9,"Kreisliga B, Gruppe 2 · Kreis Rees-Bocholt",6,0,0,0,0,0,0,0,0,0.0
2042,,SV 08/29 Friedrichsfeld II,9,"Kreisliga B, Gruppe 2 · Kreis Rees-Bocholt",7,0,0,0,0,0,0,0,0,0.0
2043,,SV BW Wertherbruch,9,"Kreisliga B, Gruppe 1 · Kreis Rees-Bocholt",11,0,0,0,0,0,0,0,0,0.0
2044,,SV Biemenhorst III,9,"Kreisliga B, Gruppe 1 · Kreis Rees-Bocholt",12,0,0,0,0,0,0,0,0,0.0
2045,,SV Blau-Weiß Bienen,9,"Kreisliga B, Gruppe 2 · Kreis Rees-Bocholt",8,0,0,0,0,0,0,0,0,0.0
2046,,SV Boluspor Bonn,9,"Kreisliga B, Gruppe 2 · Kreis Bonn",10,0,0,0,0,0,0,0,0,0.0
2047,,SV Emmerich-Vrasselt II,9,"Kreisliga B, Gruppe 2 · Kreis Rees-Bocholt",9,0,0,0,0,0,0,0,0,0.0
2048,,SV Fortuna Millingen,9,"Kreisliga B, Gruppe 2 · Kreis Rees-Bocholt",10,0,0,0,0,0,0,0,0,0.0
2049,,SV GW Welldorf-Güsten II,9,Kreisliga B Staffel 1 · Kreis Düren,8,0,0,0,0,0,0,0,0,0.0
2050,,SV Haldern II,9,"Kreisliga B, Gruppe 2 · Kreis Rees-Bocholt",11,0,0,0,0,0,0,0,0,0.0
2051,,SV Morschenich,9,Kreisliga B Staffel 2 · Kreis Düren,10,0,0,0,0,0,0,0,0,0.0
2052,,SV Spellen II,9,"Kreisliga B, Gruppe 2 · Kreis Rees-Bocholt",12,0,0,0,0,0,0,0,0,0.0
2053,,SV Vorgebirge II zg.,9,Kreisliga B Gruppe 1 · Kreis Bonn,10,0,0,0,0,0,0,0,0,0.0
2054,,SV Werth,9,"Kreisliga B, Gruppe 1 · Kreis Rees-Bocholt",13,0,0,0,0,0,0,0,0,0.0
2055,,Spfr. Walsum 09 III zg.,9,"Kreisliga B, Gruppe 1 · Kreis Duisburg-Mülheim-Dinslak",13,0,0,0,0,0,0,0,0,0.0
2056,,Sportfreunde Wüschheim-Büllesheim,9,Kreisliga B 1 · Kreis Euskirchen,9,0,0,0,0,0,0,0,0,0.0
2057,,Spvg. Aldenhoven/Pattern zg.,9,Kreisliga B Staffel 1 · Kreis Düren,9,0,0,0,0,0,0,0,0,0.0
2058,,SuS Isselburg,9,"Kreisliga B, Gruppe 2 · Kreis Rees-Bocholt",13,0,0,0,0,0,0,0,0,0.0
2059,,TSC Euskirchen,9,Kreisliga B 1 · Kreis Euskirchen,10,0,0,0,0,0,0,0,0,0.0
2060,,TSV Löhne zg.,9,Kreisliga A · Kreis Herford,15,0,0,0,0,0,0,0,0,0.0
2061,,TV Voerde II,9,"Kreisliga B, Gruppe 2 · Kreis Rees-Bocholt",14,0,0,0,0,0,0,0,0,0.0
2062,,TVD Velbert 2 zg.,9,Kreisliga B Gruppe 2 · Kreis Wuppertal-Niederberg,14,0,0,0,0,0,0,0,0,0.0
2063,,TuB Bocholt II,9,"Kreisliga B, Gruppe 1 · Kreis Rees-Bocholt",14,0,0,0,0,0,0,0,0,0.0
2064,,TuS Deuz zg.,9,Kreisliga A Siegen/Wittgenstein · Kreis Siegen-Wittgenstein,12,0,0,0,0,0,0,0,0,0.0
2065,,TuS Stenern II,9,"Kreisliga B, Gruppe 1 · Kreis Rees-Bocholt",15,0,0,0,0,0,0,0,0,0.0
2066,,VFB Speldorf II zg.,9,"Kreisliga B, Gruppe 1 · Kreis Duisburg-Mülheim-Dinslak",14,0,0,0,0,0,0,0,0,0.0
2067,,VFR 08 Oberhausen II zg.,9,Kreisliga B1 Breil · Kreis Oberhausen-Bottrop,13,0,0,0,0,0,0,0,0,0.0
2068,,VTA Bonn,9,Kreisliga B Gruppe 1 · Kreis Bonn,11,0,0,0,0,0,0,0,0,0.0
2069,,VfB Rheingold Emmerich II,9,"Kreisliga B, Gruppe 2 · Kreis Rees-Bocholt",15,0,0,0,0,0,0,0,0,0.0
2070,,VfL 45 Bocholt,9,"Kreisliga B, Gruppe 1 · Kreis Rees-Bocholt",16,0,0,0,0,0,0,0,0,0.0
2071,,VfR Bachem II zg.,9,Kreisliga B Staffel 2 · Kreis Rhein-Erft,10,0,0,0,0,0,0,0,0,0.0
2072,,VfVuJ02 Winden II,9,Kreisliga B Staffel 3 · Kreis Düren,9,0,0,0,0,0,0,0,0,0.0
2073,,Weseler SV,9,"Kreisliga B, Gruppe 2 · Kreis Rees-Bocholt",16,0,0,0,0,0,0,0,-3,0.0
2074,,RW Dünstekoven,9,"Kreisliga B, Gruppe 2 · Kreis Bonn",11,1,0,0,1,5,6,-1,0,0.0
2075,,SG Overath-Vilkerath,9,Kreisliga B 2 · Kreis Berg,11,1,0,0,1,5,6,-1,0,0.0
2076,,SC Alt.-Ersdorf,9,"Kreisliga B, Gruppe 2 · Kreis Bonn",12,1,0,0,1,4,5,-1,0,0.0
2077,,SV Weiden III,9,Kreisliga B Staffel 2 · Kreis Rhein-Erft,11,1,0,0,1,4,5,-1,0,0.0
2078,,TuS Dom-Esch,9,Kreisliga B 1 · Kreis Euskirchen,11,1,0,0,1,4,5,-1,0,0.0
2079,,FC Inde Hahn,9,Kreisliga B Staffel 2 · Kreis Aachen,10,1,0,0,1,3,4,-1,0,0.0
2080,,Frielingsdorf II,9,Kreisliga B 2 · Kreis Berg,12,1,0,0,1,3,4,-1,0,0.0
2081,,Roland West I,9,Kreisliga B Staffel 2 · Kreis Köln,10,1,0,0,1,3,4,-1,0,0.0
2082,,SG Union 94 Würm-Lindern II,9,"Kreisliga B, Staffel 1 · Kreis Heinsberg",12,1,0,0,1,3,4,-1,0,0.0
2083,,SV Bergisch Gladbach 09 II,9,Kreisliga B 2 · Kreis Berg,13,1,0,0,1,3,4,-1,0,0.0
2084,,TuS Neuenrade,9,Kreisliga A Lüdenscheid,12,2,1,0,1,6,8,-2,0,0.0
2085,,1.FC Wassenberg-Orsbeck,9,"Kreisliga B, Staffel 1 · Kreis Heinsberg",13,1,0,0,1,2,3,-1,0,0.0
2086,,BC Stotzheim I,9,Kreisliga B Staffel 3 · Kreis Rhein-Erft,11,1,0,0,1,2,3,-1,0,0.0
2087,,DJK GW Amelsbüren,9,Kreisliga A 2  Herren · Kreis Münster,12,2,0,0,2,4,6,-2,0,0.0
2088,,DJK Südwest III,9,Kreisliga B Staffel 1 · Kreis Köln,10,1,0,0,1,2,3,-1,0,0.0
2089,,FC Borussia Hückelhoven,9,"Kreisliga B, Staffel 1 · Kreis Heinsberg",14,1,0,0,1,2,3,-1,0,0.0
2090,,FC Montania Berg,9,Kreisliga B Staffel 3 · Kreis Düren,10,1,0,0,1,2,3,-1,0,0.0
2091,,GW Brauweiler 3 (U23),9,Kreisliga B Staffel 3 · Kreis Rhein-Erft,12,1,0,0,1,2,3,-1,0,0.0
2092,,Glückauf Habbelrath-Grefrath,9,Kreisliga B Staffel 3 · Kreis Rhein-Erft,13,1,0,0,1,2,3,-1,0,0.0
2093,,SV Arnsberg,9,Kreisliga A Arnsberg,10,1,0,0,1,2,3,-1,0,0.0
2094,,SV Westfalia Leer,9,Kreisliga A Steinfurt,15,2,0,0,2,4,6,-2,0,0.0
2095,,TuS Bruchhausen,9,Kreisliga A Arnsberg,11,1,0,0,1,2,3,-1,0,0.0
2096,,VfL Platte-Heide,9,Kreisliga A - Iserlohn,12,2,0,0,2,4,6,-2,0,0.0
2097,,Wahlscheider SV II,9,Kreisliga B Staffel 3 · Kreis Sieg,9,1,0,0,1,2,3,-1,0,0.0
2098,,1. JFC Brüser Berg,9,Kreisliga B Gruppe 1 · Kreis Bonn,12,1,0,0,1,1,2,-1,0,0.0
2099,,FC Matellia Metelen,9,Kreisliga A Steinfurt,14,1,0,0,1,1,2,-1,0,0.0
2100,,SG DJK Rödder,9,Kreisliga A 2 Ahaus-Coesfeld,12,1,0,0,1,1,2,-1,0,0.0
2101,,SG Rodebachtal,9,"Kreisliga B, Staffel 2 · Kreis Heinsberg",10,1,0,0,1,1,2,-1,0,0.0
2102,,SG Voreifel/Nideggen,9,Kreisliga B Staffel 3 · Kreis Düren,11,1,0,0,1,1,2,-1,0,0.0
2103,,SV Beuel 06 II,9,Kreisliga B Gruppe 1 · Kreis Bonn,13,1,0,0,1,1,2,-1,0,0.0
2104,,VfR Marienfeld,9,Kreisliga B Staffel 3 · Kreis Sieg,10,1,0,0,1,1,2,-1,0,0.0
2105,,Bröltaler SC,9,Kreisliga B Staffel 3 · Kreis Sieg,11,1,0,0,1,0,1,-1,0,0.0
2106,,GW Lichtenbusch,9,Kreisliga B Staffel 2 · Kreis Aachen,11,1,0,0,1,0,1,-1,0,0.0
2107,,SG Keldenich-Scheven I,9,Kreisliga B 2 · Kreis Euskirchen,8,1,0,0,1,0,1,-1,0,0.0
2108,,SSV Kaldauen,9,Kreisliga B Staffel 2 · Kreis Sieg,10,1,0,0,1,0,1,-1,0,0.0
2109,,Schwarz-Weiß Köln II,9,Kreisliga B Staffel 1 · Kreis Köln,11,1,0,0,1,0,1,-1,0,0.0
2110,,Siegburger TV,9,Kreisliga B Staffel 2 · Kreis Sieg,11,1,0,0,1,0,1,-1,0,0.0
2111,,TuS 08 Langerwehe II,9,Kreisliga B Staffel 2 · Kreis Düren,11,1,0,0,1,0,1,-1,0,0.0
2112,,TuS Herscheid,9,Kreisliga A Lüdenscheid,11,1,0,0,1,0,1,-1,0,0.0
2113,,Zündorf II,9,Kreisliga B Staffel 2 · Kreis Köln,11,1,0,0,1,0,1,-1,0,0.0
2114,,SV Schwarz-Gelb Bokel,9,Kreisliga A Gütersloh,15,3,0,0,3,5,9,-4,0,0.0
2115,,FC Blau-Gelb Castrop-Rauxel II,9,Herren Kreisliga  A · Kreis Herne,12,2,0,0,2,4,7,-3,0,0.0
2116,,VfB Germania Lette I,9,Kreisliga A Beckum,13,2,0,0,2,4,7,-3,0,0.0
2117,,FC Nordkirchen II,9,Kreisliga A 2  Herren · Kreis Münster,13,2,0,0,2,3,6,-3,0,0.0
2118,,SC Türkiyemspor Essen II.,9,Kreisliga B Gruppe 2 · Kreis Essen,12,2,0,0,2,3,6,-3,0,0.0
2119,,SG Dalhausen/Tietelsen-Rothe,9,Kreisliga A · Kreis Höxter,15,4,0,0,4,6,12,-6,0,0.0
2120,,VfL Wolbeck II,9,Kreisliga A 1  Herren · Kreis Münster,14,2,0,0,2,3,6,-3,0,0.0
2121,,FC Epe II,9,Kreisliga A 1 Ahaus-Coesfeld,12,2,0,0,2,2,5,-3,0,0.0
2122,,SSV Bergisch Born 3,9,Kreisliga B Gruppe 2 · Kreis Remscheid-Solingen,16,2,0,0,2,1,4,-3,0,0.0
2123,,VfL Sassenberg,9,Kreisliga A 1  Herren · Kreis Münster,15,2,0,0,2,1,4,-3,0,0.0
2124,,Viktoria Resse,9,Kreisliga A Herren · Kreis Gelsenkirchen,16,4,0,0,4,4,11,-7,0,0.0
2125,,Rath-Heumar I,9,Kreisliga B Staffel 2 · Kreis Köln,12,1,0,0,1,5,7,-2,0,0.0
2126,,Bergfried Leverkusen II,9,Kreisliga B Staffel 2 · Kreis Köln,13,1,0,0,1,3,5,-2,0,0.0
2127,,FC Emir Sultan Spor,9,Kreisliga B Staffel 1 · Kreis Aachen,13,1,0,0,1,3,5,-2,0,0.0
2128,,Rossenbach,9,Kreisliga B 3 · Kreis Berg,12,1,0,0,1,3,5,-2,0,0.0
2129,,SC Fortuna Bonn III,9,"Kreisliga B, Gruppe 2 · Kreis Bonn",13,1,0,0,1,3,5,-2,0,0.0
2130,,SG Frechen 46 I,9,Kreisliga B Staffel 2 · Kreis Rhein-Erft,12,1,0,0,1,3,5,-2,0,0.0
2131,,SSV Eintr. Lommersum,9,Kreisliga B 1 · Kreis Euskirchen,12,1,0,0,1,3,5,-2,0,0.0
2132,,SV Schwafheim II,9,"Kreisliga B, · Kreis Moers",12,1,0,0,1,3,5,-2,0,0.0
2133,,TuS Union 09 Mülheim,9,"Kreisliga B, Gruppe 1 · Kreis Duisburg-Mülheim-Dinslak",15,2,0,0,2,5,9,-4,0,0.0
2134,,FC Bergheim 2000,9,Kreisliga B Staffel 2 · Kreis Rhein-Erft,13,1,0,0,1,2,4,-2,0,0.0
2135,,FC Herdecke-Ende,9,Kreisliga A Hagen,14,2,0,0,2,4,8,-4,0,0.0
2136,,Fenerbahce Marl,9,RE KL A 1 · Kreis Recklinghausen,14,2,0,0,2,4,8,-4,0,0.0
2137,,SC RW Nienborg,9,Kreisliga A 1 Ahaus-Coesfeld,13,2,0,0,2,4,8,-4,0,0.0
2138,,SV Buchholz 05,9,Kreisliga B Staffel 3 · Kreis Sieg,12,1,0,0,1,2,4,-2,0,0.0
2139,,SV Rot-Weiß Kriegsdorf,9,Kreisliga B Staffel 2 · Kreis Sieg,12,1,0,0,1,2,4,-2,0,0.0
2140,,SV Viktoria Birten,9,"Kreisliga B, · Kreis Moers",13,1,0,0,1,2,4,-2,0,0.0
2141,,Spfr. Ippendorf II,9,Kreisliga B Gruppe 1 · Kreis Bonn,14,1,0,0,1,2,4,-2,0,0.0
2142,,Spvg. SW 1896 Düren II,9,Kreisliga B Staffel 2 · Kreis Düren,12,1,0,0,1,2,4,-2,0,0.0
2143,,VfL 05 Aachen,9,Kreisliga B Staffel 2 · Kreis Aachen,12,1,0,0,1,2,4,-2,0,0.0
2144,,VfR Bachem I,9,Kreisliga B Staffel 3 · Kreis Rhein-Erft,14,1,0,0,1,2,4,-2,0,0.0
2145,,SG Dülken,9,Kreisliga B 1 · Kreis Kempen-Krefeld,14,3,0,0,3,5,11,-6,0,0.0
2146,,TuS Levern,9,Kreisliga A K_20 Lübbecke,16,3,0,0,3,5,11,-6,0,0.0
2147,,DJK Vorwärts Ahlen II,9,Kreisliga A Beckum,14,2,0,0,2,3,7,-4,0,0.0
2148,,SC Rhenania Hinsbeck 2,9,Kreisliga B 1 · Kreis Kempen-Krefeld,13,2,0,0,2,3,7,-4,0,0.0
2149,,VFL Ladbergen,9,Kreisliga A · Kreis Tecklenburg,12,2,0,0,2,3,7,-4,0,0.0
2150,,Adler Weseke,9,RE KL A 1 · Kreis Recklinghausen,15,2,0,0,2,2,6,-4,0,0.0
2151,,FC Concordia Oidtweiler II,9,Kreisliga B Staffel 1 · Kreis Aachen,14,1,0,0,1,1,3,-2,0,0.0
2152,,FC Flying Albatros I,9,Kreisliga B Staffel 2 · Kreis Sieg,13,1,0,0,1,1,3,-2,0,0.0
2153,,Hellas Köln I,9,Kreisliga B Staffel 1 · Kreis Köln,12,1,0,0,1,1,3,-2,0,0.0
2154,,Hellas Troisdorf,9,Kreisliga B Staffel 2 · Kreis Sieg,14,1,0,0,1,1,3,-2,0,0.0
2155,,SC West II,9,Kreisliga B Staffel 2 · Kreis Köln,14,1,0,0,1,1,3,-2,0,0.0
2156,,SSV Plittersdorf,9,"Kreisliga B, Gruppe 2 · Kreis Bonn",14,1,0,0,1,1,3,-2,0,0.0
2157,,SV Jülich 1912 e.V.,9,Kreisliga B Staffel 1 · Kreis Düren,10,1,0,0,1,1,3,-2,0,0.0
2158,,SV Lürrip 1910 2,9,Kreisliga B Gruppe 2 · Kreis Mönchengladbach-Viersen,13,2,0,0,2,2,6,-4,0,0.0
2159,,SV Öttershagen,9,Kreisliga B Staffel 3 · Kreis Sieg,13,1,0,0,1,1,3,-2,0,0.0
2160,,TuS Elsenroth,9,Kreisliga B 3 · Kreis Berg,13,1,0,0,1,1,3,-2,0,0.0
2161,,TuS Sythen,9,RE KL A 2 · Kreis Recklinghausen,13,2,0,0,2,2,6,-4,0,0.0
2162,,VFL Kommern,9,Kreisliga B 2 · Kreis Euskirchen,9,1,0,0,1,1,3,-2,0,0.0
2163,,Viktoria Buchholz III,9,"Kreisliga B, Gruppe 1 · Kreis Duisburg-Mülheim-Dinslak",16,3,0,0,3,3,9,-6,0,0.0
2164,,SG Berge/Calle-Wallen,9,Kreisliga A Hochsauerland · Kreis Hochsauerlandkreis,15,3,0,0,3,2,8,-6,0,0.0
2165,,Eintracht Verlautenheide III,9,Kreisliga B Staffel 1 · Kreis Aachen,15,2,0,0,2,1,5,-4,0,0.0
2166,,SV Brukteria Dreierwalde,9,Kreisliga A · Kreis Tecklenburg,13,2,0,0,2,1,5,-4,0,0.0
2167,,Schwarz-Weiss Alstaden II,9,Kreisliga B1 Breil · Kreis Oberhausen-Bottrop,14,2,0,0,2,1,5,-4,0,0.0
2168,,SUS Krefeld 3,9,Kreisliga B 1 · Kreis Kempen-Krefeld,15,3,0,0,3,1,7,-6,0,0.0
2169,,SV Grün-Weiß Vernum II,9,Kreisliga B Gruppe 2 · Kreis Kleve-Geldern,15,3,0,0,3,1,7,-6,0,0.0
2170,,SC Salingia 08 Barmen II,9,Kreisliga B Staffel 1 · Kreis Düren,11,1,0,0,1,0,2,-2,0,0.0
2171,,SG Waldfeucht-Bocket-Braunsrath,9,"Kreisliga B, Staffel 2 · Kreis Heinsberg",11,1,0,0,1,0,2,-2,0,0.0
2172,,SV Germania Salchendorf II,9,Kreisliga A Siegen/Wittgenstein · Kreis Siegen-Wittgenstein,13,2,0,0,2,0,4,-4,0,0.0
2173,,SV Leuscheid II,9,Kreisliga B Staffel 3 · Kreis Sieg,14,1,0,0,1,0,2,-2,0,0.0
2174,,TV Asberg II,9,"Kreisliga B, · Kreis Moers",14,1,0,0,1,0,2,-2,0,0.0
2175,,VfR Venwegen,9,Kreisliga B Staffel 2 · Kreis Aachen,13,1,0,0,1,0,2,-2,0,0.0
2176,,BV Osterfeld II,9,Kreisliga B1 Breil · Kreis Oberhausen-Bottrop,16,3,0,0,3,9,16,-7,0,0.0
2177,,TuS Velmede/Bestwig,9,Kreisliga A Hochsauerland · Kreis Hochsauerlandkreis,16,3,0,0,3,3,10,-7,0,0.0
2178,,Mülheimer SV 07 III,9,"Kreisliga B, Gruppe 1 · Kreis Duisburg-Mülheim-Dinslak",17,3,0,0,3,2,9,-7,0,0.0
2179,,Eintracht Mettingen II,9,Kreisliga A · Kreis Tecklenburg,14,2,0,0,2,4,9,-5,0,0.0
2180,,Eintracht Vinhoven,9,Kreisliga B 3 · Kreis Kempen-Krefeld,13,2,1,0,1,3,8,-5,0,0.0
2181,,SSV Kalthof,9,Kreisliga A - Iserlohn,13,2,0,0,2,3,8,-5,0,0.0
2182,,VfB Alstätte,9,Kreisliga A 1 Ahaus-Coesfeld,14,2,0,0,2,3,8,-5,0,0.0
2183,,Anadolu- Türkspor 77/88 e.V. 2,9,Kreisliga B 3 · Kreis Kempen-Krefeld,14,2,0,0,2,2,7,-5,0,0.0
2184,,FC Oeding,9,Kreisliga A 2 Ahaus-Coesfeld,15,2,0,0,2,2,7,-5,0,0.0
2185,,FV Ihmert/Bredenbruch,9,Kreisliga A - Iserlohn,14,2,0,0,2,2,7,-5,0,0.0
2186,,SV Eintracht Ahaus II,9,Kreisliga A 1 Ahaus-Coesfeld,15,2,0,0,2,2,7,-5,0,0.0
2187,,SV Kray 04,9,Kreisliga B Gruppe 1 · Kreis Essen,14,2,0,0,2,2,7,-5,0,0.0
2188,,VFR Kirchlinde,9,Medical4You Kreisliga A - Dortmund,18,4,0,0,4,4,14,-10,0,0.0
2189,,Grün-Weiß Gelmer,9,Kreisliga A 1  Herren · Kreis Münster,16,2,0,0,2,1,6,-5,0,0.0
2190,,SV Union Wessum,9,Kreisliga A 1 Ahaus-Coesfeld,16,2,0,0,2,1,6,-5,0,0.0
2191,,SG Selm,9,Kreisliga A 2  Herren · Kreis Münster,14,2,0,0,2,0,5,-5,0,0.0
2192,,TuS Wadersloh I,9,Kreisliga A Beckum,15,2,0,0,2,0,5,-5,0,0.0
2193,,SVKT 07 Minden II,9,Kreisliga A Minden,16,5,0,0,5,5,18,-13,0,0.0
2194,,FSC Rheda II,9,Kreisliga A Gütersloh,16,3,0,0,3,3,11,-8,0,0.0
2195,,Inter Monheim II,9,Kreisliga B Gruppe 1 · Kreis Remscheid-Solingen,15,3,0,0,3,2,10,-8,0,0.0
2196,,TuS 1945 Warstein,9,Kreisliga A Lippstadt,16,4,0,0,4,7,18,-11,0,0.0
2197,,TuS Quelle,9,Kreisliga A · Kreis Bielefeld,16,4,0,0,4,5,16,-11,0,0.0
2198,,Germania Hovestadt,9,Kreisliga A Herren Soest,15,4,0,0,4,3,14,-11,0,0.0
2199,,FC Viktoria Schlich,9,Kreisliga B Staffel 2 · Kreis Düren,13,1,0,0,1,3,6,-3,0,0.0
2200,,SV Fortuna Seppenrade,9,Kreisliga A 2 Ahaus-Coesfeld,13,1,0,0,1,3,6,-3,0,0.0
2201,,FC Welheim II,9,Kreisliga B1 Breil · Kreis Oberhausen-Bottrop,17,3,0,0,3,8,17,-9,0,0.0
2202,,1. FC Godesberg,9,"Kreisliga B, Gruppe 2 · Kreis Bonn",15,1,0,0,1,2,5,-3,0,0.0
2203,,Borussia Brand,9,Kreisliga B Staffel 2 · Kreis Aachen,14,1,0,0,1,2,5,-3,0,0.0
2204,,Brück I,9,Kreisliga B Staffel 2 · Kreis Köln,15,1,0,0,1,2,5,-3,0,0.0
2205,,FC Frohlinde II,9,Herren Kreisliga  A · Kreis Herne,13,2,0,0,2,4,10,-6,0,0.0
2206,,FV Wiehl II,9,Kreisliga B 3 · Kreis Berg,14,1,0,0,1,2,5,-3,0,0.0
2207,,SC Südlohn,9,Kreisliga A 2 Ahaus-Coesfeld,14,1,0,0,1,2,5,-3,0,0.0
2208,,SG Türkischer SV Düren II,9,Kreisliga B Staffel 2 · Kreis Düren,14,1,0,0,1,2,5,-3,0,0.0
2209,,SSV Körrenzig 1919 e.V.,9,Kreisliga B Staffel 1 · Kreis Düren,12,1,0,0,1,2,5,-3,0,0.0
2210,,SV 08 Rheydt,9,Kreisliga B Gruppe 2 · Kreis Mönchengladbach-Viersen,14,3,0,0,3,6,15,-9,0,0.0
2211,,SpVgg. Jackerath-Opherten,9,Kreisliga B Staffel 1 · Kreis Düren,13,1,0,0,1,2,5,-3,0,0.0
2212,,TSV Urdenbach II,9,Kreisliga B 26/27  - Gruppe 1 Herren · Kreis Düsseldorf,14,3,0,0,3,6,15,-9,0,0.0
2213,,VfL Engelskirchen,9,Kreisliga B 3 · Kreis Berg,15,1,0,0,1,2,5,-3,0,0.0
2214,,SF 06 Sterkrade,9,Kreisliga B1 Breil · Kreis Oberhausen-Bottrop,15,2,0,0,2,3,9,-6,0,0.0
2215,,TuS Ascheberg,9,Kreisliga A 2  Herren · Kreis Münster,15,2,0,0,2,3,9,-6,0,0.0
2216,,TuS Bruchmühlen II,9,Kreisliga A · Kreis Herford,16,3,0,0,3,4,13,-9,0,0.0
2217,,Bosna I,9,Kreisliga B Staffel 1 · Kreis Köln,13,1,0,0,1,1,4,-3,0,0.0
2218,,DJK Märkisch Hattingen,9,Kreisliga A2 Herren · Kreis Bochum,16,4,0,0,4,4,16,-12,0,0.0
2219,,FC Walheim,9,Kreisliga B Staffel 2 · Kreis Aachen,15,1,0,0,1,1,4,-3,0,0.0
2220,,Germania Kirchberg,9,Kreisliga B Staffel 1 · Kreis Düren,14,1,0,0,1,1,4,-3,0,0.0
2221,,Iserlohner Turnerschaft,9,Kreisliga A - Iserlohn,15,2,0,0,2,2,8,-6,0,0.0
2222,,Post Siegfried Hamborn,9,"Kreisliga B, Gruppe 2 · Kreis Duisburg-Mülheim-Dinslak",15,2,0,0,2,2,8,-6,0,0.0
2223,,SG25,9,Kreisliga B 2 · Kreis Euskirchen,10,1,0,0,1,1,4,-3,0,0.0
2224,,TuS Buisdorf II,9,Kreisliga B Staffel 2 · Kreis Sieg,15,1,0,0,1,1,4,-3,0,0.0
2225,,Dostlukspor Bottrop II,9,Kreisliga B2 Bliso · Kreis Oberhausen-Bottrop,17,3,0,0,3,2,11,-9,0,0.0
2226,,SV Herbede II,9,Kreisliga A2 Herren · Kreis Bochum,15,3,0,0,3,2,11,-9,0,0.0
2227,,BSV Roxel,9,Kreisliga A 2  Herren · Kreis Münster,16,2,0,0,2,1,7,-6,0,0.0
2228,,Grün-Weiß Steinbeck,9,Kreisliga A · Kreis Tecklenburg,16,2,0,0,2,1,7,-6,0,0.0
2229,,Kevelaerer SV II,9,Kreisliga B Gruppe 2 · Kreis Kleve-Geldern,14,2,0,0,2,1,7,-6,0,0.0
2230,,Kültürspor Datteln,9,RE KL A 2 · Kreis Recklinghausen,15,2,0,0,2,1,7,-6,0,0.0
2231,,FC Randerath/Porselen,9,"Kreisliga B, Staffel 2 · Kreis Heinsberg",12,1,0,0,1,0,3,-3,0,0.0
2232,,FC Wetter 10/30,9,Kreisliga A Hagen,15,2,0,0,2,0,6,-6,0,0.0
2233,,FV Bonn-Endenich 1908 II,9,Kreisliga B Gruppe 1 · Kreis Bonn,15,1,0,0,1,0,3,-3,0,0.0
2234,,Heiligenhauser SV II,9,Kreisliga B 2 · Kreis Berg,14,1,0,0,1,0,3,-3,0,0.0
2235,,SC Volmershoven-Heidgen 2,9,"Kreisliga B, Gruppe 2 · Kreis Bonn",16,1,0,0,1,0,3,-3,0,0.0
2236,,SG Allendorf/Amecke,9,Kreisliga A Arnsberg,12,1,0,0,1,0,3,-3,0,0.0
2237,,Spvg Wesseling-Urfeld,9,Kreisliga B Staffel 3 · Kreis Rhein-Erft,15,1,0,0,1,0,3,-3,0,0.0
2238,,Turo Darfeld,9,Kreisliga A 2 Ahaus-Coesfeld,16,2,0,0,2,0,6,-6,0,0.0
2239,,VfR Hangelar II,9,Kreisliga B Staffel 2 · Kreis Sieg,16,1,0,0,1,0,3,-3,0,0.0
2240,,TuS Ahmsen II,9,Kreisliga A Lemgo,14,3,0,0,3,6,16,-10,0,0.0
2241,,BV 1910 Remscheid 2,9,Kreisliga B Gruppe 1 · Kreis Remscheid-Solingen,17,3,0,0,3,5,15,-10,0,0.0
2242,,SV Rot-Weiß Elfgen,9,"Kreisliga B, Gr. 1 · Kreis Grevenbroich-Neuss",15,3,0,0,3,4,14,-10,0,0.0
2243,,SV Blau-Weiss Meer,9,Kreisliga B Gruppe 1 · Kreis Mönchengladbach-Viersen,14,3,0,0,3,3,13,-10,0,0.0
2244,,TuS Wickrath 2,9,Kreisliga B Gruppe 2 · Kreis Mönchengladbach-Viersen,15,3,0,0,3,2,12,-10,0,0.0
2245,,SG Hiddesen-Heidenoldendorf I,9,Kreisliga A · Kreis Detmold,13,3,0,0,3,1,11,-10,0,0.0
2246,,SV Eckmannshausen,9,Kreisliga A Siegen/Wittgenstein · Kreis Siegen-Wittgenstein,15,2,0,0,2,5,12,-7,0,0.0
2247,,SV Schameder,9,Kreisliga A Siegen/Wittgenstein · Kreis Siegen-Wittgenstein,16,2,0,0,2,5,12,-7,0,0.0
2248,,SG Eintracht Ergste,9,Kreisliga A - Iserlohn,16,2,0,0,2,2,9,-7,0,0.0
2249,,VfB Börnig II,9,Herren Kreisliga  A · Kreis Herne,14,2,0,0,2,2,9,-7,0,0.0
2250,,SG Drenke/Würgassen,9,Kreisliga A · Kreis Höxter,16,4,0,0,4,1,15,-14,0,0.0
2251,,SC Reusrath III.,9,Kreisliga B Gruppe 1 · Kreis Remscheid-Solingen,14,2,0,0,2,0,7,-7,0,0.0
2252,,Niersia Neersen,9,Kreisliga B 3 · Kreis Kempen-Krefeld,15,3,0,0,3,4,15,-11,0,0.0
2253,,VfB 08 Hochneukirch,9,Kreisliga B Gruppe 2 · Kreis Mönchengladbach-Viersen,16,3,0,0,3,4,15,-11,0,0.0
2254,,FC 1911 Zons,9,"Kreisliga B, Gr. 2 · Kreis Grevenbroich-Neuss",15,3,0,0,3,2,13,-11,0,0.0
2255,,SV Eintracht Grumme,9,Kreisliga A1 Herren · Kreis Bochum,14,4,0,0,4,4,19,-15,0,0.0
2256,,SF Westenfeld,9,Kreisliga A1 Herren · Kreis Bochum,15,4,0,0,4,1,16,-15,0,0.0
2257,,SC Lüdenscheid,9,Kreisliga A Lüdenscheid,13,1,0,0,1,3,7,-4,0,0.0
2258,,DJK Arminia Lirich II,9,Kreisliga B2 Bliso · Kreis Oberhausen-Bottrop,18,3,0,0,3,7,19,-12,0,0.0
2259,,TSV Fortuna Wuppertal 2,9,Kreisliga B Gruppe 1 · Kreis Wuppertal-Niederberg,17,3,0,0,3,7,19,-12,0,0.0
2260,,SC Rheindahlen 2,9,Kreisliga B Gruppe 1 · Kreis Mönchengladbach-Viersen,15,3,0,0,3,4,16,-12,0,0.0
2261,,TGD Essen-West II.,9,Kreisliga B Gruppe 2 · Kreis Essen,13,3,0,0,3,4,16,-12,0,0.0
2262,,TSV Bayer Dormagen 1920 2,9,"Kreisliga B, Gr. 2 · Kreis Grevenbroich-Neuss",16,3,0,0,3,4,16,-12,0,0.0
2263,,Ahlener SG,9,Kreisliga A Beckum,16,2,0,0,2,2,10,-8,0,0.0
2264,,FC Concordia Haaren,9,"Kreisliga B, Staffel 2 · Kreis Heinsberg",13,1,0,0,1,1,5,-4,0,0.0
2265,,Pulheimer SC 2,9,Kreisliga B Staffel 2 · Kreis Rhein-Erft,14,1,0,0,1,1,5,-4,0,0.0
2266,,Roland West II,9,Kreisliga B Staffel 1 · Kreis Köln,14,1,0,0,1,1,5,-4,0,0.0
2267,,SG Holpe-Wallerhausen,9,Kreisliga B 3 · Kreis Berg,16,1,0,0,1,1,5,-4,0,0.0
2268,,SUS Krefeld 2,9,Kreisliga B 2 · Kreis Kempen-Krefeld,14,2,0,0,2,2,10,-8,0,0.0
2269,,SV Birlinghoven,9,Kreisliga B Staffel 3 · Kreis Sieg,15,1,0,0,1,1,5,-4,0,0.0
2270,,TuS Baerl,9,"Kreisliga B, · Kreis Moers",15,1,0,0,1,1,5,-4,0,0.0
2271,,TuS Herchen 1922,9,Kreisliga B Staffel 3 · Kreis Sieg,16,1,0,0,1,1,5,-4,0,0.0
2272,,SV Werl-Aspe II,9,Kreisliga A Lemgo,15,3,0,0,3,2,14,-12,0,0.0
2273,,SuS Niederbonsfeld II.,9,Kreisliga B Gruppe 3 · Kreis Essen,15,3,0,0,3,1,13,-12,0,0.0
2274,,Genclikspor Recklinghausen,9,RE KL A 2 · Kreis Recklinghausen,14,1,0,0,1,0,4,-4,0,0.0
2275,,SC Bad Salzuflen,9,Kreisliga A Lemgo,16,3,0,0,3,0,12,-12,0,0.0
2276,,SG Agathaberg,9,Kreisliga B 2 · Kreis Berg,15,1,0,0,1,0,4,-4,0,0.0
2277,,SG Grevenstein/Hellefeld-Altenhellefeld,9,Kreisliga A Arnsberg,13,1,0,0,1,0,4,-4,0,0.0
2278,,SG Houverath/Mutscheid,9,Kreisliga B 2 · Kreis Euskirchen,11,1,0,0,1,0,4,-4,0,0.0
2279,,TuS Germania Hersel,9,Kreisliga B Gruppe 1 · Kreis Bonn,16,1,0,0,1,0,4,-4,0,0.0
2280,,Viktoria Doveren e.V.,9,"Kreisliga B, Staffel 1 · Kreis Heinsberg",15,1,0,0,1,0,4,-4,0,0.0
2281,,Südener Sport-Verein 1905/06 Hamm,9,Kreisliga A 1 Unna-Hamm,14,4,0,0,4,1,18,-17,0,0.0
2282,,DJK SG Altenessen II.,9,Kreisliga B Gruppe 2 · Kreis Essen,14,3,0,0,3,4,17,-13,0,0.0
2283,,TuS Gerresheim III,9,Kreisliga B 26/27  - Gruppe 1 Herren · Kreis Düsseldorf,15,3,0,0,3,3,16,-13,0,0.0
2284,,DKSV Helene Essen II.,9,Kreisliga B Gruppe 1 · Kreis Essen,15,3,0,0,3,2,15,-13,0,0.0
2285,,BV Bad Sassendorf II,9,Kreisliga A Herren Soest,16,4,0,0,4,7,25,-18,0,0.0
2286,,TuS Querenburg,9,Kreisliga A1 Herren · Kreis Bochum,16,4,0,0,4,7,25,-18,0,0.0
2287,,TuS Grünenbaum,9,Kreisliga A Lüdenscheid,14,2,0,0,2,3,12,-9,0,0.0
2288,,Rhenania Würselen/Euchen II,9,Kreisliga B Staffel 1 · Kreis Aachen,16,2,0,0,2,2,11,-9,0,0.0
2289,,FC Augustdorf II,9,Kreisliga A · Kreis Detmold,15,4,0,0,4,3,21,-18,0,0.0
2290,,SF Gellendorf,9,Kreisliga A Steinfurt,16,2,0,0,2,1,10,-9,0,0.0
2291,,VfB Altena,9,Kreisliga A Lüdenscheid,15,2,0,0,2,1,10,-9,0,0.0
2292,,BV Gräfrath 2,9,Kreisliga B Gruppe 1 · Kreis Remscheid-Solingen,16,2,0,0,2,0,9,-9,0,0.0
2293,,TuS Gellep,9,Kreisliga B 2 · Kreis Kempen-Krefeld,15,3,0,0,3,2,16,-14,0,0.0
2294,,SC Pelkum,9,Kreisliga A 1 Unna-Hamm,15,4,0,0,4,8,28,-20,0,0.0
2295,,SV Viktoria Rot Weiß Waldenrath/Straeten II,9,"Kreisliga B, Staffel 2 · Kreis Heinsberg",14,1,0,0,1,2,7,-5,0,0.0
2296,,TuS Germania Birgel,9,Kreisliga B Staffel 3 · Kreis Düren,12,1,0,0,1,2,7,-5,0,0.0
2297,,SG Vatanspor Gevelsberg,9,Kreisliga A Hagen,16,2,0,0,2,3,13,-10,0,0.0
2298,,SuS Kaiserau II,9,Kreisliga A 2 Unna-Hamm,16,4,0,0,4,6,26,-20,0,0.0
2299,,VfL Wuppertal,9,Kreisliga B Gruppe 2 · Kreis Wuppertal-Niederberg,15,3,0,0,3,4,19,-15,0,0.0
2300,,JVC Columbia 03 Drove,9,Kreisliga B Staffel 3 · Kreis Düren,13,1,0,0,1,1,6,-5,0,0.0
2301,,SV 1926 Rindern II,9,Kreisliga B Gruppe 1 · Kreis Kleve-Geldern,15,3,0,0,3,2,17,-15,0,0.0
2302,,DJK Rhenania Kleve,9,Kreisliga B Gruppe 1 · Kreis Kleve-Geldern,16,3,0,0,3,1,16,-15,0,0.0
2303,,SV Löhne-Obernbeck II,9,Kreisliga A · Kreis Herford,17,4,0,0,4,1,21,-20,0,0.0
2304,,BC 09 Oberbruch II,9,"Kreisliga B, Staffel 2 · Kreis Heinsberg",15,1,0,0,1,0,5,-5,0,0.0
2305,,FC Rot-Weiß Moers,9,"Kreisliga B, · Kreis Moers",16,1,0,0,1,0,5,-5,0,0.0
2306,,FSG Ruhrtal II,9,Kreisliga A Arnsberg,14,1,0,0,1,0,5,-5,0,0.0
2307,,SC Preußen Lengerich,9,Kreisliga A · Kreis Tecklenburg,15,1,0,0,1,0,5,-5,0,0.0
2308,,SG Oleftal,9,Kreisliga B 2 · Kreis Euskirchen,12,1,0,0,1,0,5,-5,0,0.0
2309,,SV Nierfeld II,9,Kreisliga B 2 · Kreis Euskirchen,13,1,0,0,1,0,5,-5,0,0.0
2310,,Post TSV Detmold II,9,Kreisliga A · Kreis Detmold,14,3,0,0,3,5,21,-16,0,0.0
2311,,SF 08/21 Bottrop,9,Kreisliga B1 Breil · Kreis Oberhausen-Bottrop,18,2,0,0,2,5,16,-11,0,0.0
2312,,Firtinaspor Herne II,9,Herren Kreisliga  A · Kreis Herne,15,2,0,0,2,1,12,-11,0,0.0
2313,,TSV Bruckhausen II,9,"Kreisliga B, Gruppe 2 · Kreis Duisburg-Mülheim-Dinslak",17,3,0,0,3,7,24,-17,0,0.0
2314,,TV Herbeck,9,Kreisliga B Gruppe 2 · Kreis Remscheid-Solingen,17,3,0,0,3,3,20,-17,0,0.0
2315,,SSV Rheintreu Lüttingen II,9,"Kreisliga B, · Kreis Moers",17,1,0,0,1,1,7,-6,0,0.0
2316,,SpVg. Niederndorf,9,Kreisliga A Siegen/Wittgenstein · Kreis Siegen-Wittgenstein,14,1,0,0,1,1,7,-6,0,0.0
2317,,TSV Heimaterde II,9,"Kreisliga B, Gruppe 2 · Kreis Duisburg-Mülheim-Dinslak",16,2,0,0,2,2,14,-12,0,0.0
2318,,VfB Hüls II,9,RE KL A 1 · Kreis Recklinghausen,16,2,0,0,2,1,13,-12,0,0.0
2319,,FC GW Etzweiler e.V.,9,Kreisliga B Staffel 2 · Kreis Rhein-Erft,15,1,0,0,1,0,6,-6,0,0.0
2320,,SF Ammeloe,9,Kreisliga A 1 Ahaus-Coesfeld,17,1,0,0,1,0,6,-6,0,0.0
2321,,SV Altenberg II,9,Kreisliga B 2 · Kreis Berg,16,1,0,0,1,0,6,-6,0,0.0
2322,,VfR Granterath,9,"Kreisliga B, Staffel 1 · Kreis Heinsberg",16,1,0,0,1,0,6,-6,0,0.0
2323,,TSV Nieukerk II,9,Kreisliga B Gruppe 2 · Kreis Kleve-Geldern,16,3,0,0,3,3,23,-20,0,0.0
2324,,SG Benrath-Hassels II,9,Kreisliga B 26/27- Gruppe 2 Herren · Kreis Düsseldorf,18,3,0,0,3,4,25,-21,0,0.0
2325,,1. FC Quadrath-Ichendorf,9,Kreisliga B Staffel 2 · Kreis Rhein-Erft,16,1,0,0,1,1,8,-7,0,0.0
2326,,FV Vaalserquartier II,9,Kreisliga B Staffel 2 · Kreis Aachen,16,1,0,0,1,1,8,-7,0,0.0
2327,,TuRa 1886 Essen,9,Kreisliga B Gruppe 2 · Kreis Essen,15,3,0,0,3,3,24,-21,0,0.0
2328,,TuS Hachen,9,Kreisliga A Arnsberg,15,1,0,0,1,1,8,-7,0,0.0
2329,,SV Hüsten 09 II,9,Kreisliga A Arnsberg,16,1,0,0,1,0,7,-7,0,0.0
2330,,ASC Leone,9,Herren Kreisliga  A · Kreis Herne,16,2,0,0,2,0,15,-15,0,0.0
2331,,DJK Fortuna Dilkrath 2,9,Kreisliga B 1 · Kreis Kempen-Krefeld,16,2,0,0,2,0,15,-15,0,0.0
2332,,Red Stars MG 2,9,Kreisliga B Gruppe 1 · Kreis Mönchengladbach-Viersen,16,3,0,0,3,2,25,-23,0,0.0
2333,,TuRa 88 Duisburg II,9,"Kreisliga B, Gruppe 1 · Kreis Duisburg-Mülheim-Dinslak",18,3,0,0,3,0,23,-23,0,0.0
2334,,TSV Hamm-Heessen e.V.,9,Kreisliga A 1 Unna-Hamm,16,4,0,0,4,1,32,-31,0,0.0
2335,,FC Rheinsüd Köln II,9,Kreisliga B Staffel 3 · Kreis Rhein-Erft,16,1,0,0,1,0,8,-8,0,0.0
2336,,TuS Asterlagen II,9,"Kreisliga B, · Kreis Moers",18,1,0,0,1,1,10,-9,0,0.0
2337,,SG Rotbachtal/Strempt II,9,Kreisliga B 1 · Kreis Euskirchen,13,1,0,0,1,0,9,-9,0,0.0
2338,,FC ROT WEISS Heiligenhaus e.V.,9,Kreisliga B Gruppe 2 · Kreis Wuppertal-Niederberg,16,2,0,0,2,1,22,-21,0,0.0
2339,,SG Übach-Boscheln /JFC Alsdorf,9,"Kreisliga B, Staffel 2 · Kreis Heinsberg",16,1,0,0,1,2,13,-11,0,0.0
2340,,Bürrig II,9,Kreisliga B Staffel 1 · Kreis Köln,15,1,0,0,1,1,12,-11,0,0.0
2341,,DSK Köln I,9,Kreisliga B Staffel 1 · Kreis Köln,16,1,0,0,1,0,12,-12,0,0.0
2342,,SG Nörvenich-Hochkirchen II,9,Kreisliga B Staffel 3 · Kreis Düren,14,1,0,0,1,0,12,-12,0,0.0
2343,,SSC Recklinghausen,9,RE KL A 2 · Kreis Recklinghausen,16,2,0,0,2,1,27,-26,0,0.0
2344,,DJK Neuss-Gnadental 2,9,"Kreisliga B, Gr. 1 · Kreis Grevenbroich-Neuss",16,3,0,0,3,4,44,-40,0,0.0
2345,,FC Rhenania Lohn,9,Kreisliga B Staffel 1 · Kreis Aachen,17,1,0,0,1,1,19,-18,0,0.0
2346,,TuS Breitscheid,9,Kreisliga B 26/27  - Gruppe 1 Herren · Kreis Düsseldorf,16,3,0,1,2,3,8,-5,-2,-0.67
2347,,FC Mettmann 08 II,9,Kreisliga B Gruppe 2 · Kreis Wuppertal-Niederberg,18,3,0,0,3,5,10,-5,-3,-1.0
2348,,SC Viktoria Rott 2,9,Kreisliga B Gruppe 1 · Kreis Wuppertal-Niederberg,18,3,0,0,3,4,11,-7,-3,-1.0
2349,,VfB Uerdingen 2,9,Kreisliga B 3 · Kreis Kempen-Krefeld,16,3,0,0,3,2,21,-19,-3,-1.0
2350,,ASC Ratingen-West,9,Kreisliga B 26/27  - Gruppe 1 Herren · Kreis Düsseldorf,17,3,0,0,3,2,28,-26,-3,-1.0
2351,,TSV Fortuna Wuppertal,9,Kreisliga B Gruppe 2 · Kreis Wuppertal-Niederberg,17,2,0,0,2,2,4,-2,-3,-1.5
2352,,GSC HELLAS D´dorf,9,Kreisliga B 26/27  - Gruppe 1 Herren · Kreis Düsseldorf,18,3,0,1,2,6,17,-11,-7,-2.33
2353,,Flittard II,9,Kreisliga B Staffel 2 · Kreis Köln,16,1,0,0,1,1,4,-3,-3,-3.0
2354,,FC Düren 77 e.V. II,10,Kreisliga C Staffel 2 · Kreis Düren,1,1,1,0,0,22,0,22,3,3.0
2355,,SV Falke Bergrath II,10,Kreisliga C Staffel 2 · Kreis Aachen,1,1,1,0,0,20,2,18,3,3.0
2356,,VfL Repelen II,10,KL C Gruppe 2 · Kreis Moers,1,1,1,0,0,18,2,16,3,3.0
2357,,RSV 1957 Arloff-Kirspenich,10,Kreisliga C 2 · Kreis Euskirchen,1,1,1,0,0,14,0,14,3,3.0
2358,,SV Arminia Marten,10,Kreisliga B1 - Dortmund,5,1,1,0,0,14,1,13,3,3.0
2359,,FC Besa Essen e.V.,10,Kreisliga C Gruppe 1 · Kreis Essen,3,2,2,0,0,26,2,24,6,3.0
2360,,VfVuJ02 Winden III,10,Kreisliga C Staffel 3 · Kreis Düren,1,1,1,0,0,13,1,12,3,3.0
2361,,CSV Marathon Krefeld 4,10,Kreisliga C 2 · Kreis Kempen-Krefeld,1,1,1,0,0,12,1,11,3,3.0
2362,,TSV Dahl,10,Kreisliga B1 Hagen,1,2,2,0,0,22,0,22,6,3.0
2363,,TUS Grün-Weiß Wuppertal 3,10,Kreisliga C Gruppe 1 · Kreis Wuppertal-Niederberg,1,2,2,0,0,21,0,21,6,3.0
2364,,Hambacher Spielverein 2,10,Kreisliga C Staffel 1 · Kreis Düren,1,1,1,0,0,12,2,10,3,3.0
2365,,DJK FV Haaren II,10,Kreisliga C Staffel 1 · Kreis Aachen,1,1,1,0,0,10,0,10,3,3.0
2366,,SpVgg. Rheurdt-Schaephuysen II,10,KL C Gruppe 1 · Kreis Moers,1,1,1,0,0,10,0,10,3,3.0
2367,,GSG Duisburg II,10,"Kreisliga C, Gruppe 1 · Kreis Duisburg-Mülheim-Dinslak",1,3,3,0,0,33,4,29,9,3.0
2368,,TuS Neuasseln,10,Kreisliga B3 - Dortmund,1,2,2,0,0,21,2,19,6,3.0
2369,,TSV Beyenburg 2,10,Kreisliga C Gruppe 1 · Kreis Wuppertal-Niederberg,2,2,2,0,0,20,1,19,6,3.0
2370,,Alemannia Mariadorf II,10,Kreisliga C Staffel 2 · Kreis Aachen,2,1,1,0,0,10,1,9,3,3.0
2371,,SV Frauenberg 2,10,Kreisliga C 1 · Kreis Euskirchen,1,1,1,0,0,9,0,9,3,3.0
2372,,VfB Bottrop 1900 II,10,Kreisliga C2 Bliso · Kreis Oberhausen-Bottrop,1,3,3,0,0,25,0,25,9,3.0
2373,,Mettmann-Sport e.V.,10,Kreisliga C Gruppe 2 · Kreis Wuppertal-Niederberg,4,1,1,0,0,11,3,8,3,3.0
2374,,TSV Schönau II,10,Kreisliga C 2 · Kreis Euskirchen,2,1,1,0,0,11,3,8,3,3.0
2375,,FC Traar 2,10,Kreisliga C 2 · Kreis Kempen-Krefeld,2,1,1,0,0,10,2,8,3,3.0
2376,,SV Budberg IV,10,KL C Gruppe 1 · Kreis Moers,2,1,1,0,0,9,1,8,3,3.0
2377,,Spvg Glück-Auf Ofden,10,Kreisliga C Staffel 2 · Kreis Aachen,3,1,1,0,0,9,1,8,3,3.0
2378,,Adler Nierst,10,Kreisliga C 3 · Kreis Kempen-Krefeld,1,1,1,0,0,8,0,8,3,3.0
2379,,DJK AfB 06 Bochum,10,Kreisliga B2 Herren · Kreis Bochum,10,1,1,0,0,8,0,8,3,3.0
2380,,Ditib Chorweiler I,10,Kreisliga C Staffel 1 · Kreis Köln,1,1,1,0,0,8,0,8,3,3.0
2381,,MSV Moers II,10,KL C Gruppe 2 · Kreis Moers,2,1,1,0,0,8,0,8,3,3.0
2382,,SC Villip,10,"Kreisliga C, Gruppe 3 · Kreis Bonn",1,1,1,0,0,8,0,8,3,3.0
2383,,VTA Bonn II,10,"Kreisliga C, Gruppe 1 · Kreis Bonn",1,1,1,0,0,8,0,8,3,3.0
2384,,DJK/VfL Giesenkirchen 3,10,Kreisliga C Gruppe 2 · Kreis Mönchengladbach-Viersen,1,3,3,0,0,26,3,23,9,3.0
2385,,SpVg. Versmold,10,Kreisliga B Staffel 1 · Kreis Bielefeld,3,3,3,0,0,26,3,23,9,3.0
2386,,1. FC Wülfrath 2,10,Kreisliga C Gruppe 1 · Kreis Wuppertal-Niederberg,3,2,2,0,0,18,3,15,6,3.0
2387,,SV Teutonia Überruhr III.,10,Kreisliga C Gruppe 1 · Kreis Essen,4,2,2,0,0,15,0,15,6,3.0
2388,,Rheydter SV 3,10,Kreisliga C Gruppe 2 · Kreis Mönchengladbach-Viersen,2,3,3,0,0,25,3,22,9,3.0
2389,,Polizei SV Neuss 2,10,"Kreisliga C, Gr. 1 · Kreis Grevenbroich-Neuss",1,3,3,0,0,22,0,22,9,3.0
2390,,Atletico Essen,10,Kreisliga C Gruppe 1 · Kreis Essen,1,3,3,0,0,23,2,21,9,3.0
2391,,SV Raadt,10,"Kreisliga C, Gruppe 1 · Kreis Duisburg-Mülheim-Dinslak",2,3,3,0,0,23,2,21,9,3.0
2392,,Krefelder FC Uerdingen 2,10,Kreisliga C 3 · Kreis Kempen-Krefeld,2,1,1,0,0,7,0,7,3,3.0
2393,,Rhenania Würselen/Euchen III,10,Kreisliga C Staffel 2 · Kreis Aachen,4,1,1,0,0,7,0,7,3,3.0
2394,,TV Rott,10,Kreisliga C Staffel 5 · Kreis Sieg,4,1,1,0,0,7,0,7,3,3.0
2395,,FC Kaunitz II,10,Kreisliga B Gr. 1 GT · Kreis Gütersloh,4,2,2,0,0,15,2,13,6,3.0
2396,,GWR Meiderich,10,"Kreisliga C, Gruppe 2 · Kreis Duisburg-Mülheim-Dinslak",4,2,2,0,0,14,1,13,6,3.0
2397,,FC Stoppenberg III.,10,Kreisliga C Gruppe 1 · Kreis Essen,2,3,3,0,0,22,3,19,9,3.0
2398,,1.FC Hirschkamp II,10,Kreisliga C1 Breil · Kreis Oberhausen-Bottrop,1,3,3,0,0,25,7,18,9,3.0
2399,,FC AURA ATHLETIK,10,Kreisliga C 1 · Kreis Kempen-Krefeld,2,2,2,0,0,15,3,12,6,3.0
2400,,TuS Union 09 Mülheim II,10,"Kreisliga C, Gruppe 1 · Kreis Duisburg-Mülheim-Dinslak",6,2,2,0,0,15,3,12,6,3.0
2401,,Dieringhausen,10,Kreisliga C 5 · Kreis Berg,1,1,1,0,0,7,1,6,3,3.0
2402,,FC Kray II.,10,Kreisliga C Gruppe 1 · Kreis Essen,5,2,2,0,0,14,2,12,6,3.0
2403,,NK Croatia Essen II.,10,Kreisliga C Gruppe 2 · Kreis Essen,6,1,1,0,0,7,1,6,3,3.0
2404,,RW Balikesirspor,10,Kreisliga B3 - Dortmund,5,1,1,0,0,7,1,6,3,3.0
2405,,Union Kr. 2,10,Kreisliga C 2 · Kreis Kempen-Krefeld,3,1,1,0,0,7,1,6,3,3.0
2406,,1. FC Niederkassel IV,10,Kreisliga C Staffel 4 · Kreis Sieg,1,2,2,0,0,12,0,12,6,3.0
2407,,DJK BW Huckarde II,10,Kreisliga B1 - Dortmund,6,1,1,0,0,6,0,6,3,3.0
2408,,SC 1920 Myhl,10,"Kreisliga C,  Staffel 2 · Kreis Heinsberg",1,1,1,0,0,6,0,6,3,3.0
2409,,SV Rinkerode,10,Kreisliga B 3 Herren · Kreis Münster,5,1,1,0,0,6,0,6,3,3.0
2410,,SV Wanne 1911 IV,10,Herren Kreisliga B2 · Kreis Herne,4,1,1,0,0,6,0,6,3,3.0
2411,,SuS Enniger I,10,Kreisliga B Beckum,5,1,1,0,0,6,0,6,3,3.0
2412,,TuS 09 Rot-Weiß Frelenberg,10,"Kreisliga C,  Staffel 3 · Kreis Heinsberg",1,1,1,0,0,6,0,6,3,3.0
2413,,FC Concordia e.V. 1919 Goch,10,Kreisliga C Gruppe 2 · Kreis Kleve-Geldern,1,4,4,0,0,26,3,23,12,3.0
2414,,SV 1911 Bottrop III,10,Kreisliga C1 Breil · Kreis Oberhausen-Bottrop,2,3,3,0,0,25,8,17,9,3.0
2415,,SSV Lützenkirchen III.,10,Kreisliga C · Kreis Remscheid-Solingen,1,3,3,0,0,23,6,17,9,3.0
2416,,DSV04,10,Kreisliga C 26/27 Gruppe 2 Herren · Kreis Düsseldorf,1,3,3,0,0,20,3,17,9,3.0
2417,,SV Sarajevo Oberhausen II,10,Kreisliga C2 Bliso · Kreis Oberhausen-Bottrop,3,2,2,0,0,15,4,11,6,3.0
2418,,SV Bergheim II,10,Kreisliga C Staffel 4 · Kreis Sieg,2,2,2,0,0,13,2,11,6,3.0
2419,,ASSV Letmathe II,10,Kreisliga B - Iserlohn,1,2,2,0,0,12,1,11,6,3.0
2420,,SV Hamborn 1890 II,10,"Kreisliga C, Gruppe 3 · Kreis Duisburg-Mülheim-Dinslak",4,2,2,0,0,12,1,11,6,3.0
2421,,Amac Spor Dahlhausen,10,Kreisliga B2 Herren · Kreis Bochum,1,4,4,0,0,23,1,22,12,3.0
2422,,TuS Altenrath I,10,Kreisliga C Staffel 5 · Kreis Sieg,1,2,2,0,0,11,0,11,6,3.0
2423,,SG Kalkar / Hö-Nie,10,Kreisliga C Gruppe 2 · Kreis Kleve-Geldern,2,3,3,0,0,23,7,16,9,3.0
2424,,BV Bad Lippspringe II,10,Kreisliga B2 Paderborn,2,3,3,0,0,22,6,16,9,3.0
2425,,SV Bedburg-Hau III,10,Kreisliga C Gruppe 1 · Kreis Kleve-Geldern,1,3,3,0,0,19,3,16,9,3.0
2426,,FSV Duisburg II,10,"Kreisliga C, Gruppe 3 · Kreis Duisburg-Mülheim-Dinslak",1,3,3,0,0,17,1,16,9,3.0
2427,,SV Refrath/Frankenforst II,10,Kreisliga C 4 · Kreis Berg,1,1,1,0,0,9,4,5,3,3.0
2428,,VfR Krefeld,10,Kreisliga C 3 · Kreis Kempen-Krefeld,3,1,1,0,0,8,3,5,3,3.0
2429,,Fühlingen I,10,Kreisliga C Staffel 1 · Kreis Köln,2,1,1,0,0,7,2,5,3,3.0
2430,,SuS Langscheid/Enkhausen II,10,Kreisliga B Arnsberg,1,1,1,0,0,7,2,5,3,3.0
2431,,TuS Quelle II,10,Kreisliga B Staffel 1 · Kreis Bielefeld,1,4,4,0,0,25,5,20,12,3.0
2432,,Post SV Solingen II,10,Kreisliga C · Kreis Remscheid-Solingen,2,3,3,0,0,18,3,15,9,3.0
2433,,Roland West III,10,Kreisliga C Staffel 1 · Kreis Köln,3,1,1,0,0,6,1,5,3,3.0
2434,,SV 09 Eitorf,10,Kreisliga C Staffel 6 · Kreis Sieg,1,2,2,0,0,12,2,10,6,3.0
2435,,SV Alemannia Kamp II,10,KL C Gruppe 2 · Kreis Moers,3,1,1,0,0,6,1,5,3,3.0
2436,,SV GW Mühleip,10,Kreisliga C Staffel 6 · Kreis Sieg,6,1,1,0,0,6,1,5,3,3.0
2437,,SV Rheidt 2,10,Kreisliga C Staffel 4 · Kreis Rhein-Erft,1,1,1,0,0,6,1,5,3,3.0
2438,,TuS Laer 08 II,10,Kreisliga B Steinfurt,6,1,1,0,0,6,1,5,3,3.0
2439,,VfR Linden-Neusen II,10,Kreisliga C Staffel 1 · Kreis Aachen,2,1,1,0,0,6,1,5,3,3.0
2440,,SG Herne 70 II,10,Herren Kreisliga B2 · Kreis Herne,1,2,2,0,0,11,1,10,6,3.0
2441,,TSG Holzhausen/Sylbach,10,Kreisliga B Lemgo,1,3,3,0,0,16,1,15,9,3.0
2442,,"""Grün-Weiss"" Sparta Gerderath",10,"Kreisliga C,  Staffel 1 · Kreis Heinsberg",1,1,1,0,0,5,0,5,3,3.0
2443,,ETG Recklinghausen,10,RE KL B 2 · Kreis Recklinghausen,1,2,2,0,0,10,0,10,6,3.0
2444,,SG Dahlem-Schmidtheim II,10,Kreisliga C 2 · Kreis Euskirchen,3,1,1,0,0,5,0,5,3,3.0
2445,,TuS Rumbeck,10,Kreisliga B Arnsberg,2,1,1,0,0,5,0,5,3,3.0
2446,,VFL Tönisberg 3,10,Kreisliga C 2 · Kreis Kempen-Krefeld,4,1,1,0,0,5,0,5,3,3.0
2447,,VfJ Laurensberg II,10,Kreisliga C Staffel 1 · Kreis Aachen,3,1,1,0,0,5,0,5,3,3.0
2448,,BSC Blasheim II,10,Kreisliga B K 20 Lübbecke,1,4,4,0,0,21,2,19,12,3.0
2449,,SC Union Nettetal 3,10,Kreisliga C 1 · Kreis Kempen-Krefeld,1,3,3,0,0,19,5,14,9,3.0
2450,,Rot-Weiss St. Vit,10,Kreisliga B Gr. 2 GT · Kreis Gütersloh,1,3,3,0,0,15,1,14,9,3.0
2451,,BV Viktoria Kirchderne II,10,Kreisliga B2 - Dortmund,1,2,2,0,0,12,3,9,6,3.0
2452,,DJK Blau-Weiß Mintard IV.,10,Kreisliga C Gruppe 2 · Kreis Essen,2,2,2,0,0,12,3,9,6,3.0
2453,,FSV Vohwinkel 2,10,Kreisliga C Gruppe 1 · Kreis Wuppertal-Niederberg,4,2,2,0,0,12,3,9,6,3.0
2454,,Rather SV II,10,Kreisliga C 26/27 Gruppe 2 Herren · Kreis Düsseldorf,2,2,2,0,0,12,3,9,6,3.0
2455,,SV Fortuna Freudenberg II,10,Kreisliga B1-SIWI · Kreis Siegen-Wittgenstein,1,2,2,0,0,12,3,9,6,3.0
2456,,FC Germete-Wormeln,10,Kreisliga B Gruppe 2 · Kreis Höxter,1,4,4,0,0,23,5,18,12,3.0
2457,,ASEC Münster,10,Kreisliga B 3 Herren · Kreis Münster,1,2,2,0,0,11,2,9,6,3.0
2458,,Concordia Lötsch,10,Kreisliga C 1 · Kreis Kempen-Krefeld,3,2,2,0,0,10,1,9,6,3.0
2459,,FC Altenbochum II,10,Kreisliga B1 Herren · Kreis Bochum,1,4,4,0,0,20,2,18,12,3.0
2460,,SuS Günne,10,Kreisliga B Herren · Kreis Soest,2,3,3,0,0,17,4,13,9,3.0
2461,,DJK Ruhrtal Witten II,10,Kreisliga B3 Herren · Kreis Bochum,2,3,3,0,0,16,3,13,9,3.0
2462,,SC Kückelheim/Salwey,10,Kreisliga B 1 Hochsauerland Findungsrunde · Kreis Hochsauerlandkreis,1,3,3,0,0,14,1,13,9,3.0
2463,,ETuS 34 Gelsenkirchen,10,Kreisliga B 2 Herren · Kreis Gelsenkirchen,1,4,4,0,0,22,5,17,12,3.0
2464,,TuS Altenbeken,10,Kreisliga B2 Paderborn,1,4,4,0,0,21,4,17,12,3.0
2465,,FC Sankt Augustin I,10,Kreisliga C Staffel 5 · Kreis Sieg,5,1,1,0,0,7,3,4,3,3.0
2466,,SC Alemannia Lendersdorf III,10,Kreisliga C Staffel 2 · Kreis Düren,2,1,1,0,0,7,3,4,3,3.0
2467,,JVC Columbia 03 Drove II,10,Kreisliga C Staffel 2 · Kreis Düren,3,1,1,0,0,6,2,4,3,3.0
2468,,Schwarz-Rot Aachen,10,Kreisliga C Staffel 1 · Kreis Aachen,4,1,1,0,0,6,2,4,3,3.0
2469,,TuS Chlodwig Zülpich 3,10,Kreisliga C 1 · Kreis Euskirchen,2,1,1,0,0,6,2,4,3,3.0
2470,,Türkspor Karadeniz 1979,10,Herren Kreisliga B1 · Kreis Herne,4,1,1,0,0,6,2,4,3,3.0
2471,,VFR SW Warbeyen 1945 E.V.,10,Kreisliga C Gruppe 1 · Kreis Kleve-Geldern,2,3,3,0,0,17,5,12,9,3.0
2472,,TuS Wadersloh II,10,Kreisliga B Beckum,1,2,2,0,0,11,3,8,6,3.0
2473,,Club Galicia Bonn,10,"Kreisliga C, Gruppe 2 · Kreis Bonn",1,1,1,0,0,5,1,4,3,3.0
2474,,FC Kreuztal,10,Kreisliga B2-SIWI · Kreis Siegen-Wittgenstein,1,2,2,0,0,10,2,8,6,3.0
2475,,Hitdorf I,10,Kreisliga C Staffel 3 · Kreis Köln,1,1,1,0,0,5,1,4,3,3.0
2476,,Rheindörfer Nord II,10,Kreisliga C Staffel 1 · Kreis Köln,4,1,1,0,0,5,1,4,3,3.0
2477,,SC Viktoria Anrath 3,10,Kreisliga C 2 · Kreis Kempen-Krefeld,5,1,1,0,0,5,1,4,3,3.0
2478,,SG Voreifel/Nideggen II,10,Kreisliga C Staffel 3 · Kreis Düren,2,1,1,0,0,5,1,4,3,3.0
2479,,SV Affeln 28 II,10,Kreisliga B Arnsberg,3,1,1,0,0,5,1,4,3,3.0
2480,,SV Burgaltendorf III.,10,Kreisliga C Gruppe 3 · Kreis Essen,1,3,3,0,0,15,3,12,9,3.0
2481,,SV Heißen III,10,"Kreisliga C, Gruppe 1 · Kreis Duisburg-Mülheim-Dinslak",3,3,3,0,0,15,3,12,9,3.0
2482,,SpVg Berghofen,10,Kreisliga B2 - Dortmund,2,2,2,0,0,10,2,8,6,3.0
2483,,VFL Nieder.-Mülh.-Wichter,10,Kreisliga C 1 · Kreis Euskirchen,3,1,1,0,0,5,1,4,3,3.0
2484,,VfL Sindorf II,10,Kreisliga C Staffel 4 · Kreis Rhein-Erft,2,1,1,0,0,5,1,4,3,3.0
2485,,SG Albaum/Heinsberg,10,Kreisliga B Olpe,1,3,3,0,0,14,2,12,9,3.0
2486,,SpVg. Kredenbach/Müsen,10,Kreisliga B2-SIWI · Kreis Siegen-Wittgenstein,2,2,2,0,0,9,1,8,6,3.0
2487,,FC Flerzheim,10,"Kreisliga C, Gruppe 3 · Kreis Bonn",2,1,1,0,0,4,0,4,3,3.0
2488,,SC Villip 2,10,"Kreisliga C, Gruppe 1 · Kreis Bonn",2,1,1,0,0,4,0,4,3,3.0
2489,,SG Stockheim - Rommelsheim,10,Kreisliga C Staffel 2 · Kreis Düren,4,1,1,0,0,4,0,4,3,3.0
2490,,SSV Plittersdorf 2,10,"Kreisliga C, Gruppe 2 · Kreis Bonn",2,1,1,0,0,4,0,4,3,3.0
2491,,SV Lövenich/Widdersdorf U23,10,Kreisliga C Staffel 5 · Kreis Rhein-Erft,1,1,1,0,0,4,0,4,3,3.0
2492,,Viktoria Thorr,10,Kreisliga C Staffel 4 · Kreis Rhein-Erft,3,1,1,0,0,4,0,4,3,3.0
2493,,SW Wattenscheid 08 II,10,Kreisliga B2 Herren · Kreis Bochum,2,4,4,0,0,23,8,15,12,3.0
2494,,VFL Herford,10,Kreisliga B · Kreis Herford,1,4,4,0,0,20,5,15,12,3.0
2495,,VfB Lohberg II,10,"Kreisliga C, Gruppe 2 · Kreis Duisburg-Mülheim-Dinslak",1,3,3,0,0,16,5,11,9,3.0
2496,,SSV Louisendorf,10,Kreisliga C Gruppe 2 · Kreis Kleve-Geldern,3,3,3,0,0,12,1,11,9,3.0
2497,,SC Lennetal e.V.,10,Kreisliga B 2 Hochsauerland Findungsrunde · Kreis Hochsauerlandkreis,1,3,3,0,0,11,0,11,9,3.0
2498,,SpVgg Röhlinghausen,10,Herren Kreisliga B2 · Kreis Herne,2,2,2,0,0,11,4,7,6,3.0
2499,,International Bünde,10,Kreisliga B · Kreis Herford,2,4,4,0,0,21,7,14,12,3.0
2500,,SV Straelen II,10,Kreisliga C Gruppe 3 · Kreis Kleve-Geldern,1,4,4,0,0,20,6,14,12,3.0
2501,,Spvgg. Erkenschwick II,10,RE KL B 3 · Kreis Recklinghausen,1,2,2,0,0,10,3,7,6,3.0
2502,,TuS Diedenshausen,10,Kreisliga B2-SIWI · Kreis Siegen-Wittgenstein,3,2,2,0,0,10,3,7,6,3.0
2503,,TuS Echthausen,10,Kreisliga B Herren · Kreis Soest,1,4,4,0,0,19,5,14,12,3.0
2504,,FC Greffen,10,Kreisliga B 2 Herren · Kreis Münster,1,2,2,0,0,9,2,7,6,3.0
2505,,SG Lütgendortmund,10,Kreisliga B1 - Dortmund,1,2,2,0,0,9,2,7,6,3.0
2506,,SG Spvg Egge,10,Kreisliga B Gruppe 2 · Kreis Höxter,4,2,2,0,0,9,2,7,6,3.0
2507,,SV Menden II,10,Kreisliga C Staffel 5 · Kreis Sieg,2,2,2,0,0,9,2,7,6,3.0
2508,,TSV Siegen,10,Kreisliga B1-SIWI · Kreis Siegen-Wittgenstein,2,2,2,0,0,9,2,7,6,3.0
2509,,SC Sprakel,10,Kreisliga B 1 Herren · Kreis Münster,1,2,2,0,0,8,1,7,6,3.0
2510,,TuS Rahm,10,Kreisliga B1 - Dortmund,2,2,2,0,0,8,1,7,6,3.0
2511,,TuS Wüllen,10,Kreisliga B 1 Ahaus-Coesfeld,1,2,2,0,0,8,1,7,6,3.0
2512,,SpVg Beckum II,10,Kreisliga B Beckum,2,2,2,0,0,7,0,7,6,3.0
2513,,TSV Germania Windeck,10,Kreisliga C Staffel 6 · Kreis Sieg,2,2,2,0,0,7,0,7,6,3.0
2514,,Westfalia Osterwick II,10,Kreisliga B 2 Ahaus-Coesfeld,1,2,2,0,0,7,0,7,6,3.0
2515,,FC Isselhorst,10,Kreisliga B Gr. 1 GT · Kreis Gütersloh,1,3,3,0,0,15,5,10,9,3.0
2516,,TuRa Oberdrees 2,10,"Kreisliga C, Gruppe 3 · Kreis Bonn",3,1,1,0,0,8,5,3,3,3.0
2517,,SC Viktoria Anrath 2,10,Kreisliga C 3 · Kreis Kempen-Krefeld,4,1,1,0,0,7,4,3,3,3.0
2518,,Heiligenhauser SV III,10,Kreisliga C 5 · Kreis Berg,2,1,1,0,0,6,3,3,3,3.0
2519,,RW Barop II,10,Kreisliga B2 - Dortmund,5,1,1,0,0,6,3,3,3,3.0
2520,,SC Rheinkamp II,10,KL C Gruppe 1 · Kreis Moers,3,1,1,0,0,6,3,3,3,3.0
2521,,Ballfreunde Bergeborbeck II.,10,Kreisliga C Gruppe 2 · Kreis Essen,3,2,2,0,0,11,5,6,6,3.0
2522,,SV Boele- Kabel,10,Kreisliga B1 Hagen,2,2,2,0,0,11,5,6,6,3.0
2523,,SV Borbeck 93/09 III.,10,Kreisliga C Gruppe 2 · Kreis Essen,4,2,2,0,0,11,5,6,6,3.0
2524,,SC Viktoria 04 Rheydt 2,10,Kreisliga C Gruppe 1 · Kreis Mönchengladbach-Viersen,1,3,3,0,0,16,7,9,9,3.0
2525,,1. FC Gievenbeck III,10,Kreisliga B 1 Herren · Kreis Münster,2,2,2,0,0,10,4,6,6,3.0
2526,,SF Asbachtal,10,Kreisliga C 6 · Kreis Berg,1,1,1,0,0,5,2,3,3,3.0
2527,,SG Eintracht 25,10,Kreisliga B Arnsberg,4,1,1,0,0,5,2,3,3,3.0
2528,,SSV Kaldauen U23,10,Kreisliga C Staffel 5 · Kreis Sieg,3,2,2,0,0,10,4,6,6,3.0
2529,,SSV Walberberg II,10,"Kreisliga C, Gruppe 1 · Kreis Bonn",3,1,1,0,0,5,2,3,3,3.0
2530,,SUS Krefeld 4,10,Kreisliga C 3 · Kreis Kempen-Krefeld,5,1,1,0,0,5,2,3,3,3.0
2531,,SW Röllinghausen II,10,RE KL B 2 · Kreis Recklinghausen,2,2,2,0,0,10,4,6,6,3.0
2532,,TuS 08 Jüngersdorf-St. I,10,Kreisliga C Staffel 2 · Kreis Düren,5,1,1,0,0,5,2,3,3,3.0
2533,,TuS Borth III,10,KL C Gruppe 2 · Kreis Moers,4,1,1,0,0,5,2,3,3,3.0
2534,,VfB Kreuzberg,10,Kreisliga C 5 · Kreis Berg,3,1,1,0,0,5,2,3,3,3.0
2535,,FC Polonia Wuppertal,10,Kreisliga C Gruppe 1 · Kreis Wuppertal-Niederberg,5,2,2,0,0,9,3,6,6,3.0
2536,,TuS Brake II,10,Kreisliga B Lemgo,2,3,3,0,0,13,4,9,9,3.0
2537,,FC Spvgg. Oberwiese,10,RE KL B 3 · Kreis Recklinghausen,2,2,2,0,0,8,2,6,6,3.0
2538,,Ford Niehl II,10,Kreisliga C Staffel 1 · Kreis Köln,5,1,1,0,0,4,1,3,3,3.0
2539,,Gencler Birligi Bergisch Gladbach,10,Kreisliga C 4 · Kreis Berg,2,1,1,0,0,4,1,3,3,3.0
2540,,JSV Köln 96 II,10,Kreisliga C Staffel 2 · Kreis Köln,1,1,1,0,0,4,1,3,3,3.0
2541,,Lindenthal-Hohenlind IV,10,Kreisliga C Staffel 2 · Kreis Köln,2,1,1,0,0,4,1,3,3,3.0
2542,,Niersia Neersen 2,10,Kreisliga C 3 · Kreis Kempen-Krefeld,6,1,1,0,0,4,1,3,3,3.0
2543,,SF Broekhuysen III,10,Kreisliga C Gruppe 3 · Kreis Kleve-Geldern,4,2,2,0,0,8,2,6,6,3.0
2544,,SSV Wildbergerhütte-Odenspiel II,10,Kreisliga C 6 · Kreis Berg,2,1,1,0,0,4,1,3,3,3.0
2545,,SV Bachum/Bergheim II,10,Kreisliga B Arnsberg,5,1,1,0,0,4,1,3,3,3.0
2546,,SV Breinig Breinigerberg III,10,Kreisliga C Staffel 3 · Kreis Aachen,1,1,1,0,0,4,1,3,3,3.0
2547,,SV Burgsteinfurt II,10,Kreisliga B Steinfurt,1,2,2,0,0,8,2,6,6,3.0
2548,,SV Concordia Weyer,10,Kreisliga C 2 · Kreis Euskirchen,4,1,1,0,0,4,1,3,3,3.0
2549,,SV Siegfried Materborn III,10,Kreisliga C Gruppe 1 · Kreis Kleve-Geldern,3,3,3,0,0,12,3,9,9,3.0
2550,,SV Titania 26 Erkenschwick,10,RE KL B 3 · Kreis Recklinghausen,3,2,2,0,0,8,2,6,6,3.0
2551,,SpVg Emsdetten 05 III,10,Kreisliga B Steinfurt,2,2,2,0,0,8,2,6,6,3.0
2552,,Sportfreunde Uevekoven III,10,"Kreisliga C,  Staffel 1 · Kreis Heinsberg",2,1,1,0,0,4,1,3,3,3.0
2553,,TBV Lemgo II,10,Kreisliga B Lemgo,3,3,3,0,0,12,3,9,9,3.0
2554,,TuRa Asseln,10,Kreisliga B3 - Dortmund,2,2,2,0,0,8,2,6,6,3.0
2555,,TuS Mechernich 3,10,Kreisliga C 2 · Kreis Euskirchen,5,1,1,0,0,4,1,3,3,3.0
2556,,VfR Marienhagen II,10,Kreisliga C 6 · Kreis Berg,3,1,1,0,0,4,1,3,3,3.0
2557,,BV Westfalia Wickede,10,Kreisliga B3 - Dortmund,3,2,2,0,0,7,1,6,6,3.0
2558,,DJK BW Lavesum,10,Kreisliga B 2 Ahaus-Coesfeld,2,2,2,0,0,7,1,6,6,3.0
2559,,FC Westfalia Bilk,10,Kreisliga B Steinfurt,3,2,2,0,0,7,1,6,6,3.0
2560,,SC BG Gimbte,10,Kreisliga B 1 Herren · Kreis Münster,3,2,2,0,0,7,1,6,6,3.0
2561,,SG Eintracht Ergste II,10,Kreisliga B - Iserlohn,2,2,2,0,0,7,1,6,6,3.0
2562,,VFB Habinghorst 1920 II,10,Herren Kreisliga B1 · Kreis Herne,1,2,2,0,0,7,1,6,6,3.0
2563,,TSV Wachtendonk-Wankum II,10,Kreisliga C Gruppe 3 · Kreis Kleve-Geldern,2,3,3,0,0,10,1,9,9,3.0
2564,,Germania Impekoven 1,10,"Kreisliga C, Gruppe 2 · Kreis Bonn",3,1,1,0,0,3,0,3,3,3.0
2565,,Rondorf II,10,Kreisliga C Staffel 2 · Kreis Köln,3,1,1,0,0,3,0,3,3,3.0
2566,,SV Immerath,10,"Kreisliga C,  Staffel 1 · Kreis Heinsberg",3,1,1,0,0,3,0,3,3,3.0
2567,,SV Millingen II,10,KL C Gruppe 1 · Kreis Moers,4,1,1,0,0,3,0,3,3,3.0
2568,,SV Vynen-Marienbaum,10,KL C Gruppe 1 · Kreis Moers,5,1,1,0,0,3,0,3,3,3.0
2569,,TV Herkenrath 09 e.V.,10,Kreisliga C 4 · Kreis Berg,3,1,1,0,0,3,0,3,3,3.0
2570,,FC Herford,10,Kreisliga B · Kreis Herford,3,4,4,0,0,17,6,11,12,3.0
2571,,Holzwickeder Sport Club II,10,Kreisliga B2 Unna-Hamm,4,3,3,0,0,13,5,8,9,3.0
2572,,MSC Holzwickede e.V.,10,Kreisliga B2 Unna-Hamm,5,3,3,0,0,11,3,8,9,3.0
2573,,SV Welver,10,Kreisliga B Herren · Kreis Soest,3,3,3,0,0,10,2,8,9,3.0
2574,,SFD Süd,10,Kreisliga C 26/27 Gruppe 3 Herren · Kreis Düsseldorf,1,3,3,0,0,8,0,8,9,3.0
2575,,SV Oberbilk 09 Düsseldorf II,10,Kreisliga C 26/27 Gruppe 3 Herren · Kreis Düsseldorf,2,3,3,0,0,8,0,8,9,3.0
2576,,C.S.I.-Milano Wuppertal 3,10,Kreisliga C Gruppe 1 · Kreis Wuppertal-Niederberg,6,2,2,0,0,11,6,5,6,3.0
2577,,VfB Frohnhausen III.,10,Kreisliga C Gruppe 2 · Kreis Essen,5,2,2,0,0,10,5,5,6,3.0
2578,,FC Büderich 02 III,10,Kreisliga C 26/27 Gruppe 1 Herren · Kreis Düsseldorf,3,2,2,0,0,9,4,5,6,3.0
2579,,Türk Gencler Hagen,10,Kreisliga B1 Hagen,3,2,2,0,0,9,4,5,6,3.0
2580,,Westfalia Dortmund 2022 II,10,Kreisliga B1 - Dortmund,3,2,2,0,0,9,4,5,6,3.0
2581,,FC Kosova e.V. II,10,Kreisliga C Staffel 4 · Kreis Sieg,3,2,2,0,0,8,3,5,6,3.0
2582,,SC Uckerath III,10,Kreisliga C Staffel 6 · Kreis Sieg,3,2,2,0,0,8,3,5,6,3.0
2583,,BV Sturm Wissel II,10,Kreisliga C Gruppe 2 · Kreis Kleve-Geldern,5,2,2,0,0,7,2,5,6,3.0
2584,,SC Capelle,10,Kreisliga B 3 Herren · Kreis Münster,2,2,2,0,0,7,2,5,6,3.0
2585,,TuS Velen II,10,RE KL B 1 · Kreis Recklinghausen,1,2,2,0,0,7,2,5,6,3.0
2586,,1. FC Nordwalde II,10,Kreisliga B Steinfurt,4,2,2,0,0,6,1,5,6,3.0
2587,,Eintracht Münster,10,Kreisliga B 1 Herren · Kreis Münster,4,2,2,0,0,6,1,5,6,3.0
2588,,F.S.M. Gladbeck,10,Kreisliga B 1 Herren · Kreis Gelsenkirchen,1,4,4,0,0,12,2,10,12,3.0
2589,,Menden Türk,10,Kreisliga B - Iserlohn,3,2,2,0,0,6,1,5,6,3.0
2590,,SG Belle-Cappel-Leopoldstal II,10,Kreisliga B · Kreis Detmold,1,4,4,0,0,12,2,10,12,3.0
2591,,SV BW Beelen II,10,Kreisliga B 2 Herren · Kreis Münster,2,2,2,0,0,6,1,5,6,3.0
2592,,SV Dickenberg,10,Kreisliga B · Kreis Tecklenburg,1,2,2,0,0,6,1,5,6,3.0
2593,,TuS Dielingen II,10,Kreisliga B K 20 Lübbecke,5,2,2,0,0,6,1,5,6,3.0
2594,,TuS Esborn,10,Kreisliga B2 Hagen,1,2,2,0,0,5,0,5,6,3.0
2595,,TG Burg 2,10,Kreisliga C · Kreis Remscheid-Solingen,3,3,3,0,0,14,7,7,9,3.0
2596,,SV Steinhausen,10,Kreisliga B2 Paderborn,3,3,3,0,0,13,6,7,9,3.0
2597,,SC Ostenland,10,Kreisliga B1 Paderborn,3,3,3,0,0,9,2,7,9,3.0
2598,,SV Wersten 04 III,10,Kreisliga C 26/27 Gruppe 3 Herren · Kreis Düsseldorf,3,3,3,0,0,9,2,7,9,3.0
2599,,TG Hörste,10,Kreisliga B Staffel 1 · Kreis Bielefeld,2,4,4,0,0,19,10,9,12,3.0
2600,,SV SW Schwanenberg II,10,"Kreisliga C,  Staffel 1 · Kreis Heinsberg",4,1,1,0,0,6,4,2,3,3.0
2601,,Vingst 05 I,10,Kreisliga C Staffel 3 · Kreis Köln,2,1,1,0,0,6,4,2,3,3.0
2602,,BSV Viktoria Bielstein 1920 e.V. II,10,Kreisliga C 6 · Kreis Berg,4,1,1,0,0,5,3,2,3,3.0
2603,,Germania Mülheim II,10,Kreisliga C Staffel 3 · Kreis Köln,3,1,1,0,0,5,3,2,3,3.0
2604,,TuS Untereschbach II,10,Kreisliga C 4 · Kreis Berg,4,1,1,0,0,5,3,2,3,3.0
2605,,Viktoria Beeck,10,"Kreisliga C, Gruppe 2 · Kreis Duisburg-Mülheim-Dinslak",2,3,3,0,0,13,7,6,9,3.0
2606,,Alkenrath II,10,Kreisliga C Staffel 3 · Kreis Köln,4,1,1,0,0,4,2,2,3,3.0
2607,,FC Concordia Birgelen,10,"Kreisliga C,  Staffel 2 · Kreis Heinsberg",2,1,1,0,0,4,2,2,3,3.0
2608,,FC Constantia 09 Gereonsweiler,10,Kreisliga C Staffel 1 · Kreis Düren,2,1,1,0,0,4,2,2,3,3.0
2609,,SC Friesheim,10,Kreisliga C Staffel 5 · Kreis Rhein-Erft,2,1,1,0,0,4,2,2,3,3.0
2610,,SC Wißkirchen,10,Kreisliga C 1 · Kreis Euskirchen,4,1,1,0,0,4,2,2,3,3.0
2611,,SG Waldfeucht-Bocket-Braunsrath II,10,"Kreisliga C,  Staffel 3 · Kreis Heinsberg",2,1,1,0,0,4,2,2,3,3.0
2612,,SV 1912 e.V. Baal,10,"Kreisliga C,  Staffel 1 · Kreis Heinsberg",5,1,1,0,0,4,2,2,3,3.0
2613,,SV Germania Eicherscheid II,10,Kreisliga C Staffel 3 · Kreis Aachen,2,1,1,0,0,4,2,2,3,3.0
2614,,SV Rödingen-Höllen,10,Kreisliga C Staffel 1 · Kreis Düren,3,1,1,0,0,4,2,2,3,3.0
2615,,SpVgg. Vochem,10,Kreisliga C Staffel 5 · Kreis Rhein-Erft,3,1,1,0,0,4,2,2,3,3.0
2616,,SuS Bertlich,10,RE KL B 2 · Kreis Recklinghausen,3,2,2,0,0,8,4,4,6,3.0
2617,,Union Blau-Weiß Biesfeld II,10,Kreisliga C 4 · Kreis Berg,5,1,1,0,0,4,2,2,3,3.0
2618,,VfL Schildesche II,10,Kreisliga B Staffel 2 · Kreis Bielefeld,1,4,4,0,0,16,8,8,12,3.0
2619,,DJK Agon 08,10,Kreisliga C 26/27 Gruppe 3 Herren · Kreis Düsseldorf,4,3,3,0,0,11,5,6,9,3.0
2620,,FC Gevelsberg-Vogelsang,10,Kreisliga B2 Hagen,2,2,2,0,0,7,3,4,6,3.0
2621,,Ballspielverein Wevelinghoven 1913 e.V. III,10,"Kreisliga C, Gr. 1 · Kreis Grevenbroich-Neuss",2,3,3,0,0,10,4,6,9,3.0
2622,,CSV Düren 2,10,Kreisliga C Staffel 2 · Kreis Düren,6,1,1,0,0,3,1,2,3,3.0
2623,,DJK SV Mauritz III,10,Kreisliga B 2 Herren · Kreis Münster,3,2,2,0,0,6,2,4,6,3.0
2624,,FC Dollendorf-Ripsdorf II,10,Kreisliga C 2 · Kreis Euskirchen,6,1,1,0,0,3,1,2,3,3.0
2625,,FC Montania Berg 2,10,Kreisliga C Staffel 3 · Kreis Düren,3,1,1,0,0,3,1,2,3,3.0
2626,,FC Türkspor Hilden II,10,Kreisliga C 26/27 Gruppe 2 Herren · Kreis Düsseldorf,6,1,1,0,0,3,1,2,3,3.0
2627,,FC Union Schafhausen III,10,"Kreisliga C,  Staffel 2 · Kreis Heinsberg",3,1,1,0,0,3,1,2,3,3.0
2628,,JSC Blau-Weiss Aachen,10,Kreisliga C Staffel 3 · Kreis Aachen,3,1,1,0,0,3,1,2,3,3.0
2629,,SC Berger Preuß II,10,Kreisliga C Staffel 2 · Kreis Aachen,5,1,1,0,0,3,1,2,3,3.0
2630,,SV Adendorf,10,"Kreisliga C, Gruppe 3 · Kreis Bonn",4,1,1,0,0,3,1,2,3,3.0
2631,,SV Brukteria Rorup,10,Kreisliga B 2 Ahaus-Coesfeld,3,2,2,0,0,6,2,4,6,3.0
2632,,SV Rot -Weiß Kriegsdorf II,10,Kreisliga C Staffel 4 · Kreis Sieg,4,2,2,0,0,6,2,4,6,3.0
2633,,SV Scherpenseel-Grotenrath II,10,"Kreisliga C,  Staffel 3 · Kreis Heinsberg",3,1,1,0,0,3,1,2,3,3.0
2634,,SV Vorst 2,10,Kreisliga C 2 · Kreis Kempen-Krefeld,6,1,1,0,0,3,1,2,3,3.0
2635,,TuS Odendorf 1919 e.V.,10,"Kreisliga C, Gruppe 3 · Kreis Bonn",5,1,1,0,0,3,1,2,3,3.0
2636,,TuS St.Hubert,10,Kreisliga C 2 · Kreis Kempen-Krefeld,7,1,1,0,0,3,1,2,3,3.0
2637,,VfB 05 I,10,Kreisliga C Staffel 3 · Kreis Köln,5,1,1,0,0,3,1,2,3,3.0
2638,,Zonguldakspor Bickern,10,Herren Kreisliga B2 · Kreis Herne,5,1,1,0,0,3,1,2,3,3.0
2639,,SV Netphen,10,Kreisliga B2-SIWI · Kreis Siegen-Wittgenstein,4,2,2,0,0,5,1,4,6,3.0
2640,,Concordia Rheinberg II,10,KL C Gruppe 1 · Kreis Moers,6,1,1,0,0,2,0,2,3,3.0
2641,,SG Bergheim-Sandebeck,10,Kreisliga B Gruppe 1 · Kreis Höxter,1,4,4,0,0,8,0,8,12,3.0
2642,,SV GW Welldorf-Güsten III,10,Kreisliga C Staffel 1 · Kreis Düren,4,1,1,0,0,2,0,2,3,3.0
2643,,SV Niederaußem 2,10,Kreisliga C Staffel 4 · Kreis Rhein-Erft,4,1,1,0,0,2,0,2,3,3.0
2644,,SuS Oespel Kley II,10,Kreisliga B1 - Dortmund,7,1,1,0,0,2,0,2,3,3.0
2645,,SC Hertha Hamborn II,10,"Kreisliga C, Gruppe 3 · Kreis Duisburg-Mülheim-Dinslak",2,3,3,0,0,13,8,5,9,3.0
2646,,DSC Gütersloh,10,Kreisliga B Gr. 2 GT · Kreis Gütersloh,2,3,3,0,0,10,5,5,9,3.0
2647,,Geisecker SV II,10,Kreisliga B - Iserlohn,4,2,2,0,0,7,4,3,6,3.0
2648,,SC Hörstel II,10,Kreisliga B · Kreis Tecklenburg,2,2,2,0,0,7,4,3,6,3.0
2649,,SV Feudingen,10,Kreisliga B2-SIWI · Kreis Siegen-Wittgenstein,5,2,2,0,0,7,4,3,6,3.0
2650,,SuS Ennigerloh II,10,Kreisliga B Beckum,3,2,2,0,0,7,4,3,6,3.0
2651,,FC Neuruhrort II,10,Kreisliga B2 Herren · Kreis Bochum,6,2,2,0,0,6,3,3,6,3.0
2652,,SF Aegidienberg II,10,Kreisliga C Staffel 6 · Kreis Sieg,4,2,2,0,0,6,3,3,6,3.0
2653,,SG Siegen-Giersberg,10,Kreisliga B1-SIWI · Kreis Siegen-Wittgenstein,3,2,2,0,0,5,2,3,6,3.0
2654,,BSV Lendringsen II,10,Kreisliga B - Iserlohn,5,2,2,0,0,4,1,3,6,3.0
2655,,Rhenania Bottrop III,10,Kreisliga C2 Bliso · Kreis Oberhausen-Bottrop,4,2,2,0,0,4,1,3,6,3.0
2656,,Fortuna Liblar,10,Kreisliga C Staffel 5 · Kreis Rhein-Erft,4,1,1,0,0,7,6,1,3,3.0
2657,,Oberkasseler FV III,10,"Kreisliga C, Gruppe 1 · Kreis Bonn",4,1,1,0,0,5,4,1,3,3.0
2658,,Poll II,10,Kreisliga C Staffel 3 · Kreis Köln,6,1,1,0,0,4,3,1,3,3.0
2659,,SG Castrop-Rauxel,10,Herren Kreisliga B1 · Kreis Herne,5,1,1,0,0,4,3,1,3,3.0
2660,,SV Sportfreunde Hörn III,10,Kreisliga C Staffel 1 · Kreis Aachen,5,1,1,0,0,4,3,1,3,3.0
2661,,Sportfreunde Wüschheim-Büllesheim 2,10,Kreisliga C 1 · Kreis Euskirchen,5,1,1,0,0,4,3,1,3,3.0
2662,,Urbach I,10,Kreisliga C Staffel 3 · Kreis Köln,7,1,1,0,0,4,3,1,3,3.0
2663,,Agrippina I,10,Kreisliga C Staffel 2 · Kreis Köln,4,1,1,0,0,3,2,1,3,3.0
2664,,BC Efferen II,10,Kreisliga C Staffel 5 · Kreis Rhein-Erft,5,1,1,0,0,3,2,1,3,3.0
2665,,Erfa 09 Gymnich II,10,Kreisliga C Staffel 4 · Kreis Rhein-Erft,5,1,1,0,0,3,2,1,3,3.0
2666,,FC Azadi,10,Kreisliga B2 Herren · Kreis Bochum,11,1,1,0,0,3,2,1,3,3.0
2667,,FC Wiedenest-Othetal II,10,Kreisliga C 6 · Kreis Berg,5,1,1,0,0,3,2,1,3,3.0
2668,,Fortuna Bottrop III,10,Kreisliga C2 Bliso · Kreis Oberhausen-Bottrop,9,1,1,0,0,3,2,1,3,3.0
2669,,Jugendsport Wenau II,10,Kreisliga C Staffel 2 · Kreis Düren,7,1,1,0,0,3,2,1,3,3.0
2670,,RW Hütte 2,10,Kreisliga C Staffel 4 · Kreis Sieg,8,1,1,0,0,3,2,1,3,3.0
2671,,Raderthal I,10,Kreisliga C Staffel 2 · Kreis Köln,5,1,1,0,0,3,2,1,3,3.0
2672,,SC Westfalia Herne II,10,Herren Kreisliga B1 · Kreis Herne,6,1,1,0,0,3,2,1,3,3.0
2673,,SV Kelz,10,Kreisliga C Staffel 3 · Kreis Düren,4,1,1,0,0,3,2,1,3,3.0
2674,,SV Linde,10,Kreisliga C 5 · Kreis Berg,4,1,1,0,0,3,2,1,3,3.0
2675,,FC 26 Erkenschwick,10,RE KL B 3 · Kreis Recklinghausen,4,2,2,0,0,5,3,2,6,3.0
2676,,K.F. Sharri Dortmund II,10,Kreisliga B3 - Dortmund,4,2,2,0,0,5,3,2,6,3.0
2677,,SC Ahle,10,Kreisliga B 1 Ahaus-Coesfeld,2,2,2,0,0,5,3,2,6,3.0
2678,,BSV Gey,10,Kreisliga C Staffel 3 · Kreis Düren,5,1,1,0,0,2,1,1,3,3.0
2679,,Burtscheider TV II,10,Kreisliga C Staffel 3 · Kreis Aachen,4,1,1,0,0,2,1,1,3,3.0
2680,,Dynamo Erkelenz 2014 e.V. II,10,"Kreisliga C,  Staffel 1 · Kreis Heinsberg",6,1,1,0,0,2,1,1,3,3.0
2681,,FC Moers-Meerfeld II,10,KL C Gruppe 2 · Kreis Moers,5,1,1,0,0,2,1,1,3,3.0
2682,,FC Rumeln-Kaldenhausen II,10,KL C Gruppe 2 · Kreis Moers,6,1,1,0,0,2,1,1,3,3.0
2683,,Hellas Wuppertal 3,10,Kreisliga C Gruppe 2 · Kreis Wuppertal-Niederberg,5,1,1,0,0,2,1,1,3,3.0
2684,,MSV Moers IV,10,KL C Gruppe 2 · Kreis Moers,7,1,1,0,0,2,1,1,3,3.0
2685,,Munzurspor SV Aachen,10,Kreisliga C Staffel 1 · Kreis Aachen,6,1,1,0,0,2,1,1,3,3.0
2686,,SC 27 Bergisch Gladbach,10,Kreisliga C 4 · Kreis Berg,6,1,1,0,0,2,1,1,3,3.0
2687,,SC Stetternich 2,10,Kreisliga C Staffel 1 · Kreis Düren,5,1,1,0,0,2,1,1,3,3.0
2688,,SG Billig/Veytal II,10,Kreisliga C 1 · Kreis Euskirchen,6,1,1,0,0,2,1,1,3,3.0
2689,,SSV Homburg-Nümbrecht III,10,Kreisliga C 6 · Kreis Berg,6,1,1,0,0,2,1,1,3,3.0
2690,,SV SW Lembeck II,10,RE KL B 1 · Kreis Recklinghausen,2,2,2,0,0,4,2,2,6,3.0
2691,,SV Sportfreunde Hörn II,10,Kreisliga C Staffel 3 · Kreis Aachen,5,1,1,0,0,2,1,1,3,3.0
2692,,TSV Gruiten 3,10,Kreisliga C Gruppe 1 · Kreis Wuppertal-Niederberg,9,1,1,0,0,2,1,1,3,3.0
2693,,TSV Wolsdorf II,10,Kreisliga C Staffel 5 · Kreis Sieg,6,1,1,0,0,2,1,1,3,3.0
2694,,TV Rheindorf III,10,"Kreisliga C, Gruppe 1 · Kreis Bonn",5,1,1,0,0,2,1,1,3,3.0
2695,,TuS Borth II,10,KL C Gruppe 1 · Kreis Moers,7,1,1,0,0,2,1,1,3,3.0
2696,,Vorw. Hiddingsel,10,Kreisliga B 2 Ahaus-Coesfeld,4,2,2,0,0,4,2,2,6,3.0
2697,,SV Siersdorf II,10,Kreisliga C Staffel 1 · Kreis Düren,6,1,1,0,0,1,0,1,3,3.0
2698,,TuS Langel I,10,Kreisliga C Staffel 2 · Kreis Köln,6,1,1,0,0,1,0,1,3,3.0
2699,,VfL Alfter 2,10,"Kreisliga C, Gruppe 1 · Kreis Bonn",6,1,1,0,0,1,0,1,3,3.0
2700,,TuS Holzhausen/Porta,10,Kreisliga B Minden,1,5,4,1,0,21,7,14,13,2.6
2701,,Haddenhauser SV,10,Kreisliga B Minden,2,5,4,1,0,20,9,11,13,2.6
2702,,FC Bönen,10,Kreisliga B1 Unna-Hamm,1,4,3,1,0,22,5,17,10,2.5
2703,,SVA Langeneicke,10,Kreisliga B Lippstadt,1,4,3,1,0,17,0,17,10,2.5
2704,,VfL Theesen II,10,Kreisliga B Staffel 2 · Kreis Bielefeld,2,4,3,1,0,18,2,16,10,2.5
2705,,SG Tudorf/Alfen,10,Kreisliga B1 Paderborn,1,4,3,1,0,22,8,14,10,2.5
2706,,TuS Eintracht Bielefeld II,10,Kreisliga B Staffel 2 · Kreis Bielefeld,3,4,3,1,0,18,6,12,10,2.5
2707,,SSV/FCA Rotthausen,10,Kreisliga B 2 Herren · Kreis Gelsenkirchen,2,4,3,1,0,14,2,12,10,2.5
2708,,VfB Lünen,10,Kreisliga B2 Unna-Hamm,1,4,3,1,0,18,8,10,10,2.5
2709,,SV Blau-Weiß Eickelborn,10,Kreisliga B Lippstadt,2,4,3,1,0,15,6,9,10,2.5
2710,,TSV Rüthen,10,Kreisliga B Lippstadt,3,4,3,1,0,14,5,9,10,2.5
2711,,Kamener SC II,10,Kreisliga B2 Unna-Hamm,2,4,3,1,0,13,4,9,10,2.5
2712,,SC Werne 02,10,Kreisliga B1 Herren · Kreis Bochum,2,4,3,1,0,12,4,8,10,2.5
2713,,SC Babenhausen,10,Kreisliga B Staffel 2 · Kreis Bielefeld,4,4,3,1,0,13,7,6,10,2.5
2714,,FC Kickers Ückendorf,10,Kreisliga B 2 Herren · Kreis Gelsenkirchen,3,4,3,1,0,8,3,5,10,2.5
2715,,Türk. SV Minden I,10,Kreisliga B Minden,3,5,4,0,1,20,12,8,12,2.4
2716,,Rhenania Bottrop II,10,Kreisliga C1 Breil · Kreis Oberhausen-Bottrop,3,3,2,1,0,30,2,28,7,2.33
2717,,TJ Dormagen 1,10,"Kreisliga C, Gr. 1 · Kreis Grevenbroich-Neuss",3,3,2,1,0,27,5,22,7,2.33
2718,,Rojava e.V.,10,"Kreisliga C, Gruppe 1 · Kreis Duisburg-Mülheim-Dinslak",4,3,2,1,0,22,4,18,7,2.33
2719,,SG Giershagen-Hoppecketal/Padberg-Obermarsberg 1,10,Kreisliga B 3 Hochsauerland Findungsrunde · Kreis Hochsauerlandkreis,1,3,2,1,0,18,3,15,7,2.33
2720,,Mülheimer FC 97 II,10,"Kreisliga C, Gruppe 1 · Kreis Duisburg-Mülheim-Dinslak",5,3,2,1,0,17,5,12,7,2.33
2721,,TVD Velbert 3,10,Kreisliga C Gruppe 2 · Kreis Wuppertal-Niederberg,1,3,2,1,0,17,5,12,7,2.33
2722,,Fortuna Bredeney III.,10,Kreisliga C Gruppe 3 · Kreis Essen,2,3,2,1,0,16,4,12,7,2.33
2723,,VFR Büttgen 1912 II,10,"Kreisliga C, Gr. 2 · Kreis Grevenbroich-Neuss",1,3,2,1,0,13,3,10,7,2.33
2724,,SV Leithe 19/65 II.,10,Kreisliga C Gruppe 3 · Kreis Essen,3,3,2,1,0,16,7,9,7,2.33
2725,,VfB Schloß Holte II,10,Kreisliga B Gr. 1 GT · Kreis Gütersloh,2,3,2,1,0,15,8,7,7,2.33
2726,,Suryoye Verl,10,Kreisliga B Gr. 2 GT · Kreis Gütersloh,3,3,2,1,0,14,7,7,7,2.33
2727,,SV Höxter II,10,Kreisliga B Gruppe 1 · Kreis Höxter,3,3,2,1,0,11,5,6,7,2.33
2728,,FC Bad Salzuflen,10,Kreisliga B Lemgo,4,3,2,1,0,9,3,6,7,2.33
2729,,TuS Reuschenberg 1945 E.V. 2,10,"Kreisliga C, Gr. 2 · Kreis Grevenbroich-Neuss",2,3,2,1,0,10,5,5,7,2.33
2730,,TV Fredeburg II,10,Kreisliga B 1 Hochsauerland Findungsrunde · Kreis Hochsauerlandkreis,2,3,2,1,0,8,3,5,7,2.33
2731,,FC Gütersloh III,10,Kreisliga B Gr. 1 GT · Kreis Gütersloh,3,3,2,1,0,10,6,4,7,2.33
2732,,ASV Mettmann 4,10,Kreisliga C Gruppe 2 · Kreis Wuppertal-Niederberg,2,3,2,1,0,9,5,4,7,2.33
2733,,TuS Homberg,10,Kreisliga C 26/27 Gruppe 1 Herren · Kreis Düsseldorf,1,3,2,1,0,5,1,4,7,2.33
2734,,TuS Westf. Neuenkirchen II,10,Kreisliga B Gr. 2 GT · Kreis Gütersloh,4,3,2,1,0,11,8,3,7,2.33
2735,,RW Stiepel II,10,Kreisliga B3 Herren · Kreis Bochum,5,3,2,1,0,9,7,2,7,2.33
2736,,SV Türkiyemspor Bochum II,10,Kreisliga B2 Herren · Kreis Bochum,3,4,3,0,1,24,5,19,9,2.25
2737,,SV Viktoria Lippstadt,10,Kreisliga B Lippstadt,4,4,3,0,1,22,7,15,9,2.25
2738,,TuS Heven 09 II,10,Kreisliga B3 Herren · Kreis Bochum,1,4,3,0,1,19,4,15,9,2.25
2739,,VfL Mennighüffen II,10,Kreisliga B · Kreis Herford,4,4,3,0,1,24,11,13,9,2.25
2740,,RSV Hattingen,10,Kreisliga B3 Herren · Kreis Bochum,3,4,3,0,1,23,11,12,9,2.25
2741,,BW Alstedde II,10,Kreisliga B2 Unna-Hamm,3,4,3,0,1,17,5,12,9,2.25
2742,,SV Horst-Emscher 08 III,10,Kreisliga B 1 Herren · Kreis Gelsenkirchen,2,4,3,0,1,18,7,11,9,2.25
2743,,SG Verlar/Mantinghausen,10,Kreisliga B1 Paderborn,2,4,3,0,1,13,3,10,9,2.25
2744,,TuRa Heiden,10,Kreisliga B · Kreis Detmold,2,4,3,0,1,17,8,9,9,2.25
2745,,TSV Witten,10,Kreisliga B3 Herren · Kreis Bochum,4,4,3,0,1,13,4,9,9,2.25
2746,,TuS Union Vilsendorf,10,Kreisliga B Staffel 1 · Kreis Bielefeld,4,4,3,0,1,19,11,8,9,2.25
2747,,TuS Dornberg II,10,Kreisliga B Staffel 1 · Kreis Bielefeld,5,4,3,0,1,13,5,8,9,2.25
2748,,TV Elverdissen II,10,Kreisliga B · Kreis Herford,5,4,3,0,1,17,10,7,9,2.25
2749,,SG Kirchveischede/Bonzel,10,Kreisliga B Olpe,2,4,3,0,1,19,13,6,9,2.25
2750,,SC Borchen II,10,Kreisliga B2 Paderborn,4,4,3,0,1,13,7,6,9,2.25
2751,,RW Leithe,10,Kreisliga B2 Herren · Kreis Bochum,4,4,3,0,1,11,5,6,9,2.25
2752,,TuS Schwefe,10,Kreisliga B Herren · Kreis Soest,4,4,3,0,1,17,12,5,9,2.25
2753,,SG Nörde/Ossendorf,10,Kreisliga B Gruppe 2 · Kreis Höxter,2,4,3,0,1,12,7,5,9,2.25
2754,,SSV Buer 07/28 II,10,Kreisliga B 1 Herren · Kreis Gelsenkirchen,3,4,3,0,1,11,6,5,9,2.25
2755,,SV Germania Bredenborn,10,Kreisliga B Gruppe 1 · Kreis Höxter,2,4,3,0,1,10,5,5,9,2.25
2756,,SV Upsprunge,10,Kreisliga B1 Paderborn,4,4,3,0,1,10,5,5,9,2.25
2757,,TuS Kachtenhausen II,10,Kreisliga B · Kreis Detmold,3,4,3,0,1,10,5,5,9,2.25
2758,,DJK Arminia Bochum II,10,Kreisliga B1 Herren · Kreis Bochum,3,4,3,0,1,16,12,4,9,2.25
2759,,Hövelhofer SV II,10,Kreisliga B1 Paderborn,5,4,3,0,1,11,7,4,9,2.25
2760,,Rot-Weiß Wacker Bismarck,10,Kreisliga B 2 Herren · Kreis Gelsenkirchen,4,4,3,0,1,15,13,2,9,2.25
2761,,SG Bockum-Hövel 2013 III,10,Kreisliga B1 Unna-Hamm,2,4,3,0,1,15,17,-2,9,2.25
2762,,TuS Bad Oeynhausen,10,Kreisliga B Minden,4,5,3,2,0,17,10,7,11,2.2
2763,,MSV Duisburg II,10,"Kreisliga C, Gruppe 2 · Kreis Duisburg-Mülheim-Dinslak",8,2,1,1,0,27,2,25,4,2.0
2764,,Rot-Weiß Venn 2,10,Kreisliga C Gruppe 3 · Kreis Mönchengladbach-Viersen,1,3,2,0,1,35,5,30,6,2.0
2765,,Siegburger SV 04 III,10,Kreisliga C Staffel 4 · Kreis Sieg,5,2,1,1,0,17,2,15,4,2.0
2766,,Türkische SC Kamen,10,Kreisliga B1 Unna-Hamm,4,3,3,0,0,21,1,20,6,2.0
2767,,SV 06 Donsbrüggen,10,Kreisliga C Gruppe 1 · Kreis Kleve-Geldern,4,3,2,0,1,20,4,16,6,2.0
2768,,FC Albania Duisburg II,10,"Kreisliga C, Gruppe 2 · Kreis Duisburg-Mülheim-Dinslak",3,3,3,0,0,18,2,16,6,2.0
2769,,FC Besa Essen e.V. II.,10,Kreisliga C Gruppe 2 · Kreis Essen,1,3,2,0,1,21,7,14,6,2.0
2770,,TV Jahn Hiesfeld II,10,"Kreisliga C, Gruppe 3 · Kreis Duisburg-Mülheim-Dinslak",3,3,2,0,1,17,3,14,6,2.0
2771,,RSV-GA Klosterhardt,10,Kreisliga C2 Bliso · Kreis Oberhausen-Bottrop,2,3,2,0,1,15,2,13,6,2.0
2772,,Kevelaerer SV III,10,Kreisliga C Gruppe 3 · Kreis Kleve-Geldern,3,3,2,0,1,21,9,12,6,2.0
2773,,KFC Welate Roj M'gladbach 2,10,Kreisliga C Gruppe 5 · Kreis Mönchengladbach-Viersen,1,3,2,0,1,17,5,12,6,2.0
2774,,VfB Korschenbroich 2,10,Kreisliga C Gruppe 5 · Kreis Mönchengladbach-Viersen,2,3,2,0,1,18,8,10,6,2.0
2775,,SuS 21 Oberhausen III,10,Kreisliga C1 Breil · Kreis Oberhausen-Bottrop,4,3,2,0,1,20,11,9,6,2.0
2776,,SV Blau-Weiss Meer 2,10,Kreisliga C Gruppe 4 · Kreis Mönchengladbach-Viersen,1,3,2,0,1,16,7,9,6,2.0
2777,,Sportfreunde 1918 Altenessen III.,10,Kreisliga C Gruppe 1 · Kreis Essen,6,3,2,0,1,15,6,9,6,2.0
2778,,Essener SG 99/06 II.,10,Kreisliga C Gruppe 3 · Kreis Essen,5,2,1,1,0,8,2,6,4,2.0
2779,,SV Rot-Weiß 1914 Hockstein 2,10,Kreisliga C Gruppe 1 · Kreis Mönchengladbach-Viersen,4,2,1,1,0,8,2,6,4,2.0
2780,,TSV 95 Ostenfelde,10,Kreisliga B 2 Herren · Kreis Münster,4,2,1,1,0,7,1,6,4,2.0
2781,,SW Sende II,10,Kreisliga B Gr. 2 GT · Kreis Gütersloh,5,3,2,0,1,13,5,8,6,2.0
2782,,SF Hamborn 07 III,10,"Kreisliga C, Gruppe 2 · Kreis Duisburg-Mülheim-Dinslak",5,3,2,0,1,11,3,8,6,2.0
2783,,SF Leuth 2,10,Kreisliga C 1 · Kreis Kempen-Krefeld,4,3,2,0,1,11,3,8,6,2.0
2784,,TS Rahm II,10,"Kreisliga C, Gruppe 1 · Kreis Duisburg-Mülheim-Dinslak",7,3,2,0,1,11,3,8,6,2.0
2785,,Blau Weiß 98 Gütersloh,10,Kreisliga B Gr. 2 GT · Kreis Gütersloh,7,2,1,1,0,8,3,5,4,2.0
2786,,SG Eintracht Gelsenkirchen 07/12,10,Kreisliga B 2 Herren · Kreis Gelsenkirchen,5,4,2,2,0,15,5,10,8,2.0
2787,,SSV Erkrath II,10,Kreisliga C 26/27 Gruppe 2 Herren · Kreis Düsseldorf,3,3,2,0,1,14,7,7,6,2.0
2788,,SV Rhenania Hamborn II,10,"Kreisliga C, Gruppe 3 · Kreis Duisburg-Mülheim-Dinslak",5,3,2,0,1,12,5,7,6,2.0
2789,,SV Schmallenberg/Fredeburg II,10,Kreisliga B 1 Hochsauerland Findungsrunde · Kreis Hochsauerlandkreis,3,3,2,0,1,11,4,7,6,2.0
2790,,Druffeler SG,10,Kreisliga B Gr. 2 GT · Kreis Gütersloh,6,3,2,0,1,9,2,7,6,2.0
2791,,Eintracht Walsum II,10,"Kreisliga C, Gruppe 3 · Kreis Duisburg-Mülheim-Dinslak",6,3,2,0,1,18,12,6,6,2.0
2792,,VfB 08 Hochneukirch 2,10,Kreisliga C Gruppe 1 · Kreis Mönchengladbach-Viersen,2,3,2,0,1,18,12,6,6,2.0
2793,,TIV Nettetal 2,10,Kreisliga C 1 · Kreis Kempen-Krefeld,5,3,2,0,1,16,10,6,6,2.0
2794,,DJK TUSA 06 IV,10,Kreisliga C 26/27 Gruppe 1 Herren · Kreis Düsseldorf,2,3,2,0,1,13,7,6,6,2.0
2795,,FSV Gevelsberg II,10,Kreisliga B2 Hagen,3,2,1,1,0,8,4,4,4,2.0
2796,,Viktoria Heiden II,10,RE KL B 1 · Kreis Recklinghausen,3,2,1,1,0,8,4,4,4,2.0
2797,,FC SW Silschede,10,Kreisliga B2 Hagen,4,2,1,1,0,7,3,4,4,2.0
2798,,SC Falke Saerbeck II,10,Kreisliga B · Kreis Tecklenburg,3,2,1,1,0,7,3,4,4,2.0
2799,,TuS 05 Quettingen 3,10,Kreisliga C · Kreis Remscheid-Solingen,4,3,2,0,1,10,4,6,6,2.0
2800,,FC Wellinghofen,10,Kreisliga B2 - Dortmund,3,2,1,1,0,5,1,4,4,2.0
2801,,TuS Gehlenbeck II,10,Kreisliga B K 20 Lübbecke,2,4,2,2,0,9,1,8,8,2.0
2802,,BV Rentfort II,10,Kreisliga B 1 Herren · Kreis Gelsenkirchen,4,4,2,2,0,10,3,7,8,2.0
2803,,SSV Reichswalde,10,Kreisliga C Gruppe 1 · Kreis Kleve-Geldern,5,3,2,0,1,13,8,5,6,2.0
2804,,SV Asperden,10,Kreisliga C Gruppe 2 · Kreis Kleve-Geldern,4,3,2,0,1,13,8,5,6,2.0
2805,,TuS RW Grastrup-Retzen,10,Kreisliga B Lemgo,5,3,2,0,1,12,7,5,6,2.0
2806,,FSV Pivitsheide,10,Kreisliga B · Kreis Detmold,8,3,2,0,1,10,5,5,6,2.0
2807,,SC Waldniel 3,10,Kreisliga C 1 · Kreis Kempen-Krefeld,6,3,2,0,1,10,5,5,6,2.0
2808,,Sportfreunde 06 Neuwerk 3,10,Kreisliga C Gruppe 5 · Kreis Mönchengladbach-Viersen,3,3,2,0,1,10,5,5,6,2.0
2809,,SC Croatia Mülheim III,10,"Kreisliga C, Gruppe 2 · Kreis Duisburg-Mülheim-Dinslak",6,3,2,0,1,7,2,5,6,2.0
2810,,Aramäer Harsewinkel,10,Kreisliga B Gr. 1 GT · Kreis Gütersloh,6,2,1,1,0,7,4,3,4,2.0
2811,,Borghorster FC II,10,Kreisliga B Steinfurt,5,2,1,1,0,7,4,3,4,2.0
2812,,FC Marbeck,10,RE KL B 1 · Kreis Recklinghausen,4,2,1,1,0,7,4,3,4,2.0
2813,,FC. Hellas/Mak. Hagen II,10,Kreisliga B1 Hagen,4,2,1,1,0,6,3,3,4,2.0
2814,,SG Thülen-Rösenbeck-Nehden,10,Kreisliga B 3 Hochsauerland Findungsrunde · Kreis Hochsauerlandkreis,3,2,1,1,0,6,3,3,4,2.0
2815,,SC Broich-Peel 2,10,Kreisliga C Gruppe 3 · Kreis Mönchengladbach-Viersen,3,2,1,1,0,5,2,3,4,2.0
2816,,SF Vorst 2,10,"Kreisliga C, Gr. 2 · Kreis Grevenbroich-Neuss",5,2,1,1,0,5,2,3,4,2.0
2817,,SpVg. Bürbach,10,Kreisliga B1-SIWI · Kreis Siegen-Wittgenstein,4,2,1,1,0,5,2,3,4,2.0
2818,,DJK Sparta Bilk III,10,Kreisliga C 26/27 Gruppe 1 Herren · Kreis Düsseldorf,6,2,1,1,0,4,1,3,4,2.0
2819,,SG Brochterbecker SV - Dörenther SC,10,Kreisliga B · Kreis Tecklenburg,4,2,1,1,0,3,0,3,4,2.0
2820,,Uedemer SV II,10,Kreisliga C Gruppe 2 · Kreis Kleve-Geldern,6,3,2,0,1,14,10,4,6,2.0
2821,,VfL Mark II,10,Kreisliga B1 Unna-Hamm,6,3,2,0,1,12,8,4,6,2.0
2822,,BSC Union Solingen III,10,Kreisliga C · Kreis Remscheid-Solingen,5,3,2,0,1,11,7,4,6,2.0
2823,,Viktoria Beeck II,10,"Kreisliga C, Gruppe 3 · Kreis Duisburg-Mülheim-Dinslak",7,3,2,0,1,11,7,4,6,2.0
2824,,SV Nütterden II,10,Kreisliga C Gruppe 1 · Kreis Kleve-Geldern,6,3,2,0,1,10,6,4,6,2.0
2825,,RSV Barntrup,10,Kreisliga B Lemgo,6,3,2,0,1,8,4,4,6,2.0
2826,,SV Herbede III,10,Kreisliga B3 Herren · Kreis Bochum,6,3,2,0,1,8,4,4,6,2.0
2827,,TV Lobberich,10,Kreisliga C 1 · Kreis Kempen-Krefeld,7,3,2,0,1,8,4,4,6,2.0
2828,,Hammer SportClub 2008 II,10,Kreisliga B1 Unna-Hamm,7,3,2,0,1,7,3,4,6,2.0
2829,,SG Madfeld/Bleiwäsche,10,Kreisliga B 3 Hochsauerland Findungsrunde · Kreis Hochsauerlandkreis,2,3,2,0,1,7,3,4,6,2.0
2830,,VfR Borgentreich II,10,Kreisliga B Gruppe 2 · Kreis Höxter,3,4,2,2,0,10,5,5,8,2.0
2831,,BV Gräfrath 3,10,Kreisliga C · Kreis Remscheid-Solingen,6,3,2,0,1,11,8,3,6,2.0
2832,,DJK Novesia Neuss 1919 3,10,"Kreisliga C, Gr. 2 · Kreis Grevenbroich-Neuss",3,3,2,0,1,11,8,3,6,2.0
2833,,SC Sonnborn 07 III,10,Kreisliga C Gruppe 2 · Kreis Wuppertal-Niederberg,3,2,1,1,0,7,5,2,4,2.0
2834,,SG Sendenhorst II,10,Kreisliga B 2 Herren · Kreis Münster,5,2,1,1,0,7,5,2,4,2.0
2835,,SSV Hagen-Fussball II,10,Kreisliga B1 Hagen,5,2,1,1,0,7,5,2,4,2.0
2836,,SSVg 06 Haan 2,10,Kreisliga C · Kreis Remscheid-Solingen,7,3,2,0,1,10,7,3,6,2.0
2837,,BC Eslohe II,10,Kreisliga B 1 Hochsauerland Findungsrunde · Kreis Hochsauerlandkreis,4,3,2,0,1,9,6,3,6,2.0
2838,,Bröltaler SC II,10,Kreisliga C Staffel 6 · Kreis Sieg,5,2,1,1,0,6,4,2,4,2.0
2839,,DJK RW Alverskirchen,10,Kreisliga B 2 Herren · Kreis Münster,6,2,1,1,0,6,4,2,4,2.0
2840,,TuS Niederense II,10,Kreisliga B Herren · Kreis Soest,6,3,2,0,1,9,6,3,6,2.0
2841,,BSV Leutherheide 2,10,Kreisliga C 1 · Kreis Kempen-Krefeld,8,3,2,0,1,8,5,3,6,2.0
2842,,SG Winterberg Züschen,10,Kreisliga B 2 Hochsauerland Findungsrunde · Kreis Hochsauerlandkreis,2,3,2,0,1,8,5,3,6,2.0
2843,,SV BW Aasee II,10,Kreisliga B 1 Herren · Kreis Münster,5,2,1,1,0,5,3,2,4,2.0
2844,,SV Hochlar 28 II,10,RE KL B 2 · Kreis Recklinghausen,4,2,1,1,0,5,3,2,4,2.0
2845,,SV Urania Lütgendortmund,10,Kreisliga B1 - Dortmund,4,2,1,1,0,5,3,2,4,2.0
2846,,SuS Hervest-Dorsten,10,RE KL B 2 · Kreis Recklinghausen,5,2,1,1,0,5,3,2,4,2.0
2847,,SuS Hochmoor,10,Kreisliga B 2 Ahaus-Coesfeld,5,2,1,1,0,5,3,2,4,2.0
2848,,TSV Aue-Wingeshausen,10,Kreisliga B2-SIWI · Kreis Siegen-Wittgenstein,6,2,1,1,0,5,3,2,4,2.0
2849,,SV Lippramsdorf II,10,RE KL B 3 · Kreis Recklinghausen,5,2,1,1,0,4,2,2,4,2.0
2850,,SV Phönix Bochum II,10,Kreisliga B1 Herren · Kreis Bochum,4,4,2,2,0,7,3,4,8,2.0
2851,,SC Hertha Hamborn,10,"Kreisliga C, Gruppe 2 · Kreis Duisburg-Mülheim-Dinslak",7,3,2,0,1,11,9,2,6,2.0
2852,,SSV Welheimer Mark,10,Kreisliga C2 Bliso · Kreis Oberhausen-Bottrop,5,3,2,0,1,9,7,2,6,2.0
2853,,SG Benrath-Hassels IV,10,Kreisliga C 26/27 Gruppe 3 Herren · Kreis Düsseldorf,5,3,2,0,1,5,3,2,6,2.0
2854,,Rot-Weiß Vellern II,10,Kreisliga B Beckum,4,2,1,1,0,8,7,1,4,2.0
2855,,Westfalia Vinnum,10,RE KL B 3 · Kreis Recklinghausen,6,2,1,1,0,8,7,1,4,2.0
2856,,Sportring Eller 1892 e.V. II,10,Kreisliga C 26/27 Gruppe 2 Herren · Kreis Düsseldorf,4,2,1,1,0,7,6,1,4,2.0
2857,,SC Obersprockhövel III,10,Kreisliga B2 Hagen,5,2,1,1,0,6,5,1,4,2.0
2858,,SV Ararat Gevelsberg II,10,Kreisliga B1 Hagen,6,2,1,1,0,6,5,1,4,2.0
2859,,SV Rot-Weiß Elfgen II,10,"Kreisliga C, Gr. 1 · Kreis Grevenbroich-Neuss",6,2,1,1,0,6,5,1,4,2.0
2860,,DJK Vorw. Lette,10,Kreisliga B 2 Ahaus-Coesfeld,6,2,1,1,0,4,3,1,4,2.0
2861,,Lohausener SV III,10,Kreisliga C 26/27 Gruppe 1 Herren · Kreis Düsseldorf,7,2,1,1,0,4,3,1,4,2.0
2862,,SV Büren,10,Kreisliga B · Kreis Tecklenburg,5,2,1,1,0,4,3,1,4,2.0
2863,,SpVg. Bürbach II,10,Kreisliga B2-SIWI · Kreis Siegen-Wittgenstein,7,2,1,1,0,4,3,1,4,2.0
2864,,Westfalia Hopsten II,10,Kreisliga B · Kreis Tecklenburg,6,2,1,1,0,4,3,1,4,2.0
2865,,Cheruskia Laggenbeck II,10,Kreisliga B · Kreis Tecklenburg,7,2,1,1,0,3,2,1,4,2.0
2866,,SV Union Wessum II,10,Kreisliga B 1 Ahaus-Coesfeld,3,2,1,1,0,3,2,1,4,2.0
2867,,SuS Legden II,10,Kreisliga B 1 Ahaus-Coesfeld,4,2,1,1,0,3,2,1,4,2.0
2868,,ASC Schöppingen II,10,Kreisliga B 1 Ahaus-Coesfeld,5,2,1,1,0,2,1,1,4,2.0
2869,,Fortuna Gronau 09/54 III,10,Kreisliga B 1 Ahaus-Coesfeld,6,2,1,1,0,2,1,1,4,2.0
2870,,SC BW Ottmarsbocholt,10,Kreisliga B 3 Herren · Kreis Münster,3,2,1,1,0,2,1,1,4,2.0
2871,,SV Greven 2021,10,Kreisliga B 1 Herren · Kreis Münster,6,2,1,1,0,2,1,1,4,2.0
2872,,SV Rinkerode II,10,Kreisliga B 2 Herren · Kreis Münster,7,2,1,1,0,2,1,1,4,2.0
2873,,SV Südkirchen,10,Kreisliga B 3 Herren · Kreis Münster,4,2,1,1,0,2,1,1,4,2.0
2874,,SV Concordia Oberhausen 66/71 e.V.,10,Kreisliga C2 Bliso · Kreis Oberhausen-Bottrop,6,3,2,0,1,11,10,1,6,2.0
2875,,SV 1934 Veert II,10,Kreisliga C Gruppe 3 · Kreis Kleve-Geldern,5,3,2,0,1,10,9,1,6,2.0
2876,,FC Bosporus e. V. Düsseldorf II,10,Kreisliga C 26/27 Gruppe 1 Herren · Kreis Düsseldorf,4,3,2,0,1,9,8,1,6,2.0
2877,,SC Victoria Mennrath 3,10,Kreisliga C Gruppe 3 · Kreis Mönchengladbach-Viersen,2,3,2,0,1,8,7,1,6,2.0
2878,,SV Hörstmar,10,Kreisliga B Lemgo,7,3,2,0,1,8,7,1,6,2.0
2879,,BWC Viersen 2,10,Kreisliga C Gruppe 4 · Kreis Mönchengladbach-Viersen,2,3,2,0,1,7,6,1,6,2.0
2880,,FC Exter,10,Kreisliga B · Kreis Herford,8,3,2,0,1,7,6,1,6,2.0
2881,,Hedefspor Hattingen II,10,Kreisliga B3 Herren · Kreis Bochum,7,3,2,0,1,7,6,1,6,2.0
2882,,SG Oberschledorn/Grafschaft/Deifeld II,10,Kreisliga B 2 Hochsauerland Findungsrunde · Kreis Hochsauerlandkreis,3,3,2,0,1,7,6,1,6,2.0
2883,,ETuS Bissingheim II,10,"Kreisliga C, Gruppe 1 · Kreis Duisburg-Mülheim-Dinslak",8,3,2,0,1,6,5,1,6,2.0
2884,,OTSV Pr. Oldendorf,10,Kreisliga B K 20 Lübbecke,6,3,2,0,1,6,5,1,6,2.0
2885,,TuS Wickrath 3,10,Kreisliga C Gruppe 2 · Kreis Mönchengladbach-Viersen,3,3,2,0,1,14,14,0,6,2.0
2886,,SV BW Herongen III,10,Kreisliga C Gruppe 3 · Kreis Kleve-Geldern,6,3,2,0,1,12,12,0,6,2.0
2887,,Fortuna M'gladbach 3,10,Kreisliga C Gruppe 5 · Kreis Mönchengladbach-Viersen,4,3,2,0,1,9,9,0,6,2.0
2888,,Rheydter SV 4,10,Kreisliga C Gruppe 4 · Kreis Mönchengladbach-Viersen,3,3,2,0,1,9,9,0,6,2.0
2889,,SC Hassel II,10,Kreisliga B 1 Herren · Kreis Gelsenkirchen,9,3,2,0,1,8,8,0,6,2.0
2890,,TV Kalkum-Wittlaer II,10,Kreisliga C 26/27 Gruppe 1 Herren · Kreis Düsseldorf,5,3,2,0,1,7,7,0,6,2.0
2891,,TuS Levern II,10,Kreisliga B K 20 Lübbecke,7,3,2,0,1,6,6,0,6,2.0
2892,,SC Croatia Mülheim II,10,"Kreisliga C, Gruppe 1 · Kreis Duisburg-Mülheim-Dinslak",9,3,2,0,1,12,13,-1,6,2.0
2893,,Blomberger SV II,10,Kreisliga B · Kreis Detmold,9,3,2,0,1,7,8,-1,6,2.0
2894,,FC Dahl/Dörenhagen II,10,Kreisliga B2 Paderborn,7,3,2,0,1,5,6,-1,6,2.0
2895,,TuS Bexterhagen II,10,Kreisliga B Lemgo,8,3,2,0,1,3,4,-1,6,2.0
2896,,BSC Union Solingen II,10,Kreisliga C · Kreis Remscheid-Solingen,8,3,2,0,1,11,13,-2,6,2.0
2897,,SV 1926 Rindern III,10,Kreisliga C Gruppe 1 · Kreis Kleve-Geldern,7,3,2,0,1,8,10,-2,6,2.0
2898,,SG Kaarst II,10,"Kreisliga C, Gr. 2 · Kreis Grevenbroich-Neuss",4,3,2,0,1,6,8,-2,6,2.0
2899,,Yesilyurt Möllen,10,"Kreisliga C, Gruppe 3 · Kreis Duisburg-Mülheim-Dinslak",8,3,2,0,1,8,12,-4,6,2.0
2900,,SG Orken-Noithausen 1911/19 2,10,"Kreisliga C, Gr. 1 · Kreis Grevenbroich-Neuss",4,3,2,0,1,6,10,-4,6,2.0
2901,,BV Grün-Weiß Holt 2,10,Kreisliga C Gruppe 5 · Kreis Mönchengladbach-Viersen,5,3,2,0,1,5,9,-4,6,2.0
2902,,FSC Eisbergen II,10,Kreisliga B Minden,5,5,3,0,2,12,11,1,9,1.8
2903,,SuS Wulferdingsen,10,Kreisliga B Minden,6,5,3,0,2,8,8,0,9,1.8
2904,,TuRa Espelkamp,10,Kreisliga B K 20 Lübbecke,3,4,2,1,1,20,3,17,7,1.75
2905,,SV BR Billmerich,10,Kreisliga B2 Unna-Hamm,6,4,2,1,1,20,4,16,7,1.75
2906,,VfB 1910 Salzkotten,10,Kreisliga B1 Paderborn,6,4,2,1,1,16,4,12,7,1.75
2907,,Spvg Steinhagen II,10,Kreisliga B Staffel 2 · Kreis Bielefeld,5,4,2,1,1,14,3,11,7,1.75
2908,,SpVgg Middelich-Resse 71/81,10,Kreisliga B 2 Herren · Kreis Gelsenkirchen,6,4,2,1,1,16,6,10,7,1.75
2909,,SG Oestereiden/Effeln/Menzel,10,Kreisliga B Lippstadt,5,4,2,1,1,13,3,10,7,1.75
2910,,SV Waldesrand Linden,10,Kreisliga B1 Herren · Kreis Bochum,5,4,2,1,1,19,10,9,7,1.75
2911,,TuS Lipperode II,10,Kreisliga B Lippstadt,6,4,2,1,1,17,9,8,7,1.75
2912,,VfK Weddinghofen,10,Kreisliga B2 Unna-Hamm,7,4,2,1,1,14,6,8,7,1.75
2913,,SpVg Bönen,10,Kreisliga B1 Unna-Hamm,3,4,2,1,1,19,12,7,7,1.75
2914,,FC Altenhagen,10,Kreisliga B Staffel 1 · Kreis Bielefeld,6,4,2,1,1,15,8,7,7,1.75
2915,,LFC Laer 1906,10,Kreisliga B1 Herren · Kreis Bochum,6,4,2,1,1,12,5,7,7,1.75
2916,,SV Sande,10,Kreisliga B1 Paderborn,7,4,2,1,1,13,7,6,7,1.75
2917,,FC Fortuna Schlangen II,10,Kreisliga B · Kreis Detmold,4,4,2,1,1,12,6,6,7,1.75
2918,,BV Langendreer 07,10,Kreisliga B1 Herren · Kreis Bochum,7,4,2,1,1,15,10,5,7,1.75
2919,,PSV Bork,10,Kreisliga B2 Unna-Hamm,8,4,2,1,1,11,7,4,7,1.75
2920,,DJK Viktoria 59 Bochum,10,Kreisliga B1 Herren · Kreis Bochum,8,4,2,1,1,13,10,3,7,1.75
2921,,VSV Wenden II,10,Kreisliga B Olpe,3,4,2,1,1,9,6,3,7,1.75
2922,,SV Holzhausen-Erwitzen,10,Kreisliga B Gruppe 1 · Kreis Höxter,4,4,2,1,1,11,9,2,7,1.75
2923,,SV Rahrbachtal,10,Kreisliga B Olpe,4,4,2,1,1,11,9,2,7,1.75
2924,,RSV Borgholzhausen,10,Kreisliga B Staffel 2 · Kreis Bielefeld,6,4,2,1,1,7,5,2,7,1.75
2925,,TuS Belecke,10,Kreisliga B Lippstadt,7,4,2,1,1,6,4,2,7,1.75
2926,,SC Neuengeseke,10,Kreisliga B Herren · Kreis Soest,5,4,2,1,1,12,11,1,7,1.75
2927,,TuS Eichholz-Remmighausen,10,Kreisliga B · Kreis Detmold,5,4,2,1,1,11,10,1,7,1.75
2928,,SG Schnathorst-Holsen,10,Kreisliga B K 20 Lübbecke,4,4,2,1,1,9,8,1,7,1.75
2929,,VfL Resse,10,Kreisliga B 2 Herren · Kreis Gelsenkirchen,7,4,2,1,1,7,7,0,7,1.75
2930,,FC Augustdorf III,10,Kreisliga B · Kreis Detmold,6,4,2,1,1,10,11,-1,7,1.75
2931,,SF Biggetal,10,Kreisliga B Olpe,5,4,2,1,1,11,13,-2,7,1.75
2932,,SpVg. Iseringhausen,10,Kreisliga B Olpe,6,4,2,1,1,8,13,-5,7,1.75
2933,,SV Teutonia Überruhr,10,Kreisliga C Gruppe 3 · Kreis Essen,4,3,1,2,0,13,3,10,5,1.67
2934,,FC Vorwärts Kornharpen,10,Kreisliga B1 Herren · Kreis Bochum,10,3,1,2,0,9,6,3,5,1.67
2935,,FC Donop-Voßheide,10,Kreisliga B Lemgo,9,3,1,2,0,7,4,3,5,1.67
2936,,SV 08 Rheydt 2,10,Kreisliga C Gruppe 4 · Kreis Mönchengladbach-Viersen,4,3,1,2,0,6,5,1,5,1.67
2937,,TuS 07 Oberlar II,10,Kreisliga C Staffel 4 · Kreis Sieg,6,2,1,0,1,16,5,11,3,1.5
2938,,SC Emscher Crange,10,Herren Kreisliga B2 · Kreis Herne,3,2,1,0,1,13,3,10,3,1.5
2939,,SV Fortuna Herne,10,Herren Kreisliga B1 · Kreis Herne,2,2,2,0,0,10,0,10,3,1.5
2940,,FC Sennestadt II,10,Kreisliga B Staffel 2 · Kreis Bielefeld,7,4,2,0,2,29,12,17,6,1.5
2941,,RSV Listertal,10,Kreisliga B Olpe,7,4,2,0,2,19,4,15,6,1.5
2942,,SV Rheinwacht Stürzelberg 1928 e.V. 3,10,"Kreisliga C, Gr. 1 · Kreis Grevenbroich-Neuss",8,2,1,0,1,9,2,7,3,1.5
2943,,Hiddinghauser FV,10,Kreisliga B2 Hagen,6,2,1,0,1,10,4,6,3,1.5
2944,,SC 1920 Oberhausen II,10,Kreisliga C2 Bliso · Kreis Oberhausen-Bottrop,7,2,1,0,1,10,4,6,3,1.5
2945,,SC Wengern II,10,Kreisliga B2 Hagen,7,2,1,0,1,10,4,6,3,1.5
2946,,FC Germania Asbeck,10,Kreisliga B 1 Ahaus-Coesfeld,7,2,1,0,1,10,5,5,3,1.5
2947,,SC Victoria Ickern,10,Herren Kreisliga B1 · Kreis Herne,3,2,1,0,1,9,4,5,3,1.5
2948,,FC Stukenbrock,10,Kreisliga B1 Paderborn,8,4,2,0,2,17,7,10,6,1.5
2949,,TV Rott II,10,Kreisliga C Staffel 4 · Kreis Sieg,7,2,1,0,1,10,6,4,3,1.5
2950,,SG Adler Dielfen/Obersdorf-Rödgen II,10,Kreisliga B1-SIWI · Kreis Siegen-Wittgenstein,5,2,1,0,1,9,5,4,3,1.5
2951,,SSV Happerschoß,10,Kreisliga C Staffel 6 · Kreis Sieg,7,2,1,0,1,9,5,4,3,1.5
2952,,SV Illerhusen,10,RE KL B 1 · Kreis Recklinghausen,5,2,1,0,1,9,5,4,3,1.5
2953,,Eintracht Waltrop,10,RE KL B 3 · Kreis Recklinghausen,7,2,1,0,1,8,4,4,3,1.5
2954,,FC Genclerbirligi Eitorf,10,Kreisliga C Staffel 6 · Kreis Sieg,8,2,1,0,1,8,4,4,3,1.5
2955,,Spfr. Eichen-Krombach,10,Kreisliga B1-SIWI · Kreis Siegen-Wittgenstein,6,2,1,0,1,7,3,4,3,1.5
2956,,Adler Ellinghorst,10,Kreisliga B 1 Herren · Kreis Gelsenkirchen,5,4,2,0,2,13,5,8,6,1.5
2957,,SV Blau-Weiß Weitmar,10,Kreisliga B2 Herren · Kreis Bochum,5,4,2,0,2,16,9,7,6,1.5
2958,,SpVg. Hagen 1911 III,10,Kreisliga B1 Hagen,7,2,1,0,1,10,7,3,3,1.5
2959,,SV Hohenlimburg II,10,Kreisliga B1 Hagen,8,2,1,0,1,7,4,3,3,1.5
2960,,VfR Sölde II,10,Kreisliga B2 - Dortmund,4,2,1,0,1,7,4,3,3,1.5
2961,,Westfalia Vorhelm II,10,Kreisliga B Beckum,6,2,1,0,1,7,4,3,3,1.5
2962,,SG FA Herringhs./Eickum III,10,Kreisliga B · Kreis Herford,6,4,2,0,2,13,7,6,6,1.5
2963,,SC Germania Stromberg I,10,Kreisliga B Beckum,7,2,1,0,1,6,3,3,3,1.5
2964,,Union Lüdinghausen II,10,Kreisliga B 2 Ahaus-Coesfeld,7,2,1,0,1,6,3,3,3,1.5
2965,,SJC Hövelriege,10,Kreisliga B1 Paderborn,9,4,2,0,2,11,5,6,6,1.5
2966,,Vorwärts Epe II,10,Kreisliga B 1 Ahaus-Coesfeld,8,2,1,0,1,5,2,3,3,1.5
2967,,Werner SC II,10,Kreisliga B 3 Herren · Kreis Münster,6,2,1,0,1,5,2,3,3,1.5
2968,,SV Gadderbaum,10,Kreisliga B Staffel 1 · Kreis Bielefeld,7,4,2,0,2,14,9,5,6,1.5
2969,,RSV Hörste,10,Kreisliga B · Kreis Detmold,7,4,2,0,2,11,6,5,6,1.5
2970,,SV Viktoria Goch IV,10,Kreisliga C Gruppe 2 · Kreis Kleve-Geldern,9,2,1,0,1,11,9,2,3,1.5
2971,,SC 1912 Hennen II,10,Kreisliga B - Iserlohn,6,2,1,0,1,10,8,2,3,1.5
2972,,SV Langschede II,10,Kreisliga B1 Unna-Hamm,5,4,2,0,2,18,14,4,6,1.5
2973,,1. FC Dautenbach,10,Kreisliga B1-SIWI · Kreis Siegen-Wittgenstein,7,2,1,0,1,8,6,2,3,1.5
2974,,SC Uellendahl 2,10,Kreisliga C Gruppe 1 · Kreis Wuppertal-Niederberg,7,2,1,0,1,8,6,2,3,1.5
2975,,TuS Maccabi Düsseldorf,10,Kreisliga C 26/27 Gruppe 2 Herren · Kreis Düsseldorf,5,2,1,0,1,8,6,2,3,1.5
2976,,SV Conc. Albachten II,10,Kreisliga B 3 Herren · Kreis Münster,7,2,1,0,1,7,5,2,3,1.5
2977,,VfB Banfe,10,Kreisliga B2-SIWI · Kreis Siegen-Wittgenstein,8,2,1,0,1,7,5,2,3,1.5
2978,,FC Avista Oberhausen,10,Kreisliga C1 Breil · Kreis Oberhausen-Bottrop,6,2,1,0,1,6,4,2,3,1.5
2979,,Hammerthaler SV,10,Kreisliga B3 Herren · Kreis Bochum,10,2,1,0,1,6,4,2,3,1.5
2980,,SV Allner-Bödingen II,10,Kreisliga C Staffel 6 · Kreis Sieg,9,2,1,0,1,6,4,2,3,1.5
2981,,SpVgg Erle 19,10,Kreisliga B 1 Herren · Kreis Gelsenkirchen,6,4,2,0,2,12,8,4,6,1.5
2982,,VfR Lasbeck-St.,10,Kreisliga B - Iserlohn,7,2,1,0,1,4,2,2,3,1.5
2983,,Vorwärts Wettringen III,10,Kreisliga B Steinfurt,7,2,1,0,1,3,1,2,3,1.5
2984,,SC Bielefeld 04/26 II,10,Kreisliga B Staffel 1 · Kreis Bielefeld,8,4,2,0,2,17,14,3,6,1.5
2985,,BV Rentfort IV,10,Kreisliga B 2 Herren · Kreis Gelsenkirchen,8,4,2,0,2,11,8,3,6,1.5
2986,,USC Altenautal 21 II,10,Kreisliga B2 Paderborn,5,4,2,0,2,11,8,3,6,1.5
2987,,TSV Fortuna Wuppertal 3,10,Kreisliga C Gruppe 1 · Kreis Wuppertal-Niederberg,8,2,1,0,1,10,9,1,3,1.5
2988,,Türk. SC Hamm II,10,Kreisliga B1 Unna-Hamm,8,4,2,0,2,15,13,2,6,1.5
2989,,SF Merfeld II,10,Kreisliga B 2 Ahaus-Coesfeld,8,2,1,0,1,7,6,1,3,1.5
2990,,SV Langendreer 04 II,10,Kreisliga B1 Herren · Kreis Bochum,9,4,2,0,2,14,12,2,6,1.5
2991,,SuS Concordia Flaesheim II,10,RE KL B 3 · Kreis Recklinghausen,8,2,1,0,1,7,6,1,3,1.5
2992,,BV Teutonia Lanstrop,10,Kreisliga B3 - Dortmund,6,2,1,0,1,6,5,1,3,1.5
2993,,ASC 09 Dortmund II,10,Kreisliga B2 - Dortmund,6,2,1,0,1,5,4,1,3,1.5
2994,,FC Fortuna,10,Kreisliga B1 - Dortmund,8,2,1,0,1,5,4,1,3,1.5
2995,,RSV Borken II,10,RE KL B 1 · Kreis Recklinghausen,6,2,1,0,1,5,4,1,3,1.5
2996,,Rhenania Bottrop IV,10,Kreisliga C2 Bliso · Kreis Oberhausen-Bottrop,8,2,1,0,1,5,4,1,3,1.5
2997,,SC Concordia Hagen,10,Kreisliga B1 Hagen,9,2,1,0,1,5,4,1,3,1.5
2998,,SV Bischofshagen-Wittel,10,Kreisliga B · Kreis Herford,7,4,2,0,2,8,7,1,6,1.5
2999,,SC Halle II,10,Kreisliga B Staffel 1 · Kreis Bielefeld,9,4,2,0,2,7,6,1,6,1.5
3000,,TVG Flierich-Lenningsen,10,Kreisliga B1 Unna-Hamm,12,2,1,0,1,8,8,0,3,1.5
3001,,SuS Volmarstein,10,Kreisliga B2 Hagen,8,2,1,0,1,7,7,0,3,1.5
3002,,TuS Eudenbach II,10,Kreisliga C Staffel 6 · Kreis Sieg,10,2,1,0,1,7,7,0,3,1.5
3003,,BV Rentfort III,10,Kreisliga B 1 Herren · Kreis Gelsenkirchen,7,4,2,0,2,13,13,0,6,1.5
3004,,DJK Wanne-Eickel 88,10,Herren Kreisliga B2 · Kreis Herne,6,2,1,0,1,6,6,0,3,1.5
3005,,Rasensport Horrem,10,"Kreisliga C, Gr. 2 · Kreis Grevenbroich-Neuss",11,2,1,0,1,6,6,0,3,1.5
3006,,1. FC Mecklenbeck,10,Kreisliga B 1 Herren · Kreis Münster,7,2,1,0,1,5,5,0,3,1.5
3007,,FC Internationale Oberhausen 2,10,Kreisliga C1 Breil · Kreis Oberhausen-Bottrop,7,2,1,0,1,5,5,0,3,1.5
3008,,FSG Ahlen II,10,Kreisliga B Beckum,8,2,1,0,1,5,5,0,3,1.5
3009,,SG Sintfeld-Diemeltal,10,Kreisliga B2 Paderborn,6,4,2,0,2,10,10,0,6,1.5
3010,,SV Beeckerwerth II,10,"Kreisliga C, Gruppe 2 · Kreis Duisburg-Mülheim-Dinslak",10,2,1,0,1,5,5,0,3,1.5
3011,,SV Dorsten-Hardt II,10,RE KL B 1 · Kreis Recklinghausen,7,2,1,0,1,5,5,0,3,1.5
3012,,SV Drensteinfurt II,10,Kreisliga B 3 Herren · Kreis Münster,8,2,1,0,1,5,5,0,3,1.5
3013,,TuS Gahlen II,10,RE KL B 1 · Kreis Recklinghausen,8,2,1,0,1,5,5,0,3,1.5
3014,,VfB Kirchhellen 1920 II,10,Kreisliga B 1 Herren · Kreis Gelsenkirchen,8,4,2,0,2,10,10,0,6,1.5
3015,,VfL Ummeln II,10,Kreisliga B Staffel 2 · Kreis Bielefeld,8,4,2,0,2,10,10,0,6,1.5
3016,,Wambeler SV,10,Kreisliga B2 - Dortmund,7,2,1,0,1,5,5,0,3,1.5
3017,,BSV Fortuna Dortmund,10,Kreisliga B2 - Dortmund,8,2,1,0,1,4,4,0,3,1.5
3018,,DJK Borussia Münster III,10,Kreisliga B 3 Herren · Kreis Münster,9,2,1,0,1,4,4,0,3,1.5
3019,,FC Herdecke-Ende II,10,Kreisliga B2 Hagen,9,2,1,0,1,4,4,0,3,1.5
3020,,SG Hemer II,10,Kreisliga B - Iserlohn,8,2,1,0,1,4,4,0,3,1.5
3021,,SV Ararat Gevelsberg III,10,Kreisliga B2 Hagen,10,2,1,0,1,4,4,0,3,1.5
3022,,SV Setzen II,10,Kreisliga B1-SIWI · Kreis Siegen-Wittgenstein,8,2,1,0,1,4,4,0,3,1.5
3023,,Teut. SuS Waltrop II,10,RE KL B 3 · Kreis Recklinghausen,9,2,1,0,1,4,4,0,3,1.5
3024,,VfL Gennebreck,10,Kreisliga B2 Hagen,11,2,1,0,1,4,4,0,3,1.5
3025,,FC Sandzak-Hattingen,10,Kreisliga B3 Herren · Kreis Bochum,8,4,2,0,2,7,7,0,6,1.5
3026,,DJK Eintr. Coesfeld II,10,Kreisliga B 2 Ahaus-Coesfeld,9,2,1,0,1,3,3,0,3,1.5
3027,,SF Ay Yildiz Derne,10,Kreisliga B3 - Dortmund,7,2,1,0,1,3,3,0,3,1.5
3028,,SV Wanne 1911 III,10,Herren Kreisliga B1 · Kreis Herne,7,2,1,0,1,3,3,0,3,1.5
3029,,Spvgg Gustorf-Gindorf 24/27 II,10,"Kreisliga C, Gr. 1 · Kreis Grevenbroich-Neuss",10,2,1,0,1,3,3,0,3,1.5
3030,,Viktoria Resse II,10,Kreisliga B 2 Herren · Kreis Gelsenkirchen,9,4,2,0,2,5,5,0,6,1.5
3031,,SV Sudhagen,10,Kreisliga B1 Paderborn,10,4,2,0,2,10,11,-1,6,1.5
3032,,Schwarz-Weiß Buer-Bülse,10,Kreisliga B 1 Herren · Kreis Gelsenkirchen,10,4,2,0,2,6,7,-1,6,1.5
3033,,SC Viktoria Rott 3,10,Kreisliga C Gruppe 1 · Kreis Wuppertal-Niederberg,10,2,1,0,1,7,8,-1,3,1.5
3034,,BW Westf. Langenbochum II,10,RE KL B 2 · Kreis Recklinghausen,6,2,1,0,1,6,7,-1,3,1.5
3035,,SC Reken II,10,RE KL B 1 · Kreis Recklinghausen,9,2,1,0,1,6,7,-1,3,1.5
3036,,SG Borken,10,RE KL B 1 · Kreis Recklinghausen,10,2,1,0,1,6,7,-1,3,1.5
3037,,GW Marathon Münster,10,Kreisliga B 1 Herren · Kreis Münster,8,2,1,0,1,5,6,-1,3,1.5
3038,,Hasper SV,10,Kreisliga B1 Hagen,10,2,1,0,1,5,6,-1,3,1.5
3039,,SC Reken III,10,RE KL B 1 · Kreis Recklinghausen,11,2,1,0,1,5,6,-1,3,1.5
3040,,SF Oestrich,10,Kreisliga B - Iserlohn,9,2,1,0,1,5,6,-1,3,1.5
3041,,SG Laasphe/Niederlaasphe,10,Kreisliga B2-SIWI · Kreis Siegen-Wittgenstein,9,2,1,0,1,5,6,-1,3,1.5
3042,,SpVg Möhnesee II,10,Kreisliga B Herren · Kreis Soest,7,4,2,0,2,10,12,-2,6,1.5
3043,,FC Kray III.,10,Kreisliga C Gruppe 3 · Kreis Essen,10,2,1,0,1,4,5,-1,3,1.5
3044,,FC RW Dorsten,10,RE KL B 1 · Kreis Recklinghausen,12,2,1,0,1,4,5,-1,3,1.5
3045,,SC Westfalia Kinderhaus III,10,Kreisliga B 1 Herren · Kreis Münster,9,2,1,0,1,4,5,-1,3,1.5
3046,,SC GW Holtheim,10,Kreisliga B2 Paderborn,8,4,2,0,2,7,9,-2,6,1.5
3047,,SG Hohenwepel/Menne,10,Kreisliga B Gruppe 2 · Kreis Höxter,5,4,2,0,2,7,9,-2,6,1.5
3048,,NK Croatia Düsseldorf,10,Kreisliga C 26/27 Gruppe 3 Herren · Kreis Düsseldorf,8,2,1,0,1,3,4,-1,3,1.5
3049,,SG Telgte II,10,Kreisliga B 2 Herren · Kreis Münster,8,2,1,0,1,3,4,-1,3,1.5
3050,,SW Beerlage,10,Kreisliga B 2 Ahaus-Coesfeld,10,2,1,0,1,2,3,-1,3,1.5
3051,,VfL Klosterbauerschaft,10,Kreisliga B · Kreis Herford,9,4,2,0,2,7,10,-3,6,1.5
3052,,SV Concordia Oberhausen 66/71 e.V. II,10,Kreisliga C1 Breil · Kreis Oberhausen-Bottrop,9,2,1,0,1,7,9,-2,3,1.5
3053,,VfB Westhofen II,10,Kreisliga B2 - Dortmund,9,2,1,0,1,7,9,-2,3,1.5
3054,,FC Romania Unita 2020 e.V.,10,Kreisliga B2 Unna-Hamm,9,4,2,0,2,13,17,-4,6,1.5
3055,,Borghorster FC III,10,Kreisliga B Steinfurt,8,2,1,0,1,6,8,-2,3,1.5
3056,,FC Bosna Hagen,10,Kreisliga B1 Hagen,11,2,1,0,1,5,7,-2,3,1.5
3057,,VfR Rauxel 08,10,Herren Kreisliga B1 · Kreis Herne,8,2,1,0,1,5,7,-2,3,1.5
3058,,DJK SF Nette,10,Kreisliga B1 - Dortmund,9,2,1,0,1,4,6,-2,3,1.5
3059,,VfB Marsberg II,10,Kreisliga B 3 Hochsauerland Findungsrunde · Kreis Hochsauerlandkreis,5,2,1,0,1,4,6,-2,3,1.5
3060,,Hörder SC II,10,Kreisliga B2 - Dortmund,10,2,1,0,1,3,5,-2,3,1.5
3061,,TuS Düsseldorf-Nord II,10,Kreisliga C 26/27 Gruppe 3 Herren · Kreis Düsseldorf,9,2,1,0,1,2,4,-2,3,1.5
3062,,SpVg. Heepen III,10,Kreisliga B Staffel 2 · Kreis Bielefeld,9,4,2,0,2,5,10,-5,6,1.5
3063,,FC Adler Meindorf II,10,Kreisliga C Staffel 5 · Kreis Sieg,7,2,1,0,1,7,10,-3,3,1.5
3064,,SG SV Straelen III / SC Blau-Weiß Auwel-Holt II,10,Kreisliga C Gruppe 3 · Kreis Kleve-Geldern,7,4,2,0,2,11,17,-6,6,1.5
3065,,TV Brechten II,10,Kreisliga B3 - Dortmund,8,2,1,0,1,4,7,-3,3,1.5
3066,,VfL Schwerte II,10,Kreisliga B2 - Dortmund,11,2,1,0,1,4,7,-3,3,1.5
3067,,Ahlener SG II,10,Kreisliga B Beckum,9,2,1,0,1,2,5,-3,3,1.5
3068,,SC Zurstraße 70,10,Kreisliga B2 Hagen,12,2,1,0,1,2,5,-3,3,1.5
3069,,SKC Maroc Hamm,10,Kreisliga B1 Unna-Hamm,9,4,2,0,2,10,17,-7,6,1.5
3070,,GFV Olympos Menden,10,Kreisliga B - Iserlohn,10,2,1,0,1,7,11,-4,3,1.5
3071,,SV Teutonia Überruhr II.,10,Kreisliga C Gruppe 2 · Kreis Essen,8,2,1,0,1,6,10,-4,3,1.5
3072,,Siegener SC,10,Kreisliga B1-SIWI · Kreis Siegen-Wittgenstein,9,2,1,0,1,5,9,-4,3,1.5
3073,,TuS Dotzlar,10,Kreisliga B2-SIWI · Kreis Siegen-Wittgenstein,10,2,1,0,1,5,9,-4,3,1.5
3074,,SW Meckinghoven II,10,RE KL B 3 · Kreis Recklinghausen,10,2,1,0,1,3,7,-4,3,1.5
3075,,SV Hemmerden,10,"Kreisliga C, Gr. 1 · Kreis Grevenbroich-Neuss",12,2,1,0,1,2,6,-4,3,1.5
3076,,C.S.I.-Milano Wuppertal 2,10,Kreisliga C Gruppe 2 · Kreis Wuppertal-Niederberg,6,2,1,0,1,5,10,-5,3,1.5
3077,,FC Wahlbach,10,Kreisliga B1-SIWI · Kreis Siegen-Wittgenstein,10,2,1,0,1,2,7,-5,3,1.5
3078,,FC Hasretspor Bochum,10,Kreisliga B2 Herren · Kreis Bochum,7,4,2,0,2,11,23,-12,6,1.5
3079,,BSG Eternit,10,Kreisliga B Beckum,10,2,1,0,1,4,10,-6,3,1.5
3080,,SF 06 Sterkrade II,10,Kreisliga C1 Breil · Kreis Oberhausen-Bottrop,11,2,1,0,1,6,14,-8,3,1.5
3081,,SpVgg Lülsdorf-Ranzel II,10,Kreisliga C Staffel 4 · Kreis Sieg,9,2,1,0,1,3,11,-8,3,1.5
3082,,TB Oberhausen IV,10,Kreisliga C1 Breil · Kreis Oberhausen-Bottrop,12,2,1,0,1,4,13,-9,3,1.5
3083,,SC RW Maaslingen II,10,Kreisliga B Minden,7,5,2,1,2,14,8,6,7,1.4
3084,,TuS Kleinenbremen,10,Kreisliga B Minden,8,5,2,1,2,9,16,-7,7,1.4
3085,,RWS Lohberg III,10,"Kreisliga C, Gruppe 3 · Kreis Duisburg-Mülheim-Dinslak",9,3,1,1,1,20,4,16,4,1.33
3086,,SV Bommern 05 II,10,Kreisliga B3 Herren · Kreis Bochum,9,3,1,1,1,21,9,12,4,1.33
3087,,SC Leichlingen II.,10,Kreisliga C · Kreis Remscheid-Solingen,9,3,1,1,1,13,6,7,4,1.33
3088,,SG Bödefeld/Henne-Rartal II,10,Kreisliga B 2 Hochsauerland Findungsrunde · Kreis Hochsauerlandkreis,4,3,1,1,1,11,4,7,4,1.33
3089,,BSC Rheda,10,Kreisliga B Gr. 1 GT · Kreis Gütersloh,5,3,1,1,1,10,3,7,4,1.33
3090,,SV 09 Otzenrath 2,10,Kreisliga C Gruppe 1 · Kreis Mönchengladbach-Viersen,3,3,2,1,0,9,2,7,4,1.33
3091,,TSC Steinheim,10,Kreisliga B Gruppe 1 · Kreis Höxter,7,3,1,1,1,17,12,5,4,1.33
3092,,SV Gelb Weiß Hamborn 1930 II,10,"Kreisliga C, Gruppe 3 · Kreis Duisburg-Mülheim-Dinslak",10,3,1,1,1,13,9,4,4,1.33
3093,,SuS Gohr 2,10,"Kreisliga C, Gr. 1 · Kreis Grevenbroich-Neuss",5,3,1,1,1,12,8,4,4,1.33
3094,,FC BOSPORUS OBERHAUSEN 2,10,Kreisliga C1 Breil · Kreis Oberhausen-Bottrop,5,3,1,1,1,11,7,4,4,1.33
3095,,SC Werden-Heidhausen IV.,10,Kreisliga C Gruppe 3 · Kreis Essen,6,3,1,1,1,15,12,3,4,1.33
3096,,Polizei SV Mönchengladbach 2,10,Kreisliga C Gruppe 4 · Kreis Mönchengladbach-Viersen,5,3,1,1,1,9,6,3,4,1.33
3097,,Sportring Eller 1892 e.V.,10,Kreisliga C 26/27 Gruppe 3 Herren · Kreis Düsseldorf,6,3,1,1,1,8,5,3,4,1.33
3098,,SVG Neuss-Weissenberg III,10,"Kreisliga C, Gr. 2 · Kreis Grevenbroich-Neuss",6,3,1,1,1,13,11,2,4,1.33
3099,,GW Langenberg-Benteler II,10,Kreisliga B Gr. 1 GT · Kreis Gütersloh,7,3,1,1,1,10,8,2,4,1.33
3100,,TSV Norf 3,10,"Kreisliga C, Gr. 2 · Kreis Grevenbroich-Neuss",7,3,1,1,1,9,7,2,4,1.33
3101,,SW Marienfeld,10,Kreisliga B Gr. 1 GT · Kreis Gütersloh,8,3,1,1,1,7,5,2,4,1.33
3102,,SV BW Oberbauerschaft,10,Kreisliga B K 20 Lübbecke,9,3,1,1,1,5,3,2,4,1.33
3103,,DJK Rheinkraft Neuss,10,"Kreisliga C, Gr. 2 · Kreis Grevenbroich-Neuss",8,3,1,1,1,12,11,1,4,1.33
3104,,TSV Amshausen,10,Kreisliga B Staffel 1 · Kreis Bielefeld,10,3,1,1,1,9,8,1,4,1.33
3105,,SG Elpe/Andreasberg,10,Kreisliga B 2 Hochsauerland Findungsrunde · Kreis Hochsauerlandkreis,5,3,1,1,1,7,6,1,4,1.33
3106,,SpVg. Westfalia Buer,10,Kreisliga B 1 Herren · Kreis Gelsenkirchen,12,3,1,1,1,6,5,1,4,1.33
3107,,TuS Godelheim,10,Kreisliga B Gruppe 1 · Kreis Höxter,8,3,1,1,1,6,5,1,4,1.33
3108,,Hastener TV 2,10,Kreisliga C · Kreis Remscheid-Solingen,10,3,1,1,1,10,10,0,4,1.33
3109,,SGE Bedburg-Hau 05 II,10,Kreisliga C Gruppe 1 · Kreis Kleve-Geldern,8,3,1,1,1,10,10,0,4,1.33
3110,,FC Sürenheide 1976 II,10,Kreisliga B Gr. 2 GT · Kreis Gütersloh,8,3,1,1,1,8,8,0,4,1.33
3111,,TuS Gevelinghausen,10,Kreisliga B 3 Hochsauerland Findungsrunde · Kreis Hochsauerlandkreis,4,3,1,1,1,7,7,0,4,1.33
3112,,VfB Schloß Holte III,10,Kreisliga B Gr. 2 GT · Kreis Gütersloh,9,3,1,1,1,7,7,0,4,1.33
3113,,FC Sportfreunde Rüttenscheid II.,10,Kreisliga C Gruppe 3 · Kreis Essen,7,3,1,1,1,6,6,0,4,1.33
3114,,SG Mehr-Niel/Wyler-Zyfflich,10,Kreisliga C Gruppe 1 · Kreis Kleve-Geldern,9,3,1,1,1,6,6,0,4,1.33
3115,,Türkgücü Ratingen II,10,Kreisliga C 26/27 Gruppe 1 Herren · Kreis Düsseldorf,8,3,1,1,1,6,6,0,4,1.33
3116,,Herzebrocker SV II,10,Kreisliga B Gr. 1 GT · Kreis Gütersloh,9,3,1,1,1,5,5,0,4,1.33
3117,,SSV Delrath 2,10,"Kreisliga C, Gr. 1 · Kreis Grevenbroich-Neuss",7,3,1,1,1,4,4,0,4,1.33
3118,,SG Bentorf/Hohenhausen II,10,Kreisliga B Lemgo,10,3,1,1,1,3,3,0,4,1.33
3119,,TSV Kirchheide II,10,Kreisliga B Lemgo,11,3,1,1,1,3,3,0,4,1.33
3120,,DJK Lösort Meiderich III,10,"Kreisliga C, Gruppe 2 · Kreis Duisburg-Mülheim-Dinslak",9,3,1,1,1,7,8,-1,4,1.33
3121,,1. FC Viersen 2,10,Kreisliga C Gruppe 4 · Kreis Mönchengladbach-Viersen,6,3,1,1,1,6,7,-1,4,1.33
3122,,FC Dardania Gütersloh,10,Kreisliga B Gr. 1 GT · Kreis Gütersloh,10,3,1,1,1,5,7,-2,4,1.33
3123,,Polizei SV Neuss 3,10,"Kreisliga C, Gr. 2 · Kreis Grevenbroich-Neuss",9,3,1,1,1,3,5,-2,4,1.33
3124,,Alemannia Pfalzdorf IV,10,Kreisliga C Gruppe 2 · Kreis Kleve-Geldern,7,3,1,1,1,9,12,-3,4,1.33
3125,,TSV Heimaterde III,10,"Kreisliga C, Gruppe 1 · Kreis Duisburg-Mülheim-Dinslak",10,3,1,1,1,9,12,-3,4,1.33
3126,,MSV Mönchengladbach 2,10,Kreisliga C Gruppe 2 · Kreis Mönchengladbach-Viersen,4,3,1,1,1,10,14,-4,4,1.33
3127,,SCW Liemke II,10,Kreisliga B Gr. 2 GT · Kreis Gütersloh,10,3,1,1,1,6,10,-4,4,1.33
3128,,SV Fortuna Keppeln,10,Kreisliga C Gruppe 2 · Kreis Kleve-Geldern,8,3,1,1,1,12,18,-6,4,1.33
3129,,FC Hilletal,10,Kreisliga B 2 Hochsauerland Findungsrunde · Kreis Hochsauerlandkreis,6,3,1,1,1,5,11,-6,4,1.33
3130,,BV Grün-Weiß Holt 3,10,Kreisliga C Gruppe 3 · Kreis Mönchengladbach-Viersen,4,3,1,1,1,10,17,-7,4,1.33
3131,,SG Heiligenberg,10,Kreisliga B Gruppe 1 · Kreis Höxter,5,4,1,2,1,10,7,3,5,1.25
3132,,SSV Herlinghausen,10,Kreisliga B Gruppe 2 · Kreis Höxter,6,4,1,2,1,7,4,3,5,1.25
3133,,SV Diestelbruch-Mosebeck II,10,Kreisliga B · Kreis Detmold,10,4,1,2,1,13,11,2,5,1.25
3134,,Spielverein Westfalia Soest III,10,Kreisliga B Herren · Kreis Soest,8,4,1,2,1,11,10,1,5,1.25
3135,,FC Möllmicke,10,Kreisliga B Olpe,8,4,1,2,1,9,8,1,5,1.25
3136,,FC Türksport Steinhagen,10,Kreisliga B Staffel 2 · Kreis Bielefeld,10,4,1,2,1,8,7,1,5,1.25
3137,,SG Halberbracht/Oedingen/Oberelspe,10,Kreisliga B Olpe,9,4,1,2,1,10,10,0,5,1.25
3138,,SV Bochum-Vöde,10,Kreisliga B1 Herren · Kreis Bochum,11,4,1,2,1,10,10,0,5,1.25
3139,,FC Olpe,10,Kreisliga B Olpe,10,4,1,2,1,9,9,0,5,1.25
3140,,1. FC Nieheim II,10,Kreisliga B Gruppe 1 · Kreis Höxter,6,4,1,2,1,8,8,0,5,1.25
3141,,Rot-Weiß Hünsborn II,10,Kreisliga B Olpe,11,4,1,2,1,7,7,0,5,1.25
3142,,Hirschberger Sportverein,10,Kreisliga B Lippstadt,8,4,1,2,1,6,7,-1,5,1.25
3143,,SG Lütgeneder/Dössel,10,Kreisliga B Gruppe 2 · Kreis Höxter,7,4,1,2,1,5,7,-2,5,1.25
3144,,SuS Beckhausen 05,10,Kreisliga B 1 Herren · Kreis Gelsenkirchen,11,4,1,2,1,4,7,-3,5,1.25
3145,,SG SV Schmerlecke/BW Völlinghausen,10,Kreisliga B Lippstadt,9,4,1,2,1,5,9,-4,5,1.25
3146,,SG Sabbenhausen-Elbrinxen-Falkenhagen-Lügde II,10,Kreisliga B · Kreis Detmold,11,4,1,2,1,9,14,-5,5,1.25
3147,,TuS Lenhausen,10,Kreisliga B Olpe,12,4,1,2,1,6,11,-5,5,1.25
3148,,TuS Lahde-Quetzen II,10,Kreisliga B Minden,9,5,2,0,3,13,13,0,6,1.2
3149,,SVG Grevenbroich II 1988 e.V. 2,10,"Kreisliga C, Gr. 2 · Kreis Grevenbroich-Neuss",10,3,2,0,1,17,3,14,3,1.0
3150,,TV Grafenberg,10,Kreisliga C 26/27 Gruppe 3 Herren · Kreis Düsseldorf,7,3,1,0,2,12,4,8,3,1.0
3151,,AL-ARZ Libanon Essen III.,10,Kreisliga C Gruppe 1 · Kreis Essen,7,3,2,0,1,15,9,6,3,1.0
3152,,SV Hüllhorst-Oberbauerschaft,10,Kreisliga B K 20 Lübbecke,8,4,1,1,2,13,7,6,4,1.0
3153,,Heisinger SV III.,10,Kreisliga C Gruppe 3 · Kreis Essen,8,3,2,0,1,14,12,2,3,1.0
3154,,SG Wewelsburg/Ahden,10,Kreisliga B2 Paderborn,11,3,1,0,2,11,9,2,3,1.0
3155,,Türk-Gücü Paderborn,10,Kreisliga B2 Paderborn,9,4,1,1,2,14,12,2,4,1.0
3156,,TuS Lohe III,10,Kreisliga B Minden,10,5,1,2,2,9,7,2,5,1.0
3157,,Tur Abdin Gütersloh II,10,Kreisliga B Gr. 1 GT · Kreis Gütersloh,11,3,1,0,2,14,13,1,3,1.0
3158,,DV Solingen 4,10,Kreisliga C · Kreis Remscheid-Solingen,11,3,2,0,1,10,9,1,3,1.0
3159,,VfK Nordbögge,10,Kreisliga B1 Unna-Hamm,11,3,1,0,2,10,9,1,3,1.0
3160,,FC Pech II,10,"Kreisliga C, Gruppe 3 · Kreis Bonn",6,1,0,1,0,5,5,0,1,1.0
3161,,SC Alt.-Ersdorf II,10,"Kreisliga C, Gruppe 3 · Kreis Bonn",7,1,0,1,0,5,5,0,1,1.0
3162,,DJK Eintracht Borbeck,10,Kreisliga C Gruppe 2 · Kreis Essen,7,3,1,0,2,14,14,0,3,1.0
3163,,Arriba Perú e.V.,10,"Kreisliga C, Gruppe 1 · Kreis Bonn",7,1,0,1,0,4,4,0,1,1.0
3164,,FC Zrinski,10,Kreisliga B 2 Herren · Kreis Gelsenkirchen,12,3,1,0,2,12,12,0,3,1.0
3165,,SG Agathaberg II,10,Kreisliga C 5 · Kreis Berg,5,1,0,1,0,4,4,0,1,1.0
3166,,SG Herdringen/Müschede II,10,Kreisliga B Arnsberg,6,1,0,1,0,4,4,0,1,1.0
3167,,SSV Küntrop,10,Kreisliga B Arnsberg,7,1,0,1,0,4,4,0,1,1.0
3168,,SV Boluspor Bonn III,10,"Kreisliga C, Gruppe 1 · Kreis Bonn",8,1,0,1,0,4,4,0,1,1.0
3169,,TSG Bonn,10,"Kreisliga C, Gruppe 2 · Kreis Bonn",4,1,0,1,0,4,4,0,1,1.0
3170,,VfL Lengsdorf,10,"Kreisliga C, Gruppe 2 · Kreis Bonn",5,1,0,1,0,4,4,0,1,1.0
3171,,VfR Wipperfürth 2,10,Kreisliga C 5 · Kreis Berg,6,1,0,1,0,4,4,0,1,1.0
3172,,SV Schelsen 2,10,Kreisliga C Gruppe 2 · Kreis Mönchengladbach-Viersen,5,3,1,0,2,11,11,0,3,1.0
3173,,DJK Gillrath II,10,"Kreisliga C,  Staffel 3 · Kreis Heinsberg",4,1,0,1,0,3,3,0,1,1.0
3174,,DJK SV GW Erkenschwick,10,RE KL B 2 · Kreis Recklinghausen,7,1,0,1,0,3,3,0,1,1.0
3175,,FC BW Friesdorf II,10,"Kreisliga C, Gruppe 2 · Kreis Bonn",6,1,0,1,0,3,3,0,1,1.0
3176,,FC Eintracht Rheine II,10,Kreisliga B Steinfurt,9,2,0,2,0,6,6,0,2,1.0
3177,,FSV 09 Geilenkirchen III,10,"Kreisliga C,  Staffel 3 · Kreis Heinsberg",5,1,0,1,0,3,3,0,1,1.0
3178,,MSV Hilden II,10,Kreisliga C 26/27 Gruppe 2 Herren · Kreis Düsseldorf,7,1,0,1,0,3,3,0,1,1.0
3179,,SSV Bornheim III,10,"Kreisliga C, Gruppe 1 · Kreis Bonn",9,1,0,1,0,3,3,0,1,1.0
3180,,SSV Erkrath III,10,Kreisliga C 26/27 Gruppe 3 Herren · Kreis Düsseldorf,10,1,0,1,0,3,3,0,1,1.0
3181,,SV Bonner Kickers,10,"Kreisliga C, Gruppe 1 · Kreis Bonn",10,1,0,1,0,3,3,0,1,1.0
3182,,SV Hertha Buschhoven II,10,"Kreisliga C, Gruppe 3 · Kreis Bonn",8,1,0,1,0,3,3,0,1,1.0
3183,,SV Wachtberg III,10,"Kreisliga C, Gruppe 3 · Kreis Bonn",9,1,0,1,0,3,3,0,1,1.0
3184,,TSV Handorf II,10,Kreisliga B 2 Herren · Kreis Münster,9,1,0,1,0,3,3,0,1,1.0
3185,,TV Klaswipper II,10,Kreisliga C 5 · Kreis Berg,7,1,0,1,0,3,3,0,1,1.0
3186,,TuS Pützchen 05 e.V.,10,"Kreisliga C, Gruppe 2 · Kreis Bonn",7,1,0,1,0,3,3,0,1,1.0
3187,,TuS Weiershagen 2,10,Kreisliga C 5 · Kreis Berg,8,1,0,1,0,3,3,0,1,1.0
3188,,DJK/VfL Billerbeck II,10,Kreisliga B 2 Ahaus-Coesfeld,11,2,0,2,0,5,5,0,2,1.0
3189,,DJK Grün-Weiß Appeldorn II,10,Kreisliga C Gruppe 2 · Kreis Kleve-Geldern,10,3,1,0,2,7,7,0,3,1.0
3190,,DJK Labbeck-Uedemerbruch,10,Kreisliga C Gruppe 2 · Kreis Kleve-Geldern,11,3,1,0,2,7,7,0,3,1.0
3191,,SUS Schaag 2,10,Kreisliga C 1 · Kreis Kempen-Krefeld,9,3,1,0,2,7,7,0,3,1.0
3192,,1.FC Wassenberg-Orsbeck II,10,"Kreisliga C,  Staffel 2 · Kreis Heinsberg",4,1,0,1,0,2,2,0,1,1.0
3193,,FC Marl II,10,RE KL B 2 · Kreis Recklinghausen,8,1,0,1,0,2,2,0,1,1.0
3194,,FSV 09 Geilenkirchen II,10,"Kreisliga C,  Staffel 2 · Kreis Heinsberg",5,1,0,1,0,2,2,0,1,1.0
3195,,Kreuzauer Sport-Club 05 II,10,Kreisliga C Staffel 3 · Kreis Düren,6,1,0,1,0,2,2,0,1,1.0
3196,,RSG Verb./Gartenstadt e.V.,10,Kreisliga C 3 · Kreis Kempen-Krefeld,7,1,0,1,0,2,2,0,1,1.0
3197,,SC 1936 Grimlinghausen II,10,"Kreisliga C, Gr. 2 · Kreis Grevenbroich-Neuss",12,3,1,0,2,6,6,0,3,1.0
3198,,SC Alemannia Straß,10,Kreisliga C Staffel 3 · Kreis Düren,7,1,0,1,0,2,2,0,1,1.0
3199,,SC Kellersberg II,10,Kreisliga C Staffel 2 · Kreis Aachen,6,1,0,1,0,2,2,0,1,1.0
3200,,SC Roitzheim II,10,Kreisliga C 1 · Kreis Euskirchen,7,1,0,1,0,2,2,0,1,1.0
3201,,SG Erfthöhen 98 eV,10,Kreisliga C 2 · Kreis Euskirchen,7,1,0,1,0,2,2,0,1,1.0
3202,,SG Germania Burgwart II,10,Kreisliga C Staffel 3 · Kreis Düren,8,1,0,1,0,2,2,0,1,1.0
3203,,SG Keldenich-Scheven II,10,Kreisliga C 2 · Kreis Euskirchen,8,1,0,1,0,2,2,0,1,1.0
3204,,SG Ülpenich-Nemmenich-Elsig 2,10,Kreisliga C 2 · Kreis Euskirchen,9,1,0,1,0,2,2,0,1,1.0
3205,,SV Oppum 3,10,Kreisliga C 3 · Kreis Kempen-Krefeld,8,1,0,1,0,2,2,0,1,1.0
3206,,SV Schöneseiffen 1950 e.V. II,10,Kreisliga C 2 · Kreis Euskirchen,10,1,0,1,0,2,2,0,1,1.0
3207,,Sportfreunde Wanne-Eickel II,10,Herren Kreisliga B2 · Kreis Herne,7,1,0,1,0,2,2,0,1,1.0
3208,,Sportfreunde Üdingen,10,Kreisliga C Staffel 3 · Kreis Düren,9,1,0,1,0,2,2,0,1,1.0
3209,,TuS Alchen,10,Kreisliga B1-SIWI · Kreis Siegen-Wittgenstein,11,2,0,2,0,4,4,0,2,1.0
3210,,TuS Dom-Esch II,10,Kreisliga C 1 · Kreis Euskirchen,8,1,0,1,0,2,2,0,1,1.0
3211,,Union Ritzerfeld II,10,Kreisliga C Staffel 2 · Kreis Aachen,7,1,0,1,0,2,2,0,1,1.0
3212,,SG Frimmersdorf-Neurath,10,"Kreisliga C, Gr. 1 · Kreis Grevenbroich-Neuss",9,3,1,0,2,5,5,0,3,1.0
3213,,SV Preußen Eiberg III.,10,Kreisliga C Gruppe 3 · Kreis Essen,9,3,0,3,0,5,5,0,3,1.0
3214,,Ibbenbürener Spvg III,10,Kreisliga B · Kreis Tecklenburg,8,2,0,2,0,3,3,0,2,1.0
3215,,Tus Graf Kobbo Tecklenburg II,10,Kreisliga B · Kreis Tecklenburg,9,2,0,2,0,3,3,0,2,1.0
3216,,ASG Uni Bonn II,10,"Kreisliga C, Gruppe 2 · Kreis Bonn",8,1,0,1,0,1,1,0,1,1.0
3217,,ASV Sankt Augustin II,10,Kreisliga C Staffel 4 · Kreis Sieg,10,1,0,1,0,1,1,0,1,1.0
3218,,Badorf/Pingsdorf 2,10,Kreisliga C Staffel 5 · Kreis Rhein-Erft,6,1,0,1,0,1,1,0,1,1.0
3219,,Cologne 11 I,10,Kreisliga C Staffel 1 · Kreis Köln,6,1,0,1,0,1,1,0,1,1.0
3220,,FC Bensberg II,10,Kreisliga C 4 · Kreis Berg,7,1,0,1,0,1,1,0,1,1.0
3221,,FC Hürth III,10,Kreisliga C Staffel 5 · Kreis Rhein-Erft,7,1,0,1,0,1,1,0,1,1.0
3222,,JSV Köln 96 I,10,Kreisliga C Staffel 1 · Kreis Köln,7,1,0,1,0,1,1,0,1,1.0
3223,,KF 2. Korriku Sundern,10,Kreisliga B Arnsberg,8,1,0,1,0,1,1,0,1,1.0
3224,,Makkabi Köln I,10,Kreisliga C Staffel 2 · Kreis Köln,7,1,0,1,0,1,1,0,1,1.0
3225,,SG Hunsheim,10,Kreisliga C 6 · Kreis Berg,7,1,0,1,0,1,1,0,1,1.0
3226,,SSV Bergneustadt 2,10,Kreisliga C 6 · Kreis Berg,8,1,0,1,0,1,1,0,1,1.0
3227,,SSV Berzdorf II,10,Kreisliga C Staffel 5 · Kreis Rhein-Erft,8,1,0,1,0,1,1,0,1,1.0
3228,,SV Beuel 06 III,10,"Kreisliga C, Gruppe 2 · Kreis Bonn",9,1,0,1,0,1,1,0,1,1.0
3229,,SV Breberen II,10,"Kreisliga C,  Staffel 3 · Kreis Heinsberg",6,1,0,1,0,1,1,0,1,1.0
3230,,SV Heek II,10,Kreisliga B 1 Ahaus-Coesfeld,9,2,0,2,0,2,2,0,2,1.0
3231,,SV Kendenich,10,Kreisliga C Staffel 5 · Kreis Rhein-Erft,9,1,0,1,0,1,1,0,1,1.0
3232,,SV Niederzier II,10,Kreisliga C Staffel 1 · Kreis Düren,7,1,0,1,0,1,1,0,1,1.0
3233,,SVG Birgden-Langbroich-Schierwaldenrath,10,"Kreisliga C,  Staffel 3 · Kreis Heinsberg",7,1,0,1,0,1,1,0,1,1.0
3234,,Siegburger SV 04 U23,10,Kreisliga C Staffel 5 · Kreis Sieg,8,1,0,1,0,1,1,0,1,1.0
3235,,SpVgg. Jackerath-Opherten II,10,Kreisliga C Staffel 1 · Kreis Düren,8,1,0,1,0,1,1,0,1,1.0
3236,,TuS Marialinden II,10,Kreisliga C 4 · Kreis Berg,8,1,0,1,0,1,1,0,1,1.0
3237,,Türkgücü Velbert 2,10,Kreisliga C Gruppe 2 · Kreis Wuppertal-Niederberg,7,1,0,1,0,1,1,0,1,1.0
3238,,Türkiyemspor Neh.-Hüsten,10,Kreisliga B Arnsberg,9,1,0,1,0,1,1,0,1,1.0
3239,,Vorwärts Spoho II,10,Kreisliga C Staffel 2 · Kreis Köln,8,1,0,1,0,1,1,0,1,1.0
3240,,FC Neukirchen-Vluyn IV,10,KL C Gruppe 2 · Kreis Moers,8,1,0,1,0,0,0,0,1,1.0
3241,,FC Randerath/Porselen II,10,"Kreisliga C,  Staffel 2 · Kreis Heinsberg",6,1,0,1,0,0,0,0,1,1.0
3242,,SV SW Merzbach,10,"Kreisliga C, Gruppe 3 · Kreis Bonn",10,1,0,1,0,0,0,0,1,1.0
3243,,TB 1906 Witterschlick II,10,"Kreisliga C, Gruppe 3 · Kreis Bonn",11,1,0,1,0,0,0,0,1,1.0
3244,,TuS Rheinland Dremmen II,10,"Kreisliga C,  Staffel 2 · Kreis Heinsberg",7,1,0,1,0,0,0,0,1,1.0
3245,,VFB Homberg III,10,KL C Gruppe 2 · Kreis Moers,9,1,0,1,0,0,0,0,1,1.0
3246,,SV Bausenhagen II,10,Kreisliga B2 Unna-Hamm,10,4,1,1,2,10,11,-1,4,1.0
3247,,TuS Sennelager,10,Kreisliga B1 Paderborn,11,4,1,1,2,7,8,-1,4,1.0
3248,,SuS Gehrden-Altenheerse,10,Kreisliga B Gruppe 2 · Kreis Höxter,8,4,1,1,2,6,7,-1,4,1.0
3249,,DJK SG Altenessen III,10,Kreisliga C Gruppe 1 · Kreis Essen,8,3,1,0,2,14,15,-1,3,1.0
3250,,DJK Lösort Meiderich II,10,"Kreisliga C, Gruppe 3 · Kreis Duisburg-Mülheim-Dinslak",11,3,1,0,2,8,9,-1,3,1.0
3251,,SG Osterfeld II,10,Kreisliga C1 Breil · Kreis Oberhausen-Bottrop,8,3,1,0,2,8,9,-1,3,1.0
3252,,Rot-Weiß Lintorf II,10,Kreisliga C 26/27 Gruppe 1 Herren · Kreis Düsseldorf,9,3,1,0,2,6,7,-1,3,1.0
3253,,SpVg Schonnebeck 1910 III.,10,Kreisliga C Gruppe 1 · Kreis Essen,9,3,1,0,2,6,7,-1,3,1.0
3254,,TSF Bracht 01/20 e.V. - 2,10,Kreisliga C 1 · Kreis Kempen-Krefeld,10,3,1,0,2,6,7,-1,3,1.0
3255,,TSV Weeze III,10,Kreisliga C Gruppe 3 · Kreis Kleve-Geldern,8,3,1,0,2,5,6,-1,3,1.0
3256,,Blau Weiß Gelsenkirchen,10,Kreisliga B 2 Herren · Kreis Gelsenkirchen,10,4,1,1,2,8,10,-2,4,1.0
3257,,SV 1947 Hilbeck e.V. II,10,Kreisliga B Herren · Kreis Soest,9,4,1,1,2,8,10,-2,4,1.0
3258,,GWR Meiderich II,10,"Kreisliga C, Gruppe 3 · Kreis Duisburg-Mülheim-Dinslak",12,3,1,0,2,6,8,-2,3,1.0
3259,,TuS Liedberg 2,10,Kreisliga C Gruppe 5 · Kreis Mönchengladbach-Viersen,6,3,1,0,2,5,7,-2,3,1.0
3260,,SV 1913 Walbeck III,10,Kreisliga C Gruppe 3 · Kreis Kleve-Geldern,9,3,1,0,2,3,5,-2,3,1.0
3261,,SV Blau-Weiß Etteln,10,Kreisliga B2 Paderborn,10,4,1,1,2,12,15,-3,4,1.0
3262,,SV Germania Stirpe,10,Kreisliga B Lippstadt,10,4,1,1,2,8,11,-3,4,1.0
3263,,SC Viersen-Rahser 2,10,Kreisliga C Gruppe 4 · Kreis Mönchengladbach-Viersen,7,3,1,0,2,11,14,-3,3,1.0
3264,,SV Völlinghausen,10,Kreisliga B Herren · Kreis Soest,10,3,1,0,2,7,10,-3,3,1.0
3265,,SuS Kaiserau III,10,Kreisliga B2 Unna-Hamm,11,3,1,0,2,6,9,-3,3,1.0
3266,,VfB Günnigfeld II,10,Kreisliga B2 Herren · Kreis Bochum,12,3,1,0,2,6,9,-3,3,1.0
3267,,FC Germete-Wormeln II,10,Kreisliga B Gruppe 2 · Kreis Höxter,9,4,1,1,2,7,11,-4,4,1.0
3268,,SV Bad Waldliesborn,10,Kreisliga B Lippstadt,11,4,1,1,2,6,10,-4,4,1.0
3269,,BV Lünen 05,10,Kreisliga B2 Unna-Hamm,12,3,1,0,2,4,7,-3,3,1.0
3270,,Hobby BOT Fuhlenbrocker Haie 2,10,Kreisliga C2 Bliso · Kreis Oberhausen-Bottrop,10,3,1,0,2,4,7,-3,3,1.0
3271,,TuS Dünne,10,Kreisliga B · Kreis Herford,11,3,1,0,2,3,6,-3,3,1.0
3272,,SF Westenfeld II,10,Kreisliga B2 Herren · Kreis Bochum,8,4,1,1,2,11,16,-5,4,1.0
3273,,SG LiDa/Rasensport Weitmar,10,Kreisliga B2 Herren · Kreis Bochum,9,4,1,1,2,6,11,-5,4,1.0
3274,,Genclerbirligi Resse,10,Kreisliga B 1 Herren · Kreis Gelsenkirchen,13,4,1,1,2,3,8,-5,4,1.0
3275,,Breite Burschen Barmen 3,10,Kreisliga C Gruppe 1 · Kreis Wuppertal-Niederberg,11,3,1,0,2,8,12,-4,3,1.0
3276,,Dülkener FC 3,10,Kreisliga C 1 · Kreis Kempen-Krefeld,11,3,1,0,2,7,11,-4,3,1.0
3277,,SG Grieth/Erfgen II,10,Kreisliga C Gruppe 2 · Kreis Kleve-Geldern,12,3,1,0,2,6,10,-4,3,1.0
3278,,DJK Eintracht Hoeningen 2,10,"Kreisliga C, Gr. 1 · Kreis Grevenbroich-Neuss",11,3,1,0,2,5,9,-4,3,1.0
3279,,SG Keeken/Schanz II,10,Kreisliga C Gruppe 1 · Kreis Kleve-Geldern,10,3,1,0,2,5,9,-4,3,1.0
3280,,TuS Friedrichsdorf,10,Kreisliga B Gr. 2 GT · Kreis Gütersloh,11,3,1,0,2,5,9,-4,3,1.0
3281,,FC Mönninghausen II,10,Kreisliga B Lippstadt,12,4,1,1,2,9,15,-6,4,1.0
3282,,SC Westfalia ETuS 04/31 II,10,Kreisliga B 2 Herren · Kreis Gelsenkirchen,11,4,1,1,2,9,15,-6,4,1.0
3283,,SG Gerlingen/Dahl-Friedrichsthal II,10,Kreisliga B Olpe,13,4,1,1,2,7,13,-6,4,1.0
3284,,SG Bergheim-Sandebeck II,10,Kreisliga B Gruppe 1 · Kreis Höxter,9,4,1,1,2,2,8,-6,4,1.0
3285,,Türkiyemspor M‘gladbach 2,10,Kreisliga C Gruppe 2 · Kreis Mönchengladbach-Viersen,6,3,1,0,2,12,17,-5,3,1.0
3286,,SC Enger II,10,Kreisliga B · Kreis Herford,12,3,1,0,2,10,15,-5,3,1.0
3287,,FC Gleidorf Holthausen 1993,10,Kreisliga B 1 Hochsauerland Findungsrunde · Kreis Hochsauerlandkreis,5,3,1,0,2,7,12,-5,3,1.0
3288,,SV Wanheim 1900 III,10,"Kreisliga C, Gruppe 2 · Kreis Duisburg-Mülheim-Dinslak",11,3,1,0,2,5,10,-5,3,1.0
3289,,TSG Harsewinkel II,10,Kreisliga B Gr. 1 GT · Kreis Gütersloh,12,3,1,0,2,4,9,-5,3,1.0
3290,,SG Arpe-Wormbach / Dorlar-Sellinghausen / Cobbenrode II,10,Kreisliga B 1 Hochsauerland Findungsrunde · Kreis Hochsauerlandkreis,6,3,1,0,2,3,8,-5,3,1.0
3291,,BV 09 Hamm,10,Kreisliga B1 Unna-Hamm,10,4,1,1,2,11,18,-7,4,1.0
3292,,SG Welper,10,Kreisliga B3 Herren · Kreis Bochum,12,3,1,0,2,5,11,-6,3,1.0
3293,,FC Karnap 07/27 II.,10,Kreisliga C Gruppe 1 · Kreis Essen,10,3,1,0,2,4,10,-6,3,1.0
3294,,SV Wickrathberg,10,Kreisliga C Gruppe 1 · Kreis Mönchengladbach-Viersen,5,3,1,0,2,9,16,-7,3,1.0
3295,,SV 19 Sevelen III,10,Kreisliga C Gruppe 3 · Kreis Kleve-Geldern,10,3,1,0,2,6,13,-7,3,1.0
3296,,TSG Harsewinkel III,10,Kreisliga B Gr. 2 GT · Kreis Gütersloh,12,3,1,0,2,6,13,-7,3,1.0
3297,,FSV Vatan Neuss 2,10,"Kreisliga C, Gr. 2 · Kreis Grevenbroich-Neuss",13,3,1,0,2,5,12,-7,3,1.0
3298,,FC Welheim III,10,Kreisliga C1 Breil · Kreis Oberhausen-Bottrop,10,3,1,0,2,12,20,-8,3,1.0
3299,,SV Wüsten,10,Kreisliga B Lemgo,12,3,1,0,2,11,19,-8,3,1.0
3300,,Yildizspor 1968 Rheda,10,Kreisliga B Gr. 1 GT · Kreis Gütersloh,13,3,1,0,2,7,15,-8,3,1.0
3301,,DJK Rhenania Kleve II,10,Kreisliga C Gruppe 1 · Kreis Kleve-Geldern,11,3,1,0,2,5,13,-8,3,1.0
3302,,TSV Boisheim 2,10,Kreisliga C 1 · Kreis Kempen-Krefeld,12,3,1,0,2,5,13,-8,3,1.0
3303,,TuS Hackenbroich 2,10,"Kreisliga C, Gr. 1 · Kreis Grevenbroich-Neuss",13,3,1,0,2,5,13,-8,3,1.0
3304,,FC Lübbecke III,10,Kreisliga B K 20 Lübbecke,13,3,1,0,2,4,12,-8,3,1.0
3305,,TuS Stemwede II,10,Kreisliga B K 20 Lübbecke,10,4,1,1,2,5,16,-11,4,1.0
3306,,FC Sportfreunde Rüttenscheid III.,10,Kreisliga C Gruppe 2 · Kreis Essen,9,3,1,0,2,11,20,-9,3,1.0
3307,,SV Reelsen,10,Kreisliga B Gruppe 1 · Kreis Höxter,12,3,1,0,2,11,20,-9,3,1.0
3308,,SG Haaren/Helmern,10,Kreisliga B2 Paderborn,13,3,1,0,2,6,15,-9,3,1.0
3309,,SG Daseburg/Großeneder,10,Kreisliga B Gruppe 2 · Kreis Höxter,10,3,1,0,2,4,13,-9,3,1.0
3310,,SG Oberhausen 92,10,Kreisliga C2 Bliso · Kreis Oberhausen-Bottrop,11,3,1,0,2,7,17,-10,3,1.0
3311,,DJK Wacker Bergeborbeck 1922,10,Kreisliga C Gruppe 2 · Kreis Essen,10,3,1,0,2,6,16,-10,3,1.0
3312,,VfB SR Holsen,10,Kreisliga B1 Paderborn,12,3,1,0,2,4,14,-10,3,1.0
3313,,DKSV Helene Essen III.,10,Kreisliga C Gruppe 1 · Kreis Essen,11,3,1,0,2,6,17,-11,3,1.0
3314,,SGP Oberlohberg II,10,"Kreisliga C, Gruppe 3 · Kreis Duisburg-Mülheim-Dinslak",13,3,1,0,2,3,14,-11,3,1.0
3315,,SC Niederkrüchten 2,10,Kreisliga C 1 · Kreis Kempen-Krefeld,13,3,1,0,2,11,24,-13,3,1.0
3316,,SSV Reichswalde II,10,Kreisliga C Gruppe 2 · Kreis Kleve-Geldern,13,3,1,0,2,3,18,-15,3,1.0
3317,,Bader SV 91 e.V. II,10,Kreisliga C Gruppe 1 · Kreis Essen,12,3,1,0,2,8,27,-19,3,1.0
3318,,SC Oberbecksen/Babbenh.,10,Kreisliga B Minden,11,5,1,1,3,11,17,-6,4,0.8
3319,,TuS Volmerdingsen II,10,Kreisliga B Minden,12,5,1,1,3,5,12,-7,4,0.8
3320,,SV Bölhorst-Häverstädt II,10,Kreisliga B Minden,13,5,1,1,3,9,17,-8,4,0.8
3321,,SG Gorspen-Vahlsen/Windheim II,10,Kreisliga B Minden,14,5,1,1,3,8,19,-11,4,0.8
3322,,Concordia Wiemelhausen III,10,Kreisliga B3 Herren · Kreis Bochum,11,4,1,0,3,11,11,0,3,0.75
3323,,BV Stift Quernheim II,10,Kreisliga B · Kreis Herford,10,4,1,0,3,16,17,-1,3,0.75
3324,,VfB 09/13 Gelsenkirchen,10,Kreisliga B 2 Herren · Kreis Gelsenkirchen,13,4,1,0,3,10,11,-1,3,0.75
3325,,TuS Bad Driburg II,10,Kreisliga B Gruppe 1 · Kreis Höxter,10,4,0,3,1,5,6,-1,3,0.75
3326,,SG Emmer 22,10,Kreisliga B Gruppe 1 · Kreis Höxter,11,4,1,0,3,15,18,-3,3,0.75
3327,,SuS Pivitsheide,10,Kreisliga B · Kreis Detmold,12,4,1,0,3,9,13,-4,3,0.75
3328,,FC Türk Sport Bielefeld II,10,Kreisliga B Staffel 2 · Kreis Bielefeld,11,4,1,0,3,4,8,-4,3,0.75
3329,,SV 21 Büren,10,Kreisliga B2 Paderborn,12,4,1,0,3,10,15,-5,3,0.75
3330,,Isenstedter SC,10,Kreisliga B K 20 Lübbecke,11,4,1,0,3,7,12,-5,3,0.75
3331,,FC Horst 59 e.V,10,Kreisliga B 1 Herren · Kreis Gelsenkirchen,14,4,1,0,3,4,9,-5,3,0.75
3332,,SF Berlebeck-Heiligenkirchen,10,Kreisliga B · Kreis Detmold,13,4,1,0,3,13,19,-6,3,0.75
3333,,FTSV TuS Ost Bielefeld,10,Kreisliga B Staffel 2 · Kreis Bielefeld,12,4,1,0,3,11,17,-6,3,0.75
3334,,Türkischer SV Horn II,10,Kreisliga B · Kreis Detmold,14,4,1,0,3,7,13,-6,3,0.75
3335,,SSV Pr. Ströhen II,10,Kreisliga B K 20 Lübbecke,12,4,1,0,3,6,12,-6,3,0.75
3336,,Bünder SV 08/09 II,10,Kreisliga B · Kreis Herford,13,4,1,0,3,9,16,-7,3,0.75
3337,,SPVG Hiddenhausen II,10,Kreisliga B · Kreis Herford,14,4,1,0,3,9,16,-7,3,0.75
3338,,TuS Einigkeit Hillegossen,10,Kreisliga B Staffel 2 · Kreis Bielefeld,13,4,1,0,3,9,16,-7,3,0.75
3339,,SpVg. Heepen II,10,Kreisliga B Staffel 1 · Kreis Bielefeld,11,4,1,0,3,8,15,-7,3,0.75
3340,,SV Oetinghausen II,10,Kreisliga B · Kreis Herford,15,4,1,0,3,7,14,-7,3,0.75
3341,,GW Ostönnen,10,Kreisliga B Herren · Kreis Soest,11,4,1,0,3,9,18,-9,3,0.75
3342,,SG Oesterweg II,10,Kreisliga B Staffel 1 · Kreis Bielefeld,12,4,1,0,3,9,18,-9,3,0.75
3343,,TV Friesen Milse,10,Kreisliga B Staffel 1 · Kreis Bielefeld,13,4,1,0,3,9,18,-9,3,0.75
3344,,TuS 06 Anröchte II,10,Kreisliga B Lippstadt,13,4,1,0,3,8,17,-9,3,0.75
3345,,SuS Cappel II,10,Kreisliga B Lippstadt,14,4,1,0,3,10,20,-10,3,0.75
3346,,SV BW Benhausen,10,Kreisliga B2 Paderborn,14,4,1,0,3,7,17,-10,3,0.75
3347,,ESV Langendreer-West,10,Kreisliga B3 Herren · Kreis Bochum,13,4,1,0,3,10,21,-11,3,0.75
3348,,Westfalia Wethmar II,10,Kreisliga B2 Unna-Hamm,13,4,1,0,3,7,18,-11,3,0.75
3349,,TuS 1859 Hamm,10,Kreisliga B1 Unna-Hamm,13,4,1,0,3,3,14,-11,3,0.75
3350,,VfR Wellensiek II,10,Kreisliga B Staffel 2 · Kreis Bielefeld,14,4,1,0,3,5,17,-12,3,0.75
3351,,TuRa Rüdinghausen II,10,Kreisliga B3 Herren · Kreis Bochum,14,4,1,0,3,4,17,-13,3,0.75
3352,,Azzurri Calcio PB,10,Kreisliga B2 Paderborn,15,4,1,0,3,5,19,-14,3,0.75
3353,,GS Cappenberg II,10,Kreisliga B2 Unna-Hamm,14,4,1,0,3,4,18,-14,3,0.75
3354,,SC Weitmar 45 III,10,Kreisliga B3 Herren · Kreis Bochum,15,4,1,0,3,7,25,-18,3,0.75
3355,,TuS Eintracht Bielefeld,10,Kreisliga B Staffel 1 · Kreis Bielefeld,14,4,1,0,3,6,38,-32,3,0.75
3356,,TUS 07 Kranenburg II,10,Kreisliga C Gruppe 1 · Kreis Kleve-Geldern,12,3,0,2,1,8,9,-1,2,0.67
3357,,FC Leusberg,10,RE KL B 2 · Kreis Recklinghausen,9,2,0,1,1,6,7,-1,1,0.5
3358,,SV Fortuna Herne II,10,Herren Kreisliga B2 · Kreis Herne,8,2,0,1,1,6,7,-1,1,0.5
3359,,FC Ottenstein II,10,Kreisliga B 1 Ahaus-Coesfeld,10,2,0,1,1,5,6,-1,1,0.5
3360,,SSV Sohlbach-Buchen,10,Kreisliga B1-SIWI · Kreis Siegen-Wittgenstein,12,2,0,1,1,4,5,-1,1,0.5
3361,,TG Almsick,10,Kreisliga B 1 Ahaus-Coesfeld,11,2,0,1,1,4,5,-1,1,0.5
3362,,SC Halen,10,Kreisliga B · Kreis Tecklenburg,10,2,0,1,1,3,4,-1,1,0.5
3363,,SSV Rhade,10,RE KL B 1 · Kreis Recklinghausen,13,2,0,1,1,3,4,-1,1,0.5
3364,,TuS Altenberge II,10,Kreisliga B 1 Herren · Kreis Münster,10,2,0,1,1,2,3,-1,1,0.5
3365,,TuS Recke II,10,Kreisliga B · Kreis Tecklenburg,11,2,0,1,1,2,3,-1,1,0.5
3366,,Wahlscheider SV III,10,Kreisliga C Staffel 5 · Kreis Sieg,9,2,0,1,1,2,3,-1,1,0.5
3367,,DJK Wacker Mecklenbeck II,10,Kreisliga B 1 Herren · Kreis Münster,11,2,0,1,1,1,2,-1,1,0.5
3368,,SC Müssingen,10,Kreisliga B 2 Herren · Kreis Münster,10,2,0,1,1,1,2,-1,1,0.5
3369,,SV Hilden-Ost II,10,Kreisliga C 26/27 Gruppe 3 Herren · Kreis Düsseldorf,11,2,0,1,1,1,2,-1,1,0.5
3370,,VfB Alstätte II,10,Kreisliga B 1 Ahaus-Coesfeld,12,2,0,1,1,1,2,-1,1,0.5
3371,,SF Waltringen,10,Kreisliga B Herren · Kreis Soest,12,4,0,2,2,10,14,-4,2,0.5
3372,,AC Italia Hilden II,10,Kreisliga C 26/27 Gruppe 2 Herren · Kreis Düsseldorf,8,2,0,1,1,4,6,-2,1,0.5
3373,,SV Teuto Riesenbeck II,10,Kreisliga B · Kreis Tecklenburg,12,2,0,1,1,4,6,-2,1,0.5
3374,,DJK Germania Lenkerbeck,10,RE KL B 2 · Kreis Recklinghausen,10,2,0,1,1,3,5,-2,1,0.5
3375,,DJK Spvgg. Herten,10,RE KL B 2 · Kreis Recklinghausen,11,2,0,1,1,3,5,-2,1,0.5
3376,,SW Lienen,10,Kreisliga B · Kreis Tecklenburg,13,2,0,1,1,3,5,-2,1,0.5
3377,,1. FC Oldenburg Ahaus,10,Kreisliga B 1 Ahaus-Coesfeld,13,2,0,1,1,2,4,-2,1,0.5
3378,,SuS Bertlich II,10,RE KL B 3 · Kreis Recklinghausen,11,2,0,1,1,1,3,-2,1,0.5
3379,,SV Waldesrand Linden II,10,Kreisliga B2 Herren · Kreis Bochum,13,4,0,2,2,8,13,-5,2,0.5
3380,,SV Hillmicke,10,Kreisliga B Olpe,14,4,0,2,2,2,7,-5,2,0.5
3381,,TSV Eller 04 U23 III,10,Kreisliga C 26/27 Gruppe 3 Herren · Kreis Düsseldorf,12,2,0,1,1,5,8,-3,1,0.5
3382,,DJK Sportfreunde Hehn 2,10,Kreisliga C Gruppe 3 · Kreis Mönchengladbach-Viersen,6,2,0,1,1,4,7,-3,1,0.5
3383,,FC Galaxy Steinfurt,10,Kreisliga B Steinfurt,10,2,0,1,1,4,7,-3,1,0.5
3384,,TSC Eintracht Dortmund,10,Kreisliga B2 - Dortmund,12,2,0,1,1,4,7,-3,1,0.5
3385,,VfL Senden III,10,Kreisliga B 3 Herren · Kreis Münster,10,2,0,1,1,4,7,-3,1,0.5
3386,,SV Dringenberg,10,Kreisliga B Gruppe 2 · Kreis Höxter,11,4,0,2,2,7,13,-6,2,0.5
3387,,SV Bossendorf,10,RE KL B 3 · Kreis Recklinghausen,12,2,0,1,1,3,6,-3,1,0.5
3388,,TuS 46/68 Uentrop II,10,Kreisliga B1 Unna-Hamm,14,4,0,2,2,5,11,-6,2,0.5
3389,,FC Stella Bevergern,10,Kreisliga B · Kreis Tecklenburg,14,2,0,1,1,2,5,-3,1,0.5
3390,,SG Alemannia Scharnhorst,10,Kreisliga B3 - Dortmund,9,2,0,1,1,2,5,-3,1,0.5
3391,,SuS Neuenkirchen III,10,Kreisliga B Steinfurt,11,2,0,1,1,2,5,-3,1,0.5
3392,,SuS Niederschelden II,10,Kreisliga B1-SIWI · Kreis Siegen-Wittgenstein,13,2,0,1,1,2,5,-3,1,0.5
3393,,TSV Fichte Hagen II,10,Kreisliga B1 Hagen,12,2,0,1,1,2,5,-3,1,0.5
3394,,SF Waltringen II,10,Kreisliga B Herren · Kreis Soest,13,4,0,2,2,10,17,-7,2,0.5
3395,,SV Hilden-Ost,10,Kreisliga C 26/27 Gruppe 2 Herren · Kreis Düsseldorf,9,2,0,1,1,8,12,-4,1,0.5
3396,,MS Mitrovica,10,Kreisliga B 3 Herren · Kreis Münster,11,2,0,1,1,3,7,-4,1,0.5
3397,,SV Buchholz 05 II,10,Kreisliga C Staffel 6 · Kreis Sieg,11,2,0,1,1,1,5,-4,1,0.5
3398,,SKICLUB NORDWEST RHEINE,10,Kreisliga B Steinfurt,12,2,0,1,1,3,8,-5,1,0.5
3399,,SV Eintracht Dorstfeld,10,Kreisliga B1 - Dortmund,10,2,0,1,1,3,8,-5,1,0.5
3400,,TSV Westerholt,10,RE KL B 2 · Kreis Recklinghausen,12,2,0,1,1,3,8,-5,1,0.5
3401,,FC Freier Grund II,10,Kreisliga B1-SIWI · Kreis Siegen-Wittgenstein,14,2,0,1,1,2,7,-5,1,0.5
3402,,SF Graes,10,Kreisliga B 1 Ahaus-Coesfeld,14,2,0,1,1,1,6,-5,1,0.5
3403,,SV 47/63 Stockum,10,Kreisliga B1 Unna-Hamm,15,2,0,1,1,4,10,-6,1,0.5
3404,,VfB Germania Lette II,10,Kreisliga B Beckum,11,2,0,1,1,4,10,-6,1,0.5
3405,,ASC Leone II,10,Herren Kreisliga B2 · Kreis Herne,9,2,0,1,1,3,9,-6,1,0.5
3406,,BVH Dorsten II,10,RE KL B 1 · Kreis Recklinghausen,14,2,0,1,1,3,9,-6,1,0.5
3407,,SC Husen Kurl,10,Kreisliga B3 - Dortmund,10,2,0,1,1,2,8,-6,1,0.5
3408,,TSG Fussball Herdecke II,10,Kreisliga B2 Hagen,13,2,0,1,1,4,11,-7,1,0.5
3409,,Fortuna Gronau 09/54 II,10,Kreisliga B 1 Ahaus-Coesfeld,15,2,0,1,1,2,11,-9,1,0.5
3410,,ESV Herne II,10,Herren Kreisliga B2 · Kreis Herne,10,2,0,1,1,4,15,-11,1,0.5
3411,,FC Roj Minden,10,Kreisliga B Minden,15,5,0,2,3,8,12,-4,2,0.4
3412,,SG Neuenknick/Döhren,10,Kreisliga B Minden,16,5,0,2,3,4,10,-6,2,0.4
3413,,Fortuna M'gladbach 2,10,Kreisliga C Gruppe 3 · Kreis Mönchengladbach-Viersen,5,3,1,1,1,5,4,1,1,0.33
3414,,FC Eintracht Güdderath,10,Kreisliga C Gruppe 2 · Kreis Mönchengladbach-Viersen,7,3,0,1,2,6,10,-4,1,0.33
3415,,SV 09/35 Wermelskirchen III,10,Kreisliga C · Kreis Remscheid-Solingen,12,3,0,1,2,6,10,-4,1,0.33
3416,,SV Bedb./Gierath III,10,"Kreisliga C, Gr. 2 · Kreis Grevenbroich-Neuss",14,3,0,1,2,6,10,-4,1,0.33
3417,,TuS Asemissen II,10,Kreisliga B Lemgo,13,3,0,1,2,3,7,-4,1,0.33
3418,,BV Weckhoven 1927 e.V. 2,10,"Kreisliga C, Gr. 2 · Kreis Grevenbroich-Neuss",15,3,0,1,2,2,6,-4,1,0.33
3419,,SG Nuhnetal-Dreislar-Hesborn 2,10,Kreisliga B 2 Hochsauerland Findungsrunde · Kreis Hochsauerlandkreis,7,3,0,1,2,4,9,-5,1,0.33
3420,,SV Brilon III,10,Kreisliga B 3 Hochsauerland Findungsrunde · Kreis Hochsauerlandkreis,6,3,0,1,2,4,9,-5,1,0.33
3421,,1. Spvg. Solingen-Wald 4,10,Kreisliga C · Kreis Remscheid-Solingen,13,3,0,1,2,7,14,-7,1,0.33
3422,,SG Kupferdreh-Byfang II.,10,Kreisliga C Gruppe 3 · Kreis Essen,11,3,0,1,2,5,13,-8,1,0.33
3423,,FC Fleckenberg/Grafschaft04 II,10,Kreisliga B 1 Hochsauerland Findungsrunde · Kreis Hochsauerlandkreis,7,3,0,1,2,4,12,-8,1,0.33
3424,,TuS Bexterhagen III,10,Kreisliga B Lemgo,14,3,0,1,2,3,11,-8,1,0.33
3425,,BV DJK Kellen III,10,Kreisliga C Gruppe 1 · Kreis Kleve-Geldern,13,3,0,1,2,6,15,-9,1,0.33
3426,,VfL Lieme,10,Kreisliga B Lemgo,15,3,0,1,2,3,12,-9,1,0.33
3427,,SC Wiedenbrück II,10,Kreisliga B Gr. 1 GT · Kreis Gütersloh,14,3,0,1,2,7,17,-10,1,0.33
3428,,PSV Stukenbrock-Senne,10,Kreisliga B1 Paderborn,13,3,0,1,2,3,13,-10,1,0.33
3429,,Rot-Weiss St. Vit II,10,Kreisliga B Gr. 1 GT · Kreis Gütersloh,15,3,0,1,2,3,14,-11,1,0.33
3430,,SV 06 Donsbrüggen II,10,Kreisliga C Gruppe 1 · Kreis Kleve-Geldern,14,3,0,1,2,1,14,-13,1,0.33
3431,,FC Blau-Gelb Überruhr II.,10,Kreisliga C Gruppe 3 · Kreis Essen,12,3,0,1,2,5,22,-17,1,0.33
3432,,SC Hicret Bielefeld II,10,Kreisliga B Staffel 2 · Kreis Bielefeld,15,4,0,1,3,3,7,-4,1,0.25
3433,,SV Germania Esbeck,10,Kreisliga B Lippstadt,15,4,0,1,3,5,10,-5,1,0.25
3434,,SV Ottfingen II,10,Kreisliga B Olpe,15,4,0,1,3,4,12,-8,1,0.25
3435,,Polizei SV Bochum,10,Kreisliga B1 Herren · Kreis Bochum,12,4,0,1,3,3,13,-10,1,0.25
3436,,TuS Oppendorf,10,Kreisliga B K 20 Lübbecke,14,4,1,1,2,3,16,-13,1,0.25
3437,,FC Hövelriege,10,Kreisliga B1 Paderborn,14,4,0,1,3,4,19,-15,1,0.25
3438,,SpVg Bönen II,10,Kreisliga B2 Unna-Hamm,15,4,0,1,3,6,23,-17,1,0.25
3439,,SC Teutonia Kleinenbroich 2,10,Kreisliga C Gruppe 5 · Kreis Mönchengladbach-Viersen,7,3,1,0,2,14,9,5,0,0.0
3440,,TuS Herchen II,10,Kreisliga C Staffel 6 · Kreis Sieg,12,1,1,0,0,5,4,1,0,0.0
3441,,Vatanspor Hemer II,10,Kreisliga B - Iserlohn,11,2,1,0,1,4,3,1,0,0.0
3442,,1. FC Hardtberg zg.,10,"Kreisliga C, Gruppe 2 · Kreis Bonn",10,0,0,0,0,0,0,0,0,0.0
3443,,ASV Tiefenbroich II zg.,10,Kreisliga C 26/27 Gruppe 1 Herren · Kreis Düsseldorf,10,0,0,0,0,0,0,0,0,0.0
3444,,Adler Büsbach,10,Kreisliga C Staffel 3 · Kreis Aachen,6,0,0,0,0,0,0,0,0,0.0
3445,,Atletico Essen II. zg.,10,Kreisliga C Gruppe 2 · Kreis Essen,11,0,0,0,0,0,0,0,0,0.0
3446,,BCV Glesch-Paffendorf II,10,Kreisliga C Staffel 4 · Kreis Rhein-Erft,6,0,0,0,0,0,0,0,0,0.0
3447,,BSV Roleber II,10,"Kreisliga C, Gruppe 2 · Kreis Bonn",11,0,0,0,0,0,0,0,0,0.0
3448,,BSV Viktoria Wesel II (9er),10,"Kreisliga C, Gruppe 3 · Kreis Rees-Bocholt",1,0,0,0,0,0,0,0,0,0.0
3449,,BV Borussia Bocholt II,10,"Kreisliga C, Gruppe 2 · Kreis Rees-Bocholt",1,0,0,0,0,0,0,0,0,0.0
3450,,BW Kerpen II zg.,10,Kreisliga C Staffel 4 · Kreis Rhein-Erft,7,0,0,0,0,0,0,0,0,0.0
3451,,Büdericher SV II,10,KL C Gruppe 1 · Kreis Moers,8,0,0,0,0,0,0,0,0,0.0
3452,,Casa España III,10,Kreisliga C Staffel 2 · Kreis Köln,9,0,0,0,0,0,0,0,0,0.0
3453,,DJK Adler Oberhausen III zg.,10,Kreisliga C2 Bliso · Kreis Oberhausen-Bottrop,12,0,0,0,0,0,0,0,0,0.0
3454,,DJK Arminia Eilendorf II,10,Kreisliga C Staffel 3 · Kreis Aachen,7,0,0,0,0,0,0,0,0,0.0
3455,,DJK Barlo II,10,"Kreisliga C, Gruppe 2 · Kreis Rees-Bocholt",2,0,0,0,0,0,0,0,0,0.0
3456,,DJK Hüthum-Borghees,10,"Kreisliga C, Gruppe 3 · Kreis Rees-Bocholt",2,0,0,0,0,0,0,0,0,0.0
3457,,DJK Hüthum-Borghees II,10,"Kreisliga C, Gruppe 1 · Kreis Rees-Bocholt",1,0,0,0,0,0,0,0,0,0.0
3458,,DJK Rhede II,10,"Kreisliga C, Gruppe 2 · Kreis Rees-Bocholt",3,0,0,0,0,0,0,0,0,0.0
3459,,Deutz 05 III,10,Kreisliga C Staffel 3 · Kreis Köln,8,0,0,0,0,0,0,0,0,0.0
3460,,ESV Blau-Weiß Düsseldorf,10,Kreisliga C 26/27 Gruppe 2 Herren · Kreis Düsseldorf,10,0,0,0,0,0,0,0,0,0.0
3461,,Eintracht Emmerich II,10,"Kreisliga C, Gruppe 1 · Kreis Rees-Bocholt",2,0,0,0,0,0,0,0,0,0.0
3462,,FC Altena 69,10,Kreisliga B Lüdenscheid,1,0,0,0,0,0,0,0,0,0.0
3463,,FC BOSPORUS OBERHAUSEN zg.,10,Kreisliga C2 Bliso · Kreis Oberhausen-Bottrop,13,0,0,0,0,0,0,0,0,0.0
3464,,FC Fortuna Elten,10,"Kreisliga C, Gruppe 1 · Kreis Rees-Bocholt",3,0,0,0,0,0,0,0,0,0.0
3465,,FC Fortuna Elten II,10,"Kreisliga C, Gruppe 3 · Kreis Rees-Bocholt",3,0,0,0,0,0,0,0,0,0.0
3466,,FC Hertha Bonn,10,"Kreisliga C, Gruppe 2 · Kreis Bonn",12,0,0,0,0,0,0,0,0,0.0
3467,,FC Olympia Bocholt II,10,"Kreisliga C, Gruppe 2 · Kreis Rees-Bocholt",4,0,0,0,0,0,0,0,0,0.0
3468,,FC Portugues Lüdenscheid,10,Kreisliga B Lüdenscheid,2,0,0,0,0,0,0,0,0,0.0
3469,,FC Rhenania Lohn II zg.,10,Kreisliga C Staffel 2 · Kreis Aachen,8,0,0,0,0,0,0,0,0,0.0
3470,,FC Victoria Pier-Schophoven,10,Kreisliga C Staffel 1 · Kreis Düren,9,0,0,0,0,0,0,0,0,0.0
3471,,FSV Columbia Donnerberg,10,Kreisliga C Staffel 3 · Kreis Aachen,8,0,0,0,0,0,0,0,0,0.0
3472,,Fortuna Beggendorf,10,Kreisliga C Staffel 2 · Kreis Aachen,9,0,0,0,0,0,0,0,0,0.0
3473,,Frielingsdorf III,10,Kreisliga C 5 · Kreis Berg,9,0,0,0,0,0,0,0,0,0.0
3474,,GSV Langenfeld IV zg.,10,Kreisliga C · Kreis Remscheid-Solingen,14,0,0,0,0,0,0,0,0,0.0
3475,,GSV Suderwick II,10,"Kreisliga C, Gruppe 1 · Kreis Rees-Bocholt",4,0,0,0,0,0,0,0,0,0.0
3476,,GW Broicher Siedlung,10,Kreisliga C Staffel 2 · Kreis Aachen,10,0,0,0,0,0,0,0,0,0.0
3477,,GW Flüren II,10,"Kreisliga C, Gruppe 3 · Kreis Rees-Bocholt",4,0,0,0,0,0,0,0,0,0.0
3478,,GW Lankern II,10,"Kreisliga C, Gruppe 2 · Kreis Rees-Bocholt",5,0,0,0,0,0,0,0,0,0.0
3479,,GW Lichtenbusch II,10,Kreisliga C Staffel 3 · Kreis Aachen,9,0,0,0,0,0,0,0,0,0.0
3480,,GW Vardingholt II,10,"Kreisliga C, Gruppe 2 · Kreis Rees-Bocholt",6,0,0,0,0,0,0,0,0,0.0
3481,,HSC Berg,10,"Kreisliga C, Gruppe 2 · Kreis Rees-Bocholt",7,0,0,0,0,0,0,0,0,0.0
3482,,Hamminkelner SV III (9er),10,"Kreisliga C, Gruppe 3 · Kreis Rees-Bocholt",5,0,0,0,0,0,0,0,0,0.0
3483,,Hellas Köln II zg.,10,Kreisliga C Staffel 1 · Kreis Köln,8,0,0,0,0,0,0,0,0,0.0
3484,,Hemdener SV II,10,"Kreisliga C, Gruppe 2 · Kreis Rees-Bocholt",8,0,0,0,0,0,0,0,0,0.0
3485,,Kiersper SC II,10,Kreisliga B Lüdenscheid,3,0,0,0,0,0,0,0,0,0.0
3486,,LTV von 1861 e.V.,10,Kreisliga B Lüdenscheid,4,0,0,0,0,0,0,0,0,0.0
3487,,MSV Ahe,10,Kreisliga C Staffel 4 · Kreis Rhein-Erft,8,0,0,0,0,0,0,0,0,0.0
3488,,MSV Düsseldorf II,10,Kreisliga C 26/27 Gruppe 2 Herren · Kreis Düsseldorf,11,0,0,0,0,0,0,0,0,0.0
3489,,Mülheimer FC 97 III zg.,10,"Kreisliga C, Gruppe 2 · Kreis Duisburg-Mülheim-Dinslak",12,0,0,0,0,0,0,0,0,0.0
3490,,OSC 04 Rheinhausen II,10,KL C Gruppe 2 · Kreis Moers,10,0,0,0,0,0,0,0,0,0.0
3491,,Olympia II,10,Kreisliga C Staffel 2 · Kreis Köln,10,0,0,0,0,0,0,0,0,0.0
3492,,Ossendorf I,10,Kreisliga C Staffel 1 · Kreis Köln,9,0,0,0,0,0,0,0,0,0.0
3493,,PAS Plettenberg,10,Kreisliga B Lüdenscheid,5,0,0,0,0,0,0,0,0,0.0
3494,,PSG Velbert e.V.,10,Kreisliga C Gruppe 2 · Kreis Wuppertal-Niederberg,8,0,0,0,0,0,0,0,0,0.0
3495,,PSV Wesel-Lackhausen IV o.W.,10,"Kreisliga C, Gruppe 1 · Kreis Rees-Bocholt",5,0,0,0,0,0,0,0,0,0.0
3496,,RSV Praest II,10,"Kreisliga C, Gruppe 1 · Kreis Rees-Bocholt",6,0,0,0,0,0,0,0,0,0.0
3497,,RW Ahrem 3 zg.,10,Kreisliga C Staffel 4 · Kreis Rhein-Erft,9,0,0,0,0,0,0,0,0,0.0
3498,,Rhen. Bessenich II,10,Kreisliga C 1 · Kreis Euskirchen,9,0,0,0,0,0,0,0,0,0.0
3499,,Rot-Weiß Lüdenscheid II zg.,10,Kreisliga B Lüdenscheid,6,0,0,0,0,0,0,0,0,0.0
3500,,SC 08 Elsdorf II zg.,10,Kreisliga C Staffel 4 · Kreis Rhein-Erft,10,0,0,0,0,0,0,0,0,0.0
3501,,SC Blau-Weiß Auwel-Holt II zg.,10,Kreisliga C Gruppe 3 · Kreis Kleve-Geldern,11,0,0,0,0,0,0,0,0,0.0
3502,,SC Selfkant II,10,"Kreisliga C,  Staffel 3 · Kreis Heinsberg",8,0,0,0,0,0,0,0,0,0.0
3503,,SC TuB Mussum III zg.,10,"Kreisliga C, Gruppe 2 · Kreis Rees-Bocholt",9,0,0,0,0,0,0,0,0,0.0
3504,,SC TuB Mussum IV,10,"Kreisliga C, Gruppe 1 · Kreis Rees-Bocholt",7,0,0,0,0,0,0,0,0,0.0
3505,,SF 97/30 Lowick III,10,"Kreisliga C, Gruppe 2 · Kreis Rees-Bocholt",10,0,0,0,0,0,0,0,0,0.0
3506,,SG Bienen/Millingen II,10,"Kreisliga C, Gruppe 1 · Kreis Rees-Bocholt",8,0,0,0,0,0,0,0,0,0.0
3507,,SG Germania Binsfeld 1948 e.V. 2,10,Kreisliga C Staffel 2 · Kreis Düren,8,0,0,0,0,0,0,0,0,0.0
3508,,SG Heelden/Werth II,10,"Kreisliga C, Gruppe 1 · Kreis Rees-Bocholt",9,0,0,0,0,0,0,0,0,0.0
3509,,SG Neukirchen-Hülchrath 2 zg.,10,"Kreisliga C, Gr. 1 · Kreis Grevenbroich-Neuss",14,0,0,0,0,0,0,0,0,0.0
3510,,SG Nordeifel II,10,Kreisliga C Staffel 3 · Kreis Düren,10,0,0,0,0,0,0,0,0,0.0
3511,,SG Rothe Erde | Nirm,10,Kreisliga C Staffel 1 · Kreis Aachen,7,0,0,0,0,0,0,0,0,0.0
3512,,SSV Eintr. Lommersum II,10,Kreisliga C 1 · Kreis Euskirchen,10,0,0,0,0,0,0,0,0,0.0
3513,,SSVg Velbert 02 III,10,Kreisliga C Gruppe 2 · Kreis Wuppertal-Niederberg,9,0,0,0,0,0,0,0,0,0.0
3514,,STV Hünxe III,10,"Kreisliga C, Gruppe 3 · Kreis Rees-Bocholt",6,0,0,0,0,0,0,0,0,0.0
3515,,STV Lövenich 1919 e.V.,10,"Kreisliga C,  Staffel 1 · Kreis Heinsberg",7,0,0,0,0,0,0,0,0,0.0
3516,,SV 1910 Brachelen II,10,"Kreisliga C,  Staffel 3 · Kreis Heinsberg",9,0,0,0,0,0,0,0,0,0.0
3517,,SV 1936 Ophoven,10,"Kreisliga C,  Staffel 2 · Kreis Heinsberg",8,0,0,0,0,0,0,0,0,0.0
3518,,SV BW Wertherbruch II,10,"Kreisliga C, Gruppe 1 · Kreis Rees-Bocholt",14,0,0,0,0,0,0,0,-3,0.0
3519,,SV Bislich II,10,"Kreisliga C, Gruppe 1 · Kreis Rees-Bocholt",10,0,0,0,0,0,0,0,0,0.0
3520,,SV Bislich III,10,"Kreisliga C, Gruppe 3 · Kreis Rees-Bocholt",7,0,0,0,0,0,0,0,0,0.0
3521,,SV Blau-Weiss Meer 3 zg.,10,Kreisliga C Gruppe 3 · Kreis Mönchengladbach-Viersen,7,0,0,0,0,0,0,0,0,0.0
3522,,SV Brünen II,10,"Kreisliga C, Gruppe 3 · Kreis Rees-Bocholt",8,0,0,0,0,0,0,0,0,0.0
3523,,SV Haldern III,10,"Kreisliga C, Gruppe 1 · Kreis Rees-Bocholt",11,0,0,0,0,0,0,0,0,0.0
3524,,SV Krechting II,10,"Kreisliga C, Gruppe 2 · Kreis Rees-Bocholt",11,0,0,0,0,0,0,0,0,0.0
3525,,SV Leithe 19/65 III. zg.,10,Kreisliga C Gruppe 2 · Kreis Essen,12,0,0,0,0,0,0,0,0,0.0
3526,,SV Rees II,10,"Kreisliga C, Gruppe 1 · Kreis Rees-Bocholt",12,0,0,0,0,0,0,0,0,0.0
3527,,SV Rheinkraft Ginderich,10,KL C Gruppe 1 · Kreis Moers,9,0,0,0,0,0,0,0,0,0.0
3528,,SV Ringenberg,10,"Kreisliga C, Gruppe 3 · Kreis Rees-Bocholt",13,0,0,0,0,0,0,0,-6,0.0
3529,,SV Sonsbeck III,10,KL C Gruppe 1 · Kreis Moers,10,0,0,0,0,0,0,0,0,0.0
3530,,SV Spellen III,10,"Kreisliga C, Gruppe 3 · Kreis Rees-Bocholt",12,0,0,0,0,0,0,0,-3,0.0
3531,,SV Viktoria Birten II,10,KL C Gruppe 1 · Kreis Moers,11,0,0,0,0,0,0,0,0,0.0
3532,,SVG Birgden-Langbroich-Schierwaldenrath II zg.,10,"Kreisliga C,  Staffel 2 · Kreis Heinsberg",9,0,0,0,0,0,0,0,0,0.0
3533,,Schacht 11 Bottrop 2 zg.,10,Kreisliga C1 Breil · Kreis Oberhausen-Bottrop,13,0,0,0,0,0,0,0,0,0.0
3534,,Schwarz-Weiß Köln III,10,Kreisliga C Staffel 1 · Kreis Köln,10,0,0,0,0,0,0,0,0,0.0
3535,,Sportfreunde Siepen 2 zg.,10,Kreisliga C Gruppe 2 · Kreis Wuppertal-Niederberg,10,0,0,0,0,0,0,0,0,0.0
3536,,Sportfreunde Wanne-Eickel III zg.,10,Herren Kreisliga B1 · Kreis Herne,9,0,0,0,0,0,0,0,0,0.0
3537,,Sportring Eller 1892 e.V. III,10,Kreisliga C 26/27 Gruppe 1 Herren · Kreis Düsseldorf,11,0,0,0,0,0,0,0,0,0.0
3538,,SuS Wesel,10,"Kreisliga C, Gruppe 3 · Kreis Rees-Bocholt",9,0,0,0,0,0,0,0,0,0.0
3539,,Suryoye I,10,Kreisliga C Staffel 1 · Kreis Köln,11,0,0,0,0,0,0,0,0,0.0
3540,,TSV Herscheid,10,Kreisliga B Lüdenscheid,7,0,0,0,0,0,0,0,0,0.0
3541,,TSV Rönsahl,10,Kreisliga B Lüdenscheid,8,0,0,0,0,0,0,0,0,0.0
3542,,TSV Schönau III,10,Kreisliga C 1 · Kreis Euskirchen,11,0,0,0,0,0,0,0,0,0.0
3543,,TV Herbeck 2 zg.,10,Kreisliga C · Kreis Remscheid-Solingen,15,0,0,0,0,0,0,0,0,0.0
3544,,TuRa 1886 Essen II. zg.,10,Kreisliga C Gruppe 1 · Kreis Essen,13,0,0,0,0,0,0,0,0,0.0
3545,,TuRa Eggenscheid,10,Kreisliga B Lüdenscheid,9,0,0,0,0,0,0,0,0,0.0
3546,,TuS Drevenack,10,"Kreisliga C, Gruppe 3 · Kreis Rees-Bocholt",14,0,0,0,0,0,0,0,-6,0.0
3547,,TuS Ennepe II,10,Kreisliga B Lüdenscheid,10,0,0,0,0,0,0,0,0,0.0
3548,,TuS Haffen-Mehr II,10,"Kreisliga C, Gruppe 3 · Kreis Rees-Bocholt",10,0,0,0,0,0,0,0,0,0.0
3549,,TuS Langenholthausen II,10,Kreisliga B Arnsberg,10,0,0,0,0,0,0,0,0,0.0
3550,,TuS Oberpleis III,10,Kreisliga C Staffel 5 · Kreis Sieg,10,0,0,0,0,0,0,0,0,0.0
3551,,TuS Stenern III,10,"Kreisliga C, Gruppe 2 · Kreis Rees-Bocholt",12,0,0,0,0,0,0,0,0,0.0
3552,,TuS Stöcken Dahlerbrück,10,Kreisliga B Lüdenscheid,11,0,0,0,0,0,0,0,0,0.0
3553,,TuS Versetal,10,Kreisliga B Lüdenscheid,12,0,0,0,0,0,0,0,0,0.0
3554,,Umutspor Troisdorf III zg.,10,Kreisliga C Staffel 5 · Kreis Sieg,11,0,0,0,0,0,0,0,0,0.0
3555,,VfJ Ratheim,10,"Kreisliga C,  Staffel 2 · Kreis Heinsberg",10,0,0,0,0,0,0,0,0,0.0
3556,,VfJ Ratheim II,10,"Kreisliga C,  Staffel 3 · Kreis Heinsberg",10,0,0,0,0,0,0,0,0,0.0
3557,,VfL 45 Bocholt II,10,"Kreisliga C, Gruppe 2 · Kreis Rees-Bocholt",13,0,0,0,0,0,0,0,0,0.0
3558,,VfL Berghausen-Gimborn,10,Kreisliga C 5 · Kreis Berg,10,0,0,0,0,0,0,0,0,0.0
3559,,VfL Vichttal III,10,Kreisliga C Staffel 3 · Kreis Aachen,10,0,0,0,0,0,0,0,0,0.0
3560,,VfR Mehrhoog II,10,"Kreisliga C, Gruppe 3 · Kreis Rees-Bocholt",11,0,0,0,0,0,0,0,0,0.0
3561,,WB Urfeld,10,Kreisliga C Staffel 5 · Kreis Rhein-Erft,10,0,0,0,0,0,0,0,0,0.0
3562,,Westfalia Anholt II,10,"Kreisliga C, Gruppe 1 · Kreis Rees-Bocholt",13,0,0,0,0,0,0,0,0,0.0
3563,,Westwacht Aachen II,10,Kreisliga C Staffel 1 · Kreis Aachen,8,0,0,0,0,0,0,0,0,0.0
3564,,RW Ahrem 2,10,Kreisliga C Staffel 5 · Kreis Rhein-Erft,11,1,0,0,1,6,7,-1,0,0.0
3565,,SV Vorgebirge III,10,"Kreisliga C, Gruppe 1 · Kreis Bonn",11,1,0,0,1,4,5,-1,0,0.0
3566,,FC Cro Sokoli Aachen,10,Kreisliga C Staffel 1 · Kreis Aachen,9,1,0,0,1,3,4,-1,0,0.0
3567,,JSV Köln 96 III,10,Kreisliga C Staffel 3 · Kreis Köln,9,1,0,0,1,3,4,-1,0,0.0
3568,,SC Enzen-Dürscheven 1946 e.V.,10,Kreisliga C 1 · Kreis Euskirchen,12,1,0,0,1,3,4,-1,0,0.0
3569,,SC Leverkusen I,10,Kreisliga C Staffel 3 · Kreis Köln,10,1,0,0,1,3,4,-1,0,0.0
3570,,BC Stotzheim II,10,Kreisliga C Staffel 5 · Kreis Rhein-Erft,12,1,0,0,1,2,3,-1,0,0.0
3571,,Fortuna Köln III,10,Kreisliga C Staffel 2 · Kreis Köln,11,1,0,0,1,2,3,-1,0,0.0
3572,,Genclerbirligi Opladen II.,10,Kreisliga C · Kreis Remscheid-Solingen,16,1,0,0,1,2,3,-1,0,0.0
3573,,Nippes GW I,10,Kreisliga C Staffel 2 · Kreis Köln,12,1,0,0,1,2,3,-1,0,0.0
3574,,SG Olpe-Kürten 2,10,Kreisliga C 5 · Kreis Berg,11,1,0,0,1,2,3,-1,0,0.0
3575,,SV Neubeckum II,10,Kreisliga B Beckum,12,2,0,0,2,4,6,-2,0,0.0
3576,,Spvg BBT,10,Kreisliga C Staffel 4 · Kreis Rhein-Erft,11,1,0,0,1,2,3,-1,0,0.0
3577,,TuS 08 Langerwehe III,10,Kreisliga C Staffel 2 · Kreis Düren,9,1,0,0,1,2,3,-1,0,0.0
3578,,TuS Homburg-Bröltal II,10,Kreisliga C 6 · Kreis Berg,9,1,0,0,1,2,3,-1,0,0.0
3579,,TuS Schmidt 2,10,Kreisliga C Staffel 3 · Kreis Düren,11,1,0,0,1,2,3,-1,0,0.0
3580,,1. SC BW Wulfen II,10,RE KL B 1 · Kreis Recklinghausen,15,2,0,0,2,3,5,-2,0,0.0
3581,,ASV Ellewick II,10,Kreisliga B 1 Ahaus-Coesfeld,16,2,0,0,2,3,5,-2,0,0.0
3582,,Blau-Weiss Neuenkamp,10,"Kreisliga C, Gruppe 2 · Kreis Duisburg-Mülheim-Dinslak",13,2,0,0,2,3,5,-2,0,0.0
3583,,FC Benfe,10,Kreisliga B2-SIWI · Kreis Siegen-Wittgenstein,11,2,0,0,2,3,5,-2,0,0.0
3584,,Hellas Troisdorf II,10,Kreisliga C Staffel 4 · Kreis Sieg,11,2,0,0,2,3,5,-2,0,0.0
3585,,BW Voerde II,10,Kreisliga B2 Hagen,14,2,0,0,2,2,4,-2,0,0.0
3586,,Blau Weiß Börnig,10,Herren Kreisliga B1 · Kreis Herne,10,1,0,0,1,1,2,-1,0,0.0
3587,,Bliesheimer BC 2,10,Kreisliga C 1 · Kreis Euskirchen,13,1,0,0,1,1,2,-1,0,0.0
3588,,FC Eschweiler II,10,Kreisliga C Staffel 3 · Kreis Aachen,11,1,0,0,1,1,2,-1,0,0.0
3589,,FC Inden/Altdorf 09/21 2,10,Kreisliga C Staffel 1 · Kreis Düren,10,1,0,0,1,1,2,-1,0,0.0
3590,,FC Jawanan Bonn,10,"Kreisliga C, Gruppe 1 · Kreis Bonn",12,1,0,0,1,1,2,-1,0,0.0
3591,,FC Münster 05 II,10,Kreisliga B 1 Herren · Kreis Münster,12,1,0,0,1,1,2,-1,0,0.0
3592,,FV Vaalserquartier III,10,Kreisliga C Staffel 1 · Kreis Aachen,10,1,0,0,1,1,2,-1,0,0.0
3593,,SC 09 Erkelenz II,10,"Kreisliga C,  Staffel 1 · Kreis Heinsberg",8,1,0,0,1,1,2,-1,0,0.0
3594,,SC Rheinkamp,10,KL C Gruppe 2 · Kreis Moers,11,1,0,0,1,1,2,-1,0,0.0
3595,,SC Siegfried Sievernich,10,Kreisliga C Staffel 3 · Kreis Düren,12,1,0,0,1,1,2,-1,0,0.0
3596,,SG Stolberg II,10,Kreisliga C Staffel 3 · Kreis Aachen,12,1,0,0,1,1,2,-1,0,0.0
3597,,SSV Jan Wellem 05 III,10,Kreisliga C 4 · Kreis Berg,9,1,0,0,1,1,2,-1,0,0.0
3598,,SV Borussia Veen 1920 II,10,KL C Gruppe 1 · Kreis Moers,12,1,0,0,1,1,2,-1,0,0.0
3599,,SV Grün-Weiß Vernum III,10,Kreisliga C Gruppe 3 · Kreis Kleve-Geldern,12,1,0,0,1,1,2,-1,0,0.0
3600,,SV Schwafheim III,10,KL C Gruppe 2 · Kreis Moers,12,1,0,0,1,1,2,-1,0,0.0
3601,,SW Holtwick II,10,Kreisliga B 2 Ahaus-Coesfeld,12,2,0,0,2,2,4,-2,0,0.0
3602,,SpVgg. Rheurdt-Schaephuysen III,10,KL C Gruppe 2 · Kreis Moers,13,1,0,0,1,1,2,-1,0,0.0
3603,,TuS Hiltrup III,10,Kreisliga B 3 Herren · Kreis Münster,12,1,0,0,1,1,2,-1,0,0.0
3604,,TuS Reichshof 1883/1929 e.V.,10,Kreisliga C 6 · Kreis Berg,10,1,0,0,1,1,2,-1,0,0.0
3605,,SV Schwarz-Weiß Esch II,10,Kreisliga B · Kreis Tecklenburg,15,2,0,0,2,1,3,-2,0,0.0
3606,,FV Salia Sechtem II,10,"Kreisliga C, Gruppe 1 · Kreis Bonn",13,1,0,0,1,0,1,-1,0,0.0
3607,,Nippes 12 I,10,Kreisliga C Staffel 2 · Kreis Köln,13,1,0,0,1,0,1,-1,0,0.0
3608,,Rasensport Tetz,10,Kreisliga C Staffel 1 · Kreis Düren,11,1,0,0,1,0,1,-1,0,0.0
3609,,TuS Hiltrup II,10,Kreisliga B 2 Herren · Kreis Münster,11,1,0,0,1,0,1,-1,0,0.0
3610,,FC RW Kirchlengern III,10,Kreisliga B · Kreis Herford,16,3,0,0,3,10,14,-4,0,0.0
3611,,Spfr. Haverkamp,10,Kreisliga B 2 Herren · Kreis Gelsenkirchen,14,3,0,0,3,2,6,-4,0,0.0
3612,,TuS Schladern,10,Kreisliga C Staffel 6 · Kreis Sieg,13,2,0,0,2,7,10,-3,0,0.0
3613,,TGD Essen-West IV.,10,Kreisliga C Gruppe 2 · Kreis Essen,13,2,0,0,2,6,9,-3,0,0.0
3614,,DJK Vorwärts Ahlen III,10,Kreisliga B Beckum,13,2,0,0,2,4,7,-3,0,0.0
3615,,Rot Weiß Erkenschwick,10,RE KL B 3 · Kreis Recklinghausen,13,2,0,0,2,4,7,-3,0,0.0
3616,,SV Union Wetten II,10,Kreisliga C Gruppe 3 · Kreis Kleve-Geldern,13,2,0,0,2,4,7,-3,0,0.0
3617,,SF Sümmern II,10,Kreisliga B - Iserlohn,12,2,0,0,2,3,6,-3,0,0.0
3618,,VfL Wolbeck III,10,Kreisliga B 2 Herren · Kreis Münster,12,2,0,0,2,3,6,-3,0,0.0
3619,,VfL Wuppertal 2,10,Kreisliga C Gruppe 2 · Kreis Wuppertal-Niederberg,11,2,0,0,2,3,6,-3,0,0.0
3620,,SC Tornado Westig,10,Kreisliga B - Iserlohn,13,2,0,0,2,2,5,-3,0,0.0
3621,,SG Appelhülsen / Schapdetten II,10,Kreisliga B 2 Ahaus-Coesfeld,13,2,0,0,2,2,5,-3,0,0.0
3622,,TV Angermund,10,Kreisliga C 26/27 Gruppe 1 Herren · Kreis Düsseldorf,12,2,0,0,2,1,4,-3,0,0.0
3623,,Gremberg-Humboldt II,10,Kreisliga C Staffel 3 · Kreis Köln,11,1,0,0,1,4,6,-2,0,0.0
3624,,SG Holzweiler-Katzem II,10,"Kreisliga C,  Staffel 1 · Kreis Heinsberg",9,1,0,0,1,4,6,-2,0,0.0
3625,,BV Drabenderhöhe II,10,Kreisliga C 6 · Kreis Berg,11,1,0,0,1,3,5,-2,0,0.0
3626,,Botan I,10,Kreisliga C Staffel 3 · Kreis Köln,12,1,0,0,1,3,5,-2,0,0.0
3627,,SC Constantin Herne,10,Herren Kreisliga B2 · Kreis Herne,11,1,0,0,1,3,5,-2,0,0.0
3628,,TuS Moitzfeld 1961 e.V.,10,Kreisliga C 4 · Kreis Berg,10,1,0,0,1,3,5,-2,0,0.0
3629,,DJK Blau-Weiß Mintard III.,10,Kreisliga C Gruppe 3 · Kreis Essen,13,2,0,0,2,5,9,-4,0,0.0
3630,,SuS 09 Dinslaken III,10,"Kreisliga C, Gruppe 3 · Kreis Duisburg-Mülheim-Dinslak",14,2,0,0,2,5,9,-4,0,0.0
3631,,FC Eintracht Güdderath 2,10,Kreisliga C Gruppe 1 · Kreis Mönchengladbach-Viersen,6,3,1,0,2,7,13,-6,0,0.0
3632,,Bechen II,10,Kreisliga C 4 · Kreis Berg,11,1,0,0,1,2,4,-2,0,0.0
3633,,Breite Burschen Barmen 4,10,Kreisliga C Gruppe 2 · Kreis Wuppertal-Niederberg,13,2,0,0,2,4,8,-4,0,0.0
3634,,FC Blau Weiß Italia Oberhausen II,10,Kreisliga C2 Bliso · Kreis Oberhausen-Bottrop,14,2,0,0,2,4,8,-4,0,0.0
3635,,FC Eintracht Kempen II,10,"Kreisliga C,  Staffel 2 · Kreis Heinsberg",11,1,0,0,1,2,4,-2,0,0.0
3636,,FC Germania Bauchem II,10,"Kreisliga C,  Staffel 3 · Kreis Heinsberg",11,1,0,0,1,2,4,-2,0,0.0
3637,,Mevlana I,10,Kreisliga C Staffel 3 · Kreis Köln,13,1,0,0,1,2,4,-2,0,0.0
3638,,RG Wesseling II,10,Kreisliga C Staffel 5 · Kreis Rhein-Erft,13,1,0,0,1,2,4,-2,0,0.0
3639,,SC Münster 08 III,10,Kreisliga B 1 Herren · Kreis Münster,13,1,0,0,1,2,4,-2,0,0.0
3640,,SG Monschauer Land II,10,Kreisliga C Staffel 3 · Kreis Aachen,13,1,0,0,1,2,4,-2,0,0.0
3641,,SSV Weilerswist II,10,Kreisliga C 1 · Kreis Euskirchen,14,1,0,0,1,2,4,-2,0,0.0
3642,,SV 1910 Jülich-Selgersdorf,10,Kreisliga C Staffel 1 · Kreis Düren,12,1,0,0,1,2,4,-2,0,0.0
3643,,SV SG Venrath 1932 e.V,10,"Kreisliga C,  Staffel 1 · Kreis Heinsberg",10,1,0,0,1,2,4,-2,0,0.0
3644,,Umutspor Troisdorf II,10,Kreisliga C Staffel 4 · Kreis Sieg,12,1,0,0,1,2,4,-2,0,0.0
3645,,VfR Fischenich 1930 e.V.,10,Kreisliga C Staffel 5 · Kreis Rhein-Erft,14,1,0,0,1,2,4,-2,0,0.0
3646,,FC Union Entrup,10,Kreisliga B Lemgo,16,3,0,0,3,5,11,-6,0,0.0
3647,,DJK SV GW Erkenschwick II,10,RE KL B 3 · Kreis Recklinghausen,14,2,0,0,2,3,7,-4,0,0.0
3648,,SV Lohmar II,10,Kreisliga C Staffel 5 · Kreis Sieg,13,2,0,0,2,3,7,-4,0,0.0
3649,,Adler Nierst 2,10,Kreisliga C 2 · Kreis Kempen-Krefeld,8,1,0,0,1,1,3,-2,0,0.0
3650,,BSC Schevenhütte,10,Kreisliga C Staffel 3 · Kreis Aachen,14,1,0,0,1,1,3,-2,0,0.0
3651,,Bürrig III,10,Kreisliga C Staffel 3 · Kreis Köln,14,1,0,0,1,1,3,-2,0,0.0
3652,,Eintracht Erle 1928 e.V. II,10,Kreisliga B 1 Herren · Kreis Gelsenkirchen,15,4,0,0,4,4,12,-8,0,0.0
3653,,FC Borussia Derichsweiler I,10,Kreisliga C Staffel 2 · Kreis Düren,10,1,0,0,1,1,3,-2,0,0.0
3654,,Kohlscheider BC III,10,Kreisliga C Staffel 2 · Kreis Aachen,11,1,0,0,1,1,3,-2,0,0.0
3655,,RW Lessenich II,10,"Kreisliga C, Gruppe 3 · Kreis Bonn",12,1,0,0,1,1,3,-2,0,0.0
3656,,SC Gremmendorf,10,Kreisliga B 3 Herren · Kreis Münster,13,1,0,0,1,1,3,-2,0,0.0
3657,,SG Hellenthal 2,10,Kreisliga C 2 · Kreis Euskirchen,11,1,0,0,1,1,3,-2,0,0.0
3658,,SG Spvg Egge II,10,Kreisliga B Gruppe 2 · Kreis Höxter,12,2,0,0,2,2,6,-4,0,0.0
3659,,SG Vettweiß-Füssenich-Geich II,10,Kreisliga C Staffel 3 · Kreis Düren,13,1,0,0,1,1,3,-2,0,0.0
3660,,SSV BW Kirchhoven,10,"Kreisliga C,  Staffel 2 · Kreis Heinsberg",12,1,0,0,1,1,3,-2,0,0.0
3661,,SUS Krefeld 5,10,Kreisliga C 2 · Kreis Kempen-Krefeld,9,1,0,0,1,1,3,-2,0,0.0
3662,,TuS Erndtebrück II,10,Kreisliga B2-SIWI · Kreis Siegen-Wittgenstein,12,2,0,0,2,2,6,-4,0,0.0
3663,,VfL Meckenheim 2,10,"Kreisliga C, Gruppe 3 · Kreis Bonn",13,1,0,0,1,1,3,-2,0,0.0
3664,,VfR Übach-Palenberg II,10,"Kreisliga C,  Staffel 3 · Kreis Heinsberg",12,1,0,0,1,1,3,-2,0,0.0
3665,,TuS Deusen,10,Kreisliga B1 - Dortmund,12,2,0,0,2,1,5,-4,0,0.0
3666,,SG Kalldorf,10,Kreisliga B Lemgo,17,3,0,0,3,1,7,-6,0,0.0
3667,,Dortmunder Löwen - Brackel 61 II,10,Kreisliga B3 - Dortmund,11,1,0,0,1,0,2,-2,0,0.0
3668,,Eving Selimiye Spor II,10,Kreisliga B3 - Dortmund,12,1,0,0,1,0,2,-2,0,0.0
3669,,GW Kley,10,Kreisliga B1 - Dortmund,13,2,0,0,2,0,4,-4,0,0.0
3670,,SV Kaster,10,Kreisliga C Staffel 4 · Kreis Rhein-Erft,12,1,0,0,1,0,2,-2,0,0.0
3671,,SV Menzelen II,10,KL C Gruppe 1 · Kreis Moers,13,1,0,0,1,0,2,-2,0,0.0
3672,,SV Raadt II,10,"Kreisliga C, Gruppe 2 · Kreis Duisburg-Mülheim-Dinslak",14,2,0,0,2,0,4,-4,0,0.0
3673,,Schwarz-Weiß Titz,10,Kreisliga C Staffel 1 · Kreis Düren,13,1,0,0,1,0,2,-2,0,0.0
3674,,TuS Homberg II,10,Kreisliga C 26/27 Gruppe 3 Herren · Kreis Düsseldorf,13,2,0,0,2,0,4,-4,0,0.0
3675,,FC 1919 Wuppertal,10,Kreisliga C Gruppe 1 · Kreis Wuppertal-Niederberg,12,3,0,0,3,4,11,-7,0,0.0
3676,,Rather SV III,10,Kreisliga C 26/27 Gruppe 3 Herren · Kreis Düsseldorf,14,3,0,0,3,1,8,-7,0,0.0
3677,,TuS Horn-Bad Meinberg II,10,Kreisliga B · Kreis Detmold,15,4,0,0,4,7,17,-10,0,0.0
3678,,BV Viktoria Kirchderne,10,Kreisliga B3 - Dortmund,13,2,0,0,2,3,8,-5,0,0.0
3679,,SV Fortuna Hagen,10,Kreisliga B1 Hagen,13,2,0,0,2,3,8,-5,0,0.0
3680,,SpVgg. Röhlinghausen II,10,Herren Kreisliga B1 · Kreis Herne,11,2,0,0,2,3,8,-5,0,0.0
3681,,Spfr. Edertal II,10,Kreisliga B2-SIWI · Kreis Siegen-Wittgenstein,13,2,0,0,2,3,8,-5,0,0.0
3682,,Victoria Clarholz III,10,Kreisliga B Gr. 2 GT · Kreis Gütersloh,13,2,0,0,2,3,8,-5,0,0.0
3683,,Genclerbirligi Hörde,10,Kreisliga B2 - Dortmund,14,2,0,0,2,2,7,-5,0,0.0
3684,,TSC Eintracht Dortmund II,10,Kreisliga B3 - Dortmund,14,2,0,0,2,2,7,-5,0,0.0
3685,,VfR Hangelar III,10,Kreisliga C Staffel 4 · Kreis Sieg,13,2,0,0,2,2,7,-5,0,0.0
3686,,VfR Marienfeld II,10,Kreisliga C Staffel 6 · Kreis Sieg,14,2,0,0,2,2,7,-5,0,0.0
3687,,Warendorfer SU II,10,Kreisliga B 2 Herren · Kreis Münster,13,2,0,0,2,2,7,-5,0,0.0
3688,,SV Germania Hauenhorst II,10,Kreisliga B Steinfurt,14,2,0,0,2,1,6,-5,0,0.0
3689,,SV Gescher III,10,Kreisliga B 2 Ahaus-Coesfeld,14,2,0,0,2,1,6,-5,0,0.0
3690,,SG Lütringhausen/Oberveischede,10,Kreisliga B Olpe,16,3,0,0,3,7,15,-8,0,0.0
3691,,Post SV Blau-Weiß Duisburg,10,"Kreisliga C, Gruppe 2 · Kreis Duisburg-Mülheim-Dinslak",15,3,0,0,3,6,14,-8,0,0.0
3692,,DJK TuS Rotthausen II,10,Kreisliga B 2 Herren · Kreis Gelsenkirchen,15,4,0,0,4,5,16,-11,0,0.0
3693,,TuS Amelunxen,10,Kreisliga B Gruppe 1 · Kreis Höxter,13,4,0,0,4,4,15,-11,0,0.0
3694,,ISC AlHilal Bonn,10,"Kreisliga C, Gruppe 3 · Kreis Bonn",14,1,0,0,1,5,8,-3,0,0.0
3695,,CSV Marathon Krefeld 3,10,Kreisliga C 3 · Kreis Kempen-Krefeld,9,1,0,0,1,4,7,-3,0,0.0
3696,,SV Marienloh II,10,Kreisliga B2 Paderborn,16,3,0,0,3,10,19,-9,0,0.0
3697,,Loope,10,Kreisliga C 5 · Kreis Berg,12,1,0,0,1,3,6,-3,0,0.0
3698,,VfL Repelen III,10,KL C Gruppe 1 · Kreis Moers,14,1,0,0,1,3,6,-3,0,0.0
3699,,Tuspo Richrath 3,10,Kreisliga C · Kreis Remscheid-Solingen,18,3,0,0,3,8,17,-9,0,0.0
3700,,ASG Uni Bonn,10,"Kreisliga C, Gruppe 1 · Kreis Bonn",14,1,0,0,1,2,5,-3,0,0.0
3701,,Anadolu- Türkspor 77/88 e.V. 3,10,Kreisliga C 3 · Kreis Kempen-Krefeld,10,1,0,0,1,2,5,-3,0,0.0
3702,,DJK Gummersbach,10,Kreisliga C 5 · Kreis Berg,13,1,0,0,1,2,5,-3,0,0.0
3703,,FC Bergwacht Berzbuir,10,Kreisliga C Staffel 2 · Kreis Düren,11,1,0,0,1,2,5,-3,0,0.0
3704,,PSV Oberhausen,10,Kreisliga C1 Breil · Kreis Oberhausen-Bottrop,14,3,0,0,3,6,15,-9,0,0.0
3705,,RS19 Waldbröl II,10,Kreisliga C 6 · Kreis Berg,12,1,0,0,1,2,5,-3,0,0.0
3706,,SV Oberes Banfetal,10,Kreisliga B2-SIWI · Kreis Siegen-Wittgenstein,14,2,0,0,2,4,10,-6,0,0.0
3707,,SuS GW Barkenberg,10,RE KL B 1 · Kreis Recklinghausen,16,2,0,0,2,4,10,-6,0,0.0
3708,,SuS Rayen,10,KL C Gruppe 2 · Kreis Moers,14,1,0,0,1,2,5,-3,0,0.0
3709,,TuS Niedereimer,10,Kreisliga B Arnsberg,11,1,0,0,1,2,5,-3,0,0.0
3710,,AL-ARZ Libanon Essen 4,10,Kreisliga C Gruppe 3 · Kreis Essen,14,3,0,0,3,5,14,-9,0,0.0
3711,,Yildizspor 1968 Rheda II,10,Kreisliga B Gr. 2 GT · Kreis Gütersloh,14,3,0,0,3,5,14,-9,0,0.0
3712,,Eintracht Rodde,10,Kreisliga B Steinfurt,15,2,0,0,2,3,9,-6,0,0.0
3713,,Rheydter SV 5,10,Kreisliga C Gruppe 1 · Kreis Mönchengladbach-Viersen,7,2,0,0,2,3,9,-6,0,0.0
3714,,SuK Canlar Bielefeld II,10,Kreisliga B Staffel 1 · Kreis Bielefeld,15,4,0,0,4,6,18,-12,0,0.0
3715,,BW Büderich III,10,Kreisliga B Herren · Kreis Soest,14,3,0,0,3,3,12,-9,0,0.0
3716,,FC Hellweg Lütgendortmund,10,Kreisliga B1 - Dortmund,11,1,0,0,1,1,4,-3,0,0.0
3717,,FC ROT WEISS Heiligenhaus e.V. 2,10,Kreisliga C Gruppe 2 · Kreis Wuppertal-Niederberg,12,1,0,0,1,1,4,-3,0,0.0
3718,,FC Rot-Weiß Geldern,10,Kreisliga C Gruppe 3 · Kreis Kleve-Geldern,14,2,0,0,2,2,8,-6,0,0.0
3719,,Iserlohner Turnerschaft II,10,Kreisliga B - Iserlohn,14,2,0,0,2,2,8,-6,0,0.0
3720,,Nippes 78 I,10,Kreisliga C Staffel 1 · Kreis Köln,12,1,0,0,1,1,4,-3,0,0.0
3721,,SC Reckenfeld,10,Kreisliga B Steinfurt,16,2,0,0,2,2,8,-6,0,0.0
3722,,SF Ostinghausen II,10,Kreisliga B Herren · Kreis Soest,15,3,0,0,3,3,12,-9,0,0.0
3723,,SG Bürvenich / Schwerfen / Sinzenich II,10,Kreisliga C 2 · Kreis Euskirchen,12,1,0,0,1,1,4,-3,0,0.0
3724,,SG Elte,10,Kreisliga B Steinfurt,13,1,0,0,1,1,4,-3,0,0.0
3725,,SG Suderwich II,10,RE KL B 2 · Kreis Recklinghausen,13,2,0,0,2,2,8,-6,0,0.0
3726,,SSV Hochwald I,10,Kreisliga C 6 · Kreis Berg,13,1,0,0,1,1,4,-3,0,0.0
3727,,SV Altenberg III,10,Kreisliga C 4 · Kreis Berg,12,1,0,0,1,1,4,-3,0,0.0
3728,,SV Hermesdorf,10,Kreisliga C 6 · Kreis Berg,14,1,0,0,1,1,4,-3,0,0.0
3729,,SV Nordeifel II,10,Kreisliga C Staffel 3 · Kreis Aachen,15,1,0,0,1,1,4,-3,0,0.0
3730,,SV Spexard II,10,Kreisliga B Gr. 2 GT · Kreis Gütersloh,15,3,0,0,3,3,12,-9,0,0.0
3731,,SV Thomasstadt Kempen 4 9er,10,Kreisliga C 3 · Kreis Kempen-Krefeld,11,1,0,0,1,1,4,-3,0,0.0
3732,,SpVg. Porz II,10,Kreisliga C Staffel 2 · Kreis Köln,14,1,0,0,1,1,4,-3,0,0.0
3733,,TuS Sundern II,10,Kreisliga B Arnsberg,12,1,0,0,1,1,4,-3,0,0.0
3734,,VFL Kommern 2,10,Kreisliga C 2 · Kreis Euskirchen,13,1,0,0,1,1,4,-3,0,0.0
3735,,Wahn-Grengel II,10,Kreisliga C Staffel 2 · Kreis Köln,15,1,0,0,1,1,4,-3,0,0.0
3736,,CSV SF Bochum-Linden II,10,Kreisliga B2 Herren · Kreis Bochum,14,4,0,0,4,3,15,-12,0,0.0
3737,,Athletic FC Bochum 90,10,Kreisliga B1 Herren · Kreis Bochum,13,3,0,0,3,2,11,-9,0,0.0
3738,,SV Issum II,10,Kreisliga C Gruppe 3 · Kreis Kleve-Geldern,15,2,0,0,2,1,7,-6,0,0.0
3739,,Germania Geistenbeck 2,10,Kreisliga C Gruppe 1 · Kreis Mönchengladbach-Viersen,8,3,0,0,3,1,10,-9,0,0.0
3740,,SC Union BO-Bergen,10,Kreisliga B1 Herren · Kreis Bochum,14,3,0,0,3,1,10,-9,0,0.0
3741,,DJK SV Mauritz II,10,Kreisliga B 1 Herren · Kreis Münster,14,2,0,0,2,0,6,-6,0,0.0
3742,,FC Viktoria Alpen II,10,KL C Gruppe 1 · Kreis Moers,15,1,0,0,1,0,3,-3,0,0.0
3743,,MSV Moers III,10,KL C Gruppe 1 · Kreis Moers,16,1,0,0,1,0,3,-3,0,0.0
3744,,Oberkasseler FV II,10,"Kreisliga C, Gruppe 2 · Kreis Bonn",13,1,0,0,1,0,3,-3,0,0.0
3745,,SV Union Rösrath II,10,Kreisliga C 4 · Kreis Berg,13,1,0,0,1,0,3,-3,0,0.0
3746,,TuS Düsseldorf-Nord,10,Kreisliga C 26/27 Gruppe 1 Herren · Kreis Düsseldorf,13,2,0,0,2,0,6,-6,0,0.0
3747,,TuS Germania Kückhoven II,10,"Kreisliga C,  Staffel 1 · Kreis Heinsberg",11,1,0,0,1,0,3,-3,0,0.0
3748,,VfB Waltrop II,10,RE KL B 3 · Kreis Recklinghausen,15,2,0,0,2,0,6,-6,0,0.0
3749,,VfL Bad Berleburg II,10,Kreisliga B2-SIWI · Kreis Siegen-Wittgenstein,15,2,0,0,2,0,6,-6,0,0.0
3750,,Vingst 05 II,10,Kreisliga C Staffel 2 · Kreis Köln,16,1,0,0,1,0,3,-3,0,0.0
3751,,SC Broich-Peel 3,10,Kreisliga C Gruppe 4 · Kreis Mönchengladbach-Viersen,8,3,0,0,3,6,16,-10,0,0.0
3752,,SV Bedburg-Hau II,10,Kreisliga C Gruppe 1 · Kreis Kleve-Geldern,15,3,0,0,3,6,16,-10,0,0.0
3753,,SG Lüdenhausen/Westorf,10,Kreisliga B Lemgo,18,3,0,0,3,5,15,-10,0,0.0
3754,,SG Niesen/Siddessen,10,Kreisliga B Gruppe 2 · Kreis Höxter,13,3,0,0,3,3,13,-10,0,0.0
3755,,SG Eversberg-Heinrichsthal-Wehrstapel II,10,Kreisliga B 1 Hochsauerland Findungsrunde · Kreis Hochsauerlandkreis,8,3,0,0,3,2,12,-10,0,0.0
3756,,SV Solingen 08/10 IV,10,Kreisliga C · Kreis Remscheid-Solingen,17,2,0,0,2,7,14,-7,0,0.0
3757,,FC Eiserfeld II,10,Kreisliga B1-SIWI · Kreis Siegen-Wittgenstein,15,2,0,0,2,4,11,-7,0,0.0
3758,,SV Holsterhausen II,10,Herren Kreisliga B1 · Kreis Herne,14,2,0,0,2,4,11,-7,0,0.0
3759,,FC Hilchenbach II,10,Kreisliga B2-SIWI · Kreis Siegen-Wittgenstein,16,2,0,0,2,3,10,-7,0,0.0
3760,,SV Eintracht Dolberg,10,Kreisliga B Beckum,15,2,0,0,2,3,10,-7,0,0.0
3761,,TuS Saxonia Münster II,10,Kreisliga B 1 Herren · Kreis Münster,15,2,0,0,2,3,10,-7,0,0.0
3762,,SPVG Linderhausen II,10,Kreisliga B2 Hagen,15,2,0,0,2,2,9,-7,0,0.0
3763,,SV Brukteria Rorup II,10,Kreisliga B 2 Ahaus-Coesfeld,15,2,0,0,2,2,9,-7,0,0.0
3764,,TuS Eisern,10,Kreisliga B1-SIWI · Kreis Siegen-Wittgenstein,16,2,0,0,2,2,9,-7,0,0.0
3765,,RW Stiepel III,10,Kreisliga B1 Herren · Kreis Bochum,15,4,0,0,4,3,17,-14,0,0.0
3766,,KSC Makedonija,10,Kreisliga C 26/27 Gruppe 1 Herren · Kreis Düsseldorf,14,2,0,0,2,1,8,-7,0,0.0
3767,,SG Vorhalle 09,10,Kreisliga B1 Hagen,14,2,0,0,2,1,8,-7,0,0.0
3768,,SW Havixbeck,10,Kreisliga B 1 Herren · Kreis Münster,16,2,0,0,2,1,8,-7,0,0.0
3769,,TuS Henrichenburg II,10,RE KL B 3 · Kreis Recklinghausen,16,2,0,0,2,1,8,-7,0,0.0
3770,,VfL Sportfreunde Lotte II,10,Kreisliga B · Kreis Tecklenburg,16,2,0,0,2,1,8,-7,0,0.0
3771,,SuS Lünern,10,Kreisliga B2 Unna-Hamm,16,4,0,0,4,1,15,-14,0,0.0
3772,,SV Deilinghofen-Sundwig,10,Kreisliga B - Iserlohn,15,2,0,0,2,0,7,-7,0,0.0
3773,,TuRa 1886 Essen III.,10,Kreisliga C Gruppe 2 · Kreis Essen,15,3,0,0,3,6,17,-11,0,0.0
3774,,SC Düsseldorf 1988 e.V.,10,Kreisliga C 26/27 Gruppe 3 Herren · Kreis Düsseldorf,15,3,0,0,3,5,16,-11,0,0.0
3775,,SC GW Varensell II,10,Kreisliga B Gr. 2 GT · Kreis Gütersloh,16,3,0,0,3,3,14,-11,0,0.0
3776,,SG Kalkar / Hö-Nie II,10,Kreisliga C Gruppe 2 · Kreis Kleve-Geldern,14,3,0,0,3,3,14,-11,0,0.0
3777,,Barisspor 84 Essen,10,Kreisliga C Gruppe 1 · Kreis Essen,14,3,0,0,3,2,13,-11,0,0.0
3778,,FC Concordia e.V. 1919 Goch II,10,Kreisliga C Gruppe 2 · Kreis Kleve-Geldern,16,4,0,0,4,3,18,-15,0,0.0
3779,,ASV Sankt Augustin I,10,Kreisliga C Staffel 5 · Kreis Sieg,12,1,0,0,1,3,7,-4,0,0.0
3780,,SC 1919 Merzenich 2,10,Kreisliga C Staffel 2 · Kreis Düren,12,1,0,0,1,3,7,-4,0,0.0
3781,,BSV Wissersheim,10,Kreisliga C Staffel 2 · Kreis Düren,13,1,0,0,1,2,6,-4,0,0.0
3782,,Ditib Aachen,10,Kreisliga C Staffel 1 · Kreis Aachen,11,1,0,0,1,2,6,-4,0,0.0
3783,,SV GW Mühleip II,10,Kreisliga C Staffel 5 · Kreis Sieg,14,2,0,0,2,4,12,-8,0,0.0
3784,,SpVg Nöthen-Pesch-Harzheim II,10,Kreisliga C 1 · Kreis Euskirchen,15,1,0,0,1,2,6,-4,0,0.0
3785,,TuS Holzen-Sommerberg II,10,Kreisliga B2 - Dortmund,13,1,0,0,1,2,6,-4,0,0.0
3786,,SG Boke/Bentfeld II,10,Kreisliga B1 Paderborn,15,3,0,0,3,5,17,-12,0,0.0
3787,,BSV Ostbevern II,10,Kreisliga B 2 Herren · Kreis Münster,14,2,0,0,2,3,11,-8,0,0.0
3788,,KuS Beli Orlovi Srbija Bielefeld,10,Kreisliga B Staffel 1 · Kreis Bielefeld,16,4,0,0,4,6,22,-16,0,0.0
3789,,SG Bruchhausen-Elleringhausen / Assinghausen Wiemeringhausen Wulmeringhausen,10,Kreisliga B 2 Hochsauerland Findungsrunde · Kreis Hochsauerlandkreis,8,3,0,0,3,4,16,-12,0,0.0
3790,,DJK GW Arnsberg,10,Kreisliga B Arnsberg,13,1,0,0,1,1,5,-4,0,0.0
3791,,Dellbrück II,10,Kreisliga C Staffel 3 · Kreis Köln,15,1,0,0,1,1,5,-4,0,0.0
3792,,FC Eintracht Geislar,10,"Kreisliga C, Gruppe 2 · Kreis Bonn",14,1,0,0,1,1,5,-4,0,0.0
3793,,FC Iraklis Neviges 2,10,Kreisliga C Gruppe 2 · Kreis Wuppertal-Niederberg,14,1,0,0,1,1,5,-4,0,0.0
3794,,Kirch-Grottenherten 1,10,Kreisliga C Staffel 4 · Kreis Rhein-Erft,13,1,0,0,1,1,5,-4,0,0.0
3795,,SC Rhenania Hinsbeck 3,10,Kreisliga C 2 · Kreis Kempen-Krefeld,10,1,0,0,1,1,5,-4,0,0.0
3796,,SG Kessel/Ho-Ha II,10,Kreisliga C Gruppe 2 · Kreis Kleve-Geldern,15,3,0,0,3,3,15,-12,0,0.0
3797,,SG Neffeltal II,10,Kreisliga C Staffel 3 · Kreis Düren,14,1,0,0,1,1,5,-4,0,0.0
3798,,SG Rommerskirchen/Gilbach 2,10,"Kreisliga C, Gr. 1 · Kreis Grevenbroich-Neuss",15,2,0,0,2,2,10,-8,0,0.0
3799,,SpVgg Oelde III,10,Kreisliga B Beckum,14,1,0,0,1,1,5,-4,0,0.0
3800,,VfB Blessem II,10,Kreisliga C 1 · Kreis Euskirchen,16,1,0,0,1,1,5,-4,0,0.0
3801,,Weiler-Volkhoven III,10,Kreisliga C Staffel 1 · Kreis Köln,13,1,0,0,1,1,5,-4,0,0.0
3802,,VfB Fabbenstedt II,10,Kreisliga B K 20 Lübbecke,15,4,0,0,4,3,19,-16,0,0.0
3803,,SV Fortuna Seppenrade II,10,Kreisliga B 2 Ahaus-Coesfeld,16,2,0,0,2,1,9,-8,0,0.0
3804,,SV Rot-Weiss Mülheim II,10,"Kreisliga C, Gruppe 1 · Kreis Duisburg-Mülheim-Dinslak",12,3,0,0,3,1,13,-12,0,0.0
3805,,FC Borussia Buir,10,Kreisliga C Staffel 4 · Kreis Rhein-Erft,14,1,0,0,1,0,4,-4,0,0.0
3806,,SC Rheinbach 1913 e.V. 3,10,"Kreisliga C, Gruppe 3 · Kreis Bonn",15,1,0,0,1,0,4,-4,0,0.0
3807,,SV BW Oedekoven 2,10,"Kreisliga C, Gruppe 2 · Kreis Bonn",15,1,0,0,1,0,4,-4,0,0.0
3808,,TSV Weiß 2,10,Kreisliga C Staffel 5 · Kreis Rhein-Erft,15,1,0,0,1,0,4,-4,0,0.0
3809,,TuS Germania Birgel II,10,Kreisliga C Staffel 2 · Kreis Düren,14,1,0,0,1,0,4,-4,0,0.0
3810,,VFL Lannesdorf,10,"Kreisliga C, Gruppe 1 · Kreis Bonn",15,1,0,0,1,0,4,-4,0,0.0
3811,,VfL Sassenberg II,10,Kreisliga B 2 Herren · Kreis Münster,15,2,0,0,2,0,8,-8,0,0.0
3812,,Gütersloher TV,10,Kreisliga B Gr. 1 GT · Kreis Gütersloh,16,3,0,0,3,3,16,-13,0,0.0
3813,,DJK Adler Riemke II,10,Kreisliga B2 Herren · Kreis Bochum,15,3,0,0,3,1,14,-13,0,0.0
3814,,TVAS Viersen 2,10,Kreisliga C 1 · Kreis Kempen-Krefeld,15,3,0,0,3,1,14,-13,0,0.0
3815,,DJK Dellwig II.,10,Kreisliga C Gruppe 2 · Kreis Essen,14,2,0,0,2,2,11,-9,0,0.0
3816,,SV Oesbern,10,Kreisliga B - Iserlohn,16,2,0,0,2,2,11,-9,0,0.0
3817,,BV Westfalia Wickede II,10,Kreisliga B2 - Dortmund,15,2,0,0,2,1,10,-9,0,0.0
3818,,TuRa Brüggen 4,10,Kreisliga C 1 · Kreis Kempen-Krefeld,14,2,0,0,2,1,10,-9,0,0.0
3819,,SG Benrath-Hassels III,10,Kreisliga C 26/27 Gruppe 2 Herren · Kreis Düsseldorf,13,2,0,0,2,0,9,-9,0,0.0
3820,,SV Öttershagen II,10,Kreisliga C Staffel 6 · Kreis Sieg,15,2,0,0,2,0,9,-9,0,0.0
3821,,MTV Union Hamborn II,10,"Kreisliga C, Gruppe 2 · Kreis Duisburg-Mülheim-Dinslak",16,3,1,0,2,3,17,-14,0,0.0
3822,,TuS Immekeppel II,10,Kreisliga C 4 · Kreis Berg,14,1,0,0,1,4,9,-5,0,0.0
3823,,Eintracht Vinhoven 2,10,Kreisliga C 3 · Kreis Kempen-Krefeld,12,1,0,0,1,3,8,-5,0,0.0
3824,,FC Overberge II,10,Kreisliga B1 Unna-Hamm,16,4,0,0,4,11,31,-20,0,0.0
3825,,Eintracht Duisburg,10,"Kreisliga C, Gruppe 1 · Kreis Duisburg-Mülheim-Dinslak",11,2,0,0,2,4,14,-10,0,0.0
3826,,FC BW Gierskämpen,10,Kreisliga B Arnsberg,14,1,0,0,1,2,7,-5,0,0.0
3827,,Lindenthal-Hohenlind III,10,Kreisliga C Staffel 1 · Kreis Köln,14,1,0,0,1,2,7,-5,0,0.0
3828,,DJK Twisteden III,10,Kreisliga C Gruppe 3 · Kreis Kleve-Geldern,16,2,0,0,2,3,13,-10,0,0.0
3829,,SG Duisburg-Süd IV,10,"Kreisliga C, Gruppe 1 · Kreis Duisburg-Mülheim-Dinslak",14,3,0,0,3,4,19,-15,0,0.0
3830,,VfL Kupferdreh 65/82 II.,10,Kreisliga C Gruppe 3 · Kreis Essen,15,3,1,0,2,4,19,-15,0,0.0
3831,,Afrika Köln I,10,Kreisliga C Staffel 1 · Kreis Köln,15,1,0,0,1,1,6,-5,0,0.0
3832,,Horremer SV III,10,Kreisliga C Staffel 4 · Kreis Rhein-Erft,15,1,0,0,1,1,6,-5,0,0.0
3833,,SV Eilendorf III,10,Kreisliga C Staffel 1 · Kreis Aachen,12,1,0,0,1,1,6,-5,0,0.0
3834,,TuS Ascheberg II,10,Kreisliga B 3 Herren · Kreis Münster,14,1,0,0,1,1,6,-5,0,0.0
3835,,VfL Rheinhausen III,10,KL C Gruppe 2 · Kreis Moers,15,1,0,0,1,1,6,-5,0,0.0
3836,,SSV 07 Sudberg 2,10,Kreisliga C Gruppe 1 · Kreis Wuppertal-Niederberg,14,3,0,0,3,2,17,-15,0,0.0
3837,,SV Griethausen,10,Kreisliga C Gruppe 1 · Kreis Kleve-Geldern,16,3,0,0,3,2,17,-15,0,0.0
3838,,Dorstfelder SC II,10,Kreisliga B1 - Dortmund,14,2,0,0,2,1,11,-10,0,0.0
3839,,SV Höhe,10,Kreisliga C Staffel 6 · Kreis Sieg,16,2,0,0,2,1,11,-10,0,0.0
3840,,TuS 05 Sinsen,10,RE KL B 2 · Kreis Recklinghausen,14,2,0,0,2,1,11,-10,0,0.0
3841,,VdS 1920 Nievenheim 3,10,"Kreisliga C, Gr. 1 · Kreis Grevenbroich-Neuss",16,2,0,0,2,1,11,-10,0,0.0
3842,,Bosna Aachen,10,Kreisliga C Staffel 1 · Kreis Aachen,13,1,0,0,1,0,5,-5,0,0.0
3843,,Eintracht Vinhoven 3,10,Kreisliga C 2 · Kreis Kempen-Krefeld,11,1,0,0,1,0,5,-5,0,0.0
3844,,SKV Balkan,10,Kreisliga B Arnsberg,15,1,0,0,1,0,5,-5,0,0.0
3845,,SSC Satzvey,10,Kreisliga C 2 · Kreis Euskirchen,14,1,0,0,1,0,5,-5,0,0.0
3846,,VfR Granterath 1919 II,10,"Kreisliga C,  Staffel 1 · Kreis Heinsberg",12,1,0,0,1,0,5,-5,0,0.0
3847,,VFB 06 Langenfeld 2.,10,Kreisliga C · Kreis Remscheid-Solingen,19,2,0,0,2,5,16,-11,0,0.0
3848,,TuS Querenburg II,10,Kreisliga B3 Herren · Kreis Bochum,16,4,0,0,4,5,27,-22,0,0.0
3849,,Post SV Oberhausen II,10,Kreisliga C2 Bliso · Kreis Oberhausen-Bottrop,15,2,0,0,2,2,13,-11,0,0.0
3850,,SpVg SW Breckerfeld II,10,Kreisliga B2 Hagen,16,2,0,0,2,2,13,-11,0,0.0
3851,,TFC Inter Troisdorf II,10,Kreisliga C Staffel 4 · Kreis Sieg,14,2,0,0,2,2,13,-11,0,0.0
3852,,TuS Birk III,10,Kreisliga C Staffel 5 · Kreis Sieg,15,2,0,0,2,1,12,-11,0,0.0
3853,,FC Tannenhof II,10,Kreisliga C 26/27 Gruppe 2 Herren · Kreis Düsseldorf,14,3,0,0,3,1,18,-17,0,0.0
3854,,GW Holten III,10,Kreisliga C1 Breil · Kreis Oberhausen-Bottrop,15,2,0,0,2,2,14,-12,0,0.0
3855,,Post SV Düsseldorf II,10,Kreisliga C 26/27 Gruppe 2 Herren · Kreis Düsseldorf,12,1,0,0,1,1,7,-6,0,0.0
3856,,Ründeroth II,10,Kreisliga C 5 · Kreis Berg,14,1,0,0,1,1,7,-6,0,0.0
3857,,SSV Grefrath 3,10,Kreisliga C 2 · Kreis Kempen-Krefeld,12,1,0,0,1,1,7,-6,0,0.0
3858,,Spvgg. Hurst-Rosbach II,10,Kreisliga C Staffel 6 · Kreis Sieg,17,2,0,0,2,2,14,-12,0,0.0
3859,,SuS Pöppinghausen,10,Herren Kreisliga B1 · Kreis Herne,12,1,0,0,1,1,7,-6,0,0.0
3860,,SG Preußen Gladbeck 1910/29 II,10,Kreisliga B 1 Herren · Kreis Gelsenkirchen,16,4,0,0,4,2,26,-24,0,0.0
3861,,DJK Falkenhorst Herne,10,Herren Kreisliga B2 · Kreis Herne,12,1,0,0,1,0,6,-6,0,0.0
3862,,ESV Herne,10,Herren Kreisliga B1 · Kreis Herne,13,1,0,0,1,0,6,-6,0,0.0
3863,,FC Concordia Haaren II,10,"Kreisliga C,  Staffel 3 · Kreis Heinsberg",13,1,0,0,1,0,6,-6,0,0.0
3864,,SV Adler Effeld 1916 e.V. II,10,"Kreisliga C,  Staffel 2 · Kreis Heinsberg",13,1,0,0,1,0,6,-6,0,0.0
3865,,SV BW Aasee III,10,Kreisliga B 3 Herren · Kreis Münster,15,2,0,0,2,0,12,-12,0,0.0
3866,,TSV Wewer II,10,Kreisliga B1 Paderborn,16,4,0,0,4,2,27,-25,0,0.0
3867,,SV Duissern III,10,"Kreisliga C, Gruppe 2 · Kreis Duisburg-Mülheim-Dinslak",17,3,0,0,3,4,23,-19,0,0.0
3868,,SpVgg Alt-Hamborn e.V.,10,"Kreisliga C, Gruppe 3 · Kreis Duisburg-Mülheim-Dinslak",15,3,0,0,3,2,21,-19,0,0.0
3869,,SC Frintrop 05/21 III.,10,Kreisliga C Gruppe 1 · Kreis Essen,15,3,0,0,3,1,20,-19,0,0.0
3870,,WSV Bochum,10,Kreisliga B2 Herren · Kreis Bochum,16,4,0,0,4,1,27,-26,0,0.0
3871,,VfL Benrath 06 III,10,Kreisliga C 26/27 Gruppe 3 Herren · Kreis Düsseldorf,16,2,0,0,2,0,13,-13,0,0.0
3872,,Oberhausen78 2,10,Kreisliga C2 Bliso · Kreis Oberhausen-Bottrop,17,3,0,0,3,0,20,-20,0,0.0
3873,,SuS Sichtigvor,10,Kreisliga B Lippstadt,16,4,0,0,4,5,33,-28,0,0.0
3874,,SV Heckinghausen II,10,Kreisliga C Gruppe 1 · Kreis Wuppertal-Niederberg,13,2,0,0,2,2,16,-14,0,0.0
3875,,SpVgg Gerthe 1911,10,Kreisliga B1 Herren · Kreis Bochum,16,3,0,0,3,2,23,-21,0,0.0
3876,,DSC Preußen Duisburg II,10,"Kreisliga C, Gruppe 1 · Kreis Duisburg-Mülheim-Dinslak",13,2,0,0,2,1,15,-14,0,0.0
3877,,Grenzwacht Pannesheide II,10,Kreisliga C Staffel 2 · Kreis Aachen,12,1,0,0,1,0,7,-7,0,0.0
3878,,RW Erlinghausen II,10,Kreisliga B 3 Hochsauerland Findungsrunde · Kreis Hochsauerlandkreis,7,1,0,0,1,0,7,-7,0,0.0
3879,,Viktoria Krefeld 2,10,Kreisliga C 3 · Kreis Kempen-Krefeld,13,1,0,0,1,0,7,-7,0,0.0
3880,,SV Eintracht Solingen,10,Kreisliga C · Kreis Remscheid-Solingen,20,3,0,0,3,2,24,-22,0,0.0
3881,,PSV Oberhausen 2,10,Kreisliga C2 Bliso · Kreis Oberhausen-Bottrop,16,2,0,0,2,4,19,-15,0,0.0
3882,,RW Barop III,10,Kreisliga B1 - Dortmund,15,2,0,0,2,2,17,-15,0,0.0
3883,,SF Wuppertal 1,10,Kreisliga C Gruppe 1 · Kreis Wuppertal-Niederberg,16,3,0,0,3,3,26,-23,0,0.0
3884,,FC Löhne-Gohfeld,10,Kreisliga B · Kreis Herford,17,4,0,0,4,6,37,-31,0,0.0
3885,,Kaller SC,10,Kreisliga C 2 · Kreis Euskirchen,15,1,0,0,1,3,11,-8,0,0.0
3886,,SV Rot-Weiß Wülfrath 2,10,Kreisliga C Gruppe 2 · Kreis Wuppertal-Niederberg,15,1,0,0,1,3,11,-8,0,0.0
3887,,1.FC Lintfort III,10,KL C Gruppe 1 · Kreis Moers,17,1,0,0,1,1,9,-8,0,0.0
3888,,Rhenania Eschweiler,10,Kreisliga C Staffel 2 · Kreis Aachen,13,1,0,0,1,1,9,-8,0,0.0
3889,,TuS Velmede/Bestwig II,10,Kreisliga B 3 Hochsauerland Findungsrunde · Kreis Hochsauerlandkreis,8,1,0,0,1,1,9,-8,0,0.0
3890,,SG Erfttal 1,10,"Kreisliga C, Gr. 1 · Kreis Grevenbroich-Neuss",17,3,0,0,3,1,25,-24,0,0.0
3891,,1. JFC Brüser Berg 2,10,"Kreisliga C, Gruppe 1 · Kreis Bonn",16,1,0,0,1,0,8,-8,0,0.0
3892,,FC Chorweiler I,10,Kreisliga C Staffel 1 · Kreis Köln,16,1,0,0,1,0,8,-8,0,0.0
3893,,FC Rot-Weiß Moers II,10,KL C Gruppe 2 · Kreis Moers,16,1,0,0,1,0,8,-8,0,0.0
3894,,Fatihspor Mülheim II,10,"Kreisliga C, Gruppe 1 · Kreis Duisburg-Mülheim-Dinslak",16,3,0,0,3,2,27,-25,0,0.0
3895,,Spfr. Neersbroich 4,10,Kreisliga C Gruppe 5 · Kreis Mönchengladbach-Viersen,8,3,0,0,3,3,29,-26,0,0.0
3896,,SV GE-Hessler 06 III,10,Kreisliga B 2 Herren · Kreis Gelsenkirchen,16,4,0,0,4,3,38,-35,0,0.0
3897,,KSC Bosna i. Hercegovina,10,Kreisliga B Staffel 2 · Kreis Bielefeld,16,4,0,0,4,0,35,-35,0,0.0
3898,,FC Concordia Oidtweiler III,10,Kreisliga C Staffel 2 · Kreis Aachen,14,1,0,0,1,1,10,-9,0,0.0
3899,,D-H-O 2,10,Kreisliga C 1 · Kreis Euskirchen,17,1,0,0,1,0,9,-9,0,0.0
3900,,SC Victoria Ickern II,10,Herren Kreisliga B2 · Kreis Herne,13,1,0,0,1,0,9,-9,0,0.0
3901,,VfB Lohberg,10,"Kreisliga C, Gruppe 3 · Kreis Duisburg-Mülheim-Dinslak",16,3,0,0,3,5,33,-28,0,0.0
3902,,SC 1919 Merzenich 3,10,Kreisliga C Staffel 1 · Kreis Düren,14,1,0,0,1,2,12,-10,0,0.0
3903,,Rhenania Richterich II,10,Kreisliga C Staffel 1 · Kreis Aachen,14,1,0,0,1,0,10,-10,0,0.0
3904,,SV Orsoy,10,KL C Gruppe 1 · Kreis Moers,18,1,0,0,1,0,10,-10,0,0.0
3905,,Dümptener TV 85 II,10,"Kreisliga C, Gruppe 1 · Kreis Duisburg-Mülheim-Dinslak",15,2,0,0,2,2,23,-21,0,0.0
3906,,TuS Altenrath II,10,Kreisliga C Staffel 4 · Kreis Sieg,16,2,0,0,2,1,22,-21,0,0.0
3907,,SV Wickrathberg 2,10,Kreisliga C Gruppe 2 · Kreis Mönchengladbach-Viersen,8,3,0,0,3,2,34,-32,0,0.0
3908,,SG Dülken 2,10,Kreisliga C 2 · Kreis Kempen-Krefeld,13,1,0,0,1,1,12,-11,0,0.0
3909,,1. FC Dersimspor II,10,"Kreisliga C, Gruppe 2 · Kreis Duisburg-Mülheim-Dinslak",18,3,0,0,3,0,33,-33,0,0.0
3910,,SG Boelerheide,10,Kreisliga B1 Hagen,15,2,0,0,2,3,26,-23,0,0.0
3911,,SG Vossenack-Hürtgen II,10,Kreisliga C Staffel 3 · Kreis Düren,15,1,0,0,1,1,13,-12,0,0.0
3912,,FSC Mönchengladbach,10,Kreisliga C Gruppe 3 · Kreis Mönchengladbach-Viersen,8,2,0,0,2,2,27,-25,0,0.0
3913,,DJK Dellwig III.,10,Kreisliga C Gruppe 1 · Kreis Essen,16,3,0,0,3,2,40,-38,0,0.0
3914,,FC Sankt Augustin II,10,Kreisliga C Staffel 4 · Kreis Sieg,15,1,0,0,1,1,15,-14,0,0.0
3915,,FV Scharnhorst,10,Kreisliga B3 - Dortmund,15,1,0,0,1,0,14,-14,0,0.0
3916,,SpVg Nöthen-Pesch-Harzheim III,10,Kreisliga C 2 · Kreis Euskirchen,16,1,0,0,1,0,14,-14,0,0.0
3917,,Oberhausen78,10,Kreisliga C1 Breil · Kreis Oberhausen-Bottrop,16,2,0,0,2,2,31,-29,0,0.0
3918,,TFC Wuppertal 2,10,Kreisliga C Gruppe 1 · Kreis Wuppertal-Niederberg,15,1,0,0,1,0,15,-15,0,0.0
3919,,TV Kapellen II,10,KL C Gruppe 2 · Kreis Moers,17,1,0,0,1,2,18,-16,0,0.0
3920,,Sportfreunde Hehlrath,10,Kreisliga C Staffel 2 · Kreis Aachen,15,1,0,0,1,2,20,-18,0,0.0
3921,,SV Merken 2,10,Kreisliga C Staffel 2 · Kreis Düren,15,1,0,0,1,0,22,-22,0,0.0
3922,,SV Wanheim 1900 II,10,"Kreisliga C, Gruppe 1 · Kreis Duisburg-Mülheim-Dinslak",17,3,0,2,1,5,11,-6,-1,-0.33
3923,,SV Langschede,10,Kreisliga B2 Unna-Hamm,17,4,0,1,3,3,11,-8,-2,-0.5
3924,,SG Brakelsiek / Wöbbel,10,Kreisliga B · Kreis Detmold,16,4,0,1,3,11,21,-10,-2,-0.5
3925,,FC Taxi Duisburg II,10,"Kreisliga C, Gruppe 1 · Kreis Duisburg-Mülheim-Dinslak",18,3,0,1,2,4,10,-6,-2,-0.67
3926,,SV Rosellen 3,10,"Kreisliga C, Gr. 2 · Kreis Grevenbroich-Neuss",16,3,0,1,2,2,23,-21,-2,-0.67
3927,,SC Düsseldorf-West II,10,Kreisliga C 26/27 Gruppe 1 Herren · Kreis Düsseldorf,15,2,0,0,2,3,6,-3,-3,-1.5
3928,,FC Polonia Hagen II,10,Kreisliga B1 Hagen,16,2,0,0,2,4,9,-5,-3,-1.5
3929,,TSV Kaldenk. 3,10,Kreisliga C 1 · Kreis Kempen-Krefeld,16,2,0,0,2,4,17,-13,-3,-1.5
3930,,SC Wacker Dinslaken II,10,"Kreisliga C, Gruppe 3 · Kreis Duisburg-Mülheim-Dinslak",17,2,0,0,2,1,15,-14,-3,-1.5
3931,,SV SW Huchem-Stammeln II,10,Kreisliga C Staffel 1 · Kreis Düren,15,1,0,0,1,2,4,-2,-3,-3.0
3932,,FC Borussia Hückelhoven II,10,"Kreisliga C,  Staffel 1 · Kreis Heinsberg",13,1,0,0,1,1,4,-3,-3,-3.0
3933,,KTSV Preussen Krefeld 2,10,Kreisliga C 2 · Kreis Kempen-Krefeld,14,1,0,0,1,2,10,-8,-3,-3.0
3934,,Godesberger FV II,10,"Kreisliga C, Gruppe 3 · Kreis Bonn",16,1,0,0,1,0,8,-8,-3,-3.0
3935,,SSV Strümp 3,10,Kreisliga C 3 · Kreis Kempen-Krefeld,14,1,0,0,1,0,8,-8,-3,-3.0
3936,,FSV Neunkirchen-Seelscheid IV,10,Kreisliga C Staffel 5 · Kreis Sieg,16,1,0,0,1,0,5,-5,-6,-6.0
3937,,SV Schnellenbach II,11,Kreisliga D 8 · Kreis Berg,1,1,1,0,0,24,0,24,3,3.0
3938,,SV St. Jöris II,11,Kreisliga D Staffel 2 · Kreis Aachen,1,1,1,0,0,20,0,20,3,3.0
3939,,Bonner SG,11,"Kreisliga D, Gruppe 1 · Kreis Bonn",1,1,1,0,0,19,1,18,3,3.0
3940,,TB 1906 Witterschlick III,11,"Kreisliga D, Gruppe 3 · Kreis Bonn",1,1,1,0,0,17,0,17,3,3.0
3941,,SG LWL 05/Attendorn/Listerscheid II,11,Kreisliga C Staffel 2 Olpe,1,1,1,0,0,16,0,16,3,3.0
3942,,Eintracht Ickern III,11,Herren Kreisliga C2 · Kreis Herne,1,2,2,0,0,30,1,29,6,3.0
3943,,SpVgg. Nachrodt II,11,Kreisliga C 2 - Qualifikation · Kreis Iserlohn,1,1,1,0,0,15,1,14,3,3.0
3944,,BSV Lendringsen III,11,Kreisliga C 2 - Qualifikation · Kreis Iserlohn,2,1,1,0,0,14,0,14,3,3.0
3945,,RW Lennestadt/Grevenbrück II,11,Kreisliga C Staffel 1 Olpe,3,1,1,0,0,14,0,14,3,3.0
3946,,SG Schweicheln II,11,Kreisliga C Gruppe 1 · Kreis Herford,6,1,1,0,0,13,0,13,3,3.0
3947,,Urbach II,11,Kreisliga D Staffel 5 · Kreis Köln,1,1,1,0,0,13,0,13,3,3.0
3948,,SV Enger-Westerenger II,11,Kreisliga C Gruppe 3 · Kreis Herford,1,2,2,0,0,25,1,24,6,3.0
3949,,Teutonia Schalke,11,Kreisliga C 2 Herren · Kreis Gelsenkirchen,1,4,4,0,0,50,3,47,12,3.0
3950,,DJK VfK Iserlohn II,11,Kreisliga C 3 - Qualifikation · Kreis Iserlohn,1,2,2,0,0,23,1,22,6,3.0
3951,,GW Harsewinkel,11,Kreisliga C Q3 GT · Kreis Gütersloh,1,3,3,0,0,33,1,32,9,3.0
3952,,VFB Matorf,11,Kreisliga C Gruppe 1 Lemgo,3,2,2,0,0,22,1,21,6,3.0
3953,,Zollstock IV,11,Kreisliga D Staffel 3 · Kreis Köln,1,1,1,0,0,13,3,10,3,3.0
3954,,AKM Köln I,11,Kreisliga D Staffel 1 · Kreis Köln,1,1,1,0,0,11,1,10,3,3.0
3955,,FSG Merkstein II,11,Kreisliga D Staffel 2 · Kreis Aachen,2,1,1,0,0,11,1,10,3,3.0
3956,,TuS Rahm II,11,Kreisliga C1 - Dortmund,1,2,2,0,0,22,2,20,6,3.0
3957,,Türkischer Verein Herford,11,Kreisliga C Gruppe 2 · Kreis Herford,1,2,2,0,0,21,1,20,6,3.0
3958,,FC Wanderlust Süsterseel II,11,"Kreisliga D, Staffel 3 · Kreis Heinsberg",1,1,1,0,0,10,0,10,3,3.0
3959,,Croatia I,11,Kreisliga D Staffel 3 · Kreis Köln,2,1,1,0,0,11,2,9,3,3.0
3960,,Best Ham United,11,Kreisliga C 1 Hochsauerland Findungsrunde · Kreis Hochsauerlandkreis,4,1,1,0,0,10,1,9,3,3.0
3961,,Westhoven-Ensen II,11,Kreisliga D Staffel 2 · Kreis Köln,1,1,1,0,0,9,0,9,3,3.0
3962,,SC Bünde III,11,Kreisliga C Gruppe 3 · Kreis Herford,2,2,2,0,0,20,3,17,6,3.0
3963,,SC Marl-Hamm II,11,RE KL C 2 · Kreis Recklinghausen,1,2,2,0,0,17,0,17,6,3.0
3964,,Erler Spielverein 08 III.,11,Kreisliga C 2 Herren · Kreis Gelsenkirchen,2,4,4,0,0,40,7,33,12,3.0
3965,,F.S.M. Gladbeck II,11,Kreisliga C 1 Herren · Kreis Gelsenkirchen,1,4,4,0,0,40,7,33,12,3.0
3966,,Fühlingen II,11,Kreisliga D Staffel 3 · Kreis Köln,3,1,1,0,0,10,2,8,3,3.0
3967,,TV Friesen Milse II,11,Kreisliga C Staffel 2 · Kreis Bielefeld,1,2,2,0,0,19,3,16,6,3.0
3968,,FV Wiehl III,11,Kreisliga D 9 · Kreis Berg,1,1,1,0,0,9,1,8,3,3.0
3969,,Olympia III,11,Kreisliga D Staffel 3 · Kreis Köln,4,1,1,0,0,9,1,8,3,3.0
3970,,TuS Egen,11,Kreisliga D 8 · Kreis Berg,2,1,1,0,0,9,1,8,3,3.0
3971,,TuS Eving Lindenhorst II,11,Kreisliga C3 - Dortmund,7,1,1,0,0,9,1,8,3,3.0
3972,,BV Brambauer 13/45 II,11,Kreisliga C4 - Dortmund,4,1,1,0,0,8,0,8,3,3.0
3973,,FC Altenhof II,11,Kreisliga C Staffel 3 Olpe,2,1,1,0,0,8,0,8,3,3.0
3974,,SV GS Hohenholte II,11,Kreisliga C 1 Herren · Kreis Münster,5,1,1,0,0,8,0,8,3,3.0
3975,,SG Bega/Humfeld,11,Kreisliga C Gruppe 1 Lemgo,4,2,2,0,0,17,3,14,6,3.0
3976,,SG Büttenberg/Altenvoerde,11,Kreisliga C2 Hagen,1,2,2,0,0,17,3,14,6,3.0
3977,,DJK Falkenhorst Herne II,11,Herren Kreisliga C1 · Kreis Herne,1,2,2,0,0,16,2,14,6,3.0
3978,,SV Buschdorf 2,11,"Kreisliga D, Gruppe 2 · Kreis Bonn",1,1,1,0,0,8,1,7,3,3.0
3979,,SV Sundern,11,Kreisliga C Gruppe 3 · Kreis Herford,3,2,2,0,0,16,2,14,6,3.0
3980,,SpVgg. Straß,11,Kreisliga D Staffel 1 · Kreis Aachen,1,2,2,0,0,16,2,14,6,3.0
3981,,ÖSG Viktoria 08 Dortmund,11,Kreisliga C4 - Dortmund,1,2,2,0,0,16,2,14,6,3.0
3982,,Grün-Weiß Steinbeck II,11,Kreisliga C 1 · Kreis Tecklenburg,1,2,2,0,0,15,1,14,6,3.0
3983,,Sportfreunde Sennestadt,11,Kreisliga C Staffel 3 · Kreis Bielefeld,1,2,2,0,0,15,1,14,6,3.0
3984,,Westfalia Gemen IV,11,RE KL C 1 · Kreis Recklinghausen,1,2,2,0,0,15,1,14,6,3.0
3985,,FC Attendorn-Schwalbenohl,11,Kreisliga C Staffel 2 Olpe,2,1,1,0,0,7,0,7,3,3.0
3986,,FC Rhenania Immendorf II,11,"Kreisliga D, Staffel 3 · Kreis Heinsberg",2,1,1,0,0,7,0,7,3,3.0
3987,,SC Bleche/Germinghausen,11,Kreisliga C Staffel 3 Olpe,1,2,2,0,0,14,0,14,6,3.0
3988,,SG Castrop-Rauxel II,11,Herren Kreisliga C1 · Kreis Herne,2,2,2,0,0,14,0,14,6,3.0
3989,,SV Niederbachem III,11,"Kreisliga D, Gruppe 3 · Kreis Bonn",2,1,1,0,0,7,0,7,3,3.0
3990,,SpVg Berghofen II,11,Kreisliga C2 - Dortmund,1,2,2,0,0,15,2,13,6,3.0
3991,,1. FC Mecklenbeck II,11,Kreisliga C 3 Herren · Kreis Münster,1,2,2,0,0,14,1,13,6,3.0
3992,,RSV Holthausen,11,Herren Kreisliga C1 · Kreis Herne,3,2,2,0,0,14,1,13,6,3.0
3993,,Rasensport Brand III,11,Kreisliga D Staffel 1 · Kreis Aachen,2,2,2,0,0,14,1,13,6,3.0
3994,,SV Beuel 06 V,11,"Kreisliga D, Gruppe 2 · Kreis Bonn",2,1,1,0,0,9,3,6,3,3.0
3995,,Borussia Brand II,11,Kreisliga D Staffel 1 · Kreis Aachen,4,1,1,0,0,8,2,6,3,3.0
3996,,Hellas Köln III,11,Kreisliga D Staffel 3 · Kreis Köln,5,1,1,0,0,8,2,6,3,3.0
3997,,Burtscheider TV III,11,Kreisliga D Staffel 1 · Kreis Aachen,3,2,2,0,0,14,2,12,6,3.0
3998,,FSV Pivitsheide II,11,Kreisliga C Gruppe I · Kreis Detmold,4,1,1,0,0,7,1,6,3,3.0
3999,,FTSV TuS Ost Bielefeld II,11,Kreisliga C Staffel 1 · Kreis Bielefeld,3,1,1,0,0,7,1,6,3,3.0
4000,,FC Westerloh-Lippling,11,Kreisliga C1 Paderborn,1,4,4,0,0,27,3,24,12,3.0
4001,,GW Elben II,11,Kreisliga C Staffel 3 Olpe,3,1,1,0,0,6,0,6,3,3.0
4002,,SC Alt.-Ersdorf III,11,"Kreisliga D, Gruppe 3 · Kreis Bonn",3,1,1,0,0,6,0,6,3,3.0
4003,,SG Selm II,11,Kreisliga C 3 Herren · Kreis Münster,5,1,1,0,0,6,0,6,3,3.0
4004,,VfL Hörste-Garfeln II,11,Kreisliga C Lippstadt,4,1,1,0,0,6,0,6,3,3.0
4005,,VfR Würselen III,11,Kreisliga D Staffel 1 · Kreis Aachen,5,1,1,0,0,6,0,6,3,3.0
4006,,FSV Ochtrup e.V. II,11,Kreisliga C Qualigruppe 4 Kreis Steinfurt,1,2,2,0,0,15,4,11,6,3.0
4007,,Blomberger SV III,11,Kreisliga C Gruppe II · Kreis Detmold,1,2,2,0,0,13,2,11,6,3.0
4008,,Borghorster FC IV,11,Kreisliga C Qualigruppe 2 Kreis Steinfurt,1,2,2,0,0,13,2,11,6,3.0
4009,,VfL Klafeld-Geisweid,11,Kreisliga C1-SIWI · Kreis Siegen-Wittgenstein,1,2,2,0,0,13,2,11,6,3.0
4010,,SV Höntrop II,11,Kreisliga C4 Herren · Kreis Bochum,3,3,3,0,0,19,3,16,9,3.0
4011,,SG Sonneborn/Alverdissen II,11,Kreisliga C Gruppe 1 Lemgo,1,3,3,0,0,18,2,16,9,3.0
4012,,TuS Kaltehardt II,11,Kreisliga C2 Herren · Kreis Bochum,1,3,3,0,0,18,2,16,9,3.0
4013,,SC Hiddenhausen,11,Kreisliga C Gruppe 2 · Kreis Herford,3,1,1,0,0,8,3,5,3,3.0
4014,,FC Ebenau,11,Kreisliga C2-SIWI · Kreis Siegen-Wittgenstein,1,2,2,0,0,14,4,10,6,3.0
4015,,SC Internazionale Calcio Lippstadt,11,Kreisliga C Lippstadt,1,2,2,0,0,14,4,10,6,3.0
4016,,SV Buschdorf,11,"Kreisliga D, Gruppe 1 · Kreis Bonn",2,1,1,0,0,7,2,5,3,3.0
4017,,TuS Lüchtringen II,11,Kreisliga C Gruppe 1 · Kreis Höxter,3,1,1,0,0,7,2,5,3,3.0
4018,,FC Marl III,11,RE KL C 2 · Kreis Recklinghausen,2,2,2,0,0,13,3,10,6,3.0
4019,,SV Teutonia Coerde,11,Kreisliga C 2 Herren · Kreis Münster,1,2,2,0,0,13,3,10,6,3.0
4020,,Auweiler-Esch I,11,Kreisliga D Staffel 3 · Kreis Köln,6,1,1,0,0,6,1,5,3,3.0
4021,,Bergfried Leverkusen III,11,Kreisliga D Staffel 2 · Kreis Köln,2,1,1,0,0,6,1,5,3,3.0
4022,,Morsbach II,11,Kreisliga D 9 · Kreis Berg,2,1,1,0,0,6,1,5,3,3.0
4023,,Nippes GW III,11,Kreisliga D Staffel 1 · Kreis Köln,2,1,1,0,0,6,1,5,3,3.0
4024,,SG Balve/Garbeck II,11,Kreisliga C Arnsberg,1,1,1,0,0,6,1,5,3,3.0
4025,,SG Herdringen/Müschede III,11,Kreisliga C Arnsberg,2,1,1,0,0,6,1,5,3,3.0
4026,,SV Bösensell II,11,Kreisliga C 1 Herren · Kreis Münster,1,2,2,0,0,12,2,10,6,3.0
4027,,VfL Lüerdissen,11,Kreisliga C Gruppe 1 Lemgo,2,3,3,0,0,18,3,15,9,3.0
4028,,FC Roj II,11,Kreisliga C3 - Dortmund,1,2,2,0,0,11,1,10,6,3.0
4029,,SC Husen Kurl III,11,Kreisliga C4 - Dortmund,2,2,2,0,0,11,1,10,6,3.0
4030,,TuRa Heiden II,11,Kreisliga C Gruppe I · Kreis Detmold,1,2,2,0,0,11,1,10,6,3.0
4031,,FC Concordia Birgelen II,11,"Kreisliga D, Staffel 2 · Kreis Heinsberg",1,1,1,0,0,5,0,5,3,3.0
4032,,FC Stolberg II,11,Kreisliga D Staffel 3 · Kreis Aachen,1,1,1,0,0,5,0,5,3,3.0
4033,,SSV Süng II,11,Kreisliga D 8 · Kreis Berg,3,1,1,0,0,5,0,5,3,3.0
4034,,Int. FC Paderborn,11,Kreisliga C2 Paderborn,4,2,2,0,0,12,3,9,6,3.0
4035,,SG Wattenscheid 09 II,11,Kreisliga C5 Herren · Kreis Bochum,1,4,4,0,0,22,4,18,12,3.0
4036,,TuS Jahn Soest,11,Kreisliga C Herren · Kreis Soest,1,4,4,0,0,22,4,18,12,3.0
4037,,SV Borussia Ahsen II,11,RE KL C 4 · Kreis Recklinghausen,1,2,2,0,0,10,1,9,6,3.0
4038,,TSV Schötmar II,11,Kreisliga C Gruppe 2 Lemgo,2,2,2,0,0,9,0,9,6,3.0
4039,,TuS Deusen II,11,Kreisliga C3 - Dortmund,2,2,2,0,0,9,0,9,6,3.0
4040,,TuS GW Allagen II,11,Kreisliga C Lippstadt,2,2,2,0,0,9,0,9,6,3.0
4041,,Teutonia Schalke III,11,Kreisliga C 2 Herren · Kreis Gelsenkirchen,3,3,3,0,0,18,5,13,9,3.0
4042,,DJK Märkisch Hattingen II,11,Kreisliga C5 Herren · Kreis Bochum,2,3,3,0,0,15,2,13,9,3.0
4043,,SV Avenwedde III,11,Kreisliga C Q3 GT · Kreis Gütersloh,2,3,3,0,0,14,1,13,9,3.0
4044,,TuS Niederaden,11,Kreisliga C2 Unna-Hamm,1,4,4,0,0,20,3,17,12,3.0
4045,,Loope II,11,Kreisliga D 7 · Kreis Berg,1,1,1,0,0,7,3,4,3,3.0
4046,,SG Hiddesen Heidenoldendorf II,11,Kreisliga C Gruppe I · Kreis Detmold,2,2,2,0,0,14,6,8,6,3.0
4047,,Firtinaspor Herne III,11,Herren Kreisliga C2 · Kreis Herne,2,2,2,0,0,13,5,8,6,3.0
4048,,FSG Ruhrtal III,11,Kreisliga C Arnsberg,3,1,1,0,0,6,2,4,3,3.0
4049,,SCE Rot-Weiß Bielefeld,11,Kreisliga C Staffel 2 · Kreis Bielefeld,2,2,2,0,0,12,4,8,6,3.0
4050,,TuS Brake II,11,Kreisliga C Staffel 4 · Kreis Bielefeld,1,2,2,0,0,12,4,8,6,3.0
4051,,VfB Alsdorf,11,Kreisliga D Staffel 2 · Kreis Aachen,3,1,1,0,0,6,2,4,3,3.0
4052,,FSV Helden,11,Kreisliga C Staffel 1 Olpe,1,2,2,0,0,11,3,8,6,3.0
4053,,Blau-Weiß Köln V,11,Kreisliga D Staffel 1 · Kreis Köln,3,1,1,0,0,5,1,4,3,3.0
4054,,Dellbrück III,11,Kreisliga D Staffel 2 · Kreis Köln,3,1,1,0,0,5,1,4,3,3.0
4055,,FC RW Dorsten II,11,RE KL C 2 · Kreis Recklinghausen,3,2,2,0,0,10,2,8,6,3.0
4056,,RW Barop IV,11,Kreisliga C2 - Dortmund,2,2,2,0,0,10,2,8,6,3.0
4057,,SG Hillen,11,RE KL C 3 · Kreis Recklinghausen,1,2,2,0,0,10,2,8,6,3.0
4058,,TuS Altenberge III,11,Kreisliga C 1 Herren · Kreis Münster,7,1,1,0,0,5,1,4,3,3.0
4059,,TuS Henrichenburg III,11,RE KL C 4 · Kreis Recklinghausen,2,2,2,0,0,10,2,8,6,3.0
4060,,TuS Rhode,11,Kreisliga C Staffel 2 Olpe,3,1,1,0,0,5,1,4,3,3.0
4061,,Viktoria Heiden III,11,RE KL C 1 · Kreis Recklinghausen,2,2,2,0,0,10,2,8,6,3.0
4062,,SG BW Haspe II,11,Kreisliga C1 Hagen,1,2,2,0,0,9,1,8,6,3.0
4063,,SC Hille II,11,Kreisliga C Minden,1,5,5,0,0,21,1,20,15,3.0
4064,,Borussia Brand III,11,Kreisliga D Staffel 3 · Kreis Aachen,2,1,1,0,0,4,0,4,3,3.0
4065,,FC Exter III,11,Kreisliga C Gruppe 3 · Kreis Herford,5,1,1,0,0,4,0,4,3,3.0
4066,,FC Wiedenest-Othetal III,11,Kreisliga D 9 · Kreis Berg,3,1,1,0,0,4,0,4,3,3.0
4067,,SC Reckenfeld II,11,Kreisliga C Qualigruppe 4 Kreis Steinfurt,2,2,2,0,0,8,0,8,6,3.0
4068,,SC Setterich,11,Kreisliga D Staffel 2 · Kreis Aachen,4,1,1,0,0,4,0,4,3,3.0
4069,,SV Schwarz-Weiß Esch III,11,Kreisliga C 1 · Kreis Tecklenburg,2,2,2,0,0,8,0,8,6,3.0
4070,,SW Overhagen,11,Kreisliga C Lippstadt,3,2,2,0,0,8,0,8,6,3.0
4071,,SpVg. Anzhausen/Flb.,11,Kreisliga C2-SIWI · Kreis Siegen-Wittgenstein,6,1,1,0,0,4,0,4,3,3.0
4072,,SuS Olfen II,11,Kreisliga C 2 Ahaus-Coesfeld,1,2,2,0,0,8,0,8,6,3.0
4073,,BV Horst-Süd,11,Kreisliga C 1 Herren · Kreis Gelsenkirchen,2,4,4,0,0,22,7,15,12,3.0
4074,,TSV Witten II,11,Kreisliga C3 Herren · Kreis Bochum,1,3,3,0,0,18,7,11,9,3.0
4075,,"Albanischer Verein ""Shqiponja""",11,Kreisliga C1-SIWI · Kreis Siegen-Wittgenstein,2,2,2,0,0,11,4,7,6,3.0
4076,,SV Blau-Weiß Weitmar 09 II,11,Kreisliga C4 Herren · Kreis Bochum,1,4,4,0,0,21,7,14,12,3.0
4077,,TuS Hoberge-Uerentrup III,11,Kreisliga C Staffel 1 · Kreis Bielefeld,1,2,2,0,0,10,3,7,6,3.0
4078,,TuS Lipperreihe III,11,Kreisliga C Gruppe 2 Lemgo,3,2,2,0,0,10,3,7,6,3.0
4079,,SG Lichtenau/Kleinenberg,11,Kreisliga C2 Paderborn,1,4,4,0,0,19,5,14,12,3.0
4080,,DJK Wanne-Eickel 88 II,11,Herren Kreisliga C2 · Kreis Herne,3,2,2,0,0,9,2,7,6,3.0
4081,,SC Berchum/Garenfeld III,11,Kreisliga C1 Hagen,2,2,2,0,0,9,2,7,6,3.0
4082,,Westfalia Westerkappeln II,11,Kreisliga C 2 · Kreis Tecklenburg,1,2,2,0,0,9,2,7,6,3.0
4083,,SV 21 Büren II,11,Kreisliga C3 Paderborn,1,4,4,0,0,17,3,14,12,3.0
4084,,Spvgg Recklinghausen 95/08,11,RE KL C 3 · Kreis Recklinghausen,2,2,2,0,0,8,1,7,6,3.0
4085,,FC Siegen United,11,Kreisliga C1-SIWI · Kreis Siegen-Wittgenstein,3,2,2,0,0,7,0,7,6,3.0
4086,,SG Gronau,11,Kreisliga C 1 Ahaus-Coesfeld,1,2,2,0,0,7,0,7,6,3.0
4087,,VfL Sportfreunde Lotte III,11,Kreisliga C 2 · Kreis Tecklenburg,2,2,2,0,0,7,0,7,6,3.0
4088,,SG Nettelstedt I / Frotheim II,11,Kreisliga C  K 20 Lübbecke,1,3,3,0,0,12,2,10,9,3.0
4089,,Rot-Weiß Unna II,11,Kreisliga C2 Unna-Hamm,2,4,4,0,0,17,4,13,12,3.0
4090,,FC Germania Teveren III,11,"Kreisliga D, Staffel 3 · Kreis Heinsberg",3,1,1,0,0,6,3,3,3,3.0
4091,,FC Roetgen III,11,Kreisliga D Staffel 3 · Kreis Aachen,3,1,1,0,0,6,3,3,3,3.0
4092,,TuRa Eggenscheid II,11,Kreisliga C 1 Lüdenscheid,1,2,2,0,0,11,5,6,6,3.0
4093,,Gencler Birligi Bergisch Gladbach II,11,Kreisliga D 7 · Kreis Berg,2,1,1,0,0,5,2,3,3,3.0
4094,,SF Hüingsen III,11,Kreisliga C 1 - Qualifikation · Kreis Iserlohn,1,2,2,0,0,10,4,6,6,3.0
4095,,SG Giershagen-Hoppecketal/Padberg-Obermarsberg 3,11,Kreisliga C 2 Hochsauerland Findungsrunde · Kreis Hochsauerlandkreis,1,2,2,0,0,10,4,6,6,3.0
4096,,SG Overath-Vilkerath II,11,Kreisliga D 7 · Kreis Berg,3,1,1,0,0,5,2,3,3,3.0
4097,,SG Siedlinghausen-Silbach 2 9er,11,Kreisliga C 2 Hochsauerland Findungsrunde · Kreis Hochsauerlandkreis,3,1,1,0,0,5,2,3,3,3.0
4098,,SV Immerath II,11,"Kreisliga D, Staffel 1 · Kreis Heinsberg",1,1,1,0,0,5,2,3,3,3.0
4099,,SV Union Rösrath III,11,Kreisliga D 7 · Kreis Berg,4,1,1,0,0,5,2,3,3,3.0
4100,,TuS Stöcken Dahlerbrück II,11,Kreisliga C 1 Lüdenscheid,2,2,2,0,0,10,4,6,6,3.0
4101,,Anadolu Türk Spor Neunkirchen,11,Kreisliga C1-SIWI · Kreis Siegen-Wittgenstein,4,2,2,0,0,9,3,6,6,3.0
4102,,SpVgg. Röhlinghausen III,11,Herren Kreisliga C2 · Kreis Herne,4,2,2,0,0,9,3,6,6,3.0
4103,,FC Matellia Metelen II,11,Kreisliga C Qualigruppe 2 Kreis Steinfurt,3,1,1,0,0,4,1,3,3,3.0
4104,,SC Vlotho II,11,Kreisliga C Gruppe 1 · Kreis Herford,7,1,1,0,0,4,1,3,3,3.0
4105,,SG Holzen/Eisborn II,11,Kreisliga C Arnsberg,4,1,1,0,0,4,1,3,3,3.0
4106,,SG Übach-Boscheln /JFC Alsdorf II,11,"Kreisliga D, Staffel 3 · Kreis Heinsberg",4,1,1,0,0,4,1,3,3,3.0
4107,,SSV Elspe II,11,Kreisliga C Staffel 1 Olpe,4,1,1,0,0,4,1,3,3,3.0
4108,,SV Schwarz-Weiß Berge,11,Kreisliga C Lippstadt,6,1,1,0,0,4,1,3,3,3.0
4109,,Türk Gücü Espelkamp II,11,Kreisliga C  K 20 Lübbecke,7,1,1,0,0,4,1,3,3,3.0
4110,,Zollstock II,11,Kreisliga D Staffel 4 · Kreis Köln,1,1,1,0,0,4,1,3,3,3.0
4111,,ETG Recklinghausen II,11,RE KL C 3 · Kreis Recklinghausen,3,2,2,0,0,7,1,6,6,3.0
4112,,SV Steinheim II,11,Kreisliga C Gruppe 1 · Kreis Höxter,1,2,2,0,0,7,1,6,6,3.0
4113,,FC Borussia Derschlag III,11,Kreisliga D 9 · Kreis Berg,4,1,1,0,0,3,0,3,3,3.0
4114,,GW Broicher Siedlung II,11,Kreisliga D Staffel 2 · Kreis Aachen,5,1,1,0,0,3,0,3,3,3.0
4115,,SG Kirchveischede/Bonzel /Trockenbrück II,11,Kreisliga C Staffel 1 Olpe,5,1,1,0,0,3,0,3,3,3.0
4116,,DJK Arminia Bochum III,11,Kreisliga C1 Herren · Kreis Bochum,1,4,4,0,0,17,6,11,12,3.0
4117,,SuS Westenholz II (9er),11,Kreisliga C1 Paderborn,2,3,3,0,0,13,5,8,9,3.0
4118,,SG Vatanspor Gevelsberg II,11,Kreisliga C2 Hagen,2,2,2,0,0,9,4,5,6,3.0
4119,,SV Türkiyemspor Bochum III,11,Kreisliga C1 Herren · Kreis Bochum,2,4,4,0,0,17,7,10,12,3.0
4120,,DJK Wattenscheid II,11,Kreisliga C4 Herren · Kreis Bochum,2,4,4,0,0,16,6,10,12,3.0
4121,,SC Batman,11,Kreisliga C Gruppe 1 · Kreis Herford,1,2,2,0,0,8,3,5,6,3.0
4122,,SC Peckeloh III,11,Kreisliga C Staffel 4 · Kreis Bielefeld,2,2,2,0,0,8,3,5,6,3.0
4123,,Türk Gencler Hagen II,11,Kreisliga C1 Hagen,3,2,2,0,0,8,3,5,6,3.0
4124,,Ugarit FC,11,Kreisliga C3 - Dortmund,3,2,2,0,0,8,3,5,6,3.0
4125,,VTS Iserlohn II,11,Kreisliga C 3 - Qualifikation · Kreis Iserlohn,2,2,2,0,0,8,3,5,6,3.0
4126,,VfL Ramsdorf II,11,RE KL C 1 · Kreis Recklinghausen,3,2,2,0,0,8,3,5,6,3.0
4127,,DJK Falke Gelsenkirchen 1919 e.V.,11,Kreisliga C 2 Herren · Kreis Gelsenkirchen,8,2,2,0,0,7,2,5,6,3.0
4128,,FC Epe III,11,Kreisliga C 1 Ahaus-Coesfeld,2,2,2,0,0,7,2,5,6,3.0
4129,,FC Schw.-Spork/Wendlinghausen II,11,Kreisliga C Gruppe 1 Lemgo,5,2,2,0,0,7,2,5,6,3.0
4130,,KF Kosova Bielefeld II,11,Kreisliga C Staffel 3 · Kreis Bielefeld,2,2,2,0,0,7,2,5,6,3.0
4131,,SuS Neuenkirchen IV,11,Kreisliga C Qualigruppe 3 Kreis Steinfurt,1,2,2,0,0,7,2,5,6,3.0
4132,,FC Eintracht Rheine III,11,Kreisliga C Qualigruppe 2 Kreis Steinfurt,2,2,2,0,0,6,1,5,6,3.0
4133,,Grashüpfer Olpkebach,11,Kreisliga C2 - Dortmund,3,2,2,0,0,6,1,5,6,3.0
4134,,SW Sende III,11,Kreisliga C Q2 GT · Kreis Gütersloh,1,3,3,0,0,12,5,7,9,3.0
4135,,SV Spexard III,11,Kreisliga C Q1 GT · Kreis Gütersloh,1,3,3,0,0,7,0,7,9,3.0
4136,,SV Altendorf-Ulfkotte II,11,RE KL C 2 · Kreis Recklinghausen,6,1,1,0,0,6,4,2,3,3.0
4137,,TiG Brakel,11,Kreisliga C Gruppe 1 · Kreis Höxter,4,1,1,0,0,6,4,2,3,3.0
4138,,Arminia Essen,11,Freizeitliga - Gruppe 1 + 2 · Kreis Essen,1,1,1,0,0,5,3,2,3,3.0
4139,,Geisecker SV III,11,Kreisliga C 1 - Qualifikation · Kreis Iserlohn,2,2,2,0,0,10,6,4,6,3.0
4140,,Portugal Witten,11,Kreisliga C3 Herren · Kreis Bochum,4,2,2,0,0,10,6,4,6,3.0
4141,,DJK Eintr. Stadtlohn II,11,Kreisliga C 1 Ahaus-Coesfeld,3,2,2,0,0,9,5,4,6,3.0
4142,,ASG Uni Bonn III,11,"Kreisliga D, Gruppe 1 · Kreis Bonn",3,1,1,0,0,4,2,2,3,3.0
4143,,FC Wellinghofen II,11,Kreisliga C2 - Dortmund,4,2,2,0,0,8,4,4,6,3.0
4144,,S.C. Hellas 2013 Bielefeld,11,Kreisliga C Staffel 1 · Kreis Bielefeld,6,1,1,0,0,4,2,2,3,3.0
4145,,SG Gahmen 24/74 II,11,Kreisliga C4 - Dortmund,5,1,1,0,0,4,2,2,3,3.0
4146,,SG Sendenhorst III,11,Kreisliga C 3 Herren · Kreis Münster,6,1,1,0,0,4,2,2,3,3.0
4147,,SV Frömmersbach II,11,Kreisliga D 8 · Kreis Berg,4,1,1,0,0,4,2,2,3,3.0
4148,,SV St. Jöris III,11,Kreisliga D Staffel 3 · Kreis Aachen,4,1,1,0,0,4,2,2,3,3.0
4149,,SpVg. Kredenbach/Müsen II,11,Kreisliga C2-SIWI · Kreis Siegen-Wittgenstein,2,2,2,0,0,8,4,4,6,3.0
4150,,TuRa Löhne II,11,Kreisliga C Gruppe 1 · Kreis Herford,2,2,2,0,0,8,4,4,6,3.0
4151,,TuS Elsenroth II,11,Kreisliga D 9 · Kreis Berg,5,1,1,0,0,4,2,2,3,3.0
4152,,TuS Germania Horstmar II,11,Kreisliga C Qualigruppe 3 Kreis Steinfurt,4,1,1,0,0,4,2,2,3,3.0
4153,,VFL Ladbergen II,11,Kreisliga C 2 · Kreis Tecklenburg,3,2,2,0,0,8,4,4,6,3.0
4154,,VfL Eintracht Warden II,11,Kreisliga D Staffel 2 · Kreis Aachen,6,1,1,0,0,4,2,2,3,3.0
4155,,FC Dardania Herford,11,Kreisliga C Gruppe 1 · Kreis Herford,3,2,2,0,0,7,3,4,6,3.0
4156,,FC Sandzak II,11,Kreisliga C1 - Dortmund,2,2,2,0,0,7,3,4,6,3.0
4157,,SG Sabbenhausen-Elbrinxen-Falkenhagen-Lügde III,11,Kreisliga C Gruppe II · Kreis Detmold,2,2,2,0,0,7,3,4,6,3.0
4158,,TuS Kruckel,11,Kreisliga C2 - Dortmund,5,2,2,0,0,7,3,4,6,3.0
4159,,FSV Bad Wünnenberg/Leiberg II,11,Kreisliga C3 Paderborn,2,3,3,0,0,10,4,6,9,3.0
4160,,DJK SV Mauritz IV,11,Kreisliga C 1 Herren · Kreis Münster,2,2,2,0,0,6,2,4,6,3.0
4161,,DJK Spvgg. Herten II,11,RE KL C 2 · Kreis Recklinghausen,7,1,1,0,0,3,1,2,3,3.0
4162,,FC Türk Sport Bielefeld III,11,Kreisliga C Staffel 2 · Kreis Bielefeld,3,2,2,0,0,6,2,4,6,3.0
4163,,FSV Köln 99 II,11,Kreisliga D Staffel 1 · Kreis Köln,4,1,1,0,0,3,1,2,3,3.0
4164,,FV Preußen Bonn 2,11,"Kreisliga D, Gruppe 2 · Kreis Bonn",3,1,1,0,0,3,1,2,3,3.0
4165,,Grün-Weiß Amisia Rheine II,11,Kreisliga C Qualigruppe 1 Kreis Steinfurt,1,2,2,0,0,6,2,4,6,3.0
4166,,Mengede 08/20 II,11,Kreisliga C1 - Dortmund,3,2,2,0,0,6,2,4,6,3.0
4167,,SC Wegberg II,11,"Kreisliga D, Staffel 1 · Kreis Heinsberg",2,1,1,0,0,3,1,2,3,3.0
4168,,SG Alemannia Scharnhorst II,11,Kreisliga C4 - Dortmund,6,1,1,0,0,3,1,2,3,3.0
4169,,SG Serkenrode/Fretter II,11,Kreisliga C Staffel 2 Olpe,4,1,1,0,0,3,1,2,3,3.0
4170,,SG TuS Tengern III / SV BW Oberbauerschaft II,11,Kreisliga C  K 20 Lübbecke,8,1,1,0,0,3,1,2,3,3.0
4171,,SV Maumke,11,Kreisliga C Staffel 1 Olpe,2,2,2,0,0,6,2,4,6,3.0
4172,,SV Teuto Riesenbeck III,11,Kreisliga C 1 · Kreis Tecklenburg,3,2,2,0,0,6,2,4,6,3.0
4173,,Star FC Paderborn,11,Kreisliga C2 Paderborn,3,3,3,0,0,9,3,6,9,3.0
4174,,TuS Versetal II,11,Kreisliga C 2 Lüdenscheid,1,2,2,0,0,6,2,4,6,3.0
4175,,VfR 1910 Unterbruch II,11,"Kreisliga D, Staffel 2 · Kreis Heinsberg",2,1,1,0,0,3,1,2,3,3.0
4176,,Worringen I,11,Kreisliga D Staffel 1 · Kreis Köln,5,1,1,0,0,3,1,2,3,3.0
4177,,DJK Adler Riemke III,11,Kreisliga C1 Herren · Kreis Bochum,3,3,3,0,0,8,2,6,9,3.0
4178,,DJK Westfalia Kirchlinde,11,Kreisliga C1 - Dortmund,4,2,2,0,0,5,1,4,6,3.0
4179,,HFC Essen,11,Freizeitliga - Gruppe 1 + 2 · Kreis Essen,2,1,1,0,0,2,0,2,3,3.0
4180,,Rüttenscheid Rebels,11,Freizeitliga - Gruppe 1 + 2 · Kreis Essen,3,1,1,0,0,2,0,2,3,3.0
4181,,SV Urania Lütgendortmund II,11,Kreisliga C1 - Dortmund,5,2,2,0,0,4,0,4,6,3.0
4182,,SC Verl III,11,Kreisliga C Q2 GT · Kreis Gütersloh,2,3,3,0,0,10,5,5,9,3.0
4183,,TuS Hasslinghausen II,11,Kreisliga C2 Hagen,3,2,2,0,0,13,10,3,6,3.0
4184,,TuS Jöllenbeck III,11,Kreisliga C Staffel 4 · Kreis Bielefeld,3,2,2,0,0,7,4,3,6,3.0
4185,,FC Cavo Lage e.V.,11,Kreisliga C Gruppe I · Kreis Detmold,3,2,2,0,0,6,3,3,6,3.0
4186,,SV Häger II,11,Kreisliga C Staffel 2 · Kreis Bielefeld,4,2,2,0,0,6,3,3,6,3.0
4187,,SpVgg Vreden III,11,Kreisliga C 1 Ahaus-Coesfeld,4,2,2,0,0,6,3,3,6,3.0
4188,,Westfalia Dortmund 2022 III,11,Kreisliga C1 - Dortmund,6,2,2,0,0,6,3,3,6,3.0
4189,,SG BKMR II,11,Kreisliga C Gruppe 2 · Kreis Höxter,1,2,2,0,0,5,2,3,6,3.0
4190,,TuS 08 Senne 1 III,11,Kreisliga C Staffel 2 · Kreis Bielefeld,5,2,2,0,0,5,2,3,6,3.0
4191,,BV Langendreer 07 II,11,Kreisliga C2 Herren · Kreis Bochum,2,3,3,0,0,6,2,4,9,3.0
4192,,Lindlar III,11,Kreisliga D 8 · Kreis Berg,5,1,1,0,0,6,5,1,3,3.0
4193,,VfL Lengsdorf 2,11,"Kreisliga D, Gruppe 2 · Kreis Bonn",4,1,1,0,0,6,5,1,3,3.0
4194,,Eintracht II,11,Kreisliga D Staffel 4 · Kreis Köln,2,1,1,0,0,5,4,1,3,3.0
4195,,Germania Freund II,11,Kreisliga D Staffel 2 · Kreis Aachen,7,1,1,0,0,5,4,1,3,3.0
4196,,SV Ennert III,11,"Kreisliga D, Gruppe 2 · Kreis Bonn",5,1,1,0,0,5,4,1,3,3.0
4197,,TV Elverdissen IV,11,Kreisliga C Gruppe 2 · Kreis Herford,7,1,1,0,0,5,4,1,3,3.0
4198,,1. FC Hardtberg II,11,"Kreisliga D, Gruppe 2 · Kreis Bonn",6,1,1,0,0,4,3,1,3,3.0
4199,,Arriba Perú e.V. 2,11,"Kreisliga D, Gruppe 1 · Kreis Bonn",4,1,1,0,0,4,3,1,3,3.0
4200,,FC 26 Erkenschwick II,11,RE KL C 3 · Kreis Recklinghausen,8,1,1,0,0,4,3,1,3,3.0
4201,,Fenerbahce I,11,Kreisliga D Staffel 5 · Kreis Köln,2,1,1,0,0,4,3,1,3,3.0
4202,,SV Blau-Weiß Hand e.V. II,11,Kreisliga D 7 · Kreis Berg,5,1,1,0,0,4,3,1,3,3.0
4203,,TuS 1910 Bonn-Dransdorf e.V.,11,"Kreisliga D, Gruppe 1 · Kreis Bonn",5,1,1,0,0,4,3,1,3,3.0
4204,,TuS 08 Senne 1 II,11,Kreisliga C Staffel 3 · Kreis Bielefeld,3,2,2,0,0,7,5,2,6,3.0
4205,,Türkspor Karadeniz 1979 II,11,Herren Kreisliga C1 · Kreis Herne,4,2,2,0,0,7,5,2,6,3.0
4206,,1. FC Rheinland Übach-Palenberg,11,"Kreisliga D, Staffel 3 · Kreis Heinsberg",5,1,1,0,0,3,2,1,3,3.0
4207,,Blau-Weiß Köln IV,11,Kreisliga D Staffel 4 · Kreis Köln,3,1,1,0,0,3,2,1,3,3.0
4208,,Brück II,11,Kreisliga D Staffel 2 · Kreis Köln,4,1,1,0,0,3,2,1,3,3.0
4209,,Medimeister Aachen,11,Kreisliga D Staffel 1 · Kreis Aachen,7,1,1,0,0,3,2,1,3,3.0
4210,,Poll III,11,Kreisliga D Staffel 5 · Kreis Köln,3,1,1,0,0,3,2,1,3,3.0
4211,,SF Sümmern III,11,Kreisliga C 2 - Qualifikation · Kreis Iserlohn,4,1,1,0,0,3,2,1,3,3.0
4212,,SJC Hövelriege II,11,Kreisliga C1 Paderborn,8,1,1,0,0,3,2,1,3,3.0
4213,,SV Davaria Davensberg 2,11,Kreisliga C 3 Herren · Kreis Münster,7,1,1,0,0,3,2,1,3,3.0
4214,,SV Rothemühle II,11,Kreisliga C Staffel 3 Olpe,6,1,1,0,0,3,2,1,3,3.0
4215,,TuS Vosswinkel II,11,Kreisliga C Arnsberg,5,1,1,0,0,3,2,1,3,3.0
4216,,Union Köln II,11,Kreisliga D Staffel 4 · Kreis Köln,4,1,1,0,0,3,2,1,3,3.0
4217,,VfB 08 Aachen,11,Kreisliga D Staffel 1 · Kreis Aachen,8,1,1,0,0,3,2,1,3,3.0
4218,,FC Schwarz-Weiß Weiner II,11,Kreisliga C Qualigruppe 1 Kreis Steinfurt,2,2,2,0,0,5,3,2,6,3.0
4219,,TuS Esborn II,11,Kreisliga C2 Hagen,4,2,2,0,0,5,3,2,6,3.0
4220,,TuS Johannland,11,Kreisliga C2-SIWI · Kreis Siegen-Wittgenstein,3,2,2,0,0,5,3,2,6,3.0
4221,,DJK Löwe I,11,Kreisliga D Staffel 1 · Kreis Köln,6,1,1,0,0,2,1,1,3,3.0
4222,,FC Adler Büsbach II,11,Kreisliga D Staffel 3 · Kreis Aachen,5,1,1,0,0,2,1,1,3,3.0
4223,,JSV Köln 96 IV,11,Kreisliga D Staffel 4 · Kreis Köln,5,1,1,0,0,2,1,1,3,3.0
4224,,Rossenbach II,11,Kreisliga D 9 · Kreis Berg,6,1,1,0,0,2,1,1,3,3.0
4225,,SC Müssingen II,11,Kreisliga C 2 Herren · Kreis Münster,6,1,1,0,0,2,1,1,3,3.0
4226,,SV Titania Erkenschwick II,11,RE KL C 3 · Kreis Recklinghausen,4,2,2,0,0,4,2,2,6,3.0
4227,,Spvg. Arminia Holsterhausen II,11,Herren Kreisliga C2 · Kreis Herne,8,1,1,0,0,2,1,1,3,3.0
4228,,TuS Blau-Weiß Istrup,11,Kreisliga C Gruppe II · Kreis Detmold,3,2,2,0,0,4,2,2,6,3.0
4229,,SV Ems Westbevern II,11,Kreisliga C 2 Herren · Kreis Münster,7,1,1,0,0,1,0,1,3,3.0
4230,,TV Hoffnungsthal III,11,Kreisliga D 7 · Kreis Berg,6,1,1,0,0,1,0,1,3,3.0
4231,,TuS Rheindorf I,11,Kreisliga D Staffel 2 · Kreis Köln,5,1,1,0,0,1,0,1,3,3.0
4232,,SV Hausberge II,11,Kreisliga C Minden,2,5,4,1,0,24,7,17,13,2.6
4233,,FC Bönen II,11,Kreisliga C1 Unna-Hamm,1,4,3,1,0,27,10,17,10,2.5
4234,,Hammer SportClub 2008 III,11,Kreisliga C1 Unna-Hamm,2,4,3,1,0,26,10,16,10,2.5
4235,,TV 1875 Paderborn,11,Kreisliga C2 Paderborn,2,4,3,1,0,20,6,14,10,2.5
4236,,Gurbet Spor Bergkamen II,11,Kreisliga C1 Unna-Hamm,3,4,3,1,0,16,3,13,10,2.5
4237,,SVF Herringen II,11,Kreisliga C1 Unna-Hamm,4,4,3,1,0,19,9,10,10,2.5
4238,,Teutonia Schalke II,11,Kreisliga C 1 Herren · Kreis Gelsenkirchen,3,4,3,1,0,12,5,7,10,2.5
4239,,FC Overberge III,11,Kreisliga C2 Unna-Hamm,3,4,3,1,0,12,7,5,10,2.5
4240,,SVKT 07 Minden III,11,Kreisliga C Minden,3,5,4,0,1,32,7,25,12,2.4
4241,,TuS Bad Oeynhausen II,11,Kreisliga C Minden,4,5,4,0,1,9,3,6,12,2.4
4242,,SV Westfalia Rhynern III,11,Kreisliga C1 Unna-Hamm,6,3,2,1,0,17,4,13,7,2.33
4243,,SC Blankenhagen,11,Kreisliga C Q4 GT · Kreis Gütersloh,1,3,2,1,0,15,3,12,7,2.33
4244,,SG Eintracht Gelsenkirchen 07/12 II,11,Kreisliga C 2 Herren · Kreis Gelsenkirchen,6,3,2,1,0,16,5,11,7,2.33
4245,,BV Hiltrop 1912 - II,11,Kreisliga C2 Herren · Kreis Bochum,5,3,2,1,0,13,4,9,7,2.33
4246,,KSC Ehrsen,11,Kreisliga C Gruppe 2 Lemgo,1,3,2,1,0,13,4,9,7,2.33
4247,,Sportfreunde Schnee,11,Kreisliga C3 Herren · Kreis Bochum,2,3,2,1,0,8,3,5,7,2.33
4248,,SuS Wilhelmshöhe II,11,Kreisliga C2 Herren · Kreis Bochum,6,3,2,1,0,8,3,5,7,2.33
4249,,VfL Grafenwald II,11,Kreisliga C 1 Herren · Kreis Gelsenkirchen,4,4,3,0,1,26,5,21,9,2.25
4250,,SC Schaffrath 1959 e.V.,11,Kreisliga C 1 Herren · Kreis Gelsenkirchen,5,4,3,0,1,25,9,16,9,2.25
4251,,SV Afferde,11,Kreisliga C2 Unna-Hamm,4,4,3,0,1,22,9,13,9,2.25
4252,,Holzwickeder Sport Club III,11,Kreisliga C2 Unna-Hamm,5,4,3,0,1,19,7,12,9,2.25
4253,,TuS Schwefe II,11,Kreisliga C Herren · Kreis Soest,2,4,3,0,1,17,5,12,9,2.25
4254,,Adler Ellinghorst 1961 II,11,Kreisliga C 1 Herren · Kreis Gelsenkirchen,6,4,3,0,1,15,6,9,9,2.25
4255,,SuS Schwarz-Blau Gladbeck II,11,Kreisliga C 1 Herren · Kreis Gelsenkirchen,7,4,3,0,1,20,12,8,9,2.25
4256,,SC Lippetal II,11,Kreisliga C Herren · Kreis Soest,3,4,3,0,1,18,13,5,9,2.25
4257,,SC Suryoye Delbrück,11,Kreisliga C1 Paderborn,3,4,3,0,1,18,13,5,9,2.25
4258,,Hedefspor Hattingen III,11,Kreisliga C4 Herren · Kreis Bochum,4,4,3,0,1,14,10,4,9,2.25
4259,,TuS 1910 Wiescherhöfen III,11,Kreisliga C1 Unna-Hamm,5,4,3,0,1,15,12,3,9,2.25
4260,,SC Münsterland,11,Kreisliga C 1 Herren · Kreis Münster,3,2,1,1,0,12,1,11,4,2.0
4261,,Viktoria Rietberg II,11,Kreisliga C Q2 GT · Kreis Gütersloh,3,3,2,0,1,21,7,14,6,2.0
4262,,SV Borussia Emsdetten III,11,Kreisliga C Qualigruppe 3 Kreis Steinfurt,2,2,1,1,0,11,3,8,4,2.0
4263,,Fortuna Emsdetten II,11,Kreisliga C Qualigruppe 1 Kreis Steinfurt,3,2,1,1,0,9,1,8,4,2.0
4264,,ETuS Haltern II,11,RE KL C 4 · Kreis Recklinghausen,3,2,1,1,0,15,8,7,4,2.0
4265,,Hasper SV II,11,Kreisliga C1 Hagen,4,2,1,1,0,9,2,7,4,2.0
4266,,SV Eintracht Grumme II,11,Kreisliga C1 Herren · Kreis Bochum,5,3,2,0,1,13,3,10,6,2.0
4267,,TuS Union Vilsendorf II,11,Kreisliga C Staffel 4 · Kreis Bielefeld,4,2,1,1,0,12,6,6,4,2.0
4268,,DJK Wacker Mecklenbeck III,11,Kreisliga C 3 Herren · Kreis Münster,2,2,1,1,0,10,4,6,4,2.0
4269,,FC Altenbochum III,11,Kreisliga C5 Herren · Kreis Bochum,3,3,2,0,1,13,4,9,6,2.0
4270,,Hagen United,11,Kreisliga C1 Hagen,5,2,1,1,0,8,2,6,4,2.0
4271,,Anadoluspor Harsewinkel,11,Kreisliga C Q1 GT · Kreis Gütersloh,2,3,2,0,1,13,5,8,6,2.0
4272,,TSV Witten III,11,Kreisliga C5 Herren · Kreis Bochum,4,3,2,0,1,13,5,8,6,2.0
4273,,SV Haarbrück-Jakobsberg,11,Kreisliga C Gruppe 2 · Kreis Höxter,2,2,1,1,0,9,4,5,4,2.0
4274,,SuS Oberaden II,11,Kreisliga C2 Unna-Hamm,6,4,2,2,0,17,7,10,8,2.0
4275,,DJK Adler Buldern II,11,Kreisliga C 2 Ahaus-Coesfeld,2,2,1,1,0,8,3,5,4,2.0
4276,,SV Gadderbaum II,11,Kreisliga C Staffel 3 · Kreis Bielefeld,4,2,1,1,0,8,3,5,4,2.0
4277,,FSV Sevinghausen,11,Kreisliga C4 Herren · Kreis Bochum,5,3,2,0,1,12,5,7,6,2.0
4278,,SF Soest,11,Kreisliga C Herren · Kreis Soest,5,3,2,0,1,11,4,7,6,2.0
4279,,SC Bünde II,11,Kreisliga C Gruppe 2 · Kreis Herford,2,2,1,1,0,9,5,4,4,2.0
4280,,TSV Raesfeld III,11,RE KL C 1 · Kreis Recklinghausen,4,2,1,1,0,7,3,4,4,2.0
4281,,SC Extertal II,11,Kreisliga C Gruppe 1 Lemgo,7,2,1,1,0,6,2,4,4,2.0
4282,,SV Borussia Darup II,11,Kreisliga C 2 Ahaus-Coesfeld,3,2,1,1,0,5,1,4,4,2.0
4283,,TuS Saxonia Münster III,11,Kreisliga C 2 Herren · Kreis Münster,2,2,1,1,0,5,1,4,4,2.0
4284,,SC GW Espeln II,11,Kreisliga C1 Paderborn,5,3,2,0,1,8,3,5,6,2.0
4285,,SV Hullern 68,11,RE KL C 4 · Kreis Recklinghausen,4,2,1,1,0,8,5,3,4,2.0
4286,,SF Gellendorf II,11,Kreisliga C Qualigruppe 3 Kreis Steinfurt,3,2,1,1,0,7,4,3,4,2.0
4287,,SG Dalhausen/Tietelsen-Rothe/Borgholz/Natzungen II,11,Kreisliga C Gruppe 2 · Kreis Höxter,3,2,1,1,0,7,4,3,4,2.0
4288,,BSV Ostbevern III,11,Kreisliga C 2 Herren · Kreis Münster,3,2,1,1,0,6,3,3,4,2.0
4289,,FC Hilal Spor Bielefeld,11,Kreisliga C Staffel 2 · Kreis Bielefeld,6,2,1,1,0,6,3,3,4,2.0
4290,,SV Eggerode,11,Kreisliga C 2 Ahaus-Coesfeld,4,2,1,1,0,6,3,3,4,2.0
4291,,DJK Viktoria 59 Bochum II,11,Kreisliga C2 Herren · Kreis Bochum,3,4,2,2,0,11,5,6,8,2.0
4292,,SG Wilnsdorf/Wilgersdorf/Wilden II,11,Kreisliga C2-SIWI · Kreis Siegen-Wittgenstein,4,2,1,1,0,5,2,3,4,2.0
4293,,SV Alhausen/Pömbsen,11,Kreisliga C Gruppe 1 · Kreis Höxter,2,2,1,1,0,5,2,3,4,2.0
4294,,Sickingmühler SV,11,RE KL C 2 · Kreis Recklinghausen,4,2,1,1,0,5,2,3,4,2.0
4295,,TuS Velen III,11,RE KL C 1 · Kreis Recklinghausen,5,2,1,1,0,4,1,3,4,2.0
4296,,Roter Stern Wehringhausen,11,Kreisliga C1 Hagen,6,2,1,1,0,3,0,3,4,2.0
4297,,TuS Lockhausen,11,Kreisliga C Gruppe 1 Lemgo,6,3,2,0,1,10,6,4,6,2.0
4298,,SV Union Neustadt 73 II,11,Kreisliga C 2 Herren · Kreis Gelsenkirchen,4,4,2,2,0,14,9,5,8,2.0
4299,,SV Körne II,11,Kreisliga C3 - Dortmund,4,2,1,1,0,11,9,2,4,2.0
4300,,SC Preußen Lengerich III,11,Kreisliga C 1 · Kreis Tecklenburg,4,2,1,1,0,6,4,2,4,2.0
4301,,TuS Minderheide II,11,Kreisliga C Minden,5,5,3,1,1,14,9,5,10,2.0
4302,,FC Herdecke-Ende III,11,Kreisliga C2 Hagen,5,2,1,1,0,5,3,2,4,2.0
4303,,VFR Kirchlinde II,11,Kreisliga C3 - Dortmund,5,2,1,1,0,5,3,2,4,2.0
4304,,MSV Dortmund,11,Kreisliga C3 - Dortmund,6,2,1,1,0,4,2,2,4,2.0
4305,,SCE Rot-Weiß Bielefeld II,11,Kreisliga C Staffel 1 · Kreis Bielefeld,2,2,1,1,0,4,2,2,4,2.0
4306,,SC Nienberge II,11,Kreisliga C 1 Herren · Kreis Münster,4,2,1,1,0,3,1,2,4,2.0
4307,,SG Appelhülsen / Schapdetten III,11,Kreisliga C 2 Ahaus-Coesfeld,5,2,1,1,0,3,1,2,4,2.0
4308,,Africa United Football Club,11,Kreisliga C2 Paderborn,5,3,2,0,1,8,6,2,6,2.0
4309,,BFC Alemannia 07,11,Kreisliga C2 Herren · Kreis Bochum,7,3,2,0,1,8,6,2,6,2.0
4310,,SG VfJ Lippborg II/SW Hultrop,11,Kreisliga C Herren · Kreis Soest,8,3,2,0,1,8,6,2,6,2.0
4311,,BSV West,11,Kreisliga C Staffel 4 · Kreis Bielefeld,5,2,1,1,0,7,6,1,4,2.0
4312,,FC Türksport Steinhagen II,11,Kreisliga C Staffel 4 · Kreis Bielefeld,6,2,1,1,0,7,6,1,4,2.0
4313,,SV Körne III,11,Kreisliga C4 - Dortmund,3,2,1,1,0,7,6,1,4,2.0
4314,,TSG Fussball Herdecke III,11,Kreisliga C2 Hagen,6,2,1,1,0,7,6,1,4,2.0
4315,,TuS Hattingen II,11,Kreisliga C3 Herren · Kreis Bochum,6,2,1,1,0,7,6,1,4,2.0
4316,,SC Obersprockhövel IV,11,Kreisliga C2 Hagen,7,2,1,1,0,6,5,1,4,2.0
4317,,SuS Hervest-Dorsten III,11,RE KL C 1 · Kreis Recklinghausen,6,2,1,1,0,6,5,1,4,2.0
4318,,GW Lünten II,11,Kreisliga C 1 Ahaus-Coesfeld,5,2,1,1,0,5,4,1,4,2.0
4319,,Germania Hovestadt II,11,Kreisliga C Herren · Kreis Soest,4,4,2,2,0,10,8,2,8,2.0
4320,,SW Eppendorf III,11,Kreisliga C5 Herren · Kreis Bochum,6,2,1,1,0,5,4,1,4,2.0
4321,,TuS Wüllen II,11,Kreisliga C 2 Ahaus-Coesfeld,6,2,1,1,0,5,4,1,4,2.0
4322,,ETuS Schwerte-Ost 1927 e.V II,11,Kreisliga C 3 - Qualifikation · Kreis Iserlohn,3,2,1,1,0,4,3,1,4,2.0
4323,,SC DJK Everswinkel II,11,Kreisliga C 2 Herren · Kreis Münster,4,2,1,1,0,4,3,1,4,2.0
4324,,SG Blau-Weiß Vorhalle,11,Kreisliga C2 Hagen,8,2,1,1,0,4,3,1,4,2.0
4325,,SV Halverde,11,Kreisliga C 1 · Kreis Tecklenburg,5,2,1,1,0,4,3,1,4,2.0
4326,,Post SV Lüdenscheid,11,Kreisliga C 2 Lüdenscheid,2,2,1,1,0,3,2,1,4,2.0
4327,,Athletico Union,11,Kreisliga C 3 Herren · Kreis Münster,3,2,1,1,0,2,1,1,4,2.0
4328,,DJK GW Amelsbüren II,11,Kreisliga C 3 Herren · Kreis Münster,4,2,1,1,0,2,1,1,4,2.0
4329,,SG Scherfede-Rimbeck/Wrexen III,11,Kreisliga C Gruppe 2 · Kreis Höxter,4,2,1,1,0,2,1,1,4,2.0
4330,,SV Burgsteinfurt III,11,Kreisliga C Qualigruppe 1 Kreis Steinfurt,4,2,1,1,0,2,1,1,4,2.0
4331,,HSV Hegensdorf,11,Kreisliga C3 Paderborn,6,3,2,0,1,12,11,1,6,2.0
4332,,GW Langenberg-Benteler III,11,Kreisliga C Q1 GT · Kreis Gütersloh,3,3,2,0,1,8,7,1,6,2.0
4333,,FC Bochum 10/21,11,Kreisliga C4 Herren · Kreis Bochum,7,3,2,0,1,7,6,1,6,2.0
4334,,SV Eidinghausen-Werste III,11,Kreisliga C Minden,6,5,3,0,2,18,16,2,9,1.8
4335,,Preußen Sutum II,11,Kreisliga C 2 Herren · Kreis Gelsenkirchen,5,4,2,1,1,23,7,16,7,1.75
4336,,TuS Harpen III,11,Kreisliga C2 Herren · Kreis Bochum,4,4,2,1,1,23,8,15,7,1.75
4337,,VfB Kirchhellen 1920 III,11,Kreisliga C 1 Herren · Kreis Gelsenkirchen,8,4,2,1,1,23,9,14,7,1.75
4338,,BV Lünen 05 II,11,Kreisliga C2 Unna-Hamm,7,4,2,1,1,21,14,7,7,1.75
4339,,SG Tudorf/Alfen II,11,Kreisliga C3 Paderborn,3,4,2,1,1,10,7,3,7,1.75
4340,,SV Steinhausen II,11,Kreisliga C3 Paderborn,4,4,2,1,1,6,4,2,7,1.75
4341,,BFC Alemannia 07 II,11,Kreisliga C1 Herren · Kreis Bochum,4,4,2,1,1,12,11,1,7,1.75
4342,,VfL Resse II,11,Kreisliga C 2 Herren · Kreis Gelsenkirchen,7,4,2,1,1,11,10,1,7,1.75
4343,,Yunus Lemgo,11,Kreisliga C Gruppe 2 Lemgo,4,3,1,2,0,9,6,3,5,1.67
4344,,TSG Holzhausen/Sylbach II,11,Kreisliga C Gruppe 2 Lemgo,5,3,1,2,0,8,5,3,5,1.67
4345,,TuS Bexterhagen IV,11,Kreisliga C Gruppe 2 Lemgo,6,3,1,2,0,13,12,1,5,1.67
4346,,Aramäer Gütersloh II,11,Kreisliga C Q4 GT · Kreis Gütersloh,2,3,1,2,0,4,3,1,5,1.67
4347,,SG FA Herringhs./Eickum IV,11,Kreisliga C Gruppe 1 · Kreis Herford,4,2,1,0,1,19,3,16,3,1.5
4348,,Türkischer Verein Herford II,11,Kreisliga C Gruppe 1 · Kreis Herford,5,2,1,0,1,20,5,15,3,1.5
4349,,VfL Holsen II,11,Kreisliga C Gruppe 3 · Kreis Herford,4,2,1,0,1,11,3,8,3,1.5
4350,,SV Roj Bielefeld II,11,Kreisliga C Staffel 3 · Kreis Bielefeld,5,2,1,0,1,10,2,8,3,1.5
4351,,TuS Hoberge-Uerentrup II,11,Kreisliga C Staffel 3 · Kreis Bielefeld,6,2,1,0,1,12,5,7,3,1.5
4352,,SF Stuckenbusch-Hochlarmark III,11,RE KL C 4 · Kreis Recklinghausen,5,2,1,0,1,10,3,7,3,1.5
4353,,Türkischer SV Lüdenscheid II,11,Kreisliga C 2 Lüdenscheid,3,2,1,0,1,9,2,7,3,1.5
4354,,SG Reiste/Wenholthausen II,11,Kreisliga C 1 Hochsauerland Findungsrunde · Kreis Hochsauerlandkreis,5,2,2,0,0,7,0,7,3,1.5
4355,,SG Hohenlimburg-Holthausen,11,Kreisliga C1 Hagen,7,2,1,0,1,12,6,6,3,1.5
4356,,DJK AfB 06 Bochum II,11,Kreisliga C1 Herren · Kreis Bochum,8,2,1,0,1,10,4,6,3,1.5
4357,,DJK Wacker Mecklenbeck IV,11,Kreisliga C 1 Herren · Kreis Münster,6,2,1,0,1,9,3,6,3,1.5
4358,,SV GW Anreppen II,11,Kreisliga C1 Paderborn,6,2,1,0,1,11,6,5,3,1.5
4359,,SV Westfalia Erwitte,11,Kreisliga C Lippstadt,5,2,1,0,1,8,3,5,3,1.5
4360,,VfL Oldentrup II,11,Kreisliga C Staffel 2 · Kreis Bielefeld,7,2,1,0,1,6,1,5,3,1.5
4361,,Grün-Weiß Steinbeck III,11,Kreisliga C 2 · Kreis Tecklenburg,4,2,1,0,1,10,6,4,3,1.5
4362,,SG Hilchenbach III / Allenbach I,11,Kreisliga C2-SIWI · Kreis Siegen-Wittgenstein,5,2,1,0,1,8,4,4,3,1.5
4363,,FC GW Lengerich,11,Kreisliga C 2 · Kreis Tecklenburg,5,2,1,0,1,7,3,4,3,1.5
4364,,SV Westerholt II,11,RE KL C 2 · Kreis Recklinghausen,5,2,1,0,1,7,3,4,3,1.5
4365,,Spvgg. Erkenschwick III,11,RE KL C 4 · Kreis Recklinghausen,6,2,1,0,1,6,2,4,3,1.5
4366,,SG Scherfede-Rimbeck/Wrexen II,11,Kreisliga C Gruppe 2 · Kreis Höxter,5,2,1,0,1,5,1,4,3,1.5
4367,,VfB Burbach II,11,Kreisliga C1-SIWI · Kreis Siegen-Wittgenstein,5,2,1,0,1,10,7,3,3,1.5
4368,,TuS Blankenstein II,11,Kreisliga C3 Herren · Kreis Bochum,3,4,2,0,2,19,13,6,6,1.5
4369,,BSV West II,11,Kreisliga C Staffel 1 · Kreis Bielefeld,4,2,1,0,1,9,6,3,3,1.5
4370,,TuS Langenheide II,11,Kreisliga C Staffel 4 · Kreis Bielefeld,7,2,1,0,1,9,6,3,3,1.5
4371,,TuS Deuz II,11,Kreisliga C2-SIWI · Kreis Siegen-Wittgenstein,7,2,1,0,1,8,5,3,3,1.5
4372,,FC KWB Aachen,11,Kreisliga D Staffel 1 · Kreis Aachen,6,2,1,0,1,7,4,3,3,1.5
4373,,FC Oppenwehe II,11,Kreisliga C  K 20 Lübbecke,6,2,1,0,1,7,4,3,3,1.5
4374,,SC Drolshagen II,11,Kreisliga C Staffel 3 Olpe,4,2,1,0,1,7,4,3,3,1.5
4375,,DJK SF Nette II,11,Kreisliga C1 - Dortmund,7,2,1,0,1,6,3,3,3,1.5
4376,,SV Zweckel II,11,Kreisliga C 1 Herren · Kreis Gelsenkirchen,9,4,2,0,2,11,5,6,6,1.5
4377,,Eintracht Mettingen IV,11,Kreisliga C 1 · Kreis Tecklenburg,6,2,1,0,1,5,2,3,3,1.5
4378,,SC Altenrheine III,11,Kreisliga C Qualigruppe 1 Kreis Steinfurt,5,2,1,0,1,5,2,3,3,1.5
4379,,VfB Börnig III,11,Herren Kreisliga C2 · Kreis Herne,5,2,1,0,1,5,2,3,3,1.5
4380,,BV Bad Lippspringe IV,11,Kreisliga C1 Paderborn,4,4,2,0,2,15,10,5,6,1.5
4381,,VfB Schwelm II,11,Kreisliga C2 Hagen,9,2,1,0,1,13,11,2,3,1.5
4382,,SC Victoria Ickern III,11,Herren Kreisliga C1 · Kreis Herne,5,2,1,0,1,10,8,2,3,1.5
4383,,SV Eintracht Kleusheim II,11,Kreisliga C Staffel 3 Olpe,5,2,1,0,1,9,7,2,3,1.5
4384,,SV Gosenbach,11,Kreisliga C1-SIWI · Kreis Siegen-Wittgenstein,6,2,1,0,1,8,6,2,3,1.5
4385,,BV Werther II,11,Kreisliga C Staffel 1 · Kreis Bielefeld,5,2,1,0,1,7,5,2,3,1.5
4386,,SW Röllinghausen III,11,RE KL C 3 · Kreis Recklinghausen,5,2,1,0,1,7,5,2,3,1.5
4387,,TV Elverdissen III,11,Kreisliga C Gruppe 1 · Kreis Herford,8,2,1,0,1,7,5,2,3,1.5
4388,,DJK SF Dülmen II,11,Kreisliga C 2 Ahaus-Coesfeld,7,2,1,0,1,6,4,2,3,1.5
4389,,SC Münster 08 IV,11,Kreisliga C 2 Herren · Kreis Münster,5,2,1,0,1,6,4,2,3,1.5
4390,,SV Eintracht Jerxen-Orbke III,11,Kreisliga C Gruppe I · Kreis Detmold,5,2,1,0,1,6,4,2,3,1.5
4391,,DJK Sportfreunde Datteln II,11,RE KL C 3 · Kreis Recklinghausen,6,2,1,0,1,5,3,2,3,1.5
4392,,SV Dickenberg II,11,Kreisliga C 1 · Kreis Tecklenburg,7,2,1,0,1,5,3,2,3,1.5
4393,,SC Fatihspor Werl,11,Kreisliga C Herren · Kreis Soest,6,4,1,3,0,15,12,3,6,1.5
4394,,RW Leithe II,11,Kreisliga C4 Herren · Kreis Bochum,6,4,2,0,2,12,9,3,6,1.5
4395,,SG Preußen Gladbeck 1910/29 III,11,Kreisliga C 1 Herren · Kreis Gelsenkirchen,10,4,2,0,2,11,8,3,6,1.5
4396,,Blau Weiß Börnig II,11,Herren Kreisliga C2 · Kreis Herne,6,2,1,0,1,11,10,1,3,1.5
4397,,ASC Leone III,11,Herren Kreisliga C2 · Kreis Herne,7,2,1,0,1,9,8,1,3,1.5
4398,,SC Pantringshof,11,Herren Kreisliga C1 · Kreis Herne,6,2,1,0,1,8,7,1,3,1.5
4399,,SG Phönix Eving,11,Kreisliga C3 - Dortmund,8,2,1,0,1,8,7,1,3,1.5
4400,,TSV Rot-Weiß Dreyen II,11,Kreisliga C Gruppe 2 · Kreis Herford,4,2,1,0,1,8,7,1,3,1.5
4401,,TuRa Asseln II,11,Kreisliga C4 - Dortmund,7,2,1,0,1,8,7,1,3,1.5
4402,,VfR Wellensiek III,11,Kreisliga C Staffel 3 · Kreis Bielefeld,7,2,1,0,1,8,7,1,3,1.5
4403,,FC Dortmund `18,11,Kreisliga C2 - Dortmund,6,2,1,0,1,7,6,1,3,1.5
4404,,SC Enger III,11,Kreisliga C Gruppe 2 · Kreis Herford,5,2,1,0,1,7,6,1,3,1.5
4405,,SC Herten II,11,RE KL C 2 · Kreis Recklinghausen,8,2,1,0,1,7,6,1,3,1.5
4406,,VfL Klosterbauerschaft II,11,Kreisliga C Gruppe 2 · Kreis Herford,6,2,1,0,1,7,6,1,3,1.5
4407,,TuS Jahn Soest III,11,Kreisliga C Herren · Kreis Soest,7,4,2,0,2,13,11,2,6,1.5
4408,,ETuS Schwerte-Ost 1927 e.V III,11,Kreisliga C 1 - Qualifikation · Kreis Iserlohn,3,2,1,0,1,6,5,1,3,1.5
4409,,Menden Türk II,11,Kreisliga C 2 - Qualifikation · Kreis Iserlohn,3,2,1,0,1,6,5,1,3,1.5
4410,,SV Greven 2021 II,11,Kreisliga C 1 Herren · Kreis Münster,8,2,1,0,1,6,5,1,3,1.5
4411,,TuS Heven 09 III,11,Kreisliga C3 Herren · Kreis Bochum,7,2,1,0,1,6,5,1,3,1.5
4412,,1. SC BW Wulfen III,11,RE KL C 1 · Kreis Recklinghausen,7,2,1,0,1,5,4,1,3,1.5
4413,,FC Leusberg II,11,RE KL C 3 · Kreis Recklinghausen,7,2,1,0,1,5,4,1,3,1.5
4414,,SC Reken IV,11,RE KL C 1 · Kreis Recklinghausen,8,2,1,0,1,5,4,1,3,1.5
4415,,TG Hörste II,11,Kreisliga C Staffel 4 · Kreis Bielefeld,8,2,1,0,1,5,4,1,3,1.5
4416,,TSV Bigge-Olsberg II,11,Kreisliga C 2 Hochsauerland Findungsrunde · Kreis Hochsauerlandkreis,4,2,1,0,1,5,4,1,3,1.5
4417,,SG Lichtenau/Kleinenberg II,11,Kreisliga C3 Paderborn,5,4,2,0,2,9,7,2,6,1.5
4418,,Eintracht Mettingen III,11,Kreisliga C 2 · Kreis Tecklenburg,6,2,1,0,1,4,3,1,3,1.5
4419,,TSV Rönsahl II,11,Kreisliga C 1 Lüdenscheid,3,2,1,0,1,4,3,1,3,1.5
4420,,TuS Eichholz-Remmighausen II,11,Kreisliga C Gruppe II · Kreis Detmold,4,2,1,0,1,4,3,1,3,1.5
4421,,TuS Bövinghausen 25,11,Kreisliga C1 - Dortmund,8,2,1,0,1,3,2,1,3,1.5
4422,,SC Croatia Bochum II,11,Kreisliga C1 Herren · Kreis Bochum,6,4,2,0,2,16,15,1,6,1.5
4423,,LFC Laer 1906 II,11,Kreisliga C3 Herren · Kreis Bochum,5,4,2,0,2,13,12,1,6,1.5
4424,,VfB Fichte Bielefeld II,11,Kreisliga C Staffel 3 · Kreis Bielefeld,8,2,1,0,1,7,7,0,3,1.5
4425,,FC Sarajevo-Bosna II,11,Kreisliga C2 - Dortmund,7,2,1,0,1,6,6,0,3,1.5
4426,,SG Heiligenberg II,11,Kreisliga C Gruppe 1 · Kreis Höxter,5,2,1,0,1,6,6,0,3,1.5
4427,,SV Eintracht Ahaus III,11,Kreisliga C 1 Ahaus-Coesfeld,6,2,1,0,1,6,6,0,3,1.5
4428,,TuS Bruchmühlen III,11,Kreisliga C Gruppe 3 · Kreis Herford,6,2,1,0,1,6,6,0,3,1.5
4429,,Eintracht Ickern IV,11,Herren Kreisliga C1 · Kreis Herne,7,2,1,0,1,5,5,0,3,1.5
4430,,SC Hicret Bielefeld IV,11,Kreisliga C Staffel 1 · Kreis Bielefeld,7,2,1,0,1,5,5,0,3,1.5
4431,,TSV Amshausen III,11,Kreisliga C Staffel 4 · Kreis Bielefeld,9,2,1,0,1,5,5,0,3,1.5
4432,,TuS Bardüttingdorf,11,Kreisliga C Gruppe 3 · Kreis Herford,7,2,1,0,1,5,5,0,3,1.5
4433,,TuS Ennepetal III,11,Kreisliga C2 Hagen,10,2,1,0,1,5,5,0,3,1.5
4434,,FC Hemer Erciyes II,11,Kreisliga C 3 - Qualifikation · Kreis Iserlohn,4,2,1,0,1,4,4,0,3,1.5
4435,,RW Ennepetal Rüggeberg II,11,Kreisliga C2 Hagen,11,2,1,0,1,4,4,0,3,1.5
4436,,SG Altenbüren-Scharfenberg-Antfeld 2,11,Kreisliga C 2 Hochsauerland Findungsrunde · Kreis Hochsauerlandkreis,5,2,1,0,1,4,4,0,3,1.5
4437,,Schlesischer SV Lüdenscheid,11,Kreisliga C 1 Lüdenscheid,4,2,1,0,1,4,4,0,3,1.5
4438,,TSG Dülmen III,11,Kreisliga C 2 Ahaus-Coesfeld,8,2,1,0,1,4,4,0,3,1.5
4439,,VfL Kamen III,11,Kreisliga C2 Unna-Hamm,8,4,2,0,2,8,8,0,6,1.5
4440,,BSV Leeden-Ledde,11,Kreisliga C 2 · Kreis Tecklenburg,7,2,1,0,1,3,3,0,3,1.5
4441,,BSV Schüren II,11,Kreisliga C2 - Dortmund,8,2,1,0,1,3,3,0,3,1.5
4442,,SF Azadî Attendorn,11,Kreisliga C Staffel 2 Olpe,5,2,1,0,1,3,3,0,3,1.5
4443,,TuS Witten-Stockum 1945 e.V. III,11,Kreisliga C3 Herren · Kreis Bochum,8,2,1,0,1,3,3,0,3,1.5
4444,,Lokomotive Lütgendortmund,11,Kreisliga C1 - Dortmund,9,2,1,0,1,2,2,0,3,1.5
4445,,SV Vestia Disteln III,11,RE KL C 2 · Kreis Recklinghausen,9,2,1,0,1,2,2,0,3,1.5
4446,,SuS Stadtlohn III,11,Kreisliga C 1 Ahaus-Coesfeld,7,2,1,0,1,2,2,0,3,1.5
4447,,USC Altenautal 21 III,11,Kreisliga C3 Paderborn,7,4,2,0,2,8,9,-1,6,1.5
4448,,International Hagen,11,Kreisliga C1 Hagen,8,2,1,0,1,9,10,-1,3,1.5
4449,,Rot Weiß Erkenschwick II,11,RE KL C 4 · Kreis Recklinghausen,7,2,1,0,1,9,10,-1,3,1.5
4450,,FC Frohlinde III,11,Herren Kreisliga C1 · Kreis Herne,8,2,1,0,1,8,9,-1,3,1.5
4451,,FC Kastrioti Stukenbrock II (9er),11,Kreisliga C1 Paderborn,9,2,1,0,1,8,9,-1,3,1.5
4452,,SV KAKO Bielefeld,11,Kreisliga C Staffel 3 · Kreis Bielefeld,9,2,1,0,1,8,9,-1,3,1.5
4453,,SuS Polsum 1927 II,11,RE KL C 2 · Kreis Recklinghausen,10,2,1,0,1,8,9,-1,3,1.5
4454,,SV Langenhorst-Welbergen II,11,Kreisliga C Qualigruppe 2 Kreis Steinfurt,4,2,1,0,1,7,8,-1,3,1.5
4455,,VfB Börnig IV,11,Herren Kreisliga C1 · Kreis Herne,9,2,1,0,1,7,8,-1,3,1.5
4456,,Vorwärts Wettringen IV,11,Kreisliga C Qualigruppe 4 Kreis Steinfurt,3,2,1,0,1,7,8,-1,3,1.5
4457,,ASV Ellewick III,11,Kreisliga C 1 Ahaus-Coesfeld,8,2,1,0,1,6,7,-1,3,1.5
4458,,DJK SG Bösperde II,11,Kreisliga C 1 - Qualifikation · Kreis Iserlohn,4,2,1,0,1,6,7,-1,3,1.5
4459,,DJK Eintr. Stadtlohn III,11,Kreisliga C 1 Ahaus-Coesfeld,9,2,1,0,1,5,6,-1,3,1.5
4460,,SV GW Benninghausen,11,Kreisliga C Lippstadt,7,2,1,0,1,5,6,-1,3,1.5
4461,,VfL 05 Aachen II,11,Kreisliga D Staffel 1 · Kreis Aachen,9,2,1,0,1,5,6,-1,3,1.5
4462,,SC Altenrheine IV,11,Kreisliga C Qualigruppe 4 Kreis Steinfurt,4,2,1,0,1,4,5,-1,3,1.5
4463,,SV Westfalia Leer II 9er,11,Kreisliga C Qualigruppe 3 Kreis Steinfurt,5,2,1,0,1,4,5,-1,3,1.5
4464,,Sportfreunde Sölderholz II,11,Kreisliga C4 - Dortmund,8,2,1,0,1,4,5,-1,3,1.5
4465,,SV SW Lembeck III,11,RE KL C 1 · Kreis Recklinghausen,9,2,1,0,1,3,4,-1,3,1.5
4466,,TuS Ennepe III,11,Kreisliga C 1 Lüdenscheid,5,2,1,0,1,3,4,-1,3,1.5
4467,,TuS Neuasseln III,11,Kreisliga C3 - Dortmund,9,2,1,0,1,3,4,-1,3,1.5
4468,,TuS Recke III,11,Kreisliga C 1 · Kreis Tecklenburg,8,2,1,0,1,3,4,-1,3,1.5
4469,,VfK Nordbögge II,11,Kreisliga C1 Unna-Hamm,7,4,2,0,2,8,11,-3,6,1.5
4470,,Königsborner SV II,11,Kreisliga C2 Unna-Hamm,9,4,2,0,2,7,10,-3,6,1.5
4471,,SC Fröndenberg-Hohenheide 09/20 e.V. II,11,Kreisliga C2 Unna-Hamm,10,4,2,0,2,6,9,-3,6,1.5
4472,,Suryoye Paderborn II,11,Kreisliga C2 Paderborn,6,4,2,0,2,6,9,-3,6,1.5
4473,,DJK/VfL Billerbeck III,11,Kreisliga C 2 Ahaus-Coesfeld,9,2,1,0,1,5,7,-2,3,1.5
4474,,FC Bor. Dröschede II,11,Kreisliga C 3 - Qualifikation · Kreis Iserlohn,5,2,1,0,1,5,7,-2,3,1.5
4475,,Westfalia Gemen III,11,RE KL C 1 · Kreis Recklinghausen,10,2,1,0,1,5,7,-2,3,1.5
4476,,FC 96 Recklinghausen II,11,RE KL C 3 · Kreis Recklinghausen,9,2,1,0,1,4,6,-2,3,1.5
4477,,SC RW Nienborg II,11,Kreisliga C 1 Ahaus-Coesfeld,10,2,1,0,1,4,6,-2,3,1.5
4478,,SG Suderwich III,11,RE KL C 3 · Kreis Recklinghausen,10,2,1,0,1,4,6,-2,3,1.5
4479,,SV Germania Salchendorf III,11,Kreisliga C2-SIWI · Kreis Siegen-Wittgenstein,8,2,1,0,1,3,5,-2,3,1.5
4480,,Spiel-Club Röhlinghausen II,11,Herren Kreisliga C1 · Kreis Herne,10,2,1,0,1,3,5,-2,3,1.5
4481,,ETG Recklinghausen III,11,RE KL C 4 · Kreis Recklinghausen,8,2,1,0,1,8,11,-3,3,1.5
4482,,Sportfreunde Sennestadt II,11,Kreisliga C Staffel 2 · Kreis Bielefeld,8,2,1,0,1,8,11,-3,3,1.5
4483,,SG Schweicheln,11,Kreisliga C Gruppe 2 · Kreis Herford,8,2,1,0,1,7,10,-3,3,1.5
4484,,TuS Quelle III,11,Kreisliga C Staffel 3 · Kreis Bielefeld,10,2,1,0,1,7,10,-3,3,1.5
4485,,Hammerthaler SV II,11,Kreisliga C3 Herren · Kreis Bochum,9,2,1,0,1,6,9,-3,3,1.5
4486,,"TV ""Hoffnung"" Littfeld",11,Kreisliga C1-SIWI · Kreis Siegen-Wittgenstein,7,2,1,0,1,6,9,-3,3,1.5
4487,,SV Hansa Buer Scholven 1919 e.V.,11,Kreisliga C 1 Herren · Kreis Gelsenkirchen,11,4,2,0,2,10,16,-6,6,1.5
4488,,SV Eckmannshausen II,11,Kreisliga C1-SIWI · Kreis Siegen-Wittgenstein,8,2,1,0,1,4,7,-3,3,1.5
4489,,TuS Linscheid-Heedfeld,11,Kreisliga C 1 Lüdenscheid,6,2,1,0,1,4,7,-3,3,1.5
4490,,DJK Sportfreunde Datteln III,11,RE KL C 4 · Kreis Recklinghausen,9,2,1,0,1,3,6,-3,3,1.5
4491,,SSV Herlinghausen II,11,Kreisliga C Gruppe 2 · Kreis Höxter,6,2,1,0,1,3,6,-3,3,1.5
4492,,DJK BW Lavesum II,11,Kreisliga C 2 Ahaus-Coesfeld,10,2,1,0,1,2,5,-3,3,1.5
4493,,SG Lütgeneder/Dössel II,11,Kreisliga C Gruppe 2 · Kreis Höxter,7,2,1,0,1,2,5,-3,3,1.5
4494,,SG SW Eikeloh/FCA Bökenförde,11,Kreisliga C Lippstadt,8,2,1,0,1,2,5,-3,3,1.5
4495,,SV Heggen II,11,Kreisliga C Staffel 2 Olpe,6,2,1,0,1,2,5,-3,3,1.5
4496,,DJK RW Milte,11,Kreisliga C 2 Herren · Kreis Münster,8,2,1,0,1,7,11,-4,3,1.5
4497,,SF Oesterholz-Kohlstädt II,11,Kreisliga C Gruppe II · Kreis Detmold,5,2,1,0,1,6,10,-4,3,1.5
4498,,VfL Gennebreck III,11,Kreisliga C1 Hagen,9,2,1,0,1,6,10,-4,3,1.5
4499,,SC Gremmendorf II,11,Kreisliga C 3 Herren · Kreis Münster,8,2,1,0,1,4,8,-4,3,1.5
4500,,Tus Graf Kobbo Tecklenburg III,11,Kreisliga C 2 · Kreis Tecklenburg,8,2,1,0,1,4,8,-4,3,1.5
4501,,RW Ostentrop/Schönholthausen II,11,Kreisliga C Staffel 2 Olpe,7,2,1,0,1,3,7,-4,3,1.5
4502,,TSV Rüthen II,11,Kreisliga C Lippstadt,9,2,1,0,1,3,7,-4,3,1.5
4503,,TuS Helpup II 9er,11,Kreisliga C Gruppe 2 Lemgo,12,2,1,0,1,2,6,-4,3,1.5
4504,,FC Galaxy Steinfurt II,11,Kreisliga C Qualigruppe 4 Kreis Steinfurt,5,2,1,0,1,4,9,-5,3,1.5
4505,,SV SW Ahle,11,Kreisliga C Gruppe 3 · Kreis Herford,8,2,1,0,1,4,9,-5,3,1.5
4506,,SC Zurstraße 70 II,11,Kreisliga C1 Hagen,10,2,1,0,1,3,8,-5,3,1.5
4507,,SG LWL 05/Attendorn/Listerscheid III (9er),11,Kreisliga C Staffel 3 Olpe,7,2,1,0,1,5,14,-9,3,1.5
4508,,TuS Querenburg III,11,Kreisliga C5 Herren · Kreis Bochum,11,2,1,0,1,4,13,-9,3,1.5
4509,,SG Halberbracht/Oedingen/Oberelspe II,11,Kreisliga C Staffel 1 Olpe,6,2,1,0,1,5,15,-10,3,1.5
4510,,TuS Bardüttingdorf II 9er,11,Kreisliga C Gruppe 2 · Kreis Herford,9,2,1,0,1,2,15,-13,3,1.5
4511,,Rot-Weiß Germania 11/67 II,11,Kreisliga C1 - Dortmund,10,2,1,0,1,3,18,-15,3,1.5
4512,,TuS Holzhausen/Porta II,11,Kreisliga C Minden,7,5,2,1,2,12,12,0,7,1.4
4513,,RW Rehme II,11,Kreisliga C Minden,8,5,2,1,2,5,9,-4,7,1.4
4514,,TuS Leopoldshöhe II,11,Kreisliga C Gruppe 2 Lemgo,7,3,1,1,1,19,7,12,4,1.33
4515,,VfL Winz-Baak II,11,Kreisliga C5 Herren · Kreis Bochum,5,3,1,1,1,11,5,6,4,1.33
4516,,SV Welver II,11,Kreisliga C Herren · Kreis Soest,10,3,1,1,1,12,8,4,4,1.33
4517,,SV Germania Bochum-West II,11,Kreisliga C1 Herren · Kreis Bochum,7,3,1,1,1,14,11,3,4,1.33
4518,,SG Winterberg Züschen II 9er,11,Kreisliga C 2 Hochsauerland Findungsrunde · Kreis Hochsauerlandkreis,2,3,2,1,0,6,3,3,4,1.33
4519,,VfL Rheda II,11,Kreisliga C Q4 GT · Kreis Gütersloh,3,3,1,1,1,5,2,3,4,1.33
4520,,FC Donop-Voßheide II,11,Kreisliga C Gruppe 1 Lemgo,8,3,1,1,1,8,6,2,4,1.33
4521,,SSV Meschede II,11,Kreisliga C 1 Hochsauerland Findungsrunde · Kreis Hochsauerlandkreis,1,3,1,1,1,14,13,1,4,1.33
4522,,SV Schwarz-Gelb Bokel II,11,Kreisliga C Q4 GT · Kreis Gütersloh,4,3,1,1,1,10,9,1,4,1.33
4523,,FC Besa,11,Kreisliga C Gruppe 2 Lemgo,8,3,1,1,1,8,8,0,4,1.33
4524,,TuS Eintracht Tonnenheide II,11,Kreisliga C  K 20 Lübbecke,2,3,1,1,1,7,7,0,4,1.33
4525,,SVE Börninghausen II,11,Kreisliga C  K 20 Lübbecke,3,3,1,1,1,6,6,0,4,1.33
4526,,SG Ostwig-Nuttlar/Valmetal II,11,Kreisliga C 1 Hochsauerland Findungsrunde · Kreis Hochsauerlandkreis,2,3,1,1,1,5,5,0,4,1.33
4527,,TSV Hamm-Heessen e.V. II,11,Kreisliga C1 Unna-Hamm,9,3,1,1,1,11,12,-1,4,1.33
4528,,SG Wennemen-Olpe/Berge/Calle-Wallen,11,Kreisliga C 1 Hochsauerland Findungsrunde · Kreis Hochsauerlandkreis,3,3,1,1,1,7,8,-1,4,1.33
4529,,TuS Westf. Neuenkirchen III,11,Kreisliga C Q4 GT · Kreis Gütersloh,5,3,1,1,1,4,5,-1,4,1.33
4530,,OTSV Pr. Oldendorf II,11,Kreisliga C  K 20 Lübbecke,4,3,1,1,1,8,10,-2,4,1.33
4531,,Concordia Wiemelhausen IV,11,Kreisliga C5 Herren · Kreis Bochum,8,3,1,1,1,4,7,-3,4,1.33
4532,,TSV Kirchheide III,11,Kreisliga C Gruppe 2 Lemgo,9,3,1,1,1,5,9,-4,4,1.33
4533,,VfB Annen II,11,Kreisliga C5 Herren · Kreis Bochum,9,3,1,1,1,9,14,-5,4,1.33
4534,,SC Sönnern II,11,Kreisliga C Herren · Kreis Soest,9,4,1,2,1,7,7,0,5,1.25
4535,,SG SVPC/Frille-Wietersheim,11,Kreisliga C Minden,9,5,2,0,3,14,15,-1,6,1.2
4536,,TuS Porta Westfalica,11,Kreisliga C Minden,10,5,2,0,3,11,14,-3,6,1.2
4537,,TuS RW Grastrup-Retzen II,11,Kreisliga C Gruppe 2 Lemgo,10,3,1,0,2,17,11,6,3,1.0
4538,,SC Borchen III,11,Kreisliga C3 Paderborn,8,4,1,1,2,14,10,4,4,1.0
4539,,SC Grün-Weiß Paderborn II,11,Kreisliga C1 Paderborn,7,3,1,0,2,9,7,2,3,1.0
4540,,SW Marienfeld II,11,Kreisliga C Q1 GT · Kreis Gütersloh,4,3,1,0,2,8,6,2,3,1.0
4541,,SC Werne 02 II,11,Kreisliga C2 Herren · Kreis Bochum,10,3,1,0,2,11,10,1,3,1.0
4542,,Spvgg Union Varl II,11,Kreisliga C  K 20 Lübbecke,9,3,1,0,2,9,8,1,3,1.0
4543,,BW Grümerbaum,11,Kreisliga C2 Herren · Kreis Bochum,8,4,1,1,2,16,15,1,4,1.0
4544,,SC Berger Preuß III,11,Kreisliga D Staffel 2 · Kreis Aachen,8,1,0,1,0,4,4,0,1,1.0
4545,,SG Horneburg,11,RE KL C 4 · Kreis Recklinghausen,10,2,0,2,0,8,8,0,2,1.0
4546,,SuS Herzogenrath,11,Kreisliga D Staffel 2 · Kreis Aachen,9,1,0,1,0,4,4,0,1,1.0
4547,,Tamilstars Dortmund,11,Kreisliga C3 - Dortmund,10,2,0,2,0,8,8,0,2,1.0
4548,,DJK Wipperfeld II,11,Kreisliga D 8 · Kreis Berg,6,1,0,1,0,3,3,0,1,1.0
4549,,Eintracht Kornelimünster II,11,Kreisliga D Staffel 3 · Kreis Aachen,6,1,0,1,0,3,3,0,1,1.0
4550,,Eintracht Münster III,11,Kreisliga C 2 Herren · Kreis Münster,9,2,0,2,0,6,6,0,2,1.0
4551,,FV Ihmert/Bredenbruch II,11,Kreisliga C 1 - Qualifikation · Kreis Iserlohn,5,1,0,1,0,3,3,0,1,1.0
4552,,SG Brochterbecker SV II - Dörenther SC II,11,Kreisliga C 2 · Kreis Tecklenburg,9,1,0,1,0,3,3,0,1,1.0
4553,,SV Thier,11,Kreisliga D 8 · Kreis Berg,7,1,0,1,0,3,3,0,1,1.0
4554,,VfL 05 Aachen III,11,Kreisliga D Staffel 3 · Kreis Aachen,7,1,0,1,0,3,3,0,1,1.0
4555,,Anadolu I,11,Kreisliga D Staffel 5 · Kreis Köln,4,1,0,1,0,2,2,0,1,1.0
4556,,Buchheim I,11,Kreisliga D Staffel 2 · Kreis Köln,6,1,0,1,0,2,2,0,1,1.0
4557,,FC Turo d'Izlo-Aramäer Gronau II,11,Kreisliga C 1 Ahaus-Coesfeld,11,1,0,1,0,2,2,0,1,1.0
4558,,KSV Croatia Hagen,11,Kreisliga C1 Hagen,11,1,0,1,0,2,2,0,1,1.0
4559,,SG Dünschede/Helden II,11,Kreisliga C Staffel 2 Olpe,8,1,0,1,0,2,2,0,1,1.0
4560,,Türk Genc II,11,Kreisliga D Staffel 2 · Kreis Köln,7,1,0,1,0,2,2,0,1,1.0
4561,,VfB 05 II,11,Kreisliga D Staffel 5 · Kreis Köln,5,1,0,1,0,2,2,0,1,1.0
4562,,Germania Schale,11,Kreisliga C 1 · Kreis Tecklenburg,9,2,0,2,0,3,3,0,2,1.0
4563,,Ibbenbüren Türkiyem Spor,11,Kreisliga C 1 · Kreis Tecklenburg,10,2,0,2,0,3,3,0,2,1.0
4564,,SV Hörstmar II,11,Kreisliga C Gruppe 2 Lemgo,11,3,1,0,2,4,4,0,3,1.0
4565,,1. FC Heinsberg-Lieck II,11,"Kreisliga D, Staffel 2 · Kreis Heinsberg",3,1,0,1,0,1,1,0,1,1.0
4566,,DJK/VfL Billerbeck IV,11,Kreisliga C 2 Ahaus-Coesfeld,11,1,0,1,0,1,1,0,1,1.0
4567,,Raderthal II,11,Kreisliga D Staffel 4 · Kreis Köln,6,1,0,1,0,1,1,0,1,1.0
4568,,SG Marienmünster/Rischenau II,11,Kreisliga C Gruppe 1 · Kreis Höxter,6,1,0,1,0,1,1,0,1,1.0
4569,,SV Grün-Weiß Karken II,11,"Kreisliga D, Staffel 2 · Kreis Heinsberg",4,1,0,1,0,1,1,0,1,1.0
4570,,SV Roj Bielefeld,11,Kreisliga C Staffel 1 · Kreis Bielefeld,8,1,0,1,0,1,1,0,1,1.0
4571,,TV Rodenkirchen I,11,Kreisliga D Staffel 4 · Kreis Köln,7,1,0,1,0,1,1,0,1,1.0
4572,,TuS Neuenrade II,11,Kreisliga C 2 Lüdenscheid,4,1,0,1,0,1,1,0,1,1.0
4573,,FC Altenhagen II,11,Kreisliga C Staffel 1 · Kreis Bielefeld,9,1,0,1,0,0,0,0,1,1.0
4574,,SuS Rünthe 08 II,11,Kreisliga C1 Unna-Hamm,8,4,1,1,2,14,15,-1,4,1.0
4575,,SV Bochum-Vöde II,11,Kreisliga C1 Herren · Kreis Bochum,9,3,1,0,2,8,9,-1,3,1.0
4576,,Druffeler SG II,11,Kreisliga C Q2 GT · Kreis Gütersloh,4,3,1,0,2,7,8,-1,3,1.0
4577,,SW Wattenscheid 08 III,11,Kreisliga C4 Herren · Kreis Bochum,9,3,1,0,2,7,8,-1,3,1.0
4578,,FC Vorwärts Kornharpen II,11,Kreisliga C2 Herren · Kreis Bochum,9,4,1,1,2,4,6,-2,4,1.0
4579,,Herzebrocker SV III,11,Kreisliga C Q3 GT · Kreis Gütersloh,3,3,1,0,2,6,8,-2,3,1.0
4580,,TuS Wickede/Ruhr II,11,Kreisliga C Herren · Kreis Soest,12,3,1,0,2,6,8,-2,3,1.0
4581,,SC Grün-Weiß Paderborn,11,Kreisliga C2 Paderborn,7,3,1,0,2,5,7,-2,3,1.0
4582,,DJK Teutonia Ehrenfeld II,11,Kreisliga C5 Herren · Kreis Bochum,7,4,1,1,2,7,10,-3,4,1.0
4583,,SV Eilmsen,11,Kreisliga C Herren · Kreis Soest,11,4,1,1,2,6,9,-3,4,1.0
4584,,Südener Sport-Verein 1905/06 Hamm II,11,Kreisliga C1 Unna-Hamm,10,4,1,1,2,14,18,-4,4,1.0
4585,,TIU Rünthe II,11,Kreisliga C1 Unna-Hamm,11,4,1,1,2,14,18,-4,4,1.0
4586,,SV Upsprunge II,11,Kreisliga C3 Paderborn,9,3,1,0,2,9,12,-3,3,1.0
4587,,SC Lemgo-West,11,Kreisliga C Gruppe 1 Lemgo,9,3,1,0,2,8,11,-3,3,1.0
4588,,SV Bommern 05 III,11,Kreisliga C3 Herren · Kreis Bochum,10,3,1,0,2,10,14,-4,3,1.0
4589,,VfB Langendreerholz,11,Kreisliga C2 Herren · Kreis Bochum,11,3,1,0,2,7,11,-4,3,1.0
4590,,CSV SF Bochum-Linden III (9er),11,Kreisliga C4 Herren · Kreis Bochum,10,3,1,0,2,5,9,-4,3,1.0
4591,,SuS Holzhausen II,11,Kreisliga C  K 20 Lübbecke,5,4,1,1,2,7,13,-6,4,1.0
4592,,SV Sudhagen II,11,Kreisliga C1 Paderborn,10,3,1,0,2,6,11,-5,3,1.0
4593,,ETuS 34 Gelsenkirchen II.,11,Kreisliga C 2 Herren · Kreis Gelsenkirchen,9,4,1,1,2,12,20,-8,4,1.0
4594,,FC Sürenheide 1976 III,11,Kreisliga C Q1 GT · Kreis Gütersloh,5,3,1,0,2,5,12,-7,3,1.0
4595,,SCE Gütersloh,11,Kreisliga C Q3 GT · Kreis Gütersloh,4,3,1,0,2,3,11,-8,3,1.0
4596,,SK Bochum,11,Kreisliga C1 Herren · Kreis Bochum,10,3,1,0,2,3,11,-8,3,1.0
4597,,TuS Victoria Dehme,11,Kreisliga C Minden,11,5,1,2,2,5,19,-14,5,1.0
4598,,SpVg Bavenhausen,11,Kreisliga C Gruppe 1 Lemgo,10,3,1,0,2,3,12,-9,3,1.0
4599,,SVF Herringen III,11,Kreisliga C1 Unna-Hamm,13,3,1,0,2,9,19,-10,3,1.0
4600,,Preußen Verl,11,Kreisliga C Q3 GT · Kreis Gütersloh,5,3,1,0,2,4,15,-11,3,1.0
4601,,FC Blau-Weiß Holtrup,11,Kreisliga C Minden,12,5,1,1,3,10,16,-6,4,0.8
4602,,VfL Grafenwald III,11,Kreisliga C 2 Herren · Kreis Gelsenkirchen,10,4,1,0,3,9,8,1,3,0.75
4603,,Amac Spor Dahlhausen II,11,Kreisliga C4 Herren · Kreis Bochum,8,4,1,0,3,13,13,0,3,0.75
4604,,SV BR Billmerich II,11,Kreisliga C2 Unna-Hamm,11,4,1,0,3,8,11,-3,3,0.75
4605,,BV 09 Hamm II,11,Kreisliga C1 Unna-Hamm,12,4,1,0,3,13,17,-4,3,0.75
4606,,DJK Falke Gelsenkirchen 1919 e.V. II,11,Kreisliga C 1 Herren · Kreis Gelsenkirchen,12,4,1,0,3,10,16,-6,3,0.75
4607,,SSV/FCA Rotthausen II.,11,Kreisliga C 2 Herren · Kreis Gelsenkirchen,11,4,1,0,3,9,15,-6,3,0.75
4608,,TuRa Espelkamp II,11,Kreisliga C  K 20 Lübbecke,10,4,1,0,3,9,15,-6,3,0.75
4609,,VfB Annen,11,Kreisliga C3 Herren · Kreis Bochum,11,4,1,0,3,8,14,-6,3,0.75
4610,,Sportfreunde Schnee II,11,Kreisliga C5 Herren · Kreis Bochum,10,4,1,0,3,10,17,-7,3,0.75
4611,,DJK Viktoria 59 Bochum III,11,Kreisliga C4 Herren · Kreis Bochum,11,4,1,0,3,7,14,-7,3,0.75
4612,,Fc Kickers Ückendorf II.,11,Kreisliga C 2 Herren · Kreis Gelsenkirchen,12,4,1,0,3,9,18,-9,3,0.75
4613,,SV Weser Leteln II,11,Kreisliga C Minden,14,4,1,0,3,5,14,-9,3,0.75
4614,,DJK RW Markania,11,Kreisliga C1 Herren · Kreis Bochum,11,4,1,0,3,3,13,-10,3,0.75
4615,,SG Massen III,11,Kreisliga C2 Unna-Hamm,12,4,1,0,3,13,24,-11,3,0.75
4616,,Genclerbirligi Resse II,11,Kreisliga C 1 Herren · Kreis Gelsenkirchen,13,4,1,0,3,11,24,-13,3,0.75
4617,,SF BW Paderborn III,11,Kreisliga C1 Paderborn,11,4,1,0,3,8,21,-13,3,0.75
4618,,SV 21 Brenken II,11,Kreisliga C3 Paderborn,10,4,1,0,3,5,18,-13,3,0.75
4619,,BV Westfalia Bochum,11,Kreisliga C4 Herren · Kreis Bochum,12,4,1,0,3,3,18,-15,3,0.75
4620,,GS Cappenberg III,11,Kreisliga C2 Unna-Hamm,13,4,1,0,3,6,22,-16,3,0.75
4621,,Schwarz-Weiß Buer-Bülse 2,11,Kreisliga C 1 Herren · Kreis Gelsenkirchen,14,4,1,0,3,12,30,-18,3,0.75
4622,,SC Hassel III,11,Kreisliga C 1 Herren · Kreis Gelsenkirchen,15,4,1,0,3,9,32,-23,3,0.75
4623,,TuS Almena,11,Kreisliga C Gruppe 1 Lemgo,11,3,0,2,1,5,8,-3,2,0.67
4624,,Isenstedter SC II,11,Kreisliga C  K 20 Lübbecke,11,3,0,2,1,7,12,-5,2,0.67
4625,,SC RW Maaslingen III,11,Kreisliga C Minden,13,5,1,0,4,6,15,-9,3,0.6
4626,,FC Remblinghausen II 9er,11,Kreisliga C 1 Hochsauerland Findungsrunde · Kreis Hochsauerlandkreis,6,2,1,1,0,6,4,2,1,0.5
4627,,TSV Amshausen II,11,Kreisliga C Staffel 2 · Kreis Bielefeld,9,2,0,1,1,6,7,-1,1,0.5
4628,,SV Sundern II,11,Kreisliga C Gruppe 1 · Kreis Herford,9,2,0,1,1,4,5,-1,1,0.5
4629,,DJK Eintr. Coesfeld III,11,Kreisliga C 2 Ahaus-Coesfeld,12,2,0,1,1,3,4,-1,1,0.5
4630,,SG Oberes Almetal 23 II,11,Kreisliga C3 Paderborn,11,4,0,2,2,6,8,-2,2,0.5
4631,,TSV Marl-Hüls II,11,RE KL C 2 · Kreis Recklinghausen,11,2,0,1,1,3,4,-1,1,0.5
4632,,TuS Sythen II,11,RE KL C 4 · Kreis Recklinghausen,11,2,0,1,1,3,4,-1,1,0.5
4633,,SG Hemer III,11,Kreisliga C 1 - Qualifikation · Kreis Iserlohn,6,2,0,1,1,7,9,-2,1,0.5
4634,,SV Westerholt III,11,RE KL C 4 · Kreis Recklinghausen,12,2,0,1,1,7,9,-2,1,0.5
4635,,Fortuna Emsdetten III,11,Kreisliga C Qualigruppe 4 Kreis Steinfurt,6,2,0,1,1,4,6,-2,1,0.5
4636,,SG Oesterweg III,11,Kreisliga C Staffel 4 · Kreis Bielefeld,10,2,0,1,1,4,6,-2,1,0.5
4637,,VfL Platte-Heide II,11,Kreisliga C 3 - Qualifikation · Kreis Iserlohn,6,2,0,1,1,4,6,-2,1,0.5
4638,,BV Teutonia Lanstrop II,11,Kreisliga C4 - Dortmund,9,2,0,1,1,3,5,-2,1,0.5
4639,,Sportfreunde Nordvelen,11,RE KL C 1 · Kreis Recklinghausen,11,2,0,1,1,3,5,-2,1,0.5
4640,,VfL Mennighüffen III,11,Kreisliga C Gruppe 1 · Kreis Herford,10,2,0,1,1,3,5,-2,1,0.5
4641,,FC Merkur 07,11,Kreisliga C3 - Dortmund,11,2,0,1,1,2,4,-2,1,0.5
4642,,SuS Gehrden-Altenheerse II,11,Kreisliga C Gruppe 2 · Kreis Höxter,8,2,0,1,1,2,4,-2,1,0.5
4643,,BSV Roxel II,11,Kreisliga C 1 Herren · Kreis Münster,9,2,0,1,1,1,3,-2,1,0.5
4644,,SG Stahle/Albaxen II,11,Kreisliga C Gruppe 1 · Kreis Höxter,7,2,0,1,1,1,3,-2,1,0.5
4645,,SV Gescher IV,11,Kreisliga C 2 Ahaus-Coesfeld,13,2,0,1,1,1,3,-2,1,0.5
4646,,FC Wetter 10/30 II,11,Kreisliga C2 Hagen,12,2,0,1,1,5,8,-3,1,0.5
4647,,TuS GW Pödinghausen II,11,Kreisliga C Gruppe 2 · Kreis Herford,10,2,0,1,1,5,8,-3,1,0.5
4648,,FC Marbeck 58 II,11,RE KL C 1 · Kreis Recklinghausen,12,2,0,1,1,3,6,-3,1,0.5
4649,,SpVg Emsdetten 05 IV,11,Kreisliga C Qualigruppe 4 Kreis Steinfurt,7,2,0,1,1,3,6,-3,1,0.5
4650,,FC Bosna Hagen II,11,Kreisliga C1 Hagen,12,2,0,1,1,2,5,-3,1,0.5
4651,,SG Finnentrop/Bamenohl III,11,Kreisliga C Staffel 2 Olpe,9,2,0,1,1,2,5,-3,1,0.5
4652,,SC Greven 09 III,11,Kreisliga C 1 Herren · Kreis Münster,10,2,0,1,1,1,4,-3,1,0.5
4653,,SC Füchtorf II,11,Kreisliga C 2 Herren · Kreis Münster,10,2,0,1,1,4,8,-4,1,0.5
4654,,SV Netphen II,11,Kreisliga C2-SIWI · Kreis Siegen-Wittgenstein,9,2,0,1,1,3,7,-4,1,0.5
4655,,VfL Ramsdorf III,11,RE KL C 1 · Kreis Recklinghausen,13,2,0,1,1,3,7,-4,1,0.5
4656,,SC Concordia Hagen II,11,Kreisliga C1 Hagen,13,2,0,1,1,2,6,-4,1,0.5
4657,,SG Scharmede/Thüle II,11,Kreisliga C3 Paderborn,12,4,0,2,2,4,12,-8,2,0.5
4658,,SC Herford II,11,Kreisliga C Gruppe 3 · Kreis Herford,9,2,0,1,1,0,4,-4,1,0.5
4659,,NK Zagreb,11,Kreisliga C4 - Dortmund,10,2,0,1,1,5,10,-5,1,0.5
4660,,SG Rolfzen-Sommersell-Entrup/Bredenborn 2,11,Kreisliga C Gruppe 1 · Kreis Höxter,8,2,0,1,1,3,8,-5,1,0.5
4661,,FC Teutonia Altstadt Bielefeld,11,Kreisliga C Staffel 1 · Kreis Bielefeld,10,2,0,1,1,2,7,-5,1,0.5
4662,,SC Falke Saerbeck III,11,Kreisliga C 2 · Kreis Tecklenburg,10,2,0,1,1,4,10,-6,1,0.5
4663,,SV Südkirchen II,11,Kreisliga C 3 Herren · Kreis Münster,9,2,0,1,1,4,10,-6,1,0.5
4664,,TV Friesen Milse III,11,Kreisliga C Staffel 3 · Kreis Bielefeld,11,2,0,1,1,3,10,-7,1,0.5
4665,,TuS Neuasseln II,11,Kreisliga C4 - Dortmund,11,2,0,1,1,4,12,-8,1,0.5
4666,,SPVG Linderhausen III,11,Kreisliga C2 Hagen,13,2,0,1,1,4,15,-11,1,0.5
4667,,SC Hiddenhausen II 9er,11,Kreisliga C Gruppe 3 · Kreis Herford,10,2,0,1,1,0,18,-18,1,0.5
4668,,SV Steinkuhl,11,Kreisliga C5 Herren · Kreis Bochum,12,3,0,1,2,6,9,-3,1,0.33
4669,,SC RW Verne II,11,Kreisliga C3 Paderborn,13,3,0,1,2,6,11,-5,1,0.33
4670,,TuS Asemissen III,11,Kreisliga C Gruppe 2 Lemgo,13,3,0,1,2,3,8,-5,1,0.33
4671,,SG Medebach 2/ Medelon,11,Kreisliga C 2 Hochsauerland Findungsrunde · Kreis Hochsauerlandkreis,6,3,0,1,2,6,12,-6,1,0.33
4672,,FC Glückauf-Hüllen II,11,Kreisliga C 2 Herren · Kreis Gelsenkirchen,13,3,0,1,2,4,10,-6,1,0.33
4673,,TuS Ahmsen III,11,Kreisliga C Gruppe 2 Lemgo,14,3,0,1,2,3,9,-6,1,0.33
4674,,SF BW Paderborn II,11,Kreisliga C2 Paderborn,8,3,0,1,2,4,12,-8,1,0.33
4675,,SK Bochum II,11,Kreisliga C2 Herren · Kreis Bochum,12,3,0,1,2,2,15,-13,1,0.33
4676,,SKC Maroc Hamm II,11,Kreisliga C1 Unna-Hamm,14,4,0,1,3,9,18,-9,1,0.25
4677,,SV Lüttringen,11,Kreisliga C Herren · Kreis Soest,13,4,0,1,3,9,21,-12,1,0.25
4678,,DJK SW Gelsenkirchen-Süd 9er,11,Kreisliga C 2 Herren · Kreis Gelsenkirchen,14,4,0,1,3,9,35,-26,1,0.25
4679,,TuS Petershagen/Ovenstädt II,11,Kreisliga C Minden,15,5,0,1,4,6,11,-5,1,0.2
4680,,Sinnersdorf II,11,Kreisliga D Staffel 1 · Kreis Köln,7,1,1,0,0,18,1,17,0,0.0
4681,,SG Waldfeucht-Bocket-Braunsrath III,11,"Kreisliga D, Staffel 2 · Kreis Heinsberg",5,1,1,0,0,13,2,11,0,0.0
4682,,Märchenbahnhof I,11,Kreisliga D Staffel 4 · Kreis Köln,8,1,1,0,0,8,0,8,0,0.0
4683,,Germania Impekoven 2,11,"Kreisliga D, Gruppe 3 · Kreis Bonn",4,1,1,0,0,10,3,7,0,0.0
4684,,SG Phönix Eving II,11,Kreisliga C4 - Dortmund,12,1,1,0,0,6,1,5,0,0.0
4685,,SC Neheim II,11,Kreisliga C Arnsberg,6,1,1,0,0,5,0,5,0,0.0
4686,,Eintracht Ickern II/U23,11,Herren Kreisliga C1 · Kreis Herne,11,1,1,0,0,4,0,4,0,0.0
4687,,ESV Münster,11,Kreisliga C 1 Herren · Kreis Münster,11,1,1,0,0,3,0,3,0,0.0
4688,,TUS Freckenhorst III,11,Kreisliga C 2 Herren · Kreis Münster,11,2,1,0,1,7,4,3,0,0.0
4689,,LTV von 1861 e.V. II,11,Kreisliga C 1 Lüdenscheid,7,1,1,0,0,1,0,1,0,0.0
4690,,Rath-Heumar II,11,Kreisliga D Staffel 2 · Kreis Köln,8,1,1,0,0,1,0,1,0,0.0
4691,,"""Grün-Weiss"" Sparta Gerderath II",11,"Kreisliga D, Staffel 1 · Kreis Heinsberg",3,0,0,0,0,0,0,0,0,0.0
4692,,ASC Akhtamar Frechen 2,11,Kreisliga D Staffel 7 · Kreis Rhein-Erft,1,0,0,0,0,0,0,0,0,0.0
4693,,ASK Ahlen III,11,Kreisliga C Beckum,1,0,0,0,0,0,0,0,0,0.0
4694,,ASK Ahlen IV,11,Kreisliga C Beckum,2,0,0,0,0,0,0,0,0,0.0
4695,,ASV Heisingen,11,Freizeitliga - Gruppe 1 + 2 · Kreis Essen,4,0,0,0,0,0,0,0,0,0.0
4696,,Aramäer Ahlen II,11,Kreisliga C Beckum,3,0,0,0,0,0,0,0,0,0.0
4697,,BC Efferen III,11,Kreisliga D Staffel 7 · Kreis Rhein-Erft,2,0,0,0,0,0,0,0,0,0.0
4698,,BC Stotzheim III,11,Kreisliga D Staffel 8 · Kreis Rhein-Erft,1,0,0,0,0,0,0,0,0,0.0
4699,,BSV Viktoria Bielstein 1920 e.V. III,11,Kreisliga D 9 · Kreis Berg,7,0,0,0,0,0,0,0,0,0.0
4700,,BV Kirch-Kleintroisdorf,11,Kreisliga D Staffel 6 · Kreis Rhein-Erft,1,0,0,0,0,0,0,0,0,0.0
4701,,BW Kerpen III,11,Kreisliga D Staffel 6 · Kreis Rhein-Erft,14,0,0,0,0,0,0,0,-3,0.0
4702,,Bedburger BV 2,11,Kreisliga D Staffel 6 · Kreis Rhein-Erft,2,0,0,0,0,0,0,0,0,0.0
4703,,Borussia Borbeck,11,Freizeitliga - Gruppe 1 + 2 · Kreis Essen,5,0,0,0,0,0,0,0,0,0.0
4704,,Botan II,11,Kreisliga D Staffel 5 · Kreis Köln,6,0,0,0,0,0,0,0,0,0.0
4705,,DJK Dorff,11,Kreisliga D Staffel 3 · Kreis Aachen,8,0,0,0,0,0,0,0,0,0.0
4706,,DJK Grün-Weiß Menden,11,Kreisliga C 2 - Qualifikation · Kreis Iserlohn,5,0,0,0,0,0,0,0,0,0.0
4707,,DJK Gummersbach II,11,Kreisliga D 8 · Kreis Berg,8,0,0,0,0,0,0,0,0,0.0
4708,,DJK Viktoria 59 Bochum IV zg.,11,Kreisliga C3 Herren · Kreis Bochum,12,0,0,0,0,0,0,0,0,0.0
4709,,Dünnwald I zg.,11,Kreisliga D Staffel 5 · Kreis Köln,7,0,0,0,0,0,0,0,0,0.0
4710,,Ehrenfeld I,11,Kreisliga D Staffel 4 · Kreis Köln,9,0,0,0,0,0,0,0,0,0.0
4711,,Eintracht I,11,Kreisliga D Staffel 3 · Kreis Köln,7,0,0,0,0,0,0,0,0,0.0
4712,,Erfa 09 Gymnich III,11,Kreisliga D Staffel 7 · Kreis Rhein-Erft,3,0,0,0,0,0,0,0,0,0.0
4713,,Essen Socceroos,11,Freizeitliga - Gruppe 1 + 2 · Kreis Essen,6,0,0,0,0,0,0,0,0,0.0
4714,,F.C. Rot-Weiß Berrendorf 2,11,Kreisliga D Staffel 6 · Kreis Rhein-Erft,3,0,0,0,0,0,0,0,0,0.0
4715,,FC Bensberg III,11,Kreisliga D 7 · Kreis Berg,7,0,0,0,0,0,0,0,0,0.0
4716,,FC Berrenrath,11,Kreisliga D Staffel 7 · Kreis Rhein-Erft,4,0,0,0,0,0,0,0,0,0.0
4717,,FC Berrenrath 2,11,Kreisliga D Staffel 8 · Kreis Rhein-Erft,2,0,0,0,0,0,0,0,0,0.0
4718,,FC GW Etzweiler e.V. 2,11,Kreisliga D Staffel 6 · Kreis Rhein-Erft,4,0,0,0,0,0,0,0,0,0.0
4719,,FC Inde Hahn II,11,Kreisliga D Staffel 3 · Kreis Aachen,9,0,0,0,0,0,0,0,0,0.0
4720,,FC Langenei/Kickenbach II,11,Kreisliga C Staffel 1 Olpe,7,0,0,0,0,0,0,0,0,0.0
4721,,FC Rheinsüd Köln IV,11,Kreisliga D Staffel 8 · Kreis Rhein-Erft,3,0,0,0,0,0,0,0,0,0.0
4722,,FC Schwadorf II,11,Kreisliga D Staffel 8 · Kreis Rhein-Erft,4,0,0,0,0,0,0,0,0,0.0
4723,,FC Schwadorf III,11,Kreisliga D Staffel 7 · Kreis Rhein-Erft,5,0,0,0,0,0,0,0,0,0.0
4724,,FC Viktoria Manheim 2,11,Kreisliga D Staffel 6 · Kreis Rhein-Erft,5,0,0,0,0,0,0,0,0,0.0
4725,,FC Westberg,11,Freizeitliga - Gruppe 1 + 2 · Kreis Essen,7,0,0,0,0,0,0,0,0,0.0
4726,,FC. Hellas/Mak. Hagen III,11,Kreisliga C1 Hagen,14,0,0,0,0,0,0,0,0,0.0
4727,,FFC Bergheim,11,Kreisliga D Staffel 6 · Kreis Rhein-Erft,6,0,0,0,0,0,0,0,0,0.0
4728,,FSG Ahlen III,11,Kreisliga C Beckum,4,0,0,0,0,0,0,0,0,0.0
4729,,FV Bonn-Endenich 1908 III,11,"Kreisliga D, Gruppe 1 · Kreis Bonn",6,0,0,0,0,0,0,0,0,0.0
4730,,Fortuna Walstedde II,11,Kreisliga C Beckum,5,0,0,0,0,0,0,0,0,0.0
4731,,GKSC Hürth II,11,Kreisliga D Staffel 7 · Kreis Rhein-Erft,6,0,0,0,0,0,0,0,0,0.0
4732,,Glückauf Habbelrath-Grefrath II,11,Kreisliga D Staffel 7 · Kreis Rhein-Erft,7,0,0,0,0,0,0,0,0,0.0
4733,,Heppendorfer SC zg.,11,Kreisliga D Staffel 6 · Kreis Rhein-Erft,7,0,0,0,0,0,0,0,0,0.0
4734,,Höhenhaus I,11,Kreisliga D Staffel 2 · Kreis Köln,9,0,0,0,0,0,0,0,0,0.0
4735,,Kaster Königshoven II,11,Kreisliga D Staffel 6 · Kreis Rhein-Erft,8,0,0,0,0,0,0,0,0,0.0
4736,,Kirch-Grottenherten 2,11,Kreisliga D Staffel 6 · Kreis Rhein-Erft,9,0,0,0,0,0,0,0,0,0.0
4737,,Kohlscheider BC IV,11,Kreisliga D Staffel 1 · Kreis Aachen,10,0,0,0,0,0,0,0,0,0.0
4738,,Köln 2000 I,11,Kreisliga D Staffel 5 · Kreis Köln,8,0,0,0,0,0,0,0,0,0.0
4739,,Kültürspor Datteln II zg.,11,RE KL C 4 · Kreis Recklinghausen,13,0,0,0,0,0,0,0,0,0.0
4740,,Merheim IV,11,Kreisliga D Staffel 5 · Kreis Köln,9,0,0,0,0,0,0,0,0,0.0
4741,,Niersquelle Kuckum III,11,"Kreisliga D, Staffel 1 · Kreis Heinsberg",4,0,0,0,0,0,0,0,0,0.0
4742,,Playhouse Kickers Juniors,11,Freizeitliga - Gruppe 1 + 2 · Kreis Essen,8,0,0,0,0,0,0,0,0,0.0
4743,,RG Wesseling III,11,Kreisliga D Staffel 8 · Kreis Rhein-Erft,5,0,0,0,0,0,0,0,0,0.0
4744,,RSV Wanne II,11,Herren Kreisliga C2 · Kreis Herne,9,0,0,0,0,0,0,0,0,0.0
4745,,RW Ahrem 4,11,Kreisliga D Staffel 7 · Kreis Rhein-Erft,8,0,0,0,0,0,0,0,0,0.0
4746,,RW Lessenich III,11,"Kreisliga D, Gruppe 3 · Kreis Bonn",5,0,0,0,0,0,0,0,0,0.0
4747,,RW Röttgen 2,11,"Kreisliga D, Gruppe 3 · Kreis Bonn",6,0,0,0,0,0,0,0,0,0.0
4748,,Rheindörfer Nord III,11,Kreisliga D Staffel 3 · Kreis Köln,8,0,0,0,0,0,0,0,0,0.0
4749,,Roland West IV,11,Kreisliga D Staffel 3 · Kreis Köln,9,0,0,0,0,0,0,0,0,0.0
4750,,Rot-Weiß Vellern III,11,Kreisliga C Beckum,6,0,0,0,0,0,0,0,0,0.0
4751,,SC Brühl 2,11,Kreisliga D Staffel 8 · Kreis Rhein-Erft,6,0,0,0,0,0,0,0,0,0.0
4752,,SC Erftstadt-Ville,11,Kreisliga D Staffel 8 · Kreis Rhein-Erft,7,0,0,0,0,0,0,0,0,0.0
4753,,SC Friesheim II,11,Kreisliga D Staffel 8 · Kreis Rhein-Erft,8,0,0,0,0,0,0,0,0,0.0
4754,,SC Glessen 2,11,Kreisliga D Staffel 6 · Kreis Rhein-Erft,10,0,0,0,0,0,0,0,0,0.0
4755,,SC Roland 1962 e.V. II,11,Kreisliga C Beckum,7,0,0,0,0,0,0,0,0,0.0
4756,,SG Allendorf/Amecke II,11,Kreisliga C Arnsberg,7,0,0,0,0,0,0,0,0,0.0
4757,,SG Eintracht 25 II,11,Kreisliga C Arnsberg,8,0,0,0,0,0,0,0,0,0.0
4758,,SG Frechen 46 II,11,Kreisliga D Staffel 8 · Kreis Rhein-Erft,9,0,0,0,0,0,0,0,0,0.0
4759,,SG Merbeck/Viktoria Wegberg,11,"Kreisliga D, Staffel 1 · Kreis Heinsberg",5,0,0,0,0,0,0,0,0,0.0
4760,,SG Monschauer Land III,11,Kreisliga D Staffel 3 · Kreis Aachen,10,0,0,0,0,0,0,0,0,0.0
4761,,SG Oberschelden II zg.,11,Kreisliga C1-SIWI · Kreis Siegen-Wittgenstein,9,0,0,0,0,0,0,0,0,0.0
4762,,SG Stoppenberg,11,Freizeitliga - Gruppe 1 + 2 · Kreis Essen,9,0,0,0,0,0,0,0,0,0.0
4763,,SG Stromberg II/Sünninghausen II,11,Kreisliga C Beckum,8,0,0,0,0,0,0,0,0,0.0
4764,,SV Beuel 06 IV,11,"Kreisliga D, Gruppe 1 · Kreis Bonn",7,0,0,0,0,0,0,0,0,0.0
4765,,SV Blatzheim 2,11,Kreisliga D Staffel 6 · Kreis Rhein-Erft,11,0,0,0,0,0,0,0,0,0.0
4766,,SV Bonner Kickers 2,11,"Kreisliga D, Gruppe 1 · Kreis Bonn",8,0,0,0,0,0,0,0,0,0.0
4767,,SV Diestedde,11,Kreisliga C Beckum,9,0,0,0,0,0,0,0,0,0.0
4768,,SV FüBö II / Bremerberg 2 9er zg.,11,Kreisliga C Gruppe 1 · Kreis Höxter,9,0,0,0,0,0,0,0,0,0.0
4769,,SV GW Schaufenberg,11,"Kreisliga D, Staffel 2 · Kreis Heinsberg",6,0,0,0,0,0,0,0,0,0.0
4770,,SV Germania Eicherscheid III,11,Kreisliga D Staffel 3 · Kreis Aachen,11,0,0,0,0,0,0,0,0,0.0
4771,,SV Kaster 2,11,Kreisliga D Staffel 6 · Kreis Rhein-Erft,12,0,0,0,0,0,0,0,0,0.0
4772,,SV Klinkum II,11,"Kreisliga D, Staffel 1 · Kreis Heinsberg",6,0,0,0,0,0,0,0,0,0.0
4773,,SV Liesborn e.V. II,11,Kreisliga C Beckum,10,0,0,0,0,0,0,0,0,0.0
4774,,SV Lövenich/Widdersdorf U21,11,Kreisliga D Staffel 7 · Kreis Rhein-Erft,9,0,0,0,0,0,0,0,0,0.0
4775,,SV Rot-Weiß Queckenberg e.V.,11,"Kreisliga D, Gruppe 3 · Kreis Bonn",7,0,0,0,0,0,0,0,0,0.0
4776,,SV SW Merzbach 2,11,"Kreisliga D, Gruppe 3 · Kreis Bonn",8,0,0,0,0,0,0,0,0,0.0
4777,,SV Türkspor Bergheim 2,11,Kreisliga D Staffel 6 · Kreis Rhein-Erft,13,0,0,0,0,0,0,0,0,0.0
4778,,Spvg BBT II,11,Kreisliga D Staffel 7 · Kreis Rhein-Erft,13,0,0,0,0,0,0,0,-3,0.0
4779,,Spvg Wesseling-Urfeld 3,11,Kreisliga D Staffel 8 · Kreis Rhein-Erft,10,0,0,0,0,0,0,0,0,0.0
4780,,SuS Enniger II,11,Kreisliga C Beckum,11,0,0,0,0,0,0,0,0,0.0
4781,,SuS Ennigerloh III,11,Kreisliga C Beckum,12,0,0,0,0,0,0,0,0,0.0
4782,,TPSK II,11,Kreisliga D Staffel 1 · Kreis Köln,8,0,0,0,0,0,0,0,0,0.0
4783,,TSG Bonn 3,11,"Kreisliga D, Gruppe 3 · Kreis Bonn",9,0,0,0,0,0,0,0,0,0.0
4784,,TSV Weiß 3,11,Kreisliga D Staffel 8 · Kreis Rhein-Erft,11,0,0,0,0,0,0,0,0,0.0
4785,,TuS BW Königsdorf 3,11,Kreisliga D Staffel 7 · Kreis Rhein-Erft,10,0,0,0,0,0,0,0,0,0.0
4786,,TuS Pützchen 05 II,11,"Kreisliga D, Gruppe 2 · Kreis Bonn",7,0,0,0,0,0,0,0,0,0.0
4787,,TuS rrh. III,11,Kreisliga D Staffel 5 · Kreis Köln,10,0,0,0,0,0,0,0,0,0.0
4788,,Türkiyemspor Plettenberg II zg.,11,Kreisliga C 2 Lüdenscheid,5,0,0,0,0,0,0,0,0,0.0
4789,,Union Köln I,11,Kreisliga D Staffel 5 · Kreis Köln,11,0,0,0,0,0,0,0,0,0.0
4790,,United Essen-West,11,Freizeitliga - Gruppe 1 + 2 · Kreis Essen,10,0,0,0,0,0,0,0,0,0.0
4791,,VfL Erp II,11,Kreisliga D Staffel 8 · Kreis Rhein-Erft,12,0,0,0,0,0,0,0,0,0.0
4792,,VfR Bachem III,11,Kreisliga D Staffel 7 · Kreis Rhein-Erft,11,0,0,0,0,0,0,0,0,0.0
4793,,VfR Rüblinghausen II,11,Kreisliga C Staffel 3 Olpe,8,0,0,0,0,0,0,0,0,0.0
4794,,VfR Stommeln 2,11,Kreisliga D Staffel 7 · Kreis Rhein-Erft,12,0,0,0,0,0,0,0,0,0.0
4795,,Viktoria Gruhlwerk 2,11,Kreisliga D Staffel 8 · Kreis Rhein-Erft,13,0,0,0,0,0,0,0,0,0.0
4796,,Viktoria Kleingladbach II,11,"Kreisliga D, Staffel 1 · Kreis Heinsberg",7,0,0,0,0,0,0,0,0,0.0
4797,,Westhoven-Ensen III,11,Kreisliga D Staffel 5 · Kreis Köln,12,0,0,0,0,0,0,0,0,0.0
4798,,Young Boys Essen,11,Freizeitliga - Gruppe 1 + 2 · Kreis Essen,11,0,0,0,0,0,0,0,0,0.0
4799,,SG Aabach-Alme,11,Kreisliga C 2 Hochsauerland Findungsrunde · Kreis Hochsauerlandkreis,7,3,1,0,2,7,9,-2,0,0.0
4800,,TSG Bonn 2,11,"Kreisliga D, Gruppe 2 · Kreis Bonn",8,1,0,0,1,5,6,-1,0,0.0
4801,,VfL Engelskirchen II,11,Kreisliga D 8 · Kreis Berg,9,1,0,0,1,5,6,-1,0,0.0
4802,,Club Galicia Bonn 2,11,"Kreisliga D, Gruppe 2 · Kreis Bonn",9,1,0,0,1,4,5,-1,0,0.0
4803,,FV Eschweiler II,11,Kreisliga D Staffel 2 · Kreis Aachen,10,1,0,0,1,4,5,-1,0,0.0
4804,,Nippes GW II,11,Kreisliga D Staffel 4 · Kreis Köln,10,1,0,0,1,4,5,-1,0,0.0
4805,,Polonia Bonn,11,"Kreisliga D, Gruppe 1 · Kreis Bonn",9,1,0,0,1,3,4,-1,0,0.0
4806,,SV SW Merzbach 3,11,"Kreisliga D, Gruppe 2 · Kreis Bonn",10,1,0,0,1,3,4,-1,0,0.0
4807,,Sinnersdorf III,11,Kreisliga D Staffel 5 · Kreis Köln,13,1,0,0,1,3,4,-1,0,0.0
4808,,TuS Marialinden III,11,Kreisliga D 7 · Kreis Berg,8,1,0,0,1,3,4,-1,0,0.0
4809,,TSV Ahaus,11,Kreisliga C 1 Ahaus-Coesfeld,13,2,0,0,2,5,7,-2,0,0.0
4810,,Agrippina II,11,Kreisliga D Staffel 4 · Kreis Köln,11,1,0,0,1,2,3,-1,0,0.0
4811,,FSV Werdohl II,11,Kreisliga C 2 Lüdenscheid,6,1,0,0,1,2,3,-1,0,0.0
4812,,Merheim III,11,Kreisliga D Staffel 4 · Kreis Köln,12,1,0,0,1,2,3,-1,0,0.0
4813,,Mülheim Nord II,11,Kreisliga D Staffel 5 · Kreis Köln,14,1,0,0,1,2,3,-1,0,0.0
4814,,RWT Herne 79/09 II,11,Herren Kreisliga C1 · Kreis Herne,12,1,0,0,1,2,3,-1,0,0.0
4815,,SG Grevenstein/Hellefeld-Altenhellefeld II - 9er,11,Kreisliga C Arnsberg,9,1,0,0,1,2,3,-1,0,0.0
4816,,SG Union 94 Würm-Lindern III,11,"Kreisliga D, Staffel 3 · Kreis Heinsberg",6,1,0,0,1,2,3,-1,0,0.0
4817,,SSV Sohlbach-Buchen II,11,Kreisliga C1-SIWI · Kreis Siegen-Wittgenstein,10,1,0,0,1,2,3,-1,0,0.0
4818,,SV Herbern III,11,Kreisliga C 3 Herren · Kreis Münster,10,1,0,0,1,2,3,-1,0,0.0
4819,,SV Türk Attendorn II,11,Kreisliga C Staffel 2 Olpe,10,1,0,0,1,2,3,-1,0,0.0
4820,,SuS Volmarstein II,11,Kreisliga C2 Hagen,14,1,0,0,1,2,3,-1,0,0.0
4821,,TuS rrh. II,11,Kreisliga D Staffel 2 · Kreis Köln,10,1,0,0,1,2,3,-1,0,0.0
4822,,VfJ Laurensberg III,11,Kreisliga D Staffel 1 · Kreis Aachen,11,1,0,0,1,2,3,-1,0,0.0
4823,,SV Westfalia Huckarde II,11,Kreisliga C1 - Dortmund,11,2,0,0,2,3,5,-2,0,0.0
4824,,TSV Handorf III,11,Kreisliga C 2 Herren · Kreis Münster,13,2,0,0,2,3,5,-2,0,0.0
4825,,Auweiler-Esch II,11,Kreisliga D Staffel 1 · Kreis Köln,9,1,0,0,1,1,2,-1,0,0.0
4826,,Rot Weiß Erkenschwick III,11,RE KL C 3 · Kreis Recklinghausen,11,1,0,0,1,1,2,-1,0,0.0
4827,,SV Feudingen II,11,Kreisliga C2-SIWI · Kreis Siegen-Wittgenstein,10,1,0,0,1,1,2,-1,0,0.0
4828,,TuS Lammersdorf II,11,Kreisliga D Staffel 3 · Kreis Aachen,12,1,0,0,1,1,2,-1,0,0.0
4829,,Urbach III,11,Kreisliga D Staffel 4 · Kreis Köln,13,1,0,0,1,1,2,-1,0,0.0
4830,,VfL Gennebreck II,11,Kreisliga C2 Hagen,15,2,0,0,2,2,4,-2,0,0.0
4831,,VfL Gummersbach II,11,Kreisliga D 9 · Kreis Berg,8,1,0,0,1,1,2,-1,0,0.0
4832,,DJK SSV Ommerborn Sand,11,Kreisliga D 7 · Kreis Berg,9,1,0,0,1,0,1,-1,0,0.0
4833,,FC Polonia Münster 9er,11,Kreisliga C 3 Herren · Kreis Münster,11,1,0,0,1,0,1,-1,0,0.0
4834,,Merheim II,11,Kreisliga D Staffel 2 · Kreis Köln,11,1,0,0,1,0,1,-1,0,0.0
4835,,SC Hoetmar II,11,Kreisliga C 2 Herren · Kreis Münster,12,1,0,0,1,0,1,-1,0,0.0
4836,,SC Südlohn II,11,Kreisliga C 1 Ahaus-Coesfeld,12,1,0,0,1,0,1,-1,0,0.0
4837,,Stammheim II,11,Kreisliga D Staffel 2 · Kreis Köln,12,1,0,0,1,0,1,-1,0,0.0
4838,,VfB Altena II,11,Kreisliga C 2 Lüdenscheid,7,1,0,0,1,0,1,-1,0,0.0
4839,,FSV Gevelsberg III,11,Kreisliga C2 Hagen,17,2,0,0,2,5,8,-3,0,0.0
4840,,Eintracht Waltrop II,11,RE KL C 3 · Kreis Recklinghausen,12,2,0,0,2,4,7,-3,0,0.0
4841,,FC SW Silschede II,11,Kreisliga C2 Hagen,18,2,0,0,2,4,7,-3,0,0.0
4842,,BSV Müssen II,11,Kreisliga C Gruppe II · Kreis Detmold,6,2,0,0,2,3,6,-3,0,0.0
4843,,FC Oeding II,11,Kreisliga C 1 Ahaus-Coesfeld,14,2,0,0,2,3,6,-3,0,0.0
4844,,SG Arpe-Wormbach / Dorlar-Sellinghausen / Cobbenrode III,11,Kreisliga C 1 Hochsauerland Findungsrunde · Kreis Hochsauerlandkreis,7,2,0,0,2,3,6,-3,0,0.0
4845,,SG Welper II,11,Kreisliga C3 Herren · Kreis Bochum,13,2,0,0,2,3,6,-3,0,0.0
4846,,TuS Hücker-Aschen II,11,Kreisliga C Gruppe 2 · Kreis Herford,11,2,0,0,2,3,6,-3,0,0.0
4847,,RSV Borgholzhausen II,11,Kreisliga C Staffel 4 · Kreis Bielefeld,11,2,0,0,2,2,5,-3,0,0.0
4848,,FC Augustdorf IV,11,Kreisliga C Gruppe II · Kreis Detmold,7,2,0,0,2,1,4,-3,0,0.0
4849,,VFL Hörde II,11,Kreisliga C2 - Dortmund,9,2,0,0,2,1,4,-3,0,0.0
4850,,BV Hiltrop 1912 - III,11,Kreisliga C1 Herren · Kreis Bochum,12,3,0,0,3,3,8,-5,0,0.0
4851,,Weigle-Haus Kickers,11,Freizeitliga - Gruppe 1 + 2 · Kreis Essen,12,1,0,0,1,3,5,-2,0,0.0
4852,,South Dortmund Soccers,11,Kreisliga C2 - Dortmund,10,2,0,0,2,5,9,-4,0,0.0
4853,,FC Bor. Dröschede III,11,Kreisliga C 2 - Qualifikation · Kreis Iserlohn,6,1,0,0,1,2,4,-2,0,0.0
4854,,Rhenania Richterich III,11,Kreisliga D Staffel 1 · Kreis Aachen,12,1,0,0,1,2,4,-2,0,0.0
4855,,SG SV Mesum III / SG Elte II,11,Kreisliga C Qualigruppe 3 Kreis Steinfurt,6,1,0,0,1,2,4,-2,0,0.0
4856,,SSV Walberberg III,11,"Kreisliga D, Gruppe 1 · Kreis Bonn",10,1,0,0,1,2,4,-2,0,0.0
4857,,SV Bernberg II,11,Kreisliga D 9 · Kreis Berg,9,1,0,0,1,2,4,-2,0,0.0
4858,,SV Linde II,11,Kreisliga D 8 · Kreis Berg,10,1,0,0,1,2,4,-2,0,0.0
4859,,Sportfreunde Sennestadt III,11,Kreisliga C Staffel 1 · Kreis Bielefeld,11,1,0,0,1,2,4,-2,0,0.0
4860,,TV Konzen III,11,Kreisliga D Staffel 3 · Kreis Aachen,13,1,0,0,1,2,4,-2,0,0.0
4861,,VfB 08 Aachen II,11,Kreisliga D Staffel 2 · Kreis Aachen,11,1,0,0,1,2,4,-2,0,0.0
4862,,SC Preußen Lengerich II,11,Kreisliga C 2 · Kreis Tecklenburg,12,2,0,0,2,3,7,-4,0,0.0
4863,,SV Westrich III,11,Kreisliga C1 - Dortmund,12,2,0,0,2,3,7,-4,0,0.0
4864,,Ay-Yildiz Spor Hückelhoven II,11,"Kreisliga D, Staffel 2 · Kreis Heinsberg",7,1,0,0,1,1,3,-2,0,0.0
4865,,DSK Köln II,11,Kreisliga D Staffel 1 · Kreis Köln,10,1,0,0,1,1,3,-2,0,0.0
4866,,FC Butera Gevelsberg 2023,11,Kreisliga C2 Hagen,16,1,0,0,1,1,3,-2,0,0.0
4867,,FC Hertha Bonn II,11,"Kreisliga D, Gruppe 2 · Kreis Bonn",11,1,0,0,1,1,3,-2,0,0.0
4868,,FC Westfalia Bilk II,11,Kreisliga C Qualigruppe 1 Kreis Steinfurt,6,2,0,0,2,2,6,-4,0,0.0
4869,,SC Constantin Herne II,11,Herren Kreisliga C2 · Kreis Herne,10,2,0,0,2,2,6,-4,0,0.0
4870,,SG MOHN II,11,Kreisliga C Gruppe 2 · Kreis Höxter,9,1,0,0,1,1,3,-2,0,0.0
4871,,Türk-Gücü Paderborn II,11,Kreisliga C2 Paderborn,9,2,0,0,2,2,6,-4,0,0.0
4872,,VfB Alstätte III,11,Kreisliga C 1 Ahaus-Coesfeld,15,2,0,0,2,2,6,-4,0,0.0
4873,,Viktoria Doveren e.V. II,11,"Kreisliga D, Staffel 1 · Kreis Heinsberg",8,1,0,0,1,1,3,-2,0,0.0
4874,,Zollstock III,11,Kreisliga D Staffel 1 · Kreis Köln,11,1,0,0,1,1,3,-2,0,0.0
4875,,SC Plettenberg II,11,Kreisliga C 2 Lüdenscheid,8,2,1,0,1,1,5,-4,0,0.0
4876,,SG Hickengrund II,11,Kreisliga C1-SIWI · Kreis Siegen-Wittgenstein,11,2,0,0,2,1,5,-4,0,0.0
4877,,VfR Borgentreich III,11,Kreisliga C Gruppe 2 · Kreis Höxter,11,2,0,0,2,1,5,-4,0,0.0
4878,,1. FC Nordwalde III,11,Kreisliga C Qualigruppe 2 Kreis Steinfurt,5,1,0,0,1,0,2,-2,0,0.0
4879,,DJK Michael,11,Freizeitliga - Gruppe 1 + 2 · Kreis Essen,13,1,0,0,1,0,2,-2,0,0.0
4880,,Dorstfelder SC III,11,Kreisliga C1 - Dortmund,13,2,0,0,2,0,4,-4,0,0.0
4881,,SG Heisingen,11,Freizeitliga - Gruppe 1 + 2 · Kreis Essen,14,1,0,0,1,0,2,-2,0,0.0
4882,,SG P-E-L/Bonenburg II,11,Kreisliga C Gruppe 2 · Kreis Höxter,10,1,0,0,1,0,2,-2,0,0.0
4883,,TuRa Brügge II,11,Kreisliga C 1 Lüdenscheid,8,1,0,0,1,0,2,-2,0,0.0
4884,,SV SW Frömern II,11,Kreisliga C2 Unna-Hamm,14,4,0,0,4,4,13,-9,0,0.0
4885,,FC Maroc II,11,Kreisliga C 1 Lüdenscheid,9,2,0,0,2,5,10,-5,0,0.0
4886,,VfL Eversen II,11,Kreisliga C Gruppe 1 · Kreis Höxter,11,2,0,0,2,5,10,-5,0,0.0
4887,,SuS Lage,11,Kreisliga C Gruppe I · Kreis Detmold,6,2,0,0,2,4,9,-5,0,0.0
4888,,1. FC Hasenpatt Jöllenbeck,11,Kreisliga C Staffel 4 · Kreis Bielefeld,12,2,0,0,2,3,8,-5,0,0.0
4889,,DJK VfK Iserlohn III,11,Kreisliga C 1 - Qualifikation · Kreis Iserlohn,8,2,0,0,2,3,8,-5,0,0.0
4890,,Portu Rheine,11,Kreisliga C Qualigruppe 3 Kreis Steinfurt,7,2,0,0,2,3,8,-5,0,0.0
4891,,SG Lütgendortmund II,11,Kreisliga C1 - Dortmund,14,2,0,0,2,3,8,-5,0,0.0
4892,,SG SV Deuten III/ SSV Rhade II,11,RE KL C 1 · Kreis Recklinghausen,14,2,0,0,2,3,8,-5,0,0.0
4893,,SV Boele- Kabel II,11,Kreisliga C1 Hagen,16,2,0,0,2,3,8,-5,0,0.0
4894,,Taj Sport NRW,11,Kreisliga C3 - Dortmund,12,2,0,0,2,3,8,-5,0,0.0
4895,,TuS Union 02 Bielefeld,11,Kreisliga C Staffel 2 · Kreis Bielefeld,10,2,0,0,2,3,8,-5,0,0.0
4896,,SG Saalhausen/Oberhundem II,11,Kreisliga C Staffel 1 Olpe,9,2,0,0,2,2,7,-5,0,0.0
4897,,VfK Weddinghofen II,11,Kreisliga C2 Unna-Hamm,15,4,0,0,4,4,14,-10,0,0.0
4898,,BSV Fortuna Dortmund II,11,Kreisliga C2 - Dortmund,12,2,0,0,2,1,6,-5,0,0.0
4899,,FC Lau-Brechte,11,Kreisliga C Qualigruppe 1 Kreis Steinfurt,7,2,0,0,2,1,6,-5,0,0.0
4900,,SV Bossendorf II,11,RE KL C 2 · Kreis Recklinghausen,12,2,0,0,2,1,6,-5,0,0.0
4901,,TuRa Elsen II,11,Kreisliga C2 Paderborn,11,3,0,0,3,5,13,-8,0,0.0
4902,,SG Oberense II,11,Kreisliga C Herren · Kreis Soest,14,4,0,0,4,7,18,-11,0,0.0
4903,,FC Randerath/Porselen III,11,"Kreisliga D, Staffel 3 · Kreis Heinsberg",7,1,0,0,1,3,6,-3,0,0.0
4904,,JSC Blau-Weiss Aachen II,11,Kreisliga D Staffel 3 · Kreis Aachen,14,1,0,0,1,3,6,-3,0,0.0
4905,,TuS Petersborn - Gudenhagen,11,Kreisliga C 2 Hochsauerland Findungsrunde · Kreis Hochsauerlandkreis,8,1,0,0,1,3,6,-3,0,0.0
4906,,N.K. Croatia Bielefeld,11,Kreisliga C Staffel 2 · Kreis Bielefeld,11,2,0,0,2,5,11,-6,0,0.0
4907,,DJK Dürscheid II,11,Kreisliga D 7 · Kreis Berg,10,1,0,0,1,2,5,-3,0,0.0
4908,,FV Ermis II,11,Kreisliga D 7 · Kreis Berg,11,1,0,0,1,2,5,-3,0,0.0
4909,,IKSV Münster 2,11,Kreisliga C 1 Herren · Kreis Münster,12,2,0,0,2,4,10,-6,0,0.0
4910,,SC 27 Bergisch Gladbach II,11,Kreisliga D 7 · Kreis Berg,12,1,0,0,1,2,5,-3,0,0.0
4911,,SG Kirchhundem/Brachthausen II,11,Kreisliga C Staffel 1 Olpe,8,1,0,0,1,2,5,-3,0,0.0
4912,,SV Golkrath II,11,"Kreisliga D, Staffel 1 · Kreis Heinsberg",9,1,0,0,1,2,5,-3,0,0.0
4913,,TuS Einigkeit Hillegossen II,11,Kreisliga C Staffel 1 · Kreis Bielefeld,12,1,0,0,1,2,5,-3,0,0.0
4914,,TuS St. Arnold II,11,Kreisliga C Qualigruppe 2 Kreis Steinfurt,6,2,0,0,2,4,10,-6,0,0.0
4915,,FC Hasretspor Bochum II,11,Kreisliga C4 Herren · Kreis Bochum,13,2,0,0,2,3,9,-6,0,0.0
4916,,Fenerbahce Marl III,11,RE KL C 2 · Kreis Recklinghausen,13,2,0,0,2,3,9,-6,0,0.0
4917,,SSC Recklinghausen II,11,RE KL C 3 · Kreis Recklinghausen,13,2,0,0,2,3,9,-6,0,0.0
4918,,FC Vreden 52 II,11,Kreisliga C 1 Ahaus-Coesfeld,16,2,0,0,2,2,8,-6,0,0.0
4919,,FSV Köln 99 I,11,Kreisliga D Staffel 4 · Kreis Köln,14,1,0,0,1,1,4,-3,0,0.0
4920,,SC Hicret Bielefeld III,11,Kreisliga C Staffel 2 · Kreis Bielefeld,12,2,0,0,2,2,8,-6,0,0.0
4921,,SG Borken II,11,RE KL C 1 · Kreis Recklinghausen,15,2,0,0,2,2,8,-6,0,0.0
4922,,SV Arminia Marten II,11,Kreisliga C1 - Dortmund,15,2,0,0,2,2,8,-6,0,0.0
4923,,SV Arnsberg 09 II,11,Kreisliga C Arnsberg,10,1,0,0,1,1,4,-3,0,0.0
4924,,SV Oesbern II,11,Kreisliga C 1 - Qualifikation · Kreis Iserlohn,7,1,0,0,1,1,4,-3,0,0.0
4925,,SVG Birgden-Langbroich-Schierwaldenrath III,11,"Kreisliga D, Staffel 3 · Kreis Heinsberg",8,1,0,0,1,1,4,-3,0,0.0
4926,,SpVg Berghofen III,11,Kreisliga C4 - Dortmund,13,2,0,0,2,2,8,-6,0,0.0
4927,,Westfalia Hopsten III,11,Kreisliga C 1 · Kreis Tecklenburg,11,2,0,0,2,1,7,-6,0,0.0
4928,,SF Asbachtal II,11,Kreisliga D 9 · Kreis Berg,10,1,0,0,1,0,3,-3,0,0.0
4929,,SG Coesfeld 06 III,11,Kreisliga C 2 Ahaus-Coesfeld,15,2,0,0,2,0,6,-6,0,0.0
4930,,SV Blau-Weiß Alsdorf,11,Kreisliga D Staffel 2 · Kreis Aachen,12,1,0,0,1,0,3,-3,0,0.0
4931,,SW Lienen II,11,Kreisliga C 2 · Kreis Tecklenburg,11,1,0,0,1,0,3,-3,0,0.0
4932,,RSV Barntrup II 9er,11,Kreisliga C Gruppe 1 Lemgo,12,3,0,0,3,5,15,-10,0,0.0
4933,,RW Mastholte II,11,Kreisliga C Q2 GT · Kreis Gütersloh,5,3,0,0,3,4,14,-10,0,0.0
4934,,FC Castrop 47,11,Herren Kreisliga C1 · Kreis Herne,13,2,0,0,2,5,12,-7,0,0.0
4935,,SV Dreis-Tiefenbach,11,Kreisliga C1-SIWI · Kreis Siegen-Wittgenstein,13,2,0,0,2,5,12,-7,0,0.0
4936,,BV Langendreer 07 III,11,Kreisliga C1 Herren · Kreis Bochum,14,4,0,0,4,9,23,-14,0,0.0
4937,,Eintracht Verlautenheide IV,11,Kreisliga D Staffel 1 · Kreis Aachen,14,2,0,0,2,4,11,-7,0,0.0
4938,,BV Bad Lippspringe III,11,Kreisliga C2 Paderborn,10,2,0,0,2,3,10,-7,0,0.0
4939,,SC BW Ottmarsbocholt II,11,Kreisliga C 3 Herren · Kreis Münster,13,2,0,0,2,3,10,-7,0,0.0
4940,,DJK Arminia Ibbenbüren III,11,Kreisliga C 1 · Kreis Tecklenburg,12,2,0,0,2,2,9,-7,0,0.0
4941,,FC Dortmund `18 II,11,Kreisliga C4 - Dortmund,14,2,0,0,2,2,9,-7,0,0.0
4942,,SG Albaum/Heinsberg II,11,Kreisliga C Staffel 1 Olpe,10,2,0,0,2,2,9,-7,0,0.0
4943,,SV Eintracht Dorstfeld II,11,Kreisliga C1 - Dortmund,16,2,0,0,2,2,9,-7,0,0.0
4944,,Eintracht Werne II,11,Kreisliga C1 Unna-Hamm,15,4,0,0,4,3,17,-14,0,0.0
4945,,FC Matellia Metelen III,11,Kreisliga C Qualigruppe 4 Kreis Steinfurt,8,2,0,0,2,1,8,-7,0,0.0
4946,,SV Rahrbachtal II,11,Kreisliga C Staffel 1 Olpe,11,2,0,0,2,1,8,-7,0,0.0
4947,,VfB Banfe II,11,Kreisliga C2-SIWI · Kreis Siegen-Wittgenstein,11,2,0,0,2,1,8,-7,0,0.0
4948,,Grün-Weiß Nottuln III,11,Kreisliga C 2 Ahaus-Coesfeld,16,2,0,0,2,0,7,-7,0,0.0
4949,,SF Stuckenbusch-Hochlarmark II,11,RE KL C 3 · Kreis Recklinghausen,14,2,0,0,2,0,7,-7,0,0.0
4950,,SV Conc. Albachten III,11,Kreisliga C 3 Herren · Kreis Münster,14,2,0,0,2,0,7,-7,0,0.0
4951,,SuS Störmede II,11,Kreisliga C Lippstadt,10,2,0,0,2,0,7,-7,0,0.0
4952,,Gütersloher TV II,11,Kreisliga C Q1 GT · Kreis Gütersloh,6,3,0,0,3,3,14,-11,0,0.0
4953,,TuS Moitzfeld 1961 e.V. II,11,Kreisliga D 7 · Kreis Berg,13,1,0,0,1,3,7,-4,0,0.0
4954,,FC Kickers Ückendorf III - 9er,11,Kreisliga C 1 Herren · Kreis Gelsenkirchen,16,4,0,0,4,11,27,-16,0,0.0
4955,,SC 84 Mettinghausen,11,Kreisliga C Lippstadt,11,2,0,0,2,5,13,-8,0,0.0
4956,,Alemannia Mariadorf III,11,Kreisliga D Staffel 2 · Kreis Aachen,13,1,0,0,1,2,6,-4,0,0.0
4957,,Bünder SV 08/09 III,11,Kreisliga C Gruppe 3 · Kreis Herford,11,1,0,0,1,2,6,-4,0,0.0
4958,,SG Beckum/Hövel/Mellen II,11,Kreisliga C Arnsberg,11,1,0,0,1,2,6,-4,0,0.0
4959,,FC Exter II,11,Kreisliga C Gruppe 1 · Kreis Herford,11,2,0,0,2,3,11,-8,0,0.0
4960,,Al Seddiq Hagen,11,Kreisliga C1 Hagen,17,2,0,0,2,2,10,-8,0,0.0
4961,,Genclikspor Recklinghausen II,11,RE KL C 3 · Kreis Recklinghausen,15,2,0,0,2,2,10,-8,0,0.0
4962,,Holweide I,11,Kreisliga D Staffel 2 · Kreis Köln,13,1,0,0,1,1,5,-4,0,0.0
4963,,Hombrucher SV II,11,Kreisliga C2 - Dortmund,13,2,0,0,2,2,10,-8,0,0.0
4964,,Hörder SC III,11,Kreisliga C2 - Dortmund,11,1,0,0,1,1,5,-4,0,0.0
4965,,JSV Köln 96 V,11,Kreisliga D Staffel 1 · Kreis Köln,12,1,0,0,1,1,5,-4,0,0.0
4966,,SG Aa Nethetal/Bellersen II,11,Kreisliga C Gruppe 1 · Kreis Höxter,10,1,0,0,1,1,5,-4,0,0.0
4967,,SG Hesseln,11,Kreisliga C Staffel 4 · Kreis Bielefeld,13,2,0,0,2,2,10,-8,0,0.0
4968,,TSV Fichte Hagen III,11,Kreisliga C1 Hagen,15,1,0,0,1,1,5,-4,0,0.0
4969,,TSV Marl-Hüls III,11,RE KL C 4 · Kreis Recklinghausen,14,1,0,0,1,1,5,-4,0,0.0
4970,,FC Möllmicke II,11,Kreisliga C Staffel 3 Olpe,9,2,0,0,2,1,9,-8,0,0.0
4971,,SpVg. Hagen 1911 IV,11,Kreisliga C1 Hagen,18,2,0,0,2,1,9,-8,0,0.0
4972,,ESV Herne III,11,Herren Kreisliga C2 · Kreis Herne,11,1,0,0,1,0,4,-4,0,0.0
4973,,FC Eschweiler III,11,Kreisliga D Staffel 2 · Kreis Aachen,14,1,0,0,1,0,4,-4,0,0.0
4974,,FC Stella Bevergern II,11,Kreisliga C 1 · Kreis Tecklenburg,13,2,0,0,2,0,8,-8,0,0.0
4975,,SC Capelle II,11,Kreisliga C 3 Herren · Kreis Münster,12,1,0,0,1,0,4,-4,0,0.0
4976,,SG DJK Rödder II,11,Kreisliga C 2 Ahaus-Coesfeld,14,1,0,0,1,0,4,-4,0,0.0
4977,,SG Ostenfelde II/Westkirchen II,11,Kreisliga C 2 Herren · Kreis Münster,14,1,0,0,1,0,4,-4,0,0.0
4978,,SG SW Suttrop/TV Kallenhardt II,11,Kreisliga C Lippstadt,12,2,0,0,2,0,8,-8,0,0.0
4979,,SV ASA Atsch,11,Kreisliga D Staffel 3 · Kreis Aachen,15,1,0,0,1,0,4,-4,0,0.0
4980,,TuS Homburg-Bröltal III,11,Kreisliga D 9 · Kreis Berg,11,1,0,0,1,0,4,-4,0,0.0
4981,,Hövelhofer SV III,11,Kreisliga C1 Paderborn,12,4,0,0,4,4,21,-17,0,0.0
4982,,SW Eppendorf II,11,Kreisliga C4 Herren · Kreis Bochum,15,3,0,0,3,6,19,-13,0,0.0
4983,,CSC Paderborn II,11,Kreisliga C2 Paderborn,12,3,0,0,3,4,17,-13,0,0.0
4984,,FC Sandzak-Hattingen II,11,Kreisliga C3 Herren · Kreis Bochum,14,3,0,0,3,4,17,-13,0,0.0
4985,,SV Altenbochum 01 (9er),11,Kreisliga C5 Herren · Kreis Bochum,14,3,0,0,3,2,15,-13,0,0.0
4986,,SV Langenhorst-Welbergen III,11,Kreisliga C Qualigruppe 1 Kreis Steinfurt,8,2,0,0,2,3,12,-9,0,0.0
4987,,Hützemerter SV II,11,Kreisliga C Staffel 3 Olpe,11,2,0,0,2,2,11,-9,0,0.0
4988,,FSG Waddenhausen-Pottenhausen,11,Kreisliga C Gruppe I · Kreis Detmold,7,2,0,0,2,1,10,-9,0,0.0
4989,,SG LiDa/Rasensport Weitmar II,11,Kreisliga C4 Herren · Kreis Bochum,14,2,0,0,2,1,10,-9,0,0.0
4990,,BV Werther III,11,Kreisliga C Staffel 2 · Kreis Bielefeld,13,2,0,0,2,0,9,-9,0,0.0
4991,,SC Hicret Bielefeld V,11,Kreisliga C Staffel 3 · Kreis Bielefeld,12,2,0,0,2,4,14,-10,0,0.0
4992,,SV Ubbedissen 09 II,11,Kreisliga C Staffel 3 · Kreis Bielefeld,13,2,0,0,2,4,14,-10,0,0.0
4993,,TuS Germania Hersel 2,11,"Kreisliga D, Gruppe 1 · Kreis Bonn",11,1,0,0,1,2,7,-5,0,0.0
4994,,ÖSG Viktoria 08 Dortmund II,11,Kreisliga C3 - Dortmund,14,2,0,0,2,4,14,-10,0,0.0
4995,,SKICLUB NORDWEST RHEINE II,11,Kreisliga C Qualigruppe 2 Kreis Steinfurt,7,2,0,0,2,3,13,-10,0,0.0
4996,,SpVg. Versmold II,11,Kreisliga C Staffel 4 · Kreis Bielefeld,14,2,0,0,2,3,13,-10,0,0.0
4997,,Aramäer Rheda-Wiedenbrück II,11,Kreisliga C Q2 GT · Kreis Gütersloh,6,3,0,0,3,4,19,-15,0,0.0
4998,,DJK SF Nette III,11,Kreisliga C3 - Dortmund,15,2,0,0,2,2,12,-10,0,0.0
4999,,FC Neheim-Erlenbruch II,11,Kreisliga C Arnsberg,12,1,0,0,1,1,6,-5,0,0.0
5000,,Grün-Weiß Amisia Rheine III,11,Kreisliga C Qualigruppe 3 Kreis Steinfurt,8,2,0,0,2,2,12,-10,0,0.0
5001,,Hitdorf II,11,Kreisliga D Staffel 2 · Kreis Köln,14,1,0,0,1,1,6,-5,0,0.0
5002,,SC Tornado Westig II,11,Kreisliga C 3 - Qualifikation · Kreis Iserlohn,7,2,0,0,2,2,12,-10,0,0.0
5003,,SG Holpe-Wallerhausen II,11,Kreisliga D 9 · Kreis Berg,12,1,0,0,1,1,6,-5,0,0.0
5004,,SV Hüsten 09 III,11,Kreisliga C Arnsberg,13,1,0,0,1,1,6,-5,0,0.0
5005,,TFC Köln II,11,Kreisliga D Staffel 3 · Kreis Köln,10,1,0,0,1,1,6,-5,0,0.0
5006,,Trabzonspor II,11,Kreisliga D Staffel 1 · Kreis Köln,13,1,0,0,1,1,6,-5,0,0.0
5007,,Cheruskia Laggenbeck III,11,Kreisliga C 2 · Kreis Tecklenburg,13,2,0,0,2,1,11,-10,0,0.0
5008,,FC Greffen II,11,Kreisliga C 2 Herren · Kreis Münster,15,2,0,0,2,1,11,-10,0,0.0
5009,,TuS 1945 Warstein II,11,Kreisliga C Lippstadt,13,2,0,0,2,1,11,-10,0,0.0
5010,,1. FC Kaan-Marienborn,11,Kreisliga C1-SIWI · Kreis Siegen-Wittgenstein,12,1,0,0,1,0,5,-5,0,0.0
5011,,FC Gleidorf Holthausen Lennetal II,11,Kreisliga C 1 Hochsauerland Findungsrunde · Kreis Hochsauerlandkreis,8,1,0,0,1,0,5,-5,0,0.0
5012,,GW Lichtenbusch III,11,Kreisliga D Staffel 3 · Kreis Aachen,16,1,0,0,1,0,5,-5,0,0.0
5013,,SG Hämmern / Heide,11,Kreisliga D 8 · Kreis Berg,11,1,0,0,1,0,5,-5,0,0.0
5014,,SG Klüt-Wahmbeck,11,Kreisliga C Gruppe II · Kreis Detmold,8,1,0,0,1,0,5,-5,0,0.0
5015,,SSV Küntrop II,11,Kreisliga C Arnsberg,14,1,0,0,1,0,5,-5,0,0.0
5016,,SV Hellas Bochum,11,Kreisliga C1 Herren · Kreis Bochum,13,2,0,0,2,0,10,-10,0,0.0
5017,,SV Löhne-Obernbeck III,11,Kreisliga C Gruppe 2 · Kreis Herford,12,1,0,0,1,0,5,-5,0,0.0
5018,,VfL Lieme II,11,Kreisliga C Gruppe 1 Lemgo,14,3,0,0,3,1,17,-16,0,0.0
5019,,SV Germania Westerwiehe II,11,Kreisliga C Q4 GT · Kreis Gütersloh,6,3,0,0,3,0,16,-16,0,0.0
5020,,Türkische SC Kamen II,11,Kreisliga C2 Unna-Hamm,16,4,0,0,4,7,29,-22,0,0.0
5021,,Zonguldakspor Bickern II,11,Herren Kreisliga C2 · Kreis Herne,12,2,0,0,2,2,13,-11,0,0.0
5022,,SV Baumheide,11,Kreisliga C Staffel 3 · Kreis Bielefeld,14,2,0,0,2,1,12,-11,0,0.0
5023,,SuS Pivitsheide II 9er,11,Kreisliga C Gruppe I · Kreis Detmold,8,2,0,0,2,1,12,-11,0,0.0
5024,,SV Hellas Lüdenscheid II,11,Kreisliga C 2 Lüdenscheid,9,2,0,0,2,0,11,-11,0,0.0
5025,,Spfr. Ippendorf III,11,"Kreisliga D, Gruppe 2 · Kreis Bonn",12,1,0,0,1,3,9,-6,0,0.0
5026,,Ditib Chorweiler II,11,Kreisliga D Staffel 3 · Kreis Köln,11,1,0,0,1,2,8,-6,0,0.0
5027,,SV Grün-Weiß Eschenbach,11,Kreisliga C2-SIWI · Kreis Siegen-Wittgenstein,12,2,0,0,2,4,16,-12,0,0.0
5028,,FC Brünninghausen II,11,Kreisliga C2 - Dortmund,14,2,0,0,2,2,14,-12,0,0.0
5029,,International Bünde II,11,Kreisliga C Gruppe 2 · Kreis Herford,13,1,0,0,1,1,7,-6,0,0.0
5030,,SC Bosporus Bielefeld,11,Kreisliga C Staffel 1 · Kreis Bielefeld,13,2,0,0,2,2,14,-12,0,0.0
5031,,SV Gadderbaum III,11,Kreisliga C Staffel 2 · Kreis Bielefeld,14,2,0,0,2,2,14,-12,0,0.0
5032,,SC BW Lerbeck (9er),11,Kreisliga C Minden,16,4,0,0,4,3,27,-24,0,0.0
5033,,Athletic FC Bochum 90 II (9er),11,Kreisliga C5 Herren · Kreis Bochum,13,2,0,0,2,1,13,-12,0,0.0
5034,,BV Herne-Süd II,11,Herren Kreisliga C1 · Kreis Herne,14,2,0,0,2,1,13,-12,0,0.0
5035,,Ibbenbürener Spvg IV,11,Kreisliga C 1 · Kreis Tecklenburg,14,2,0,0,2,1,13,-12,0,0.0
5036,,VfL Gievenbeck,11,Kreisliga C 1 Herren · Kreis Münster,14,2,0,0,2,1,13,-12,0,0.0
5037,,SV Kohlscheid II,11,Kreisliga D Staffel 1 · Kreis Aachen,13,1,0,0,1,0,6,-6,0,0.0
5038,,TuS Odendorf 1919 e.V. 2,11,"Kreisliga D, Gruppe 3 · Kreis Bonn",10,1,0,0,1,0,6,-6,0,0.0
5039,,FC Stukenbrock II,11,Kreisliga C1 Paderborn,13,3,0,0,3,0,19,-19,0,0.0
5040,,VfL Herne 2018,11,Herren Kreisliga C1 · Kreis Herne,15,2,0,0,2,5,18,-13,0,0.0
5041,,TuS 05 Sinsen II,11,RE KL C 2 · Kreis Recklinghausen,14,2,0,0,2,2,15,-13,0,0.0
5042,,SG Wilnsdorf/Wilgersdorf/Wilden III,11,Kreisliga C1-SIWI · Kreis Siegen-Wittgenstein,14,2,0,0,2,1,14,-13,0,0.0
5043,,SG Bega/Humfeld II 9er,11,Kreisliga C Gruppe 1 Lemgo,13,2,0,0,2,0,13,-13,0,0.0
5044,,SuS Pöppinghausen II,11,Herren Kreisliga C1 · Kreis Herne,16,2,0,0,2,0,13,-13,0,0.0
5045,,TuS Eintracht Südlengern,11,Kreisliga C Gruppe 3 · Kreis Herford,12,2,0,0,2,0,13,-13,0,0.0
5046,,TuS Jahn Soest II,11,Kreisliga C Herren · Kreis Soest,15,4,0,0,4,3,30,-27,0,0.0
5047,,Wacker Gladbeck,11,Kreisliga C 1 Herren · Kreis Gelsenkirchen,17,4,0,0,4,2,29,-27,0,0.0
5048,,SV Buschdorf 3,11,"Kreisliga D, Gruppe 3 · Kreis Bonn",11,1,0,0,1,3,10,-7,0,0.0
5049,,SSV Kalthof II,11,Kreisliga C 3 - Qualifikation · Kreis Iserlohn,8,2,0,0,2,4,18,-14,0,0.0
5050,,Schwarz-Rot Aachen II,11,Kreisliga D Staffel 1 · Kreis Aachen,16,2,0,0,2,2,16,-14,0,0.0
5051,,Spfr. RW Beuel,11,"Kreisliga D, Gruppe 2 · Kreis Bonn",13,1,0,0,1,1,8,-7,0,0.0
5052,,VfL Schwerte III,11,Kreisliga C4 - Dortmund,15,2,0,0,2,2,16,-14,0,0.0
5053,,Adler Weseke II,11,RE KL C 1 · Kreis Recklinghausen,16,2,0,0,2,0,14,-14,0,0.0
5054,,Eintracht Münster II,11,Kreisliga C 1 Herren · Kreis Münster,13,1,0,0,1,0,7,-7,0,0.0
5055,,FC Germania Bauchem III,11,"Kreisliga D, Staffel 3 · Kreis Heinsberg",9,1,0,0,1,0,7,-7,0,0.0
5056,,K.F. Sharri Dortmund III,11,Kreisliga C3 - Dortmund,13,1,0,0,1,0,7,-7,0,0.0
5057,,TuS 1859 Hamm II,11,Kreisliga C1 Unna-Hamm,16,3,0,0,3,4,26,-22,0,0.0
5058,,Fenerbahce Marl IV,11,RE KL C 4 · Kreis Recklinghausen,16,2,0,0,2,1,16,-15,0,0.0
5059,,VfR Forst II,11,Kreisliga D Staffel 1 · Kreis Aachen,17,2,0,0,2,0,15,-15,0,0.0
5060,,Roter Stern Köln I,11,Kreisliga D Staffel 3 · Kreis Köln,12,1,0,0,1,2,10,-8,0,0.0
5061,,Afrika Köln II,11,Kreisliga D Staffel 3 · Kreis Köln,13,1,0,0,1,1,9,-8,0,0.0
5062,,SSV Marienheide II,11,Kreisliga D 8 · Kreis Berg,12,1,0,0,1,1,9,-8,0,0.0
5063,,TuS Reichshof II,11,Kreisliga D 9 · Kreis Berg,13,1,0,0,1,1,9,-8,0,0.0
5064,,VfL Herford II,11,Kreisliga C Gruppe 1 · Kreis Herford,12,2,0,0,2,2,18,-16,0,0.0
5065,,FC Dardania Gütersloh II,11,Kreisliga C Q3 GT · Kreis Gütersloh,6,3,0,0,3,1,25,-24,0,0.0
5066,,FC Attendorn-Schwalbenohl II,11,Kreisliga C Staffel 3 Olpe,10,1,0,0,1,0,8,-8,0,0.0
5067,,Fenerbahce II,11,Kreisliga D Staffel 4 · Kreis Köln,15,1,0,0,1,0,8,-8,0,0.0
5068,,FC Herne 57,11,Herren Kreisliga C2 · Kreis Herne,13,2,0,0,2,4,22,-18,0,0.0
5069,,FC Unteres Kalletal II 9er,11,Kreisliga C Gruppe 1 Lemgo,15,3,0,0,3,3,30,-27,0,0.0
5070,,RSV Listertal II,11,Kreisliga C Staffel 2 Olpe,11,2,0,0,2,1,19,-18,0,0.0
5071,,SC Leverkusen II,11,Kreisliga D Staffel 2 · Kreis Köln,15,1,0,0,1,0,9,-9,0,0.0
5072,,SG Hillen II,11,RE KL C 4 · Kreis Recklinghausen,15,1,0,0,1,0,9,-9,0,0.0
5073,,Spiel-Club Röhlinghausen,11,Herren Kreisliga C2 · Kreis Herne,14,2,0,0,2,4,23,-19,0,0.0
5074,,Jugosl. Klub Mladost,11,Kreisliga C 1 Herren · Kreis Münster,15,2,0,0,2,0,19,-19,0,0.0
5075,,Galatasaray Köln I,11,Kreisliga D Staffel 3 · Kreis Köln,14,1,0,0,1,3,13,-10,0,0.0
5076,,FC Gartenstadt Meschede,11,Kreisliga C 1 Hochsauerland Findungsrunde · Kreis Hochsauerlandkreis,9,1,0,0,1,1,11,-10,0,0.0
5077,,Rondorf III,11,Kreisliga D Staffel 1 · Kreis Köln,14,1,0,0,1,1,11,-10,0,0.0
5078,,Sportfreunde Hehlrath II,11,Kreisliga D Staffel 2 · Kreis Aachen,15,1,0,0,1,1,11,-10,0,0.0
5079,,SV Westfalia Schalke,11,Kreisliga C 2 Herren · Kreis Gelsenkirchen,16,4,0,0,4,3,43,-40,0,0.0
5080,,SC Sparta Bardenberg II,11,Kreisliga D Staffel 1 · Kreis Aachen,15,1,0,0,1,0,10,-10,0,0.0
5081,,TuS 09 Rot-Weiß Frelenberg II,11,"Kreisliga D, Staffel 3 · Kreis Heinsberg",10,1,0,0,1,0,10,-10,0,0.0
5082,,VfL Lieme III,11,Kreisliga C Gruppe 2 Lemgo,15,3,0,0,3,1,32,-31,0,0.0
5083,,SuS Hervest-Dorsten II,11,RE KL C 2 · Kreis Recklinghausen,15,2,0,0,2,1,22,-21,0,0.0
5084,,TuS Jahn Hilfarth II,11,"Kreisliga D, Staffel 2 · Kreis Heinsberg",8,1,0,0,1,2,13,-11,0,0.0
5085,,FC Spenge,11,Kreisliga C Gruppe 3 · Kreis Herford,13,2,0,0,2,1,24,-23,0,0.0
5086,,BV Horst-Süd 2,11,Kreisliga C 2 Herren · Kreis Gelsenkirchen,15,3,0,0,3,2,39,-37,0,0.0
5087,,Buchheim II,11,Kreisliga D Staffel 5 · Kreis Köln,15,1,0,0,1,0,13,-13,0,0.0
5088,,SF Oestrich II,11,Kreisliga C 2 - Qualifikation · Kreis Iserlohn,7,2,0,0,2,1,29,-28,0,0.0
5089,,Roggendorf I,11,Kreisliga D Staffel 1 · Kreis Köln,15,1,0,0,1,1,18,-17,0,0.0
5090,,1. JFC Brüser Berg 3,11,"Kreisliga D, Gruppe 3 · Kreis Bonn",12,1,0,0,1,0,17,-17,0,0.0
5091,,Herford United 9er,11,Kreisliga C Gruppe 1 · Kreis Herford,13,2,0,0,2,1,36,-35,0,0.0
5092,,Cosmos Bonn,11,"Kreisliga D, Gruppe 1 · Kreis Bonn",12,1,0,0,1,1,19,-18,0,0.0
5093,,SV Kohlscheid III,11,Kreisliga D Staffel 2 · Kreis Aachen,16,1,0,0,1,0,20,-20,0,0.0
5094,,SSV Bergneustadt III,11,Kreisliga D 8 · Kreis Berg,13,1,0,0,1,0,24,-24,0,0.0
5095,,TSV Dahl II,11,Kreisliga C1 Hagen,19,2,0,2,0,2,2,0,-1,-0.5
5096,,ESV Langendreer-West II,11,Kreisliga C2 Herren · Kreis Bochum,13,4,0,0,4,2,17,-15,-3,-0.75
5097,,DJK Arminia Hassel,11,Kreisliga C 1 Herren · Kreis Gelsenkirchen,18,4,0,0,4,1,24,-23,-3,-0.75
5098,,CFK Bochum III,11,Kreisliga C2 Herren · Kreis Bochum,14,4,0,0,4,5,30,-25,-3,-0.75
5099,,TuS Grünenbaum II,11,Kreisliga C 1 Lüdenscheid,10,2,0,0,2,0,3,-3,-3,-1.5
5100,,Spfr. Birkelbach II,11,Kreisliga C2-SIWI · Kreis Siegen-Wittgenstein,13,2,0,0,2,1,5,-4,-3,-1.5
5101,,SuS Derne,11,Kreisliga C3 - Dortmund,16,2,0,0,2,0,4,-4,-3,-1.5
5102,,Hiddinghauser FV II,11,Kreisliga C2 Hagen,19,2,0,0,2,6,12,-6,-3,-1.5
5103,,SG Giershagen-Hoppecketal/Padberg-Obermarsberg 2,11,Kreisliga C 2 Hochsauerland Findungsrunde · Kreis Hochsauerlandkreis,9,3,1,0,2,8,10,-2,-6,-2.0
5104,,SC Phönix Hörde,11,Kreisliga C2 - Dortmund,15,1,1,0,0,2,1,1,-3,-3.0
5105,,SC Widdig 1922 e.V. II,11,"Kreisliga D, Gruppe 1 · Kreis Bonn",13,1,0,0,1,3,4,-1,-3,-3.0
5106,,SG Belle-Cappel-Leopoldstal III,11,Kreisliga C Gruppe II · Kreis Detmold,9,1,0,0,1,3,6,-3,-3,-3.0
5107,,SpVg Hagen Hardissen II,11,Kreisliga C Gruppe I · Kreis Detmold,9,1,0,0,1,2,6,-4,-3,-3.0
5108,,SC 1920 Myhl II,11,"Kreisliga D, Staffel 2 · Kreis Heinsberg",9,1,0,0,1,0,5,-5,-3,-3.0
5109,,SC Volmershoven-Heidgen 3,11,"Kreisliga D, Gruppe 3 · Kreis Bonn",13,1,0,0,1,0,7,-7,-3,-3.0
5110,,FC Chorweiler II,11,Kreisliga D Staffel 3 · Kreis Köln,15,1,0,0,1,2,11,-9,-3,-3.0
5111,,SpVg. Kredenbach/Müsen III,12,Kreisliga D3-SIWI · Kreis Siegen-Wittgenstein,1,2,2,0,0,37,0,37,6,3.0
5112,,SC Husen Kurl IV,12,Kreisliga D2 - Dortmund,1,2,2,0,0,21,2,19,6,3.0
5113,,Spfr. Eichen-Krombach II,12,Kreisliga D2-SIWI · Kreis Siegen-Wittgenstein,1,2,2,0,0,20,2,18,6,3.0
5114,,Wambeler SV II,12,Kreisliga D2 - Dortmund,7,1,1,0,0,9,0,9,3,3.0
5115,,TuS Holzen-Sommerberg III,12,Kreisliga D1 - Dortmund,1,2,2,0,0,17,2,15,6,3.0
5116,,TuS Rahm III,12,Kreisliga D1 - Dortmund,2,2,2,0,0,19,5,14,6,3.0
5117,,TuS Volkholz,12,Kreisliga D3-SIWI · Kreis Siegen-Wittgenstein,4,1,1,0,0,8,1,7,3,3.0
5118,,TuS Kruckel II,12,Kreisliga D1 - Dortmund,3,2,2,0,0,15,1,14,6,3.0
5119,,TuS Lipperode III,12,Kreisliga D Lippstadt,1,2,2,0,0,15,1,14,6,3.0
5120,,SuS Oberaden III,12,Kreisliga D1 Unna-Hamm,4,3,3,0,0,19,0,19,9,3.0
5121,,SuS Oespel Kley III,12,Kreisliga D1 - Dortmund,7,1,1,0,0,9,3,6,3,3.0
5122,,SG Sassenhausen/Arfeld,12,Kreisliga D3-SIWI · Kreis Siegen-Wittgenstein,2,2,2,0,0,13,1,12,6,3.0
5123,,Union Lüdinghausen III,12,Kreisliga D 3 Ahaus-Coesfeld,1,1,1,0,0,6,0,6,3,3.0
5124,,FC Siegen United II,12,Kreisliga D2-SIWI · Kreis Siegen-Wittgenstein,2,2,2,0,0,14,3,11,6,3.0
5125,,TSV Aue-Wingeshausen II,12,Kreisliga D3-SIWI · Kreis Siegen-Wittgenstein,3,2,2,0,0,12,1,11,6,3.0
5126,,BSV Leeden-Ledde II 9er,12,Kreisliga D · Kreis Tecklenburg,1,2,2,0,0,14,4,10,6,3.0
5127,,Rot-Weiß Unna III,12,Kreisliga D1 Unna-Hamm,1,4,4,0,0,22,2,20,12,3.0
5128,,VfL Klafeld-Geisweid II,12,Kreisliga D2-SIWI · Kreis Siegen-Wittgenstein,3,2,2,0,0,11,1,10,6,3.0
5129,,BSC Blasheim III,12,Kreisliga D1 K 20 Lübbecke 11er,1,3,3,0,0,15,0,15,9,3.0
5130,,BV Westfalia Wickede III,12,Kreisliga D2 - Dortmund,2,2,2,0,0,11,2,9,6,3.0
5131,,SV Hüllhorst-Oberbauerschaft II,12,Kreisliga D1 K 20 Lübbecke 11er,2,3,3,0,0,14,1,13,9,3.0
5132,,TV Brechten III,12,Kreisliga D2 - Dortmund,3,2,2,0,0,11,3,8,6,3.0
5133,,TuS Bruchhausen 02 II,12,Kreisliga D Arnsberg,1,1,1,0,0,5,1,4,3,3.0
5134,,Eving Selimiye Spor III,12,Kreisliga D2 - Dortmund,4,2,2,0,0,9,1,8,6,3.0
5135,,TuS 1945 Warstein III,12,Kreisliga D Lippstadt,2,2,2,0,0,10,3,7,6,3.0
5136,,FC Kreuztal II,12,Kreisliga D2-SIWI · Kreis Siegen-Wittgenstein,4,2,2,0,0,9,2,7,6,3.0
5137,,SV Teuto Riesenbeck IV 9er,12,Kreisliga D · Kreis Tecklenburg,2,2,2,0,0,8,1,7,6,3.0
5138,,FC Westerloh-Lippling II,12,Kreisliga D1 Paderborn,2,3,3,0,0,12,2,10,9,3.0
5139,,TuS Hemmerde 2,12,Kreisliga D1 Unna-Hamm,2,4,4,0,0,17,4,13,12,3.0
5140,,SV Bachum/Bergheim III,12,Kreisliga D Arnsberg,2,1,1,0,0,5,2,3,3,3.0
5141,,TuS Hannibal II,12,Kreisliga D1 - Dortmund,4,2,2,0,0,10,4,6,6,3.0
5142,,1.FC Türk Geisweid,12,Kreisliga D2-SIWI · Kreis Siegen-Wittgenstein,5,2,2,0,0,9,3,6,6,3.0
5143,,SuS Lünern 2,12,Kreisliga D1 Unna-Hamm,5,3,3,0,0,13,4,9,9,3.0
5144,,SC Neuengeseke II,12,Kreisliga D Herren · Kreis Soest,1,2,2,0,0,8,2,6,6,3.0
5145,,BW Rixbeck-Dedinghausen II,12,Kreisliga D Lippstadt,3,2,2,0,0,7,1,6,6,3.0
5146,,SpVg. Niederndorf II,12,Kreisliga D1-SIWI · Kreis Siegen-Wittgenstein,1,2,2,0,0,7,1,6,6,3.0
5147,,Spielverein Westfalia Soest IV,12,Kreisliga D Herren · Kreis Soest,4,1,1,0,0,3,0,3,3,3.0
5148,,Höinger SV II,12,Kreisliga D Herren · Kreis Soest,2,2,2,0,0,13,8,5,6,3.0
5149,,SG Mudersbach/Brachbach/Gosenbach II,12,Kreisliga D1-SIWI · Kreis Siegen-Wittgenstein,2,2,2,0,0,6,1,5,6,3.0
5150,,VfB Weidenau II,12,Kreisliga D2-SIWI · Kreis Siegen-Wittgenstein,6,2,2,0,0,6,1,5,6,3.0
5151,,SG Phönix Eving III,12,Kreisliga D2 - Dortmund,5,2,2,0,0,5,0,5,6,3.0
5152,,Union Minden III,12,Kreisliga D Minden,4,3,3,0,0,9,2,7,9,3.0
5153,,TuS Niedereimer II,12,Kreisliga D Arnsberg,3,1,1,0,0,5,3,2,3,3.0
5154,,Kirchhörder SC III,12,Kreisliga D1 - Dortmund,5,2,2,0,0,6,2,4,6,3.0
5155,,SF Soest II,12,Kreisliga D Herren · Kreis Soest,5,1,1,0,0,3,1,2,3,3.0
5156,,SV Oberes Banfetal II,12,Kreisliga D3-SIWI · Kreis Siegen-Wittgenstein,5,1,1,0,0,3,1,2,3,3.0
5157,,TuRa Espelkamp III,12,Kreisliga D1 K 20 Lübbecke 11er,4,2,2,0,0,5,1,4,6,3.0
5158,,SW Overhagen II,12,Kreisliga D Lippstadt,4,2,2,0,0,4,0,4,6,3.0
5159,,SG Schnathorst-Holsen II 9er,12,Kreisliga D2 K 20 Lübbecke 9er,5,1,1,0,0,4,3,1,3,3.0
5160,,SG Bockum-Hövel 2013 IV,12,Kreisliga D1 Unna-Hamm,3,4,3,1,0,23,8,15,10,2.5
5161,,TuS Sennelager II,12,Kreisliga D1 Paderborn,1,4,3,1,0,21,8,13,10,2.5
5162,,FC Ezidxan Minden II,12,Kreisliga D Minden,1,4,3,1,0,20,10,10,10,2.5
5163,,SC Hille III,12,Kreisliga D Minden,2,4,3,1,0,17,9,8,10,2.5
5164,,TuS Gehlenbeck III,12,Kreisliga D1 K 20 Lübbecke 11er,3,3,2,1,0,13,4,9,7,2.33
5165,,SuS Holzhausen III 9er,12,Kreisliga D2 K 20 Lübbecke 9er,1,3,2,1,0,16,9,7,7,2.33
5166,,TuS Holzhausen/Porta III,12,Kreisliga D Minden,3,4,3,0,1,16,5,11,9,2.25
5167,,SC VelpeSüd,12,Kreisliga D · Kreis Tecklenburg,3,2,1,1,0,12,4,8,4,2.0
5168,,VFL Ladbergen III,12,Kreisliga D · Kreis Tecklenburg,4,2,1,1,0,11,3,8,4,2.0
5169,,TuS Minderheide III,12,Kreisliga D Minden,5,3,2,0,1,14,5,9,6,2.0
5170,,SC Kurden Paderborn,12,Kreisliga D1 Paderborn,3,3,2,0,1,12,4,8,6,2.0
5171,,SC Hörstel III 9er,12,Kreisliga D · Kreis Tecklenburg,5,2,1,1,0,9,4,5,4,2.0
5172,,SV Westfalia Erwitte II,12,Kreisliga D Lippstadt,5,2,1,1,0,9,4,5,4,2.0
5173,,SSV Mühlhausen III,12,Kreisliga D1 Unna-Hamm,6,4,2,2,0,18,9,9,8,2.0
5174,,FC Fortuna II,12,Kreisliga D2 - Dortmund,6,2,1,1,0,7,4,3,4,2.0
5175,,Suryoye Paderborn III,12,Kreisliga D1 Paderborn,4,3,2,0,1,10,6,4,6,2.0
5176,,Ibbenbüren Türkiyem Spor II 9er,12,Kreisliga D · Kreis Tecklenburg,6,2,1,1,0,6,4,2,4,2.0
5177,,PSV Bork II,12,Kreisliga D1 Unna-Hamm,8,3,2,0,1,6,3,3,6,2.0
5178,,SV 21 Büren III,12,Kreisliga D2 Paderborn,1,4,2,1,1,16,10,6,7,1.75
5179,,TuS Germania Lohauserholz-Daberg e.V. III,12,Kreisliga D1 Unna-Hamm,7,4,2,1,1,11,9,2,7,1.75
5180,,"Albanischer Verein ""Shqiponja"" II",12,Kreisliga D2-SIWI · Kreis Siegen-Wittgenstein,7,2,1,0,1,12,5,7,3,1.5
5181,,DJK BW Huckarde III,12,Kreisliga D1 - Dortmund,6,2,1,0,1,14,8,6,3,1.5
5182,,SG Wewelsburg/Ahden II,12,Kreisliga D2 Paderborn,3,2,2,0,0,10,5,5,3,1.5
5183,,VfB Weidenau,12,Kreisliga D1-SIWI · Kreis Siegen-Wittgenstein,3,2,1,0,1,10,5,5,3,1.5
5184,,SG GW Ostönnen II / TV Borgeln,12,Kreisliga D Herren · Kreis Soest,3,2,1,0,1,9,4,5,3,1.5
5185,,TSV Siegen II,12,Kreisliga D1-SIWI · Kreis Siegen-Wittgenstein,4,2,1,0,1,7,2,5,3,1.5
5186,,SG Verlar/Mantinghausen II,12,Kreisliga D2 Paderborn,4,2,2,0,0,6,1,5,3,1.5
5187,,FC Freier Grund III,12,Kreisliga D1-SIWI · Kreis Siegen-Wittgenstein,5,2,2,0,0,8,4,4,3,1.5
5188,,SV Blau-Weiß Etteln II,12,Kreisliga D2 Paderborn,5,2,1,0,1,7,4,3,3,1.5
5189,,FSC Eisbergen III,12,Kreisliga D Minden,6,4,2,0,2,12,7,5,6,1.5
5190,,SSV Pr. Ströhen III 9er,12,Kreisliga D2 K 20 Lübbecke 9er,3,2,1,0,1,10,8,2,3,1.5
5191,,SV Fortuna Freudenberg III,12,Kreisliga D1-SIWI · Kreis Siegen-Wittgenstein,6,2,1,0,1,5,3,2,3,1.5
5192,,RW Horn II,12,Kreisliga D Lippstadt,6,2,1,0,1,4,2,2,3,1.5
5193,,SV Bölhorst-Häverstädt III,12,Kreisliga D Minden,7,4,2,0,2,11,9,2,6,1.5
5194,,SG Rahden II/Tonnenheide III 9er,12,Kreisliga D2 K 20 Lübbecke 9er,4,2,1,0,1,5,4,1,3,1.5
5195,,SC GW Holtheim II,12,Kreisliga D2 Paderborn,6,2,1,0,1,4,3,1,3,1.5
5196,,SG Frotheim III / Nettelstedt II,12,Kreisliga D1 K 20 Lübbecke 11er,7,2,1,0,1,6,6,0,3,1.5
5197,,SuS Günne II,12,Kreisliga D Herren · Kreis Soest,6,2,1,0,1,6,6,0,3,1.5
5198,,Türk. SV Minden II,12,Kreisliga D Minden,8,4,2,0,2,11,11,0,6,1.5
5199,,VfB 1910 Salzkotten II,12,Kreisliga D2 Paderborn,7,2,1,0,1,5,5,0,3,1.5
5200,,DJK SpVg Mellrich II,12,Kreisliga D Lippstadt,7,2,1,0,1,4,4,0,3,1.5
5201,,SpVg. Anzhausen/Flb. II,12,Kreisliga D1-SIWI · Kreis Siegen-Wittgenstein,7,2,1,0,1,3,3,0,3,1.5
5202,,TuS SG Oestinghausen III,12,Kreisliga D Herren · Kreis Soest,7,2,1,0,1,3,3,0,3,1.5
5203,,SV Schöning II,12,Kreisliga D1 Paderborn,5,2,1,0,1,9,10,-1,3,1.5
5204,,Genclerbirligi Hörde II,12,Kreisliga D1 - Dortmund,8,2,1,0,1,8,9,-1,3,1.5
5205,,Anadolu Türk Spor Neunkirchen II,12,Kreisliga D1-SIWI · Kreis Siegen-Wittgenstein,8,2,1,0,1,7,8,-1,3,1.5
5206,,Siegener SC II,12,Kreisliga D1-SIWI · Kreis Siegen-Wittgenstein,9,2,1,0,1,5,6,-1,3,1.5
5207,,SV 03 Geseke II,12,Kreisliga D Lippstadt,8,2,1,0,1,1,2,-1,3,1.5
5208,,TuS Ampen,12,Kreisliga D Herren · Kreis Soest,8,2,1,0,1,8,10,-2,3,1.5
5209,,SF Ay Yildiz Derne II,12,Kreisliga D2 - Dortmund,8,2,1,0,1,3,5,-2,3,1.5
5210,,TuS Alchen II,12,Kreisliga D1-SIWI · Kreis Siegen-Wittgenstein,10,2,1,0,1,3,5,-2,3,1.5
5211,,SV Uffeln II 9er,12,Kreisliga D · Kreis Tecklenburg,7,2,1,0,1,6,9,-3,3,1.5
5212,,BW Lipperbruch II,12,Kreisliga D Lippstadt,9,2,1,0,1,5,8,-3,3,1.5
5213,,SV Völlinghausen II,12,Kreisliga D Herren · Kreis Soest,9,2,1,0,1,5,8,-3,3,1.5
5214,,TuS Niederaden II,12,Kreisliga D1 Unna-Hamm,9,4,2,0,2,10,16,-6,6,1.5
5215,,FC Dortmund `18 III,12,Kreisliga D2 - Dortmund,9,2,1,0,1,3,8,-5,3,1.5
5216,,CCS Siegerland,12,Kreisliga D2-SIWI · Kreis Siegen-Wittgenstein,8,2,1,0,1,7,14,-7,3,1.5
5217,,SV Schameder II,12,Kreisliga D3-SIWI · Kreis Siegen-Wittgenstein,6,2,1,0,1,7,18,-11,3,1.5
5218,,OTSV Pr. Oldendorf III 9er,12,Kreisliga D2 K 20 Lübbecke 9er,2,3,1,1,1,15,12,3,4,1.33
5219,,TuS Dielingen III,12,Kreisliga D1 K 20 Lübbecke 11er,5,3,1,1,1,6,5,1,4,1.33
5220,,SG Sintfeld-Diemeltal II,12,Kreisliga D2 Paderborn,2,3,1,1,1,12,13,-1,4,1.33
5221,,TuS 1910 Wiescherhöfen IV,12,Kreisliga D1 Unna-Hamm,10,4,1,2,1,12,10,2,5,1.25
5222,,SV Germania Esbeck II,12,Kreisliga D Lippstadt,10,1,0,1,0,3,3,0,1,1.0
5223,,HSC Alswede II,12,Kreisliga D1 K 20 Lübbecke 11er,6,3,1,0,2,6,6,0,3,1.0
5224,,FC Benfe II,12,Kreisliga D3-SIWI · Kreis Siegen-Wittgenstein,7,2,0,2,0,3,3,0,2,1.0
5225,,SG Lübbecke IV / Vehlage I,12,Kreisliga D1 K 20 Lübbecke 11er,8,3,1,0,2,8,10,-2,3,1.0
5226,,FC Blau-Weiß Holtrup II,12,Kreisliga D Minden,9,3,1,0,2,6,9,-3,3,1.0
5227,,TuRa Elsen III,12,Kreisliga D2 Paderborn,8,3,1,0,2,11,17,-6,3,1.0
5228,,SC Ostenland II,12,Kreisliga D1 Paderborn,6,3,1,0,2,5,11,-6,3,1.0
5229,,Türk. SC Hamm III,12,Kreisliga D1 Unna-Hamm,11,4,1,1,2,5,13,-8,4,1.0
5230,,Spvg Union Varl III 9er,12,Kreisliga D2 K 20 Lübbecke 9er,6,3,1,0,2,8,17,-9,3,1.0
5231,,Gurbet Spor Bergkamen III,12,Kreisliga D1 Unna-Hamm,12,4,0,3,1,11,12,-1,3,0.75
5232,,SC Pelkum 2,12,Kreisliga D1 Unna-Hamm,13,4,1,0,3,10,11,-1,3,0.75
5233,,SG Gorspen-Vahlsen/Windheim III,12,Kreisliga D Minden,10,4,1,0,3,14,20,-6,3,0.75
5234,,SG Porta Westfalica/Kleinenbremen II.,12,Kreisliga D Minden,11,4,1,0,3,6,17,-11,3,0.75
5235,,SSV Meiswinkel-Oberholzklau,12,Kreisliga D1-SIWI · Kreis Siegen-Wittgenstein,11,2,0,1,1,7,8,-1,1,0.5
5236,,TuS Belecke II (9er),12,Kreisliga D Lippstadt,11,2,0,1,1,6,7,-1,1,0.5
5237,,TuS 48 Ehringhausen II,12,Kreisliga D Lippstadt,12,2,0,1,1,3,5,-2,1,0.5
5238,,TuS Lippe,12,Kreisliga D1-SIWI · Kreis Siegen-Wittgenstein,12,2,0,1,1,2,4,-2,1,0.5
5239,,TV 1875 Paderborn II,12,Kreisliga D1 Paderborn,8,2,0,1,1,8,11,-3,1,0.5
5240,,SV Feudingen III,12,Kreisliga D3-SIWI · Kreis Siegen-Wittgenstein,8,2,0,1,1,3,6,-3,1,0.5
5241,,SVA Langeneicke II (9er),12,Kreisliga D Lippstadt,13,2,0,1,1,5,9,-4,1,0.5
5242,,SG Oestereiden/Effeln/Menzel II,12,Kreisliga D Lippstadt,14,2,0,1,1,4,9,-5,1,0.5
5243,,SV Dickenberg III 9er,12,Kreisliga D · Kreis Tecklenburg,8,2,0,1,1,4,9,-5,1,0.5
5244,,SG Edertal III / VfL Girkhausen,12,Kreisliga D3-SIWI · Kreis Siegen-Wittgenstein,9,2,0,1,1,3,8,-5,1,0.5
5245,,SG Halverde II / Recke II,12,Kreisliga D · Kreis Tecklenburg,9,2,0,1,1,3,8,-5,1,0.5
5246,,SG Gahmen 24/74 IV,12,Kreisliga D1 - Dortmund,9,2,0,1,1,7,13,-6,1,0.5
5247,,TVG Flierich-Lenningsen II,12,Kreisliga D1 Unna-Hamm,14,4,0,2,2,8,20,-12,2,0.5
5248,,DJK Westfalia Kirchlinde II,12,Kreisliga D1 - Dortmund,10,2,0,1,1,3,9,-6,1,0.5
5249,,Mengede 08/20 III,12,Kreisliga D1 - Dortmund,11,2,0,1,1,4,13,-9,1,0.5
5250,,FC Overberge IV,12,Kreisliga D1 Unna-Hamm,15,3,0,1,2,7,15,-8,1,0.33
5251,,Hammer SpVg III,12,Kreisliga D1 Unna-Hamm,16,3,0,1,2,1,10,-9,1,0.33
5252,,TuS Egge Schwaney II (9er),12,Kreisliga D1 Paderborn,9,3,0,1,2,5,17,-12,1,0.33
5253,,SV BW Benhausen II,12,Kreisliga D1 Paderborn,7,4,1,1,2,12,9,3,1,0.25
5254,,SG Laasphe/Niederlaasphe II,12,Kreisliga D3-SIWI · Kreis Siegen-Wittgenstein,10,2,1,0,1,7,3,4,0,0.0
5255,,SG Gahmen 24/74 III,12,Kreisliga D2 - Dortmund,10,2,0,0,2,7,5,2,0,0.0
5256,,SuS Hörde,12,Kreisliga D1 - Dortmund,12,1,1,0,0,1,0,1,0,0.0
5257,,1. FC Oldenburg Ahaus II,12,Kreisliga D 1 Ahaus-Coesfeld,1,0,0,0,0,0,0,0,0,0.0
5258,,1. FC Oldenburg Ahaus III (9er),12,Kreisliga D 2 Ahaus-Coesfeld,1,0,0,0,0,0,0,0,0,0.0
5259,,BW Westf. Langenbochum III,12,RE KL D 1 · Kreis Recklinghausen,1,0,0,0,0,0,0,0,0,0.0
5260,,DJK Eintr. Stadtlohn IV,12,Kreisliga D 1 Ahaus-Coesfeld,2,0,0,0,0,0,0,0,0,0.0
5261,,DJK Germania Lenkerbeck II,12,RE KL D 1 · Kreis Recklinghausen,2,0,0,0,0,0,0,0,0,0.0
5262,,DJK SF Dülmen III (9er),12,Kreisliga D 3 Ahaus-Coesfeld,2,0,0,0,0,0,0,0,0,0.0
5263,,DJK Vorw. Lette II,12,Kreisliga D 3 Ahaus-Coesfeld,3,0,0,0,0,0,0,0,0,0.0
5264,,FC Dahl/Dörenhagen III,12,Kreisliga D2 Paderborn,9,0,0,0,0,0,0,0,0,0.0
5265,,FC Germania Asbeck II (9er),12,Kreisliga D 1 Ahaus-Coesfeld,3,0,0,0,0,0,0,0,0,0.0
5266,,FC Ottenstein III,12,Kreisliga D 1 Ahaus-Coesfeld,4,0,0,0,0,0,0,0,0,0.0
5267,,FC Ottenstein IV (9er),12,Kreisliga D 2 Ahaus-Coesfeld,2,0,0,0,0,0,0,0,0,0.0
5268,,FC Turo d'Izlo-Aramäer Gronau III (9er),12,Kreisliga D 2 Ahaus-Coesfeld,3,0,0,0,0,0,0,0,0,0.0
5269,,FC Vreden 52 III (9er),12,Kreisliga D 2 Ahaus-Coesfeld,4,0,0,0,0,0,0,0,0,0.0
5270,,GW Hausdülmen II,12,Kreisliga D 3 Ahaus-Coesfeld,4,0,0,0,0,0,0,0,0,0.0
5271,,GW Lünten III (9er),12,Kreisliga D 1 Ahaus-Coesfeld,5,0,0,0,0,0,0,0,0,0.0
5272,,Hombrucher SV III zg.,12,Kreisliga D1 - Dortmund,13,0,0,0,0,0,0,0,0,0.0
5273,,Kültürspor Datteln III,12,RE KL D 1 · Kreis Recklinghausen,3,0,0,0,0,0,0,0,0,0.0
5274,,MSC Goce Delchev,12,Kreisliga D2 - Dortmund,11,0,0,0,0,0,0,0,0,0.0
5275,,SC Ahle II (9er),12,Kreisliga D 2 Ahaus-Coesfeld,5,0,0,0,0,0,0,0,0,0.0
5276,,SC Südlohn III (9er),12,Kreisliga D 1 Ahaus-Coesfeld,6,0,0,0,0,0,0,0,0,0.0
5277,,SF Ammeloe II,12,Kreisliga D 1 Ahaus-Coesfeld,7,0,0,0,0,0,0,0,0,0.0
5278,,SF Graes II,12,Kreisliga D 2 Ahaus-Coesfeld,6,0,0,0,0,0,0,0,0,0.0
5279,,SG Buldern III / Hiddingsel II,12,Kreisliga D 3 Ahaus-Coesfeld,5,0,0,0,0,0,0,0,0,0.0
5280,,SG DJK Rödder III,12,Kreisliga D 3 Ahaus-Coesfeld,6,0,0,0,0,0,0,0,0,0.0
5281,,SG Gronau II,12,Kreisliga D 1 Ahaus-Coesfeld,8,0,0,0,0,0,0,0,0,0.0
5282,,SV Fortuna Seppenrade III (9er),12,Kreisliga D 3 Ahaus-Coesfeld,7,0,0,0,0,0,0,0,0,0.0
5283,,SV Heek III (9er),12,Kreisliga D 1 Ahaus-Coesfeld,9,0,0,0,0,0,0,0,0,0.0
5284,,SV Lippramsdorf III,12,RE KL D 1 · Kreis Recklinghausen,4,0,0,0,0,0,0,0,0,0.0
5285,,SV Union Wessum III,12,Kreisliga D 2 Ahaus-Coesfeld,7,0,0,0,0,0,0,0,0,0.0
5286,,SW Holtwick III,12,Kreisliga D 2 Ahaus-Coesfeld,8,0,0,0,0,0,0,0,0,0.0
5287,,SpVgg Vreden IV,12,Kreisliga D 2 Ahaus-Coesfeld,9,0,0,0,0,0,0,0,0,0.0
5288,,SuS GW Barkenberg II,12,RE KL D 1 · Kreis Recklinghausen,5,0,0,0,0,0,0,0,0,0.0
5289,,SuS Hochmoor II,12,Kreisliga D 3 Ahaus-Coesfeld,8,0,0,0,0,0,0,0,0,0.0
5290,,SuS Legden III,12,Kreisliga D 1 Ahaus-Coesfeld,10,0,0,0,0,0,0,0,0,0.0
5291,,TG Almsick II,12,Kreisliga D 1 Ahaus-Coesfeld,11,0,0,0,0,0,0,0,0,0.0
5292,,TSV Ahaus II (9er),12,Kreisliga D 1 Ahaus-Coesfeld,12,0,0,0,0,0,0,0,0,0.0
5293,,Taj Sport NRW II zg.,12,Kreisliga D2 - Dortmund,12,0,0,0,0,0,0,0,0,0.0
5294,,Teut. SuS Waltrop III,12,RE KL D 1 · Kreis Recklinghausen,6,0,0,0,0,0,0,0,0,0.0
5295,,TuS Wüllen III,12,Kreisliga D 2 Ahaus-Coesfeld,10,0,0,0,0,0,0,0,0,0.0
5296,,Turo Darfeld II 9er,12,Kreisliga D 3 Ahaus-Coesfeld,9,0,0,0,0,0,0,0,0,0.0
5297,,VfB Alstätte IV (9er),12,Kreisliga D 2 Ahaus-Coesfeld,11,0,0,0,0,0,0,0,0,0.0
5298,,Westfalia Osterwick III (9er),12,Kreisliga D 3 Ahaus-Coesfeld,10,0,0,0,0,0,0,0,0,0.0
5299,,TuS Bremen II,12,Kreisliga D Herren · Kreis Soest,10,1,0,0,1,3,4,-1,0,0.0
5300,,SV Eintracht Dorstfeld III,12,Kreisliga D1 - Dortmund,14,1,0,0,1,1,2,-1,0,0.0
5301,,SG Siegen-Giersberg II,12,Kreisliga D2-SIWI · Kreis Siegen-Wittgenstein,9,2,0,0,2,1,3,-2,0,0.0
5302,,SV Viktoria Lippstadt II,12,Kreisliga D Lippstadt,15,1,0,0,1,0,1,-1,0,0.0
5303,,VfB Westhofen III,12,Kreisliga D1 - Dortmund,15,1,0,0,1,0,1,-1,0,0.0
5304,,TSV Wewer III,12,Kreisliga D2 Paderborn,10,3,0,0,3,2,7,-5,0,0.0
5305,,DJK GW Arnsberg II,12,Kreisliga D Arnsberg,4,1,0,0,1,3,5,-2,0,0.0
5306,,FC Ernsdorf,12,Kreisliga D2-SIWI · Kreis Siegen-Wittgenstein,10,2,0,0,2,5,9,-4,0,0.0
5307,,ÖSG Viktoria 08 Dortmund III,12,Kreisliga D2 - Dortmund,13,2,0,0,2,3,7,-4,0,0.0
5308,,SV Eilmsen II,12,Kreisliga D Herren · Kreis Soest,11,1,0,0,1,1,3,-2,0,0.0
5309,,TuS Echthausen II,12,Kreisliga D Herren · Kreis Soest,12,2,0,0,2,2,6,-4,0,0.0
5310,,TuS Levern III 9er,12,Kreisliga D2 K 20 Lübbecke 9er,7,2,0,0,2,1,6,-5,0,0.0
5311,,SG Haaren/Helmern II,12,Kreisliga D2 Paderborn,11,3,1,0,2,6,14,-8,0,0.0
5312,,VFR Kirchlinde III,12,Kreisliga D1 - Dortmund,16,1,0,0,1,3,6,-3,0,0.0
5313,,FC Hellweg Lütgendortmund II,12,Kreisliga D1 - Dortmund,17,1,0,0,1,2,5,-3,0,0.0
5314,,SG Allendorf/Amecke III,12,Kreisliga D Arnsberg,5,1,0,0,1,2,5,-3,0,0.0
5315,,TuS Eisern II,12,Kreisliga D1-SIWI · Kreis Siegen-Wittgenstein,13,2,0,0,2,1,7,-6,0,0.0
5316,,TuS Stemwede III,12,Kreisliga D1 K 20 Lübbecke 11er,9,2,0,0,2,0,7,-7,0,0.0
5317,,SG Neuenknick/Döhren II,12,Kreisliga D Minden,12,3,0,0,3,6,17,-11,0,0.0
5318,,BV Lünen 05 III,12,Kreisliga D1 Unna-Hamm,17,4,0,0,4,8,23,-15,0,0.0
5319,,VfL Sportfreunde Lotte IV 9er,12,Kreisliga D · Kreis Tecklenburg,10,2,0,0,2,3,11,-8,0,0.0
5320,,DJK TuS Körne II,12,Kreisliga D2 - Dortmund,14,1,0,0,1,1,5,-4,0,0.0
5321,,SG SW Eikeloh/FCA Bökenförde II,12,Kreisliga D Lippstadt,16,2,0,0,2,2,10,-8,0,0.0
5322,,TuS Hachen II,12,Kreisliga D Arnsberg,6,1,0,0,1,1,5,-4,0,0.0
5323,,VfL Kemminghausen II,12,Kreisliga D2 - Dortmund,16,2,0,0,2,1,9,-8,0,0.0
5324,,FC BSG DSW21/DEW21,12,Kreisliga D2 - Dortmund,15,1,0,0,1,0,4,-4,0,0.0
5325,,BSV Heeren 09/24 II,12,Kreisliga D1 Unna-Hamm,19,4,0,0,4,2,19,-17,0,0.0
5326,,SV Brukteria Dreierwalde II,12,Kreisliga D · Kreis Tecklenburg,11,2,0,0,2,2,11,-9,0,0.0
5327,,"TV ""Hoffnung"" Littfeld II",12,Kreisliga D2-SIWI · Kreis Siegen-Wittgenstein,11,2,0,0,2,2,11,-9,0,0.0
5328,,FC Weidenhausen,12,Kreisliga D3-SIWI · Kreis Siegen-Wittgenstein,11,2,0,0,2,1,10,-9,0,0.0
5329,,SuS Scheidingen II,12,Kreisliga D Herren · Kreis Soest,13,2,0,0,2,0,9,-9,0,0.0
5330,,FC Bönen III,12,Kreisliga D1 Unna-Hamm,18,3,0,0,3,3,18,-15,0,0.0
5331,,Germania Schale II,12,Kreisliga D · Kreis Tecklenburg,12,2,0,0,2,1,11,-10,0,0.0
5332,,FC Merkur 07 II,12,Kreisliga D2 - Dortmund,17,2,0,0,2,0,10,-10,0,0.0
5333,,TuS Petershagen/Ovenstädt III,12,Kreisliga D Minden,13,4,0,0,4,2,23,-21,0,0.0
5334,,SG Oppendorf II/Oppenwehe III,12,Kreisliga D1 K 20 Lübbecke 11er,10,3,0,0,3,4,20,-16,0,0.0
5335,,FC Hövelriege II (9er),12,Kreisliga D1 Paderborn,10,3,0,0,3,0,16,-16,0,0.0
5336,,1. FC Dautenbach II,12,Kreisliga D2-SIWI · Kreis Siegen-Wittgenstein,12,2,0,0,2,5,16,-11,0,0.0
5337,,Isenstedter SC III,12,Kreisliga D1 K 20 Lübbecke 11er,11,3,0,0,3,1,18,-17,0,0.0
5338,,SW Beerlage II (9er),12,Kreisliga D 3 Ahaus-Coesfeld,11,1,0,0,1,0,6,-6,0,0.0
5339,,SuS Hörde II,12,Kreisliga D2 - Dortmund,19,2,0,0,2,0,12,-12,0,0.0
5340,,SV Bad Waldliesborn II,12,Kreisliga D Lippstadt,17,2,0,0,2,0,13,-13,0,0.0
5341,,GW Kley II,12,Kreisliga D1 - Dortmund,18,2,0,0,2,4,18,-14,0,0.0
5342,,SG Adler Dielfen/Obersdorf-Rödgen III,12,Kreisliga D1-SIWI · Kreis Siegen-Wittgenstein,14,2,0,0,2,1,15,-14,0,0.0
5343,,TuS Eichlinghofen III,12,Kreisliga D1 - Dortmund,19,2,0,0,2,1,15,-14,0,0.0
5344,,FC Ebenau II,12,Kreisliga D3-SIWI · Kreis Siegen-Wittgenstein,12,2,0,0,2,1,16,-15,0,0.0
5345,,TSV Siegen III,12,Kreisliga D2-SIWI · Kreis Siegen-Wittgenstein,13,2,0,0,2,1,16,-15,0,0.0
5346,,Siegener SC III,12,Kreisliga D2-SIWI · Kreis Siegen-Wittgenstein,14,2,0,0,2,2,18,-16,0,0.0
5347,,RW Balikesirspor II,12,Kreisliga D2 - Dortmund,18,1,0,0,1,2,14,-12,0,0.0
5348,,SV Eckmannshausen III,12,Kreisliga D3-SIWI · Kreis Siegen-Wittgenstein,13,2,0,0,2,0,30,-30,0,0.0
5349,,TuS Eving Lindenhorst III,12,Kreisliga D2 - Dortmund,20,2,0,1,1,5,7,-2,-2,-1.0
5350,,VfL Schwerte IV,12,Kreisliga D1 - Dortmund,20,2,0,1,1,4,12,-8,-2,-1.0
